state_id,emotion_label,html_state_id,trigger_code,electrode,band,band_range_hz,trend,is_active,intensity_0_1,baseline_power,synthetic_power,power_ratio,note
neutral_baseline,Neutral / Baseline,uebersicht,200,AF3,delta,0.5-4 Hz,,0,0.000,45.474322,45.95931,1.0107,
neutral_baseline,Neutral / Baseline,uebersicht,200,AF3,theta,4-7 Hz,,0,0.000,4.2603149,4.1052418,0.9636,
neutral_baseline,Neutral / Baseline,uebersicht,200,AF3,alpha,8-12 Hz,,0,0.000,1.4809285,1.5198263,1.0263,
neutral_baseline,Neutral / Baseline,uebersicht,200,AF3,mu,8-13 Hz,,0,0.000,1.366302,1.4112804,1.0329,
neutral_baseline,Neutral / Baseline,uebersicht,200,AF3,smr,12-15 Hz,,0,0.000,0.8180701,0.76220718,0.9317,
neutral_baseline,Neutral / Baseline,uebersicht,200,AF3,lowbeta,13-16 Hz,,0,0.000,0.73952171,0.70581706,0.9544,
neutral_baseline,Neutral / Baseline,uebersicht,200,AF3,highbeta,16-30 Hz,,0,0.000,0.49042287,0.49261723,1.0045,
neutral_baseline,Neutral / Baseline,uebersicht,200,AF3,gamma,30-45 Hz,,0,0.000,0.38885404,0.38455001,0.9889,
neutral_baseline,Neutral / Baseline,uebersicht,200,AF4,delta,0.5-4 Hz,,0,0.000,51.959011,51.928457,0.9994,
neutral_baseline,Neutral / Baseline,uebersicht,200,AF4,theta,4-7 Hz,,0,0.000,5.2885624,5.1306643,0.9701,
neutral_baseline,Neutral / Baseline,uebersicht,200,AF4,alpha,8-12 Hz,,0,0.000,1.629234,1.6793801,1.0308,
neutral_baseline,Neutral / Baseline,uebersicht,200,AF4,mu,8-13 Hz,,0,0.000,1.4967693,1.5375154,1.0272,
neutral_baseline,Neutral / Baseline,uebersicht,200,AF4,smr,12-15 Hz,,0,0.000,0.90025004,0.90233058,1.0023,
neutral_baseline,Neutral / Baseline,uebersicht,200,AF4,lowbeta,13-16 Hz,,0,0.000,0.82604999,0.8586405,1.0395,
neutral_baseline,Neutral / Baseline,uebersicht,200,AF4,highbeta,16-30 Hz,,0,0.000,0.51939608,0.52789486,1.0164,
neutral_baseline,Neutral / Baseline,uebersicht,200,AF4,gamma,30-45 Hz,,0,0.000,0.40352537,0.39138925,0.9699,
neutral_baseline,Neutral / Baseline,uebersicht,200,F3,delta,0.5-4 Hz,,0,0.000,55.985494,56.708058,1.0129,
neutral_baseline,Neutral / Baseline,uebersicht,200,F3,theta,4-7 Hz,,0,0.000,5.98203,5.7812677,0.9664,
neutral_baseline,Neutral / Baseline,uebersicht,200,F3,alpha,8-12 Hz,,0,0.000,1.784369,1.8392308,1.0307,
neutral_baseline,Neutral / Baseline,uebersicht,200,F3,mu,8-13 Hz,,0,0.000,1.6328313,1.629978,0.9983,
neutral_baseline,Neutral / Baseline,uebersicht,200,F3,smr,12-15 Hz,,0,0.000,0.96360863,0.9573739,0.9935,
neutral_baseline,Neutral / Baseline,uebersicht,200,F3,lowbeta,13-16 Hz,,0,0.000,0.89035515,0.86913573,0.9762,
neutral_baseline,Neutral / Baseline,uebersicht,200,F3,highbeta,16-30 Hz,,0,0.000,0.54737047,0.57079187,1.0428,
neutral_baseline,Neutral / Baseline,uebersicht,200,F3,gamma,30-45 Hz,,0,0.000,0.40995109,0.40773386,0.9946,
neutral_baseline,Neutral / Baseline,uebersicht,200,F1,delta,0.5-4 Hz,,0,0.000,102.09552,100.56496,0.9850,
neutral_baseline,Neutral / Baseline,uebersicht,200,F1,theta,4-7 Hz,,0,0.000,12.268298,12.117095,0.9877,
neutral_baseline,Neutral / Baseline,uebersicht,200,F1,alpha,8-12 Hz,,0,0.000,2.7235656,2.7743078,1.0186,
neutral_baseline,Neutral / Baseline,uebersicht,200,F1,mu,8-13 Hz,,0,0.000,2.4808202,2.5125513,1.0128,
neutral_baseline,Neutral / Baseline,uebersicht,200,F1,smr,12-15 Hz,,0,0.000,1.4011686,1.4214094,1.0144,
neutral_baseline,Neutral / Baseline,uebersicht,200,F1,lowbeta,13-16 Hz,,0,0.000,1.2700699,1.289221,1.0151,
neutral_baseline,Neutral / Baseline,uebersicht,200,F1,highbeta,16-30 Hz,,0,0.000,0.74571035,0.80160706,1.0750,
neutral_baseline,Neutral / Baseline,uebersicht,200,F1,gamma,30-45 Hz,,0,0.000,0.44821581,0.44184015,0.9858,
neutral_baseline,Neutral / Baseline,uebersicht,200,Fz,delta,0.5-4 Hz,,0,0.000,74.99061,73.646141,0.9821,
neutral_baseline,Neutral / Baseline,uebersicht,200,Fz,theta,4-7 Hz,,0,0.000,7.424591,7.2131234,0.9715,
neutral_baseline,Neutral / Baseline,uebersicht,200,Fz,alpha,8-12 Hz,,0,0.000,2.2851697,2.3344363,1.0216,
neutral_baseline,Neutral / Baseline,uebersicht,200,Fz,mu,8-13 Hz,,0,0.000,2.1236288,2.207542,1.0395,
neutral_baseline,Neutral / Baseline,uebersicht,200,Fz,smr,12-15 Hz,,0,0.000,1.3988823,1.3933033,0.9960,
neutral_baseline,Neutral / Baseline,uebersicht,200,Fz,lowbeta,13-16 Hz,,0,0.000,1.7172385,1.6667422,0.9706,
neutral_baseline,Neutral / Baseline,uebersicht,200,Fz,highbeta,16-30 Hz,,0,0.000,1.0043718,0.97538884,0.9711,
neutral_baseline,Neutral / Baseline,uebersicht,200,Fz,gamma,30-45 Hz,,0,0.000,0.48625989,0.49733239,1.0228,
neutral_baseline,Neutral / Baseline,uebersicht,200,F2,delta,0.5-4 Hz,,0,0.000,52.735043,54.106887,1.0260,
neutral_baseline,Neutral / Baseline,uebersicht,200,F2,theta,4-7 Hz,,0,0.000,5.8556295,5.9669473,1.0190,
neutral_baseline,Neutral / Baseline,uebersicht,200,F2,alpha,8-12 Hz,,0,0.000,1.6957493,1.6562505,0.9767,
neutral_baseline,Neutral / Baseline,uebersicht,200,F2,mu,8-13 Hz,,0,0.000,1.5560758,1.5687199,1.0081,
neutral_baseline,Neutral / Baseline,uebersicht,200,F2,smr,12-15 Hz,,0,0.000,0.91485705,0.91859333,1.0041,
neutral_baseline,Neutral / Baseline,uebersicht,200,F2,lowbeta,13-16 Hz,,0,0.000,0.83753916,0.84394977,1.0077,
neutral_baseline,Neutral / Baseline,uebersicht,200,F2,highbeta,16-30 Hz,,0,0.000,0.51971085,0.53556203,1.0305,
neutral_baseline,Neutral / Baseline,uebersicht,200,F2,gamma,30-45 Hz,,0,0.000,0.39474005,0.39782922,1.0078,
neutral_baseline,Neutral / Baseline,uebersicht,200,F4,delta,0.5-4 Hz,,0,0.000,48.391432,49.541308,1.0238,
neutral_baseline,Neutral / Baseline,uebersicht,200,F4,theta,4-7 Hz,,0,0.000,4.6456876,4.6566759,1.0024,
neutral_baseline,Neutral / Baseline,uebersicht,200,F4,alpha,8-12 Hz,,0,0.000,1.4556949,1.4704253,1.0101,
neutral_baseline,Neutral / Baseline,uebersicht,200,F4,mu,8-13 Hz,,0,0.000,1.3357649,1.3652788,1.0221,
neutral_baseline,Neutral / Baseline,uebersicht,200,F4,smr,12-15 Hz,,0,0.000,0.81970031,0.77789523,0.9490,
neutral_baseline,Neutral / Baseline,uebersicht,200,F4,lowbeta,13-16 Hz,,0,0.000,0.75955094,0.75105271,0.9888,
neutral_baseline,Neutral / Baseline,uebersicht,200,F4,highbeta,16-30 Hz,,0,0.000,0.48130187,0.47337817,0.9835,
neutral_baseline,Neutral / Baseline,uebersicht,200,F4,gamma,30-45 Hz,,0,0.000,0.38269029,0.37413306,0.9776,
neutral_baseline,Neutral / Baseline,uebersicht,200,FC3,delta,0.5-4 Hz,,0,0.000,37.937071,37.571738,0.9904,
neutral_baseline,Neutral / Baseline,uebersicht,200,FC3,theta,4-7 Hz,,0,0.000,3.3635749,3.5395671,1.0523,
neutral_baseline,Neutral / Baseline,uebersicht,200,FC3,alpha,8-12 Hz,,0,0.000,1.4306059,1.3872527,0.9697,
neutral_baseline,Neutral / Baseline,uebersicht,200,FC3,mu,8-13 Hz,,0,0.000,1.3297899,1.3748562,1.0339,
neutral_baseline,Neutral / Baseline,uebersicht,200,FC3,smr,12-15 Hz,,0,0.000,0.87858341,0.82683446,0.9411,
neutral_baseline,Neutral / Baseline,uebersicht,200,FC3,lowbeta,13-16 Hz,,0,0.000,0.81396434,0.80442388,0.9883,
neutral_baseline,Neutral / Baseline,uebersicht,200,FC3,highbeta,16-30 Hz,,0,0.000,0.52641618,0.52941483,1.0057,
neutral_baseline,Neutral / Baseline,uebersicht,200,FC3,gamma,30-45 Hz,,0,0.000,0.41341757,0.42189998,1.0205,
neutral_baseline,Neutral / Baseline,uebersicht,200,FC1,delta,0.5-4 Hz,,0,0.000,39.03076,40.00235,1.0249,
neutral_baseline,Neutral / Baseline,uebersicht,200,FC1,theta,4-7 Hz,,0,0.000,3.3709897,3.4645925,1.0278,
neutral_baseline,Neutral / Baseline,uebersicht,200,FC1,alpha,8-12 Hz,,0,0.000,1.3213625,1.3052348,0.9878,
neutral_baseline,Neutral / Baseline,uebersicht,200,FC1,mu,8-13 Hz,,0,0.000,1.2270383,1.207182,0.9838,
neutral_baseline,Neutral / Baseline,uebersicht,200,FC1,smr,12-15 Hz,,0,0.000,0.81413131,0.83857899,1.0300,
neutral_baseline,Neutral / Baseline,uebersicht,200,FC1,lowbeta,13-16 Hz,,0,0.000,0.75977217,0.754685,0.9933,
neutral_baseline,Neutral / Baseline,uebersicht,200,FC1,highbeta,16-30 Hz,,0,0.000,0.51418995,0.49123187,0.9554,
neutral_baseline,Neutral / Baseline,uebersicht,200,FC1,gamma,30-45 Hz,,0,0.000,0.39753481,0.38176657,0.9603,
neutral_baseline,Neutral / Baseline,uebersicht,200,FCz,delta,0.5-4 Hz,,0,0.000,51.059064,49.415941,0.9678,
neutral_baseline,Neutral / Baseline,uebersicht,200,FCz,theta,4-7 Hz,,0,0.000,4.7731448,4.8562005,1.0174,
neutral_baseline,Neutral / Baseline,uebersicht,200,FCz,alpha,8-12 Hz,,0,0.000,1.5969023,1.6048627,1.0050,
neutral_baseline,Neutral / Baseline,uebersicht,200,FCz,mu,8-13 Hz,,0,0.000,1.489021,1.5250061,1.0242,
neutral_baseline,Neutral / Baseline,uebersicht,200,FCz,smr,12-15 Hz,,0,0.000,0.99825624,0.98332847,0.9850,
neutral_baseline,Neutral / Baseline,uebersicht,200,FCz,lowbeta,13-16 Hz,,0,0.000,0.90839433,0.91343491,1.0055,
neutral_baseline,Neutral / Baseline,uebersicht,200,FCz,highbeta,16-30 Hz,,0,0.000,0.58255874,0.59531425,1.0219,
neutral_baseline,Neutral / Baseline,uebersicht,200,FCz,gamma,30-45 Hz,,0,0.000,0.42675128,0.42213079,0.9892,
neutral_baseline,Neutral / Baseline,uebersicht,200,FC2,delta,0.5-4 Hz,,0,0.000,43.102448,43.791533,1.0160,
neutral_baseline,Neutral / Baseline,uebersicht,200,FC2,theta,4-7 Hz,,0,0.000,3.3997448,3.3209816,0.9768,
neutral_baseline,Neutral / Baseline,uebersicht,200,FC2,alpha,8-12 Hz,,0,0.000,1.3559234,1.3386939,0.9873,
neutral_baseline,Neutral / Baseline,uebersicht,200,FC2,mu,8-13 Hz,,0,0.000,1.266844,1.249918,0.9866,
neutral_baseline,Neutral / Baseline,uebersicht,200,FC2,smr,12-15 Hz,,0,0.000,0.83101377,0.7962322,0.9581,
neutral_baseline,Neutral / Baseline,uebersicht,200,FC2,lowbeta,13-16 Hz,,0,0.000,0.75840097,0.77132718,1.0170,
neutral_baseline,Neutral / Baseline,uebersicht,200,FC2,highbeta,16-30 Hz,,0,0.000,0.52231256,0.51373145,0.9836,
neutral_baseline,Neutral / Baseline,uebersicht,200,FC2,gamma,30-45 Hz,,0,0.000,0.42531189,0.42549788,1.0004,
neutral_baseline,Neutral / Baseline,uebersicht,200,FC4,delta,0.5-4 Hz,,0,0.000,184.76088,187.86969,1.0168,
neutral_baseline,Neutral / Baseline,uebersicht,200,FC4,theta,4-7 Hz,,0,0.000,3.6605907,3.7178006,1.0156,
neutral_baseline,Neutral / Baseline,uebersicht,200,FC4,alpha,8-12 Hz,,0,0.000,1.2490261,1.278114,1.0233,
neutral_baseline,Neutral / Baseline,uebersicht,200,FC4,mu,8-13 Hz,,0,0.000,1.1503727,1.1464074,0.9966,
neutral_baseline,Neutral / Baseline,uebersicht,200,FC4,smr,12-15 Hz,,0,0.000,0.7237605,0.71303767,0.9852,
neutral_baseline,Neutral / Baseline,uebersicht,200,FC4,lowbeta,13-16 Hz,,0,0.000,0.67024622,0.66837614,0.9972,
neutral_baseline,Neutral / Baseline,uebersicht,200,FC4,highbeta,16-30 Hz,,0,0.000,0.44626865,0.4199135,0.9409,
neutral_baseline,Neutral / Baseline,uebersicht,200,FC4,gamma,30-45 Hz,,0,0.000,0.37148235,0.35266716,0.9494,
neutral_baseline,Neutral / Baseline,uebersicht,200,C3,delta,0.5-4 Hz,,0,0.000,127.19315,121.30481,0.9537,
neutral_baseline,Neutral / Baseline,uebersicht,200,C3,theta,4-7 Hz,,0,0.000,3.6136493,3.4875198,0.9651,
neutral_baseline,Neutral / Baseline,uebersicht,200,C3,alpha,8-12 Hz,,0,0.000,1.2775763,1.2954523,1.0140,
neutral_baseline,Neutral / Baseline,uebersicht,200,C3,mu,8-13 Hz,,0,0.000,1.1805038,1.1430915,0.9683,
neutral_baseline,Neutral / Baseline,uebersicht,200,C3,smr,12-15 Hz,,0,0.000,0.76255881,0.75246582,0.9868,
neutral_baseline,Neutral / Baseline,uebersicht,200,C3,lowbeta,13-16 Hz,,0,0.000,0.70739997,0.73956756,1.0455,
neutral_baseline,Neutral / Baseline,uebersicht,200,C3,highbeta,16-30 Hz,,0,0.000,0.48417099,0.47813374,0.9875,
neutral_baseline,Neutral / Baseline,uebersicht,200,C3,gamma,30-45 Hz,,0,0.000,0.40505889,0.41551469,1.0258,
neutral_baseline,Neutral / Baseline,uebersicht,200,C1,delta,0.5-4 Hz,,0,0.000,43.586186,42.161937,0.9673,
neutral_baseline,Neutral / Baseline,uebersicht,200,C1,theta,4-7 Hz,,0,0.000,3.2168222,3.1936922,0.9928,
neutral_baseline,Neutral / Baseline,uebersicht,200,C1,alpha,8-12 Hz,,0,0.000,1.1508042,1.1125391,0.9667,
neutral_baseline,Neutral / Baseline,uebersicht,200,C1,mu,8-13 Hz,,0,0.000,1.0702767,1.0575767,0.9881,
neutral_baseline,Neutral / Baseline,uebersicht,200,C1,smr,12-15 Hz,,0,0.000,0.67432648,0.69415895,1.0294,
neutral_baseline,Neutral / Baseline,uebersicht,200,C1,lowbeta,13-16 Hz,,0,0.000,0.61322414,0.57615093,0.9395,
neutral_baseline,Neutral / Baseline,uebersicht,200,C1,highbeta,16-30 Hz,,0,0.000,0.42317482,0.42960912,1.0152,
neutral_baseline,Neutral / Baseline,uebersicht,200,C1,gamma,30-45 Hz,,0,0.000,0.35649158,0.35945786,1.0083,
neutral_baseline,Neutral / Baseline,uebersicht,200,Cz,delta,0.5-4 Hz,,0,0.000,45.4874,44.541478,0.9792,
neutral_baseline,Neutral / Baseline,uebersicht,200,Cz,theta,4-7 Hz,,0,0.000,3.2295312,3.0660781,0.9494,
neutral_baseline,Neutral / Baseline,uebersicht,200,Cz,alpha,8-12 Hz,,0,0.000,1.2211668,1.2242496,1.0025,
neutral_baseline,Neutral / Baseline,uebersicht,200,Cz,mu,8-13 Hz,,0,0.000,1.1466281,1.1253785,0.9815,
neutral_baseline,Neutral / Baseline,uebersicht,200,Cz,smr,12-15 Hz,,0,0.000,0.75485513,0.76100242,1.0081,
neutral_baseline,Neutral / Baseline,uebersicht,200,Cz,lowbeta,13-16 Hz,,0,0.000,0.67296339,0.67347809,1.0008,
neutral_baseline,Neutral / Baseline,uebersicht,200,Cz,highbeta,16-30 Hz,,0,0.000,0.45334985,0.47876566,1.0561,
neutral_baseline,Neutral / Baseline,uebersicht,200,Cz,gamma,30-45 Hz,,0,0.000,0.38053564,0.37734772,0.9916,
neutral_baseline,Neutral / Baseline,uebersicht,200,C2,delta,0.5-4 Hz,,0,0.000,51.757203,49.903135,0.9642,
neutral_baseline,Neutral / Baseline,uebersicht,200,C2,theta,4-7 Hz,,0,0.000,3.5215797,3.5436764,1.0063,
neutral_baseline,Neutral / Baseline,uebersicht,200,C2,alpha,8-12 Hz,,0,0.000,1.5814405,1.5936174,1.0077,
neutral_baseline,Neutral / Baseline,uebersicht,200,C2,mu,8-13 Hz,,0,0.000,1.4828982,1.553442,1.0476,
neutral_baseline,Neutral / Baseline,uebersicht,200,C2,smr,12-15 Hz,,0,0.000,0.99199764,1.0209926,1.0292,
neutral_baseline,Neutral / Baseline,uebersicht,200,C2,lowbeta,13-16 Hz,,0,0.000,0.87474107,0.88566701,1.0125,
neutral_baseline,Neutral / Baseline,uebersicht,200,C2,highbeta,16-30 Hz,,0,0.000,0.68789815,0.72312927,1.0512,
neutral_baseline,Neutral / Baseline,uebersicht,200,C2,gamma,30-45 Hz,,0,0.000,0.57062269,0.54688096,0.9584,
neutral_baseline,Neutral / Baseline,uebersicht,200,C4,delta,0.5-4 Hz,,0,0.000,43.394198,42.422546,0.9776,
neutral_baseline,Neutral / Baseline,uebersicht,200,C4,theta,4-7 Hz,,0,0.000,3.6720879,3.5530015,0.9676,
neutral_baseline,Neutral / Baseline,uebersicht,200,C4,alpha,8-12 Hz,,0,0.000,1.5654978,1.5441392,0.9864,
neutral_baseline,Neutral / Baseline,uebersicht,200,C4,mu,8-13 Hz,,0,0.000,1.4531423,1.3831241,0.9518,
neutral_baseline,Neutral / Baseline,uebersicht,200,C4,smr,12-15 Hz,,0,0.000,0.94202229,0.96296372,1.0222,
neutral_baseline,Neutral / Baseline,uebersicht,200,C4,lowbeta,13-16 Hz,,0,0.000,0.86333988,0.856625,0.9922,
neutral_baseline,Neutral / Baseline,uebersicht,200,C4,highbeta,16-30 Hz,,0,0.000,0.54214853,0.51423969,0.9485,
neutral_baseline,Neutral / Baseline,uebersicht,200,C4,gamma,30-45 Hz,,0,0.000,0.42753346,0.41233667,0.9645,
neutral_baseline,Neutral / Baseline,uebersicht,200,CP3,delta,0.5-4 Hz,,0,0.000,48.766583,49.301698,1.0110,
neutral_baseline,Neutral / Baseline,uebersicht,200,CP3,theta,4-7 Hz,,0,0.000,3.2584243,3.3540083,1.0293,
neutral_baseline,Neutral / Baseline,uebersicht,200,CP3,alpha,8-12 Hz,,0,0.000,1.5182483,1.624352,1.0699,
neutral_baseline,Neutral / Baseline,uebersicht,200,CP3,mu,8-13 Hz,,0,0.000,1.4351409,1.581504,1.1020,
neutral_baseline,Neutral / Baseline,uebersicht,200,CP3,smr,12-15 Hz,,0,0.000,1.0149195,1.0296403,1.0145,
neutral_baseline,Neutral / Baseline,uebersicht,200,CP3,lowbeta,13-16 Hz,,0,0.000,0.89430276,0.86332962,0.9654,
neutral_baseline,Neutral / Baseline,uebersicht,200,CP3,highbeta,16-30 Hz,,0,0.000,0.4874327,0.45105969,0.9254,
neutral_baseline,Neutral / Baseline,uebersicht,200,CP3,gamma,30-45 Hz,,0,0.000,0.38587195,0.38948753,1.0094,
neutral_baseline,Neutral / Baseline,uebersicht,200,CP1,delta,0.5-4 Hz,,0,0.000,47.880986,46.518632,0.9715,
neutral_baseline,Neutral / Baseline,uebersicht,200,CP1,theta,4-7 Hz,,0,0.000,3.590128,3.5379365,0.9855,
neutral_baseline,Neutral / Baseline,uebersicht,200,CP1,alpha,8-12 Hz,,0,0.000,1.326924,1.2984968,0.9786,
neutral_baseline,Neutral / Baseline,uebersicht,200,CP1,mu,8-13 Hz,,0,0.000,1.2359362,1.2298459,0.9951,
neutral_baseline,Neutral / Baseline,uebersicht,200,CP1,smr,12-15 Hz,,0,0.000,0.79248801,0.82205519,1.0373,
neutral_baseline,Neutral / Baseline,uebersicht,200,CP1,lowbeta,13-16 Hz,,0,0.000,0.71496135,0.71889128,1.0055,
neutral_baseline,Neutral / Baseline,uebersicht,200,CP1,highbeta,16-30 Hz,,0,0.000,0.48603103,0.48333247,0.9944,
neutral_baseline,Neutral / Baseline,uebersicht,200,CP1,gamma,30-45 Hz,,0,0.000,0.40532788,0.3906356,0.9638,
neutral_baseline,Neutral / Baseline,uebersicht,200,CPz,delta,0.5-4 Hz,,0,0.000,65.020588,61.209477,0.9414,
neutral_baseline,Neutral / Baseline,uebersicht,200,CPz,theta,4-7 Hz,,0,0.000,3.4627616,3.4038227,0.9830,
neutral_baseline,Neutral / Baseline,uebersicht,200,CPz,alpha,8-12 Hz,,0,0.000,1.3483544,1.3458163,0.9981,
neutral_baseline,Neutral / Baseline,uebersicht,200,CPz,mu,8-13 Hz,,0,0.000,1.2599915,1.3379566,1.0619,
neutral_baseline,Neutral / Baseline,uebersicht,200,CPz,smr,12-15 Hz,,0,0.000,0.87168936,0.87566392,1.0046,
neutral_baseline,Neutral / Baseline,uebersicht,200,CPz,lowbeta,13-16 Hz,,0,0.000,0.81178384,0.83970586,1.0344,
neutral_baseline,Neutral / Baseline,uebersicht,200,CPz,highbeta,16-30 Hz,,0,0.000,0.56176991,0.55195279,0.9825,
neutral_baseline,Neutral / Baseline,uebersicht,200,CPz,gamma,30-45 Hz,,0,0.000,0.46441882,0.44515796,0.9585,
neutral_baseline,Neutral / Baseline,uebersicht,200,CP2,delta,0.5-4 Hz,,0,0.000,46.677659,45.100931,0.9662,
neutral_baseline,Neutral / Baseline,uebersicht,200,CP2,theta,4-7 Hz,,0,0.000,3.7192957,3.6248892,0.9746,
neutral_baseline,Neutral / Baseline,uebersicht,200,CP2,alpha,8-12 Hz,,0,0.000,1.4952788,1.6066717,1.0745,
neutral_baseline,Neutral / Baseline,uebersicht,200,CP2,mu,8-13 Hz,,0,0.000,1.4005421,1.3602786,0.9713,
neutral_baseline,Neutral / Baseline,uebersicht,200,CP2,smr,12-15 Hz,,0,0.000,0.92927466,0.9565462,1.0293,
neutral_baseline,Neutral / Baseline,uebersicht,200,CP2,lowbeta,13-16 Hz,,0,0.000,0.8373235,0.81086202,0.9684,
neutral_baseline,Neutral / Baseline,uebersicht,200,CP2,highbeta,16-30 Hz,,0,0.000,0.59092303,0.61019011,1.0326,
neutral_baseline,Neutral / Baseline,uebersicht,200,CP2,gamma,30-45 Hz,,0,0.000,0.52353393,0.53058765,1.0135,
neutral_baseline,Neutral / Baseline,uebersicht,200,CP4,delta,0.5-4 Hz,,0,0.000,46.743735,46.487471,0.9945,
neutral_baseline,Neutral / Baseline,uebersicht,200,CP4,theta,4-7 Hz,,0,0.000,3.7986924,3.7932728,0.9986,
neutral_baseline,Neutral / Baseline,uebersicht,200,CP4,alpha,8-12 Hz,,0,0.000,1.4650624,1.4314868,0.9771,
neutral_baseline,Neutral / Baseline,uebersicht,200,CP4,mu,8-13 Hz,,0,0.000,1.3623361,1.3836056,1.0156,
neutral_baseline,Neutral / Baseline,uebersicht,200,CP4,smr,12-15 Hz,,0,0.000,0.8983876,0.88408129,0.9841,
neutral_baseline,Neutral / Baseline,uebersicht,200,CP4,lowbeta,13-16 Hz,,0,0.000,0.83041969,0.79479784,0.9571,
neutral_baseline,Neutral / Baseline,uebersicht,200,CP4,highbeta,16-30 Hz,,0,0.000,0.57557806,0.54983371,0.9553,
neutral_baseline,Neutral / Baseline,uebersicht,200,CP4,gamma,30-45 Hz,,0,0.000,0.43443947,0.43706374,1.0060,
neutral_baseline,Neutral / Baseline,uebersicht,200,P3,delta,0.5-4 Hz,,0,0.000,46.625675,49.202592,1.0553,
neutral_baseline,Neutral / Baseline,uebersicht,200,P3,theta,4-7 Hz,,0,0.000,3.6540975,3.6745593,1.0056,
neutral_baseline,Neutral / Baseline,uebersicht,200,P3,alpha,8-12 Hz,,0,0.000,1.3347672,1.3292248,0.9958,
neutral_baseline,Neutral / Baseline,uebersicht,200,P3,mu,8-13 Hz,,0,0.000,1.2345772,1.2469278,1.0100,
neutral_baseline,Neutral / Baseline,uebersicht,200,P3,smr,12-15 Hz,,0,0.000,0.77904584,0.81465607,1.0457,
neutral_baseline,Neutral / Baseline,uebersicht,200,P3,lowbeta,13-16 Hz,,0,0.000,0.71369807,0.71917812,1.0077,
neutral_baseline,Neutral / Baseline,uebersicht,200,P3,highbeta,16-30 Hz,,0,0.000,0.4797935,0.47289289,0.9856,
neutral_baseline,Neutral / Baseline,uebersicht,200,P3,gamma,30-45 Hz,,0,0.000,0.39756797,0.41296185,1.0387,
neutral_baseline,Neutral / Baseline,uebersicht,200,P1,delta,0.5-4 Hz,,0,0.000,43.977698,44.637648,1.0150,
neutral_baseline,Neutral / Baseline,uebersicht,200,P1,theta,4-7 Hz,,0,0.000,3.608426,3.8023842,1.0538,
neutral_baseline,Neutral / Baseline,uebersicht,200,P1,alpha,8-12 Hz,,0,0.000,1.2798138,1.2880215,1.0064,
neutral_baseline,Neutral / Baseline,uebersicht,200,P1,mu,8-13 Hz,,0,0.000,1.1866901,1.1358328,0.9571,
neutral_baseline,Neutral / Baseline,uebersicht,200,P1,smr,12-15 Hz,,0,0.000,0.74047019,0.70501235,0.9521,
neutral_baseline,Neutral / Baseline,uebersicht,200,P1,lowbeta,13-16 Hz,,0,0.000,0.67094595,0.70971487,1.0578,
neutral_baseline,Neutral / Baseline,uebersicht,200,P1,highbeta,16-30 Hz,,0,0.000,0.45734758,0.48493859,1.0603,
neutral_baseline,Neutral / Baseline,uebersicht,200,P1,gamma,30-45 Hz,,0,0.000,0.37750089,0.37512898,0.9937,
neutral_baseline,Neutral / Baseline,uebersicht,200,Pz,delta,0.5-4 Hz,,0,0.000,42.351521,41.783521,0.9866,
neutral_baseline,Neutral / Baseline,uebersicht,200,Pz,theta,4-7 Hz,,0,0.000,3.7849729,3.9785763,1.0512,
neutral_baseline,Neutral / Baseline,uebersicht,200,Pz,alpha,8-12 Hz,,0,0.000,1.8791115,1.8063024,0.9613,
neutral_baseline,Neutral / Baseline,uebersicht,200,Pz,mu,8-13 Hz,,0,0.000,1.7221163,1.6681875,0.9687,
neutral_baseline,Neutral / Baseline,uebersicht,200,Pz,smr,12-15 Hz,,0,0.000,1.0126271,1.0354278,1.0225,
neutral_baseline,Neutral / Baseline,uebersicht,200,Pz,lowbeta,13-16 Hz,,0,0.000,0.93678802,0.92384987,0.9862,
neutral_baseline,Neutral / Baseline,uebersicht,200,Pz,highbeta,16-30 Hz,,0,0.000,0.59830451,0.59819725,0.9998,
neutral_baseline,Neutral / Baseline,uebersicht,200,Pz,gamma,30-45 Hz,,0,0.000,0.44536917,0.44282143,0.9943,
neutral_baseline,Neutral / Baseline,uebersicht,200,P2,delta,0.5-4 Hz,,0,0.000,49.818193,50.406801,1.0118,
neutral_baseline,Neutral / Baseline,uebersicht,200,P2,theta,4-7 Hz,,0,0.000,4.6569691,4.8863801,1.0493,
neutral_baseline,Neutral / Baseline,uebersicht,200,P2,alpha,8-12 Hz,,0,0.000,2.0009501,2.007294,1.0032,
neutral_baseline,Neutral / Baseline,uebersicht,200,P2,mu,8-13 Hz,,0,0.000,1.8490546,1.8907283,1.0225,
neutral_baseline,Neutral / Baseline,uebersicht,200,P2,smr,12-15 Hz,,0,0.000,1.1450472,1.0628832,0.9282,
neutral_baseline,Neutral / Baseline,uebersicht,200,P2,lowbeta,13-16 Hz,,0,0.000,1.0151901,1.013459,0.9983,
neutral_baseline,Neutral / Baseline,uebersicht,200,P2,highbeta,16-30 Hz,,0,0.000,0.65783717,0.63842238,0.9705,
neutral_baseline,Neutral / Baseline,uebersicht,200,P2,gamma,30-45 Hz,,0,0.000,0.48833031,0.46749889,0.9573,
neutral_baseline,Neutral / Baseline,uebersicht,200,P4,delta,0.5-4 Hz,,0,0.000,34.804076,33.734361,0.9693,
neutral_baseline,Neutral / Baseline,uebersicht,200,P4,theta,4-7 Hz,,0,0.000,3.0875438,3.0514371,0.9883,
neutral_baseline,Neutral / Baseline,uebersicht,200,P4,alpha,8-12 Hz,,0,0.000,2.1315842,2.1999155,1.0321,
neutral_baseline,Neutral / Baseline,uebersicht,200,P4,mu,8-13 Hz,,0,0.000,1.9665715,1.8752759,0.9536,
neutral_baseline,Neutral / Baseline,uebersicht,200,P4,smr,12-15 Hz,,0,0.000,1.1780124,1.1792754,1.0011,
neutral_baseline,Neutral / Baseline,uebersicht,200,P4,lowbeta,13-16 Hz,,0,0.000,1.0421031,1.0244437,0.9831,
neutral_baseline,Neutral / Baseline,uebersicht,200,P4,highbeta,16-30 Hz,,0,0.000,0.68256754,0.67473948,0.9885,
neutral_baseline,Neutral / Baseline,uebersicht,200,P4,gamma,30-45 Hz,,0,0.000,0.50501117,0.52273531,1.0351,
neutral_baseline,Neutral / Baseline,uebersicht,200,PO3,delta,0.5-4 Hz,,0,0.000,41.739203,42.525321,1.0188,
neutral_baseline,Neutral / Baseline,uebersicht,200,PO3,theta,4-7 Hz,,0,0.000,3.7001683,3.8733692,1.0468,
neutral_baseline,Neutral / Baseline,uebersicht,200,PO3,alpha,8-12 Hz,,0,0.000,1.2720876,1.2652085,0.9946,
neutral_baseline,Neutral / Baseline,uebersicht,200,PO3,mu,8-13 Hz,,0,0.000,1.1682273,1.1397716,0.9756,
neutral_baseline,Neutral / Baseline,uebersicht,200,PO3,smr,12-15 Hz,,0,0.000,0.70641226,0.70087748,0.9922,
neutral_baseline,Neutral / Baseline,uebersicht,200,PO3,lowbeta,13-16 Hz,,0,0.000,0.65299607,0.6585383,1.0085,
neutral_baseline,Neutral / Baseline,uebersicht,200,PO3,highbeta,16-30 Hz,,0,0.000,0.4354655,0.43815671,1.0062,
neutral_baseline,Neutral / Baseline,uebersicht,200,PO3,gamma,30-45 Hz,,0,0.000,0.35586963,0.3423631,0.9620,
neutral_baseline,Neutral / Baseline,uebersicht,200,POz,delta,0.5-4 Hz,,0,0.000,48.361709,48.514878,1.0032,
neutral_baseline,Neutral / Baseline,uebersicht,200,POz,theta,4-7 Hz,,0,0.000,4.6695412,4.7068414,1.0080,
neutral_baseline,Neutral / Baseline,uebersicht,200,POz,alpha,8-12 Hz,,0,0.000,1.4750559,1.6050255,1.0881,
neutral_baseline,Neutral / Baseline,uebersicht,200,POz,mu,8-13 Hz,,0,0.000,1.3564593,1.4455645,1.0657,
neutral_baseline,Neutral / Baseline,uebersicht,200,POz,smr,12-15 Hz,,0,0.000,0.82678317,0.80209251,0.9701,
neutral_baseline,Neutral / Baseline,uebersicht,200,POz,lowbeta,13-16 Hz,,0,0.000,0.7696428,0.76190142,0.9899,
neutral_baseline,Neutral / Baseline,uebersicht,200,POz,highbeta,16-30 Hz,,0,0.000,0.50126615,0.47559106,0.9488,
neutral_baseline,Neutral / Baseline,uebersicht,200,POz,gamma,30-45 Hz,,0,0.000,0.38726758,0.37926092,0.9793,
neutral_baseline,Neutral / Baseline,uebersicht,200,PO4,delta,0.5-4 Hz,,0,0.000,56.613457,57.238819,1.0110,
neutral_baseline,Neutral / Baseline,uebersicht,200,PO4,theta,4-7 Hz,,0,0.000,5.6846928,5.9246145,1.0422,
neutral_baseline,Neutral / Baseline,uebersicht,200,PO4,alpha,8-12 Hz,,0,0.000,1.9090838,1.8603679,0.9745,
neutral_baseline,Neutral / Baseline,uebersicht,200,PO4,mu,8-13 Hz,,0,0.000,1.7582626,1.7180069,0.9771,
neutral_baseline,Neutral / Baseline,uebersicht,200,PO4,smr,12-15 Hz,,0,0.000,1.0434047,0.96498754,0.9248,
neutral_baseline,Neutral / Baseline,uebersicht,200,PO4,lowbeta,13-16 Hz,,0,0.000,0.94161105,0.93625016,0.9943,
neutral_baseline,Neutral / Baseline,uebersicht,200,PO4,highbeta,16-30 Hz,,0,0.000,0.59973272,0.57743196,0.9628,
neutral_baseline,Neutral / Baseline,uebersicht,200,PO4,gamma,30-45 Hz,,0,0.000,0.42345471,0.41560793,0.9815,
neutral_baseline,Neutral / Baseline,uebersicht,200,O1,delta,0.5-4 Hz,,0,0.000,67.405639,65.336952,0.9693,
neutral_baseline,Neutral / Baseline,uebersicht,200,O1,theta,4-7 Hz,,0,0.000,6.9652165,6.9422369,0.9967,
neutral_baseline,Neutral / Baseline,uebersicht,200,O1,alpha,8-12 Hz,,0,0.000,2.1221759,1.9916186,0.9385,
neutral_baseline,Neutral / Baseline,uebersicht,200,O1,mu,8-13 Hz,,0,0.000,1.9376979,1.8382038,0.9487,
neutral_baseline,Neutral / Baseline,uebersicht,200,O1,smr,12-15 Hz,,0,0.000,1.1148797,1.1979646,1.0745,
neutral_baseline,Neutral / Baseline,uebersicht,200,O1,lowbeta,13-16 Hz,,0,0.000,1.0241977,0.97804756,0.9549,
neutral_baseline,Neutral / Baseline,uebersicht,200,O1,highbeta,16-30 Hz,,0,0.000,0.63952663,0.6149768,0.9616,
neutral_baseline,Neutral / Baseline,uebersicht,200,O1,gamma,30-45 Hz,,0,0.000,0.44907218,0.47794391,1.0643,
neutral_baseline,Neutral / Baseline,uebersicht,200,O2,delta,0.5-4 Hz,,0,0.000,108.95747,120.03597,1.1017,
neutral_baseline,Neutral / Baseline,uebersicht,200,O2,theta,4-7 Hz,,0,0.000,9.8401059,9.436614,0.9590,
neutral_baseline,Neutral / Baseline,uebersicht,200,O2,alpha,8-12 Hz,,0,0.000,2.5760277,2.542826,0.9871,
neutral_baseline,Neutral / Baseline,uebersicht,200,O2,mu,8-13 Hz,,0,0.000,2.3514134,2.3795232,1.0120,
neutral_baseline,Neutral / Baseline,uebersicht,200,O2,smr,12-15 Hz,,0,0.000,1.3507925,1.4325214,1.0605,
neutral_baseline,Neutral / Baseline,uebersicht,200,O2,lowbeta,13-16 Hz,,0,0.000,1.2517707,1.2085345,0.9655,
neutral_baseline,Neutral / Baseline,uebersicht,200,O2,highbeta,16-30 Hz,,0,0.000,0.74100735,0.73464601,0.9914,
neutral_baseline,Neutral / Baseline,uebersicht,200,O2,gamma,30-45 Hz,,0,0.000,0.47663921,0.48960704,1.0272,
freude_positive_valenz,Freude / positive Valenz,valenz,201,AF3,delta,0.5-4 Hz,,0,0.000,45.474322,46.166296,1.0152,
freude_positive_valenz,Freude / positive Valenz,valenz,201,AF3,theta,4-7 Hz,,0,0.000,4.2603149,4.2042258,0.9868,
freude_positive_valenz,Freude / positive Valenz,valenz,201,AF3,alpha,8-12 Hz,down,1,0.820,1.4809285,0.60262467,0.4069,Ergänzende linksfrontale Ableitung zur Stabilisierung der positiven Valenz-Asymmetrie.
freude_positive_valenz,Freude / positive Valenz,valenz,201,AF3,mu,8-13 Hz,,0,0.000,1.366302,1.3005537,0.9519,
freude_positive_valenz,Freude / positive Valenz,valenz,201,AF3,smr,12-15 Hz,,0,0.000,0.8180701,0.8112506,0.9917,
freude_positive_valenz,Freude / positive Valenz,valenz,201,AF3,lowbeta,13-16 Hz,,0,0.000,0.73952171,0.73262673,0.9907,
freude_positive_valenz,Freude / positive Valenz,valenz,201,AF3,highbeta,16-30 Hz,,0,0.000,0.49042287,0.49440802,1.0081,
freude_positive_valenz,Freude / positive Valenz,valenz,201,AF3,gamma,30-45 Hz,,0,0.000,0.38885404,0.38129609,0.9806,
freude_positive_valenz,Freude / positive Valenz,valenz,201,AF4,delta,0.5-4 Hz,,0,0.000,51.959011,52.816535,1.0165,
freude_positive_valenz,Freude / positive Valenz,valenz,201,AF4,theta,4-7 Hz,,0,0.000,5.2885624,5.4760158,1.0354,
freude_positive_valenz,Freude / positive Valenz,valenz,201,AF4,alpha,8-12 Hz,up,1,0.640,1.629234,3.0444892,1.8687,Rechtsfrontale Vergleichsableitung für den Asymmetrie-Index.
freude_positive_valenz,Freude / positive Valenz,valenz,201,AF4,mu,8-13 Hz,,0,0.000,1.4967693,1.5151967,1.0123,
freude_positive_valenz,Freude / positive Valenz,valenz,201,AF4,smr,12-15 Hz,,0,0.000,0.90025004,0.9019249,1.0019,
freude_positive_valenz,Freude / positive Valenz,valenz,201,AF4,lowbeta,13-16 Hz,,0,0.000,0.82604999,0.82605243,1.0000,
freude_positive_valenz,Freude / positive Valenz,valenz,201,AF4,highbeta,16-30 Hz,,0,0.000,0.51939608,0.50627897,0.9747,
freude_positive_valenz,Freude / positive Valenz,valenz,201,AF4,gamma,30-45 Hz,,0,0.000,0.40352537,0.40799534,1.0111,
freude_positive_valenz,Freude / positive Valenz,valenz,201,F3,delta,0.5-4 Hz,,0,0.000,55.985494,55.794861,0.9966,
freude_positive_valenz,Freude / positive Valenz,valenz,201,F3,theta,4-7 Hz,,0,0.000,5.98203,6.4202788,1.0733,
freude_positive_valenz,Freude / positive Valenz,valenz,201,F3,alpha,8-12 Hz,down,1,0.880,1.784369,0.70994172,0.3979,"Linksfrontaler Alpha-Abfall: mehr kortikale Aktivität links, als synthetischer Marker für Annäherung / positive Valenz."
freude_positive_valenz,Freude / positive Valenz,valenz,201,F3,mu,8-13 Hz,,0,0.000,1.6328313,1.654882,1.0135,
freude_positive_valenz,Freude / positive Valenz,valenz,201,F3,smr,12-15 Hz,,0,0.000,0.96360863,0.93787353,0.9733,
freude_positive_valenz,Freude / positive Valenz,valenz,201,F3,lowbeta,13-16 Hz,,0,0.000,0.89035515,0.8556897,0.9611,
freude_positive_valenz,Freude / positive Valenz,valenz,201,F3,highbeta,16-30 Hz,,0,0.000,0.54737047,0.57019034,1.0417,
freude_positive_valenz,Freude / positive Valenz,valenz,201,F3,gamma,30-45 Hz,,0,0.000,0.40995109,0.41372109,1.0092,
freude_positive_valenz,Freude / positive Valenz,valenz,201,F1,delta,0.5-4 Hz,,0,0.000,102.09552,103.81124,1.0168,
freude_positive_valenz,Freude / positive Valenz,valenz,201,F1,theta,4-7 Hz,,0,0.000,12.268298,11.51919,0.9389,
freude_positive_valenz,Freude / positive Valenz,valenz,201,F1,alpha,8-12 Hz,,0,0.000,2.7235656,2.8119735,1.0325,
freude_positive_valenz,Freude / positive Valenz,valenz,201,F1,mu,8-13 Hz,,0,0.000,2.4808202,2.520277,1.0159,
freude_positive_valenz,Freude / positive Valenz,valenz,201,F1,smr,12-15 Hz,,0,0.000,1.4011686,1.3467121,0.9611,
freude_positive_valenz,Freude / positive Valenz,valenz,201,F1,lowbeta,13-16 Hz,,0,0.000,1.2700699,1.2491095,0.9835,
freude_positive_valenz,Freude / positive Valenz,valenz,201,F1,highbeta,16-30 Hz,,0,0.000,0.74571035,0.75259333,1.0092,
freude_positive_valenz,Freude / positive Valenz,valenz,201,F1,gamma,30-45 Hz,,0,0.000,0.44821581,0.44903889,1.0018,
freude_positive_valenz,Freude / positive Valenz,valenz,201,Fz,delta,0.5-4 Hz,,0,0.000,74.99061,74.223756,0.9898,
freude_positive_valenz,Freude / positive Valenz,valenz,201,Fz,theta,4-7 Hz,,0,0.000,7.424591,7.3976985,0.9964,
freude_positive_valenz,Freude / positive Valenz,valenz,201,Fz,alpha,8-12 Hz,,0,0.000,2.2851697,2.2650163,0.9912,
freude_positive_valenz,Freude / positive Valenz,valenz,201,Fz,mu,8-13 Hz,,0,0.000,2.1236288,2.1349684,1.0053,
freude_positive_valenz,Freude / positive Valenz,valenz,201,Fz,smr,12-15 Hz,,0,0.000,1.3988823,1.4709279,1.0515,
freude_positive_valenz,Freude / positive Valenz,valenz,201,Fz,lowbeta,13-16 Hz,,0,0.000,1.7172385,1.5629737,0.9102,
freude_positive_valenz,Freude / positive Valenz,valenz,201,Fz,highbeta,16-30 Hz,,0,0.000,1.0043718,0.99604584,0.9917,
freude_positive_valenz,Freude / positive Valenz,valenz,201,Fz,gamma,30-45 Hz,,0,0.000,0.48625989,0.48926397,1.0062,
freude_positive_valenz,Freude / positive Valenz,valenz,201,F2,delta,0.5-4 Hz,,0,0.000,52.735043,53.281367,1.0104,
freude_positive_valenz,Freude / positive Valenz,valenz,201,F2,theta,4-7 Hz,,0,0.000,5.8556295,5.7794067,0.9870,
freude_positive_valenz,Freude / positive Valenz,valenz,201,F2,alpha,8-12 Hz,,0,0.000,1.6957493,1.5914857,0.9385,
freude_positive_valenz,Freude / positive Valenz,valenz,201,F2,mu,8-13 Hz,,0,0.000,1.5560758,1.5739393,1.0115,
freude_positive_valenz,Freude / positive Valenz,valenz,201,F2,smr,12-15 Hz,,0,0.000,0.91485705,0.9701668,1.0605,
freude_positive_valenz,Freude / positive Valenz,valenz,201,F2,lowbeta,13-16 Hz,,0,0.000,0.83753916,0.79257575,0.9463,
freude_positive_valenz,Freude / positive Valenz,valenz,201,F2,highbeta,16-30 Hz,,0,0.000,0.51971085,0.53542378,1.0302,
freude_positive_valenz,Freude / positive Valenz,valenz,201,F2,gamma,30-45 Hz,,0,0.000,0.39474005,0.39020118,0.9885,
freude_positive_valenz,Freude / positive Valenz,valenz,201,F4,delta,0.5-4 Hz,,0,0.000,48.391432,48.287567,0.9979,
freude_positive_valenz,Freude / positive Valenz,valenz,201,F4,theta,4-7 Hz,,0,0.000,4.6456876,4.4744873,0.9631,
freude_positive_valenz,Freude / positive Valenz,valenz,201,F4,alpha,8-12 Hz,up,1,0.700,1.4556949,2.8167205,1.9350,Rechtsfrontal bleibt Alpha relativ höher; Gegenpol zur linksfrontalen Aktivierung.
freude_positive_valenz,Freude / positive Valenz,valenz,201,F4,mu,8-13 Hz,,0,0.000,1.3357649,1.3965443,1.0455,
freude_positive_valenz,Freude / positive Valenz,valenz,201,F4,smr,12-15 Hz,,0,0.000,0.81970031,0.83641641,1.0204,
freude_positive_valenz,Freude / positive Valenz,valenz,201,F4,lowbeta,13-16 Hz,,0,0.000,0.75955094,0.80560321,1.0606,
freude_positive_valenz,Freude / positive Valenz,valenz,201,F4,highbeta,16-30 Hz,,0,0.000,0.48130187,0.50113604,1.0412,
freude_positive_valenz,Freude / positive Valenz,valenz,201,F4,gamma,30-45 Hz,,0,0.000,0.38269029,0.38857149,1.0154,
freude_positive_valenz,Freude / positive Valenz,valenz,201,FC3,delta,0.5-4 Hz,,0,0.000,37.937071,40.252663,1.0610,
freude_positive_valenz,Freude / positive Valenz,valenz,201,FC3,theta,4-7 Hz,,0,0.000,3.3635749,3.4152554,1.0154,
freude_positive_valenz,Freude / positive Valenz,valenz,201,FC3,alpha,8-12 Hz,,0,0.000,1.4306059,1.4720643,1.0290,
freude_positive_valenz,Freude / positive Valenz,valenz,201,FC3,mu,8-13 Hz,,0,0.000,1.3297899,1.3159867,0.9896,
freude_positive_valenz,Freude / positive Valenz,valenz,201,FC3,smr,12-15 Hz,,0,0.000,0.87858341,0.88062972,1.0023,
freude_positive_valenz,Freude / positive Valenz,valenz,201,FC3,lowbeta,13-16 Hz,,0,0.000,0.81396434,0.79409561,0.9756,
freude_positive_valenz,Freude / positive Valenz,valenz,201,FC3,highbeta,16-30 Hz,,0,0.000,0.52641618,0.54464883,1.0346,
freude_positive_valenz,Freude / positive Valenz,valenz,201,FC3,gamma,30-45 Hz,,0,0.000,0.41341757,0.39636797,0.9588,
freude_positive_valenz,Freude / positive Valenz,valenz,201,FC1,delta,0.5-4 Hz,,0,0.000,39.03076,40.099511,1.0274,
freude_positive_valenz,Freude / positive Valenz,valenz,201,FC1,theta,4-7 Hz,,0,0.000,3.3709897,3.3484959,0.9933,
freude_positive_valenz,Freude / positive Valenz,valenz,201,FC1,alpha,8-12 Hz,,0,0.000,1.3213625,1.37553,1.0410,
freude_positive_valenz,Freude / positive Valenz,valenz,201,FC1,mu,8-13 Hz,,0,0.000,1.2270383,1.2592853,1.0263,
freude_positive_valenz,Freude / positive Valenz,valenz,201,FC1,smr,12-15 Hz,,0,0.000,0.81413131,0.86600989,1.0637,
freude_positive_valenz,Freude / positive Valenz,valenz,201,FC1,lowbeta,13-16 Hz,,0,0.000,0.75977217,0.77920495,1.0256,
freude_positive_valenz,Freude / positive Valenz,valenz,201,FC1,highbeta,16-30 Hz,,0,0.000,0.51418995,0.48589849,0.9450,
freude_positive_valenz,Freude / positive Valenz,valenz,201,FC1,gamma,30-45 Hz,,0,0.000,0.39753481,0.39660325,0.9977,
freude_positive_valenz,Freude / positive Valenz,valenz,201,FCz,delta,0.5-4 Hz,,0,0.000,51.059064,48.964609,0.9590,
freude_positive_valenz,Freude / positive Valenz,valenz,201,FCz,theta,4-7 Hz,,0,0.000,4.7731448,4.686561,0.9819,
freude_positive_valenz,Freude / positive Valenz,valenz,201,FCz,alpha,8-12 Hz,,0,0.000,1.5969023,1.6813673,1.0529,
freude_positive_valenz,Freude / positive Valenz,valenz,201,FCz,mu,8-13 Hz,,0,0.000,1.489021,1.5222465,1.0223,
freude_positive_valenz,Freude / positive Valenz,valenz,201,FCz,smr,12-15 Hz,,0,0.000,0.99825624,0.97383633,0.9755,
freude_positive_valenz,Freude / positive Valenz,valenz,201,FCz,lowbeta,13-16 Hz,,0,0.000,0.90839433,0.8761644,0.9645,
freude_positive_valenz,Freude / positive Valenz,valenz,201,FCz,highbeta,16-30 Hz,,0,0.000,0.58255874,0.58322715,1.0011,
freude_positive_valenz,Freude / positive Valenz,valenz,201,FCz,gamma,30-45 Hz,,0,0.000,0.42675128,0.40858038,0.9574,
freude_positive_valenz,Freude / positive Valenz,valenz,201,FC2,delta,0.5-4 Hz,,0,0.000,43.102448,42.089975,0.9765,
freude_positive_valenz,Freude / positive Valenz,valenz,201,FC2,theta,4-7 Hz,,0,0.000,3.3997448,3.4368712,1.0109,
freude_positive_valenz,Freude / positive Valenz,valenz,201,FC2,alpha,8-12 Hz,,0,0.000,1.3559234,1.4107514,1.0404,
freude_positive_valenz,Freude / positive Valenz,valenz,201,FC2,mu,8-13 Hz,,0,0.000,1.266844,1.2938362,1.0213,
freude_positive_valenz,Freude / positive Valenz,valenz,201,FC2,smr,12-15 Hz,,0,0.000,0.83101377,0.76437051,0.9198,
freude_positive_valenz,Freude / positive Valenz,valenz,201,FC2,lowbeta,13-16 Hz,,0,0.000,0.75840097,0.76648009,1.0107,
freude_positive_valenz,Freude / positive Valenz,valenz,201,FC2,highbeta,16-30 Hz,,0,0.000,0.52231256,0.5236294,1.0025,
freude_positive_valenz,Freude / positive Valenz,valenz,201,FC2,gamma,30-45 Hz,,0,0.000,0.42531189,0.43147303,1.0145,
freude_positive_valenz,Freude / positive Valenz,valenz,201,FC4,delta,0.5-4 Hz,,0,0.000,184.76088,195.21231,1.0566,
freude_positive_valenz,Freude / positive Valenz,valenz,201,FC4,theta,4-7 Hz,,0,0.000,3.6605907,3.3962473,0.9278,
freude_positive_valenz,Freude / positive Valenz,valenz,201,FC4,alpha,8-12 Hz,,0,0.000,1.2490261,1.2231855,0.9793,
freude_positive_valenz,Freude / positive Valenz,valenz,201,FC4,mu,8-13 Hz,,0,0.000,1.1503727,1.1741644,1.0207,
freude_positive_valenz,Freude / positive Valenz,valenz,201,FC4,smr,12-15 Hz,,0,0.000,0.7237605,0.68369616,0.9446,
freude_positive_valenz,Freude / positive Valenz,valenz,201,FC4,lowbeta,13-16 Hz,,0,0.000,0.67024622,0.70486995,1.0517,
freude_positive_valenz,Freude / positive Valenz,valenz,201,FC4,highbeta,16-30 Hz,,0,0.000,0.44626865,0.45202216,1.0129,
freude_positive_valenz,Freude / positive Valenz,valenz,201,FC4,gamma,30-45 Hz,,0,0.000,0.37148235,0.38248954,1.0296,
freude_positive_valenz,Freude / positive Valenz,valenz,201,C3,delta,0.5-4 Hz,,0,0.000,127.19315,124.65145,0.9800,
freude_positive_valenz,Freude / positive Valenz,valenz,201,C3,theta,4-7 Hz,,0,0.000,3.6136493,3.7165723,1.0285,
freude_positive_valenz,Freude / positive Valenz,valenz,201,C3,alpha,8-12 Hz,,0,0.000,1.2775763,1.3253532,1.0374,
freude_positive_valenz,Freude / positive Valenz,valenz,201,C3,mu,8-13 Hz,,0,0.000,1.1805038,1.1901258,1.0082,
freude_positive_valenz,Freude / positive Valenz,valenz,201,C3,smr,12-15 Hz,,0,0.000,0.76255881,0.76881487,1.0082,
freude_positive_valenz,Freude / positive Valenz,valenz,201,C3,lowbeta,13-16 Hz,,0,0.000,0.70739997,0.7140934,1.0095,
freude_positive_valenz,Freude / positive Valenz,valenz,201,C3,highbeta,16-30 Hz,,0,0.000,0.48417099,0.46954075,0.9698,
freude_positive_valenz,Freude / positive Valenz,valenz,201,C3,gamma,30-45 Hz,,0,0.000,0.40505889,0.40296737,0.9948,
freude_positive_valenz,Freude / positive Valenz,valenz,201,C1,delta,0.5-4 Hz,,0,0.000,43.586186,43.353511,0.9947,
freude_positive_valenz,Freude / positive Valenz,valenz,201,C1,theta,4-7 Hz,,0,0.000,3.2168222,3.259988,1.0134,
freude_positive_valenz,Freude / positive Valenz,valenz,201,C1,alpha,8-12 Hz,,0,0.000,1.1508042,1.1910753,1.0350,
freude_positive_valenz,Freude / positive Valenz,valenz,201,C1,mu,8-13 Hz,,0,0.000,1.0702767,1.0306243,0.9630,
freude_positive_valenz,Freude / positive Valenz,valenz,201,C1,smr,12-15 Hz,,0,0.000,0.67432648,0.67137608,0.9956,
freude_positive_valenz,Freude / positive Valenz,valenz,201,C1,lowbeta,13-16 Hz,,0,0.000,0.61322414,0.6450204,1.0519,
freude_positive_valenz,Freude / positive Valenz,valenz,201,C1,highbeta,16-30 Hz,,0,0.000,0.42317482,0.41216145,0.9740,
freude_positive_valenz,Freude / positive Valenz,valenz,201,C1,gamma,30-45 Hz,,0,0.000,0.35649158,0.3462322,0.9712,
freude_positive_valenz,Freude / positive Valenz,valenz,201,Cz,delta,0.5-4 Hz,,0,0.000,45.4874,45.809484,1.0071,
freude_positive_valenz,Freude / positive Valenz,valenz,201,Cz,theta,4-7 Hz,,0,0.000,3.2295312,3.3249751,1.0296,
freude_positive_valenz,Freude / positive Valenz,valenz,201,Cz,alpha,8-12 Hz,,0,0.000,1.2211668,1.2216551,1.0004,
freude_positive_valenz,Freude / positive Valenz,valenz,201,Cz,mu,8-13 Hz,,0,0.000,1.1466281,1.1999619,1.0465,
freude_positive_valenz,Freude / positive Valenz,valenz,201,Cz,smr,12-15 Hz,,0,0.000,0.75485513,0.77749156,1.0300,
freude_positive_valenz,Freude / positive Valenz,valenz,201,Cz,lowbeta,13-16 Hz,,0,0.000,0.67296339,0.69279138,1.0295,
freude_positive_valenz,Freude / positive Valenz,valenz,201,Cz,highbeta,16-30 Hz,,0,0.000,0.45334985,0.46214215,1.0194,
freude_positive_valenz,Freude / positive Valenz,valenz,201,Cz,gamma,30-45 Hz,,0,0.000,0.38053564,0.41153706,1.0815,
freude_positive_valenz,Freude / positive Valenz,valenz,201,C2,delta,0.5-4 Hz,,0,0.000,51.757203,51.385552,0.9928,
freude_positive_valenz,Freude / positive Valenz,valenz,201,C2,theta,4-7 Hz,,0,0.000,3.5215797,3.274635,0.9299,
freude_positive_valenz,Freude / positive Valenz,valenz,201,C2,alpha,8-12 Hz,,0,0.000,1.5814405,1.6702367,1.0561,
freude_positive_valenz,Freude / positive Valenz,valenz,201,C2,mu,8-13 Hz,,0,0.000,1.4828982,1.4591429,0.9840,
freude_positive_valenz,Freude / positive Valenz,valenz,201,C2,smr,12-15 Hz,,0,0.000,0.99199764,0.99574324,1.0038,
freude_positive_valenz,Freude / positive Valenz,valenz,201,C2,lowbeta,13-16 Hz,,0,0.000,0.87474107,0.91483419,1.0458,
freude_positive_valenz,Freude / positive Valenz,valenz,201,C2,highbeta,16-30 Hz,,0,0.000,0.68789815,0.64932145,0.9439,
freude_positive_valenz,Freude / positive Valenz,valenz,201,C2,gamma,30-45 Hz,,0,0.000,0.57062269,0.54562505,0.9562,
freude_positive_valenz,Freude / positive Valenz,valenz,201,C4,delta,0.5-4 Hz,,0,0.000,43.394198,40.962182,0.9440,
freude_positive_valenz,Freude / positive Valenz,valenz,201,C4,theta,4-7 Hz,,0,0.000,3.6720879,3.570023,0.9722,
freude_positive_valenz,Freude / positive Valenz,valenz,201,C4,alpha,8-12 Hz,,0,0.000,1.5654978,1.5895865,1.0154,
freude_positive_valenz,Freude / positive Valenz,valenz,201,C4,mu,8-13 Hz,,0,0.000,1.4531423,1.4798025,1.0183,
freude_positive_valenz,Freude / positive Valenz,valenz,201,C4,smr,12-15 Hz,,0,0.000,0.94202229,0.95113127,1.0097,
freude_positive_valenz,Freude / positive Valenz,valenz,201,C4,lowbeta,13-16 Hz,,0,0.000,0.86333988,0.82065048,0.9506,
freude_positive_valenz,Freude / positive Valenz,valenz,201,C4,highbeta,16-30 Hz,,0,0.000,0.54214853,0.49831386,0.9191,
freude_positive_valenz,Freude / positive Valenz,valenz,201,C4,gamma,30-45 Hz,,0,0.000,0.42753346,0.42834679,1.0019,
freude_positive_valenz,Freude / positive Valenz,valenz,201,CP3,delta,0.5-4 Hz,,0,0.000,48.766583,47.961342,0.9835,
freude_positive_valenz,Freude / positive Valenz,valenz,201,CP3,theta,4-7 Hz,,0,0.000,3.2584243,3.3108149,1.0161,
freude_positive_valenz,Freude / positive Valenz,valenz,201,CP3,alpha,8-12 Hz,,0,0.000,1.5182483,1.5555492,1.0246,
freude_positive_valenz,Freude / positive Valenz,valenz,201,CP3,mu,8-13 Hz,,0,0.000,1.4351409,1.4420847,1.0048,
freude_positive_valenz,Freude / positive Valenz,valenz,201,CP3,smr,12-15 Hz,,0,0.000,1.0149195,1.0419211,1.0266,
freude_positive_valenz,Freude / positive Valenz,valenz,201,CP3,lowbeta,13-16 Hz,,0,0.000,0.89430276,0.90147721,1.0080,
freude_positive_valenz,Freude / positive Valenz,valenz,201,CP3,highbeta,16-30 Hz,,0,0.000,0.4874327,0.49647568,1.0186,
freude_positive_valenz,Freude / positive Valenz,valenz,201,CP3,gamma,30-45 Hz,,0,0.000,0.38587195,0.37635497,0.9753,
freude_positive_valenz,Freude / positive Valenz,valenz,201,CP1,delta,0.5-4 Hz,,0,0.000,47.880986,47.579987,0.9937,
freude_positive_valenz,Freude / positive Valenz,valenz,201,CP1,theta,4-7 Hz,,0,0.000,3.590128,3.6148538,1.0069,
freude_positive_valenz,Freude / positive Valenz,valenz,201,CP1,alpha,8-12 Hz,,0,0.000,1.326924,1.3650313,1.0287,
freude_positive_valenz,Freude / positive Valenz,valenz,201,CP1,mu,8-13 Hz,,0,0.000,1.2359362,1.2189039,0.9862,
freude_positive_valenz,Freude / positive Valenz,valenz,201,CP1,smr,12-15 Hz,,0,0.000,0.79248801,0.80694367,1.0182,
freude_positive_valenz,Freude / positive Valenz,valenz,201,CP1,lowbeta,13-16 Hz,,0,0.000,0.71496135,0.70830909,0.9907,
freude_positive_valenz,Freude / positive Valenz,valenz,201,CP1,highbeta,16-30 Hz,,0,0.000,0.48603103,0.48403151,0.9959,
freude_positive_valenz,Freude / positive Valenz,valenz,201,CP1,gamma,30-45 Hz,,0,0.000,0.40532788,0.41709583,1.0290,
freude_positive_valenz,Freude / positive Valenz,valenz,201,CPz,delta,0.5-4 Hz,,0,0.000,65.020588,60.484939,0.9302,
freude_positive_valenz,Freude / positive Valenz,valenz,201,CPz,theta,4-7 Hz,,0,0.000,3.4627616,3.3056335,0.9546,
freude_positive_valenz,Freude / positive Valenz,valenz,201,CPz,alpha,8-12 Hz,,0,0.000,1.3483544,1.2784065,0.9481,
freude_positive_valenz,Freude / positive Valenz,valenz,201,CPz,mu,8-13 Hz,,0,0.000,1.2599915,1.1570797,0.9183,
freude_positive_valenz,Freude / positive Valenz,valenz,201,CPz,smr,12-15 Hz,,0,0.000,0.87168936,0.8509961,0.9763,
freude_positive_valenz,Freude / positive Valenz,valenz,201,CPz,lowbeta,13-16 Hz,,0,0.000,0.81178384,0.83307708,1.0262,
freude_positive_valenz,Freude / positive Valenz,valenz,201,CPz,highbeta,16-30 Hz,,0,0.000,0.56176991,0.55616853,0.9900,
freude_positive_valenz,Freude / positive Valenz,valenz,201,CPz,gamma,30-45 Hz,,0,0.000,0.46441882,0.46763383,1.0069,
freude_positive_valenz,Freude / positive Valenz,valenz,201,CP2,delta,0.5-4 Hz,,0,0.000,46.677659,48.457134,1.0381,
freude_positive_valenz,Freude / positive Valenz,valenz,201,CP2,theta,4-7 Hz,,0,0.000,3.7192957,3.8921277,1.0465,
freude_positive_valenz,Freude / positive Valenz,valenz,201,CP2,alpha,8-12 Hz,,0,0.000,1.4952788,1.4916605,0.9976,
freude_positive_valenz,Freude / positive Valenz,valenz,201,CP2,mu,8-13 Hz,,0,0.000,1.4005421,1.4668935,1.0474,
freude_positive_valenz,Freude / positive Valenz,valenz,201,CP2,smr,12-15 Hz,,0,0.000,0.92927466,0.93227105,1.0032,
freude_positive_valenz,Freude / positive Valenz,valenz,201,CP2,lowbeta,13-16 Hz,,0,0.000,0.8373235,0.81278243,0.9707,
freude_positive_valenz,Freude / positive Valenz,valenz,201,CP2,highbeta,16-30 Hz,,0,0.000,0.59092303,0.57862946,0.9792,
freude_positive_valenz,Freude / positive Valenz,valenz,201,CP2,gamma,30-45 Hz,,0,0.000,0.52353393,0.49640504,0.9482,
freude_positive_valenz,Freude / positive Valenz,valenz,201,CP4,delta,0.5-4 Hz,,0,0.000,46.743735,45.290721,0.9689,
freude_positive_valenz,Freude / positive Valenz,valenz,201,CP4,theta,4-7 Hz,,0,0.000,3.7986924,3.7510925,0.9875,
freude_positive_valenz,Freude / positive Valenz,valenz,201,CP4,alpha,8-12 Hz,,0,0.000,1.4650624,1.506268,1.0281,
freude_positive_valenz,Freude / positive Valenz,valenz,201,CP4,mu,8-13 Hz,,0,0.000,1.3623361,1.4443855,1.0602,
freude_positive_valenz,Freude / positive Valenz,valenz,201,CP4,smr,12-15 Hz,,0,0.000,0.8983876,0.85492688,0.9516,
freude_positive_valenz,Freude / positive Valenz,valenz,201,CP4,lowbeta,13-16 Hz,,0,0.000,0.83041969,0.8418371,1.0137,
freude_positive_valenz,Freude / positive Valenz,valenz,201,CP4,highbeta,16-30 Hz,,0,0.000,0.57557806,0.55461606,0.9636,
freude_positive_valenz,Freude / positive Valenz,valenz,201,CP4,gamma,30-45 Hz,,0,0.000,0.43443947,0.44165743,1.0166,
freude_positive_valenz,Freude / positive Valenz,valenz,201,P3,delta,0.5-4 Hz,,0,0.000,46.625675,46.411755,0.9954,
freude_positive_valenz,Freude / positive Valenz,valenz,201,P3,theta,4-7 Hz,,0,0.000,3.6540975,3.4199367,0.9359,
freude_positive_valenz,Freude / positive Valenz,valenz,201,P3,alpha,8-12 Hz,,0,0.000,1.3347672,1.3781343,1.0325,
freude_positive_valenz,Freude / positive Valenz,valenz,201,P3,mu,8-13 Hz,,0,0.000,1.2345772,1.208435,0.9788,
freude_positive_valenz,Freude / positive Valenz,valenz,201,P3,smr,12-15 Hz,,0,0.000,0.77904584,0.76448819,0.9813,
freude_positive_valenz,Freude / positive Valenz,valenz,201,P3,lowbeta,13-16 Hz,,0,0.000,0.71369807,0.68697626,0.9626,
freude_positive_valenz,Freude / positive Valenz,valenz,201,P3,highbeta,16-30 Hz,,0,0.000,0.4797935,0.46880627,0.9771,
freude_positive_valenz,Freude / positive Valenz,valenz,201,P3,gamma,30-45 Hz,,0,0.000,0.39756797,0.40352202,1.0150,
freude_positive_valenz,Freude / positive Valenz,valenz,201,P1,delta,0.5-4 Hz,,0,0.000,43.977698,43.68641,0.9934,
freude_positive_valenz,Freude / positive Valenz,valenz,201,P1,theta,4-7 Hz,,0,0.000,3.608426,3.6499344,1.0115,
freude_positive_valenz,Freude / positive Valenz,valenz,201,P1,alpha,8-12 Hz,,0,0.000,1.2798138,1.2960255,1.0127,
freude_positive_valenz,Freude / positive Valenz,valenz,201,P1,mu,8-13 Hz,,0,0.000,1.1866901,1.2415427,1.0462,
freude_positive_valenz,Freude / positive Valenz,valenz,201,P1,smr,12-15 Hz,,0,0.000,0.74047019,0.73158638,0.9880,
freude_positive_valenz,Freude / positive Valenz,valenz,201,P1,lowbeta,13-16 Hz,,0,0.000,0.67094595,0.63626474,0.9483,
freude_positive_valenz,Freude / positive Valenz,valenz,201,P1,highbeta,16-30 Hz,,0,0.000,0.45734758,0.47443079,1.0374,
freude_positive_valenz,Freude / positive Valenz,valenz,201,P1,gamma,30-45 Hz,,0,0.000,0.37750089,0.37312109,0.9884,
freude_positive_valenz,Freude / positive Valenz,valenz,201,Pz,delta,0.5-4 Hz,,0,0.000,42.351521,44.003685,1.0390,
freude_positive_valenz,Freude / positive Valenz,valenz,201,Pz,theta,4-7 Hz,,0,0.000,3.7849729,3.8357604,1.0134,
freude_positive_valenz,Freude / positive Valenz,valenz,201,Pz,alpha,8-12 Hz,,0,0.000,1.8791115,1.8704868,0.9954,
freude_positive_valenz,Freude / positive Valenz,valenz,201,Pz,mu,8-13 Hz,,0,0.000,1.7221163,1.7431385,1.0122,
freude_positive_valenz,Freude / positive Valenz,valenz,201,Pz,smr,12-15 Hz,,0,0.000,1.0126271,1.0817747,1.0683,
freude_positive_valenz,Freude / positive Valenz,valenz,201,Pz,lowbeta,13-16 Hz,,0,0.000,0.93678802,1.0048872,1.0727,
freude_positive_valenz,Freude / positive Valenz,valenz,201,Pz,highbeta,16-30 Hz,,0,0.000,0.59830451,0.5997574,1.0024,
freude_positive_valenz,Freude / positive Valenz,valenz,201,Pz,gamma,30-45 Hz,,0,0.000,0.44536917,0.44786621,1.0056,
freude_positive_valenz,Freude / positive Valenz,valenz,201,P2,delta,0.5-4 Hz,,0,0.000,49.818193,51.694765,1.0377,
freude_positive_valenz,Freude / positive Valenz,valenz,201,P2,theta,4-7 Hz,,0,0.000,4.6569691,4.5191315,0.9704,
freude_positive_valenz,Freude / positive Valenz,valenz,201,P2,alpha,8-12 Hz,,0,0.000,2.0009501,2.0242761,1.0117,
freude_positive_valenz,Freude / positive Valenz,valenz,201,P2,mu,8-13 Hz,,0,0.000,1.8490546,1.8473808,0.9991,
freude_positive_valenz,Freude / positive Valenz,valenz,201,P2,smr,12-15 Hz,,0,0.000,1.1450472,1.1576276,1.0110,
freude_positive_valenz,Freude / positive Valenz,valenz,201,P2,lowbeta,13-16 Hz,,0,0.000,1.0151901,0.9855791,0.9708,
freude_positive_valenz,Freude / positive Valenz,valenz,201,P2,highbeta,16-30 Hz,,0,0.000,0.65783717,0.62123849,0.9444,
freude_positive_valenz,Freude / positive Valenz,valenz,201,P2,gamma,30-45 Hz,,0,0.000,0.48833031,0.45289979,0.9274,
freude_positive_valenz,Freude / positive Valenz,valenz,201,P4,delta,0.5-4 Hz,,0,0.000,34.804076,33.442943,0.9609,
freude_positive_valenz,Freude / positive Valenz,valenz,201,P4,theta,4-7 Hz,,0,0.000,3.0875438,3.0379775,0.9839,
freude_positive_valenz,Freude / positive Valenz,valenz,201,P4,alpha,8-12 Hz,,0,0.000,2.1315842,2.1097105,0.9897,
freude_positive_valenz,Freude / positive Valenz,valenz,201,P4,mu,8-13 Hz,,0,0.000,1.9665715,2.0999111,1.0678,
freude_positive_valenz,Freude / positive Valenz,valenz,201,P4,smr,12-15 Hz,,0,0.000,1.1780124,1.223613,1.0387,
freude_positive_valenz,Freude / positive Valenz,valenz,201,P4,lowbeta,13-16 Hz,,0,0.000,1.0421031,1.0070122,0.9663,
freude_positive_valenz,Freude / positive Valenz,valenz,201,P4,highbeta,16-30 Hz,,0,0.000,0.68256754,0.69087425,1.0122,
freude_positive_valenz,Freude / positive Valenz,valenz,201,P4,gamma,30-45 Hz,,0,0.000,0.50501117,0.4978159,0.9858,
freude_positive_valenz,Freude / positive Valenz,valenz,201,PO3,delta,0.5-4 Hz,,0,0.000,41.739203,41.323784,0.9900,
freude_positive_valenz,Freude / positive Valenz,valenz,201,PO3,theta,4-7 Hz,,0,0.000,3.7001683,3.7241691,1.0065,
freude_positive_valenz,Freude / positive Valenz,valenz,201,PO3,alpha,8-12 Hz,,0,0.000,1.2720876,1.299655,1.0217,
freude_positive_valenz,Freude / positive Valenz,valenz,201,PO3,mu,8-13 Hz,,0,0.000,1.1682273,1.1543557,0.9881,
freude_positive_valenz,Freude / positive Valenz,valenz,201,PO3,smr,12-15 Hz,,0,0.000,0.70641226,0.73271538,1.0372,
freude_positive_valenz,Freude / positive Valenz,valenz,201,PO3,lowbeta,13-16 Hz,,0,0.000,0.65299607,0.62689723,0.9600,
freude_positive_valenz,Freude / positive Valenz,valenz,201,PO3,highbeta,16-30 Hz,,0,0.000,0.4354655,0.43556212,1.0002,
freude_positive_valenz,Freude / positive Valenz,valenz,201,PO3,gamma,30-45 Hz,,0,0.000,0.35586963,0.38822479,1.0909,
freude_positive_valenz,Freude / positive Valenz,valenz,201,POz,delta,0.5-4 Hz,,0,0.000,48.361709,48.739307,1.0078,
freude_positive_valenz,Freude / positive Valenz,valenz,201,POz,theta,4-7 Hz,,0,0.000,4.6695412,4.9037771,1.0502,
freude_positive_valenz,Freude / positive Valenz,valenz,201,POz,alpha,8-12 Hz,,0,0.000,1.4750559,1.4797808,1.0032,
freude_positive_valenz,Freude / positive Valenz,valenz,201,POz,mu,8-13 Hz,,0,0.000,1.3564593,1.3840323,1.0203,
freude_positive_valenz,Freude / positive Valenz,valenz,201,POz,smr,12-15 Hz,,0,0.000,0.82678317,0.82514001,0.9980,
freude_positive_valenz,Freude / positive Valenz,valenz,201,POz,lowbeta,13-16 Hz,,0,0.000,0.7696428,0.76505245,0.9940,
freude_positive_valenz,Freude / positive Valenz,valenz,201,POz,highbeta,16-30 Hz,,0,0.000,0.50126615,0.48759066,0.9727,
freude_positive_valenz,Freude / positive Valenz,valenz,201,POz,gamma,30-45 Hz,,0,0.000,0.38726758,0.39310004,1.0151,
freude_positive_valenz,Freude / positive Valenz,valenz,201,PO4,delta,0.5-4 Hz,,0,0.000,56.613457,54.926161,0.9702,
freude_positive_valenz,Freude / positive Valenz,valenz,201,PO4,theta,4-7 Hz,,0,0.000,5.6846928,5.8171204,1.0233,
freude_positive_valenz,Freude / positive Valenz,valenz,201,PO4,alpha,8-12 Hz,,0,0.000,1.9090838,1.9816004,1.0380,
freude_positive_valenz,Freude / positive Valenz,valenz,201,PO4,mu,8-13 Hz,,0,0.000,1.7582626,1.7808186,1.0128,
freude_positive_valenz,Freude / positive Valenz,valenz,201,PO4,smr,12-15 Hz,,0,0.000,1.0434047,1.0329512,0.9900,
freude_positive_valenz,Freude / positive Valenz,valenz,201,PO4,lowbeta,13-16 Hz,,0,0.000,0.94161105,0.95657211,1.0159,
freude_positive_valenz,Freude / positive Valenz,valenz,201,PO4,highbeta,16-30 Hz,,0,0.000,0.59973272,0.59325348,0.9892,
freude_positive_valenz,Freude / positive Valenz,valenz,201,PO4,gamma,30-45 Hz,,0,0.000,0.42345471,0.43732037,1.0327,
freude_positive_valenz,Freude / positive Valenz,valenz,201,O1,delta,0.5-4 Hz,,0,0.000,67.405639,63.084991,0.9359,
freude_positive_valenz,Freude / positive Valenz,valenz,201,O1,theta,4-7 Hz,,0,0.000,6.9652165,6.8834013,0.9883,
freude_positive_valenz,Freude / positive Valenz,valenz,201,O1,alpha,8-12 Hz,,0,0.000,2.1221759,1.974306,0.9303,
freude_positive_valenz,Freude / positive Valenz,valenz,201,O1,mu,8-13 Hz,,0,0.000,1.9376979,1.8363038,0.9477,
freude_positive_valenz,Freude / positive Valenz,valenz,201,O1,smr,12-15 Hz,,0,0.000,1.1148797,1.1680987,1.0477,
freude_positive_valenz,Freude / positive Valenz,valenz,201,O1,lowbeta,13-16 Hz,,0,0.000,1.0241977,1.0562873,1.0313,
freude_positive_valenz,Freude / positive Valenz,valenz,201,O1,highbeta,16-30 Hz,,0,0.000,0.63952663,0.62342219,0.9748,
freude_positive_valenz,Freude / positive Valenz,valenz,201,O1,gamma,30-45 Hz,,0,0.000,0.44907218,0.42545654,0.9474,
freude_positive_valenz,Freude / positive Valenz,valenz,201,O2,delta,0.5-4 Hz,,0,0.000,108.95747,97.652201,0.8962,
freude_positive_valenz,Freude / positive Valenz,valenz,201,O2,theta,4-7 Hz,,0,0.000,9.8401059,9.652924,0.9810,
freude_positive_valenz,Freude / positive Valenz,valenz,201,O2,alpha,8-12 Hz,,0,0.000,2.5760277,2.7942546,1.0847,
freude_positive_valenz,Freude / positive Valenz,valenz,201,O2,mu,8-13 Hz,,0,0.000,2.3514134,2.3872041,1.0152,
freude_positive_valenz,Freude / positive Valenz,valenz,201,O2,smr,12-15 Hz,,0,0.000,1.3507925,1.3243372,0.9804,
freude_positive_valenz,Freude / positive Valenz,valenz,201,O2,lowbeta,13-16 Hz,,0,0.000,1.2517707,1.2721468,1.0163,
freude_positive_valenz,Freude / positive Valenz,valenz,201,O2,highbeta,16-30 Hz,,0,0.000,0.74100735,0.7005235,0.9454,
freude_positive_valenz,Freude / positive Valenz,valenz,201,O2,gamma,30-45 Hz,,0,0.000,0.47663921,0.47167915,0.9896,
negative_valenz_rueckzug,Negative Valenz / Rückzug,valenz,202,AF3,delta,0.5-4 Hz,,0,0.000,45.474322,45.63265,1.0035,
negative_valenz_rueckzug,Negative Valenz / Rückzug,valenz,202,AF3,theta,4-7 Hz,,0,0.000,4.2603149,4.2474763,0.9970,
negative_valenz_rueckzug,Negative Valenz / Rückzug,valenz,202,AF3,alpha,8-12 Hz,up,1,0.620,1.4809285,2.7555995,1.8607,Linksfrontale Vergleichsableitung für den Asymmetrie-Index.
negative_valenz_rueckzug,Negative Valenz / Rückzug,valenz,202,AF3,mu,8-13 Hz,,0,0.000,1.366302,1.3827831,1.0121,
negative_valenz_rueckzug,Negative Valenz / Rückzug,valenz,202,AF3,smr,12-15 Hz,,0,0.000,0.8180701,0.83720591,1.0234,
negative_valenz_rueckzug,Negative Valenz / Rückzug,valenz,202,AF3,lowbeta,13-16 Hz,,0,0.000,0.73952171,0.72170439,0.9759,
negative_valenz_rueckzug,Negative Valenz / Rückzug,valenz,202,AF3,highbeta,16-30 Hz,,0,0.000,0.49042287,0.50583369,1.0314,
negative_valenz_rueckzug,Negative Valenz / Rückzug,valenz,202,AF3,gamma,30-45 Hz,,0,0.000,0.38885404,0.41102369,1.0570,
negative_valenz_rueckzug,Negative Valenz / Rückzug,valenz,202,AF4,delta,0.5-4 Hz,,0,0.000,51.959011,50.194731,0.9660,
negative_valenz_rueckzug,Negative Valenz / Rückzug,valenz,202,AF4,theta,4-7 Hz,,0,0.000,5.2885624,5.1242502,0.9689,
negative_valenz_rueckzug,Negative Valenz / Rückzug,valenz,202,AF4,alpha,8-12 Hz,down,1,0.800,1.629234,0.73432134,0.4507,Ergänzende rechtsfrontale Ableitung für die negative Valenz-Asymmetrie.
negative_valenz_rueckzug,Negative Valenz / Rückzug,valenz,202,AF4,mu,8-13 Hz,,0,0.000,1.4967693,1.4867454,0.9933,
negative_valenz_rueckzug,Negative Valenz / Rückzug,valenz,202,AF4,smr,12-15 Hz,,0,0.000,0.90025004,0.9444827,1.0491,
negative_valenz_rueckzug,Negative Valenz / Rückzug,valenz,202,AF4,lowbeta,13-16 Hz,,0,0.000,0.82604999,0.81325551,0.9845,
negative_valenz_rueckzug,Negative Valenz / Rückzug,valenz,202,AF4,highbeta,16-30 Hz,,0,0.000,0.51939608,0.54584715,1.0509,
negative_valenz_rueckzug,Negative Valenz / Rückzug,valenz,202,AF4,gamma,30-45 Hz,,0,0.000,0.40352537,0.4053824,1.0046,
negative_valenz_rueckzug,Negative Valenz / Rückzug,valenz,202,F3,delta,0.5-4 Hz,,0,0.000,55.985494,56.491491,1.0090,
negative_valenz_rueckzug,Negative Valenz / Rückzug,valenz,202,F3,theta,4-7 Hz,,0,0.000,5.98203,6.3096367,1.0548,
negative_valenz_rueckzug,Negative Valenz / Rückzug,valenz,202,F3,alpha,8-12 Hz,up,1,0.690,1.784369,3.4271428,1.9206,Linksfrontal bleibt Alpha relativ höher; Gegenpol zur rechtsfrontalen Aktivierung.
negative_valenz_rueckzug,Negative Valenz / Rückzug,valenz,202,F3,mu,8-13 Hz,,0,0.000,1.6328313,1.579047,0.9671,
negative_valenz_rueckzug,Negative Valenz / Rückzug,valenz,202,F3,smr,12-15 Hz,,0,0.000,0.96360863,0.94848022,0.9843,
negative_valenz_rueckzug,Negative Valenz / Rückzug,valenz,202,F3,lowbeta,13-16 Hz,,0,0.000,0.89035515,0.90445097,1.0158,
negative_valenz_rueckzug,Negative Valenz / Rückzug,valenz,202,F3,highbeta,16-30 Hz,,0,0.000,0.54737047,0.51737371,0.9452,
negative_valenz_rueckzug,Negative Valenz / Rückzug,valenz,202,F3,gamma,30-45 Hz,,0,0.000,0.40995109,0.41909771,1.0223,
negative_valenz_rueckzug,Negative Valenz / Rückzug,valenz,202,F1,delta,0.5-4 Hz,,0,0.000,102.09552,100.17031,0.9811,
negative_valenz_rueckzug,Negative Valenz / Rückzug,valenz,202,F1,theta,4-7 Hz,,0,0.000,12.268298,12.761158,1.0402,
negative_valenz_rueckzug,Negative Valenz / Rückzug,valenz,202,F1,alpha,8-12 Hz,,0,0.000,2.7235656,2.4953332,0.9162,
negative_valenz_rueckzug,Negative Valenz / Rückzug,valenz,202,F1,mu,8-13 Hz,,0,0.000,2.4808202,2.4125237,0.9725,
negative_valenz_rueckzug,Negative Valenz / Rückzug,valenz,202,F1,smr,12-15 Hz,,0,0.000,1.4011686,1.3184627,0.9410,
negative_valenz_rueckzug,Negative Valenz / Rückzug,valenz,202,F1,lowbeta,13-16 Hz,,0,0.000,1.2700699,1.233342,0.9711,
negative_valenz_rueckzug,Negative Valenz / Rückzug,valenz,202,F1,highbeta,16-30 Hz,,0,0.000,0.74571035,0.75217439,1.0087,
negative_valenz_rueckzug,Negative Valenz / Rückzug,valenz,202,F1,gamma,30-45 Hz,,0,0.000,0.44821581,0.44540418,0.9937,
negative_valenz_rueckzug,Negative Valenz / Rückzug,valenz,202,Fz,delta,0.5-4 Hz,,0,0.000,74.99061,74.325577,0.9911,
negative_valenz_rueckzug,Negative Valenz / Rückzug,valenz,202,Fz,theta,4-7 Hz,,0,0.000,7.424591,7.3832251,0.9944,
negative_valenz_rueckzug,Negative Valenz / Rückzug,valenz,202,Fz,alpha,8-12 Hz,,0,0.000,2.2851697,2.3014368,1.0071,
negative_valenz_rueckzug,Negative Valenz / Rückzug,valenz,202,Fz,mu,8-13 Hz,,0,0.000,2.1236288,2.0486674,0.9647,
negative_valenz_rueckzug,Negative Valenz / Rückzug,valenz,202,Fz,smr,12-15 Hz,,0,0.000,1.3988823,1.4334903,1.0247,
negative_valenz_rueckzug,Negative Valenz / Rückzug,valenz,202,Fz,lowbeta,13-16 Hz,,0,0.000,1.7172385,1.7570669,1.0232,
negative_valenz_rueckzug,Negative Valenz / Rückzug,valenz,202,Fz,highbeta,16-30 Hz,,0,0.000,1.0043718,1.0179071,1.0135,
negative_valenz_rueckzug,Negative Valenz / Rückzug,valenz,202,Fz,gamma,30-45 Hz,,0,0.000,0.48625989,0.49573158,1.0195,
negative_valenz_rueckzug,Negative Valenz / Rückzug,valenz,202,F2,delta,0.5-4 Hz,,0,0.000,52.735043,53.28215,1.0104,
negative_valenz_rueckzug,Negative Valenz / Rückzug,valenz,202,F2,theta,4-7 Hz,,0,0.000,5.8556295,6.2727117,1.0712,
negative_valenz_rueckzug,Negative Valenz / Rückzug,valenz,202,F2,alpha,8-12 Hz,,0,0.000,1.6957493,1.6905802,0.9970,
negative_valenz_rueckzug,Negative Valenz / Rückzug,valenz,202,F2,mu,8-13 Hz,,0,0.000,1.5560758,1.5393512,0.9893,
negative_valenz_rueckzug,Negative Valenz / Rückzug,valenz,202,F2,smr,12-15 Hz,,0,0.000,0.91485705,0.8907291,0.9736,
negative_valenz_rueckzug,Negative Valenz / Rückzug,valenz,202,F2,lowbeta,13-16 Hz,,0,0.000,0.83753916,0.80727955,0.9639,
negative_valenz_rueckzug,Negative Valenz / Rückzug,valenz,202,F2,highbeta,16-30 Hz,,0,0.000,0.51971085,0.49707406,0.9564,
negative_valenz_rueckzug,Negative Valenz / Rückzug,valenz,202,F2,gamma,30-45 Hz,,0,0.000,0.39474005,0.38246051,0.9689,
negative_valenz_rueckzug,Negative Valenz / Rückzug,valenz,202,F4,delta,0.5-4 Hz,,0,0.000,48.391432,48.27172,0.9975,
negative_valenz_rueckzug,Negative Valenz / Rückzug,valenz,202,F4,theta,4-7 Hz,,0,0.000,4.6456876,4.7000436,1.0117,
negative_valenz_rueckzug,Negative Valenz / Rückzug,valenz,202,F4,alpha,8-12 Hz,down,1,0.870,1.4556949,0.54533654,0.3746,"Rechtsfrontaler Alpha-Abfall: mehr kortikale Aktivität rechts, als synthetischer Marker für Rückzug / negative Valenz."
negative_valenz_rueckzug,Negative Valenz / Rückzug,valenz,202,F4,mu,8-13 Hz,,0,0.000,1.3357649,1.2999748,0.9732,
negative_valenz_rueckzug,Negative Valenz / Rückzug,valenz,202,F4,smr,12-15 Hz,,0,0.000,0.81970031,0.84552617,1.0315,
negative_valenz_rueckzug,Negative Valenz / Rückzug,valenz,202,F4,lowbeta,13-16 Hz,,0,0.000,0.75955094,0.7792077,1.0259,
negative_valenz_rueckzug,Negative Valenz / Rückzug,valenz,202,F4,highbeta,16-30 Hz,,0,0.000,0.48130187,0.4786125,0.9944,
negative_valenz_rueckzug,Negative Valenz / Rückzug,valenz,202,F4,gamma,30-45 Hz,,0,0.000,0.38269029,0.37394503,0.9771,
negative_valenz_rueckzug,Negative Valenz / Rückzug,valenz,202,FC3,delta,0.5-4 Hz,,0,0.000,37.937071,38.665272,1.0192,
negative_valenz_rueckzug,Negative Valenz / Rückzug,valenz,202,FC3,theta,4-7 Hz,,0,0.000,3.3635749,3.3857041,1.0066,
negative_valenz_rueckzug,Negative Valenz / Rückzug,valenz,202,FC3,alpha,8-12 Hz,,0,0.000,1.4306059,1.3580965,0.9493,
negative_valenz_rueckzug,Negative Valenz / Rückzug,valenz,202,FC3,mu,8-13 Hz,,0,0.000,1.3297899,1.3266259,0.9976,
negative_valenz_rueckzug,Negative Valenz / Rückzug,valenz,202,FC3,smr,12-15 Hz,,0,0.000,0.87858341,0.88664112,1.0092,
negative_valenz_rueckzug,Negative Valenz / Rückzug,valenz,202,FC3,lowbeta,13-16 Hz,,0,0.000,0.81396434,0.78833316,0.9685,
negative_valenz_rueckzug,Negative Valenz / Rückzug,valenz,202,FC3,highbeta,16-30 Hz,,0,0.000,0.52641618,0.52991396,1.0066,
negative_valenz_rueckzug,Negative Valenz / Rückzug,valenz,202,FC3,gamma,30-45 Hz,,0,0.000,0.41341757,0.39236685,0.9491,
negative_valenz_rueckzug,Negative Valenz / Rückzug,valenz,202,FC1,delta,0.5-4 Hz,,0,0.000,39.03076,40.856093,1.0468,
negative_valenz_rueckzug,Negative Valenz / Rückzug,valenz,202,FC1,theta,4-7 Hz,,0,0.000,3.3709897,3.5182287,1.0437,
negative_valenz_rueckzug,Negative Valenz / Rückzug,valenz,202,FC1,alpha,8-12 Hz,,0,0.000,1.3213625,1.3096842,0.9912,
negative_valenz_rueckzug,Negative Valenz / Rückzug,valenz,202,FC1,mu,8-13 Hz,,0,0.000,1.2270383,1.2426473,1.0127,
negative_valenz_rueckzug,Negative Valenz / Rückzug,valenz,202,FC1,smr,12-15 Hz,,0,0.000,0.81413131,0.74546156,0.9157,
negative_valenz_rueckzug,Negative Valenz / Rückzug,valenz,202,FC1,lowbeta,13-16 Hz,,0,0.000,0.75977217,0.72902254,0.9595,
negative_valenz_rueckzug,Negative Valenz / Rückzug,valenz,202,FC1,highbeta,16-30 Hz,,0,0.000,0.51418995,0.50890291,0.9897,
negative_valenz_rueckzug,Negative Valenz / Rückzug,valenz,202,FC1,gamma,30-45 Hz,,0,0.000,0.39753481,0.38261746,0.9625,
negative_valenz_rueckzug,Negative Valenz / Rückzug,valenz,202,FCz,delta,0.5-4 Hz,,0,0.000,51.059064,52.335739,1.0250,
negative_valenz_rueckzug,Negative Valenz / Rückzug,valenz,202,FCz,theta,4-7 Hz,,0,0.000,4.7731448,5.1068133,1.0699,
negative_valenz_rueckzug,Negative Valenz / Rückzug,valenz,202,FCz,alpha,8-12 Hz,,0,0.000,1.5969023,1.5311395,0.9588,
negative_valenz_rueckzug,Negative Valenz / Rückzug,valenz,202,FCz,mu,8-13 Hz,,0,0.000,1.489021,1.445376,0.9707,
negative_valenz_rueckzug,Negative Valenz / Rückzug,valenz,202,FCz,smr,12-15 Hz,,0,0.000,0.99825624,1.0064826,1.0082,
negative_valenz_rueckzug,Negative Valenz / Rückzug,valenz,202,FCz,lowbeta,13-16 Hz,,0,0.000,0.90839433,0.95961784,1.0564,
negative_valenz_rueckzug,Negative Valenz / Rückzug,valenz,202,FCz,highbeta,16-30 Hz,,0,0.000,0.58255874,0.55763507,0.9572,
negative_valenz_rueckzug,Negative Valenz / Rückzug,valenz,202,FCz,gamma,30-45 Hz,,0,0.000,0.42675128,0.43047096,1.0087,
negative_valenz_rueckzug,Negative Valenz / Rückzug,valenz,202,FC2,delta,0.5-4 Hz,,0,0.000,43.102448,45.850033,1.0637,
negative_valenz_rueckzug,Negative Valenz / Rückzug,valenz,202,FC2,theta,4-7 Hz,,0,0.000,3.3997448,3.2032002,0.9422,
negative_valenz_rueckzug,Negative Valenz / Rückzug,valenz,202,FC2,alpha,8-12 Hz,,0,0.000,1.3559234,1.2951273,0.9552,
negative_valenz_rueckzug,Negative Valenz / Rückzug,valenz,202,FC2,mu,8-13 Hz,,0,0.000,1.266844,1.2480615,0.9852,
negative_valenz_rueckzug,Negative Valenz / Rückzug,valenz,202,FC2,smr,12-15 Hz,,0,0.000,0.83101377,0.81587221,0.9818,
negative_valenz_rueckzug,Negative Valenz / Rückzug,valenz,202,FC2,lowbeta,13-16 Hz,,0,0.000,0.75840097,0.77997069,1.0284,
negative_valenz_rueckzug,Negative Valenz / Rückzug,valenz,202,FC2,highbeta,16-30 Hz,,0,0.000,0.52231256,0.52673033,1.0085,
negative_valenz_rueckzug,Negative Valenz / Rückzug,valenz,202,FC2,gamma,30-45 Hz,,0,0.000,0.42531189,0.39888996,0.9379,
negative_valenz_rueckzug,Negative Valenz / Rückzug,valenz,202,FC4,delta,0.5-4 Hz,,0,0.000,184.76088,188.09385,1.0180,
negative_valenz_rueckzug,Negative Valenz / Rückzug,valenz,202,FC4,theta,4-7 Hz,,0,0.000,3.6605907,3.5865961,0.9798,
negative_valenz_rueckzug,Negative Valenz / Rückzug,valenz,202,FC4,alpha,8-12 Hz,,0,0.000,1.2490261,1.3047397,1.0446,
negative_valenz_rueckzug,Negative Valenz / Rückzug,valenz,202,FC4,mu,8-13 Hz,,0,0.000,1.1503727,1.1251042,0.9780,
negative_valenz_rueckzug,Negative Valenz / Rückzug,valenz,202,FC4,smr,12-15 Hz,,0,0.000,0.7237605,0.70763401,0.9777,
negative_valenz_rueckzug,Negative Valenz / Rückzug,valenz,202,FC4,lowbeta,13-16 Hz,,0,0.000,0.67024622,0.68294042,1.0189,
negative_valenz_rueckzug,Negative Valenz / Rückzug,valenz,202,FC4,highbeta,16-30 Hz,,0,0.000,0.44626865,0.45818511,1.0267,
negative_valenz_rueckzug,Negative Valenz / Rückzug,valenz,202,FC4,gamma,30-45 Hz,,0,0.000,0.37148235,0.37730848,1.0157,
negative_valenz_rueckzug,Negative Valenz / Rückzug,valenz,202,C3,delta,0.5-4 Hz,,0,0.000,127.19315,119.68928,0.9410,
negative_valenz_rueckzug,Negative Valenz / Rückzug,valenz,202,C3,theta,4-7 Hz,,0,0.000,3.6136493,3.6816987,1.0188,
negative_valenz_rueckzug,Negative Valenz / Rückzug,valenz,202,C3,alpha,8-12 Hz,,0,0.000,1.2775763,1.231327,0.9638,
negative_valenz_rueckzug,Negative Valenz / Rückzug,valenz,202,C3,mu,8-13 Hz,,0,0.000,1.1805038,1.1902248,1.0082,
negative_valenz_rueckzug,Negative Valenz / Rückzug,valenz,202,C3,smr,12-15 Hz,,0,0.000,0.76255881,0.72455997,0.9502,
negative_valenz_rueckzug,Negative Valenz / Rückzug,valenz,202,C3,lowbeta,13-16 Hz,,0,0.000,0.70739997,0.71845046,1.0156,
negative_valenz_rueckzug,Negative Valenz / Rückzug,valenz,202,C3,highbeta,16-30 Hz,,0,0.000,0.48417099,0.47050238,0.9718,
negative_valenz_rueckzug,Negative Valenz / Rückzug,valenz,202,C3,gamma,30-45 Hz,,0,0.000,0.40505889,0.3868749,0.9551,
negative_valenz_rueckzug,Negative Valenz / Rückzug,valenz,202,C1,delta,0.5-4 Hz,,0,0.000,43.586186,44.675131,1.0250,
negative_valenz_rueckzug,Negative Valenz / Rückzug,valenz,202,C1,theta,4-7 Hz,,0,0.000,3.2168222,3.2440286,1.0085,
negative_valenz_rueckzug,Negative Valenz / Rückzug,valenz,202,C1,alpha,8-12 Hz,,0,0.000,1.1508042,1.1260744,0.9785,
negative_valenz_rueckzug,Negative Valenz / Rückzug,valenz,202,C1,mu,8-13 Hz,,0,0.000,1.0702767,1.1246374,1.0508,
negative_valenz_rueckzug,Negative Valenz / Rückzug,valenz,202,C1,smr,12-15 Hz,,0,0.000,0.67432648,0.66392645,0.9846,
negative_valenz_rueckzug,Negative Valenz / Rückzug,valenz,202,C1,lowbeta,13-16 Hz,,0,0.000,0.61322414,0.61391327,1.0011,
negative_valenz_rueckzug,Negative Valenz / Rückzug,valenz,202,C1,highbeta,16-30 Hz,,0,0.000,0.42317482,0.42715773,1.0094,
negative_valenz_rueckzug,Negative Valenz / Rückzug,valenz,202,C1,gamma,30-45 Hz,,0,0.000,0.35649158,0.34875988,0.9783,
negative_valenz_rueckzug,Negative Valenz / Rückzug,valenz,202,Cz,delta,0.5-4 Hz,,0,0.000,45.4874,46.237477,1.0165,
negative_valenz_rueckzug,Negative Valenz / Rückzug,valenz,202,Cz,theta,4-7 Hz,,0,0.000,3.2295312,3.1692332,0.9813,
negative_valenz_rueckzug,Negative Valenz / Rückzug,valenz,202,Cz,alpha,8-12 Hz,,0,0.000,1.2211668,1.203573,0.9856,
negative_valenz_rueckzug,Negative Valenz / Rückzug,valenz,202,Cz,mu,8-13 Hz,,0,0.000,1.1466281,1.2013136,1.0477,
negative_valenz_rueckzug,Negative Valenz / Rückzug,valenz,202,Cz,smr,12-15 Hz,,0,0.000,0.75485513,0.72736292,0.9636,
negative_valenz_rueckzug,Negative Valenz / Rückzug,valenz,202,Cz,lowbeta,13-16 Hz,,0,0.000,0.67296339,0.61613344,0.9156,
negative_valenz_rueckzug,Negative Valenz / Rückzug,valenz,202,Cz,highbeta,16-30 Hz,,0,0.000,0.45334985,0.47891098,1.0564,
negative_valenz_rueckzug,Negative Valenz / Rückzug,valenz,202,Cz,gamma,30-45 Hz,,0,0.000,0.38053564,0.4144895,1.0892,
negative_valenz_rueckzug,Negative Valenz / Rückzug,valenz,202,C2,delta,0.5-4 Hz,,0,0.000,51.757203,51.023057,0.9858,
negative_valenz_rueckzug,Negative Valenz / Rückzug,valenz,202,C2,theta,4-7 Hz,,0,0.000,3.5215797,3.2828542,0.9322,
negative_valenz_rueckzug,Negative Valenz / Rückzug,valenz,202,C2,alpha,8-12 Hz,,0,0.000,1.5814405,1.5642551,0.9891,
negative_valenz_rueckzug,Negative Valenz / Rückzug,valenz,202,C2,mu,8-13 Hz,,0,0.000,1.4828982,1.4680428,0.9900,
negative_valenz_rueckzug,Negative Valenz / Rückzug,valenz,202,C2,smr,12-15 Hz,,0,0.000,0.99199764,0.9854035,0.9934,
negative_valenz_rueckzug,Negative Valenz / Rückzug,valenz,202,C2,lowbeta,13-16 Hz,,0,0.000,0.87474107,0.84065365,0.9610,
negative_valenz_rueckzug,Negative Valenz / Rückzug,valenz,202,C2,highbeta,16-30 Hz,,0,0.000,0.68789815,0.70185191,1.0203,
negative_valenz_rueckzug,Negative Valenz / Rückzug,valenz,202,C2,gamma,30-45 Hz,,0,0.000,0.57062269,0.58109804,1.0184,
negative_valenz_rueckzug,Negative Valenz / Rückzug,valenz,202,C4,delta,0.5-4 Hz,,0,0.000,43.394198,41.1245,0.9477,
negative_valenz_rueckzug,Negative Valenz / Rückzug,valenz,202,C4,theta,4-7 Hz,,0,0.000,3.6720879,3.7619508,1.0245,
negative_valenz_rueckzug,Negative Valenz / Rückzug,valenz,202,C4,alpha,8-12 Hz,,0,0.000,1.5654978,1.6779694,1.0718,
negative_valenz_rueckzug,Negative Valenz / Rückzug,valenz,202,C4,mu,8-13 Hz,,0,0.000,1.4531423,1.4618882,1.0060,
negative_valenz_rueckzug,Negative Valenz / Rückzug,valenz,202,C4,smr,12-15 Hz,,0,0.000,0.94202229,0.93090042,0.9882,
negative_valenz_rueckzug,Negative Valenz / Rückzug,valenz,202,C4,lowbeta,13-16 Hz,,0,0.000,0.86333988,0.85904898,0.9950,
negative_valenz_rueckzug,Negative Valenz / Rückzug,valenz,202,C4,highbeta,16-30 Hz,,0,0.000,0.54214853,0.55382315,1.0215,
negative_valenz_rueckzug,Negative Valenz / Rückzug,valenz,202,C4,gamma,30-45 Hz,,0,0.000,0.42753346,0.40163626,0.9394,
negative_valenz_rueckzug,Negative Valenz / Rückzug,valenz,202,CP3,delta,0.5-4 Hz,,0,0.000,48.766583,49.04717,1.0058,
negative_valenz_rueckzug,Negative Valenz / Rückzug,valenz,202,CP3,theta,4-7 Hz,,0,0.000,3.2584243,3.2138939,0.9863,
negative_valenz_rueckzug,Negative Valenz / Rückzug,valenz,202,CP3,alpha,8-12 Hz,,0,0.000,1.5182483,1.6164393,1.0647,
negative_valenz_rueckzug,Negative Valenz / Rückzug,valenz,202,CP3,mu,8-13 Hz,,0,0.000,1.4351409,1.4263922,0.9939,
negative_valenz_rueckzug,Negative Valenz / Rückzug,valenz,202,CP3,smr,12-15 Hz,,0,0.000,1.0149195,1.0741665,1.0584,
negative_valenz_rueckzug,Negative Valenz / Rückzug,valenz,202,CP3,lowbeta,13-16 Hz,,0,0.000,0.89430276,0.85975501,0.9614,
negative_valenz_rueckzug,Negative Valenz / Rückzug,valenz,202,CP3,highbeta,16-30 Hz,,0,0.000,0.4874327,0.49745143,1.0206,
negative_valenz_rueckzug,Negative Valenz / Rückzug,valenz,202,CP3,gamma,30-45 Hz,,0,0.000,0.38587195,0.39018561,1.0112,
negative_valenz_rueckzug,Negative Valenz / Rückzug,valenz,202,CP1,delta,0.5-4 Hz,,0,0.000,47.880986,46.424607,0.9696,
negative_valenz_rueckzug,Negative Valenz / Rückzug,valenz,202,CP1,theta,4-7 Hz,,0,0.000,3.590128,3.6124187,1.0062,
negative_valenz_rueckzug,Negative Valenz / Rückzug,valenz,202,CP1,alpha,8-12 Hz,,0,0.000,1.326924,1.3832363,1.0424,
negative_valenz_rueckzug,Negative Valenz / Rückzug,valenz,202,CP1,mu,8-13 Hz,,0,0.000,1.2359362,1.2219297,0.9887,
negative_valenz_rueckzug,Negative Valenz / Rückzug,valenz,202,CP1,smr,12-15 Hz,,0,0.000,0.79248801,0.74555791,0.9408,
negative_valenz_rueckzug,Negative Valenz / Rückzug,valenz,202,CP1,lowbeta,13-16 Hz,,0,0.000,0.71496135,0.71452187,0.9994,
negative_valenz_rueckzug,Negative Valenz / Rückzug,valenz,202,CP1,highbeta,16-30 Hz,,0,0.000,0.48603103,0.47067983,0.9684,
negative_valenz_rueckzug,Negative Valenz / Rückzug,valenz,202,CP1,gamma,30-45 Hz,,0,0.000,0.40532788,0.40047127,0.9880,
negative_valenz_rueckzug,Negative Valenz / Rückzug,valenz,202,CPz,delta,0.5-4 Hz,,0,0.000,65.020588,64.834917,0.9971,
negative_valenz_rueckzug,Negative Valenz / Rückzug,valenz,202,CPz,theta,4-7 Hz,,0,0.000,3.4627616,3.2560422,0.9403,
negative_valenz_rueckzug,Negative Valenz / Rückzug,valenz,202,CPz,alpha,8-12 Hz,,0,0.000,1.3483544,1.2721076,0.9435,
negative_valenz_rueckzug,Negative Valenz / Rückzug,valenz,202,CPz,mu,8-13 Hz,,0,0.000,1.2599915,1.2812505,1.0169,
negative_valenz_rueckzug,Negative Valenz / Rückzug,valenz,202,CPz,smr,12-15 Hz,,0,0.000,0.87168936,0.85574167,0.9817,
negative_valenz_rueckzug,Negative Valenz / Rückzug,valenz,202,CPz,lowbeta,13-16 Hz,,0,0.000,0.81178384,0.73891321,0.9102,
negative_valenz_rueckzug,Negative Valenz / Rückzug,valenz,202,CPz,highbeta,16-30 Hz,,0,0.000,0.56176991,0.57720147,1.0275,
negative_valenz_rueckzug,Negative Valenz / Rückzug,valenz,202,CPz,gamma,30-45 Hz,,0,0.000,0.46441882,0.4688461,1.0095,
negative_valenz_rueckzug,Negative Valenz / Rückzug,valenz,202,CP2,delta,0.5-4 Hz,,0,0.000,46.677659,45.511389,0.9750,
negative_valenz_rueckzug,Negative Valenz / Rückzug,valenz,202,CP2,theta,4-7 Hz,,0,0.000,3.7192957,3.5478769,0.9539,
negative_valenz_rueckzug,Negative Valenz / Rückzug,valenz,202,CP2,alpha,8-12 Hz,,0,0.000,1.4952788,1.5390206,1.0293,
negative_valenz_rueckzug,Negative Valenz / Rückzug,valenz,202,CP2,mu,8-13 Hz,,0,0.000,1.4005421,1.4176669,1.0122,
negative_valenz_rueckzug,Negative Valenz / Rückzug,valenz,202,CP2,smr,12-15 Hz,,0,0.000,0.92927466,1.0067679,1.0834,
negative_valenz_rueckzug,Negative Valenz / Rückzug,valenz,202,CP2,lowbeta,13-16 Hz,,0,0.000,0.8373235,0.84963768,1.0147,
negative_valenz_rueckzug,Negative Valenz / Rückzug,valenz,202,CP2,highbeta,16-30 Hz,,0,0.000,0.59092303,0.59894163,1.0136,
negative_valenz_rueckzug,Negative Valenz / Rückzug,valenz,202,CP2,gamma,30-45 Hz,,0,0.000,0.52353393,0.52047519,0.9942,
negative_valenz_rueckzug,Negative Valenz / Rückzug,valenz,202,CP4,delta,0.5-4 Hz,,0,0.000,46.743735,48.080006,1.0286,
negative_valenz_rueckzug,Negative Valenz / Rückzug,valenz,202,CP4,theta,4-7 Hz,,0,0.000,3.7986924,3.8818001,1.0219,
negative_valenz_rueckzug,Negative Valenz / Rückzug,valenz,202,CP4,alpha,8-12 Hz,,0,0.000,1.4650624,1.5292474,1.0438,
negative_valenz_rueckzug,Negative Valenz / Rückzug,valenz,202,CP4,mu,8-13 Hz,,0,0.000,1.3623361,1.3374785,0.9818,
negative_valenz_rueckzug,Negative Valenz / Rückzug,valenz,202,CP4,smr,12-15 Hz,,0,0.000,0.8983876,0.88469683,0.9848,
negative_valenz_rueckzug,Negative Valenz / Rückzug,valenz,202,CP4,lowbeta,13-16 Hz,,0,0.000,0.83041969,0.81649471,0.9832,
negative_valenz_rueckzug,Negative Valenz / Rückzug,valenz,202,CP4,highbeta,16-30 Hz,,0,0.000,0.57557806,0.59150894,1.0277,
negative_valenz_rueckzug,Negative Valenz / Rückzug,valenz,202,CP4,gamma,30-45 Hz,,0,0.000,0.43443947,0.45722283,1.0524,
negative_valenz_rueckzug,Negative Valenz / Rückzug,valenz,202,P3,delta,0.5-4 Hz,,0,0.000,46.625675,45.876894,0.9839,
negative_valenz_rueckzug,Negative Valenz / Rückzug,valenz,202,P3,theta,4-7 Hz,,0,0.000,3.6540975,3.5997717,0.9851,
negative_valenz_rueckzug,Negative Valenz / Rückzug,valenz,202,P3,alpha,8-12 Hz,,0,0.000,1.3347672,1.3494399,1.0110,
negative_valenz_rueckzug,Negative Valenz / Rückzug,valenz,202,P3,mu,8-13 Hz,,0,0.000,1.2345772,1.2239578,0.9914,
negative_valenz_rueckzug,Negative Valenz / Rückzug,valenz,202,P3,smr,12-15 Hz,,0,0.000,0.77904584,0.80500511,1.0333,
negative_valenz_rueckzug,Negative Valenz / Rückzug,valenz,202,P3,lowbeta,13-16 Hz,,0,0.000,0.71369807,0.65744995,0.9212,
negative_valenz_rueckzug,Negative Valenz / Rückzug,valenz,202,P3,highbeta,16-30 Hz,,0,0.000,0.4797935,0.46591083,0.9711,
negative_valenz_rueckzug,Negative Valenz / Rückzug,valenz,202,P3,gamma,30-45 Hz,,0,0.000,0.39756797,0.38668074,0.9726,
negative_valenz_rueckzug,Negative Valenz / Rückzug,valenz,202,P1,delta,0.5-4 Hz,,0,0.000,43.977698,40.406161,0.9188,
negative_valenz_rueckzug,Negative Valenz / Rückzug,valenz,202,P1,theta,4-7 Hz,,0,0.000,3.608426,3.4867234,0.9663,
negative_valenz_rueckzug,Negative Valenz / Rückzug,valenz,202,P1,alpha,8-12 Hz,,0,0.000,1.2798138,1.2388208,0.9680,
negative_valenz_rueckzug,Negative Valenz / Rückzug,valenz,202,P1,mu,8-13 Hz,,0,0.000,1.1866901,1.1783374,0.9930,
negative_valenz_rueckzug,Negative Valenz / Rückzug,valenz,202,P1,smr,12-15 Hz,,0,0.000,0.74047019,0.76931432,1.0390,
negative_valenz_rueckzug,Negative Valenz / Rückzug,valenz,202,P1,lowbeta,13-16 Hz,,0,0.000,0.67094595,0.66519116,0.9914,
negative_valenz_rueckzug,Negative Valenz / Rückzug,valenz,202,P1,highbeta,16-30 Hz,,0,0.000,0.45734758,0.44084718,0.9639,
negative_valenz_rueckzug,Negative Valenz / Rückzug,valenz,202,P1,gamma,30-45 Hz,,0,0.000,0.37750089,0.37674837,0.9980,
negative_valenz_rueckzug,Negative Valenz / Rückzug,valenz,202,Pz,delta,0.5-4 Hz,,0,0.000,42.351521,43.906714,1.0367,
negative_valenz_rueckzug,Negative Valenz / Rückzug,valenz,202,Pz,theta,4-7 Hz,,0,0.000,3.7849729,3.6556837,0.9658,
negative_valenz_rueckzug,Negative Valenz / Rückzug,valenz,202,Pz,alpha,8-12 Hz,,0,0.000,1.8791115,1.819224,0.9681,
negative_valenz_rueckzug,Negative Valenz / Rückzug,valenz,202,Pz,mu,8-13 Hz,,0,0.000,1.7221163,1.7557823,1.0195,
negative_valenz_rueckzug,Negative Valenz / Rückzug,valenz,202,Pz,smr,12-15 Hz,,0,0.000,1.0126271,1.0047754,0.9922,
negative_valenz_rueckzug,Negative Valenz / Rückzug,valenz,202,Pz,lowbeta,13-16 Hz,,0,0.000,0.93678802,0.95801748,1.0227,
negative_valenz_rueckzug,Negative Valenz / Rückzug,valenz,202,Pz,highbeta,16-30 Hz,,0,0.000,0.59830451,0.59801874,0.9995,
negative_valenz_rueckzug,Negative Valenz / Rückzug,valenz,202,Pz,gamma,30-45 Hz,,0,0.000,0.44536917,0.45630665,1.0246,
negative_valenz_rueckzug,Negative Valenz / Rückzug,valenz,202,P2,delta,0.5-4 Hz,,0,0.000,49.818193,48.013393,0.9638,
negative_valenz_rueckzug,Negative Valenz / Rückzug,valenz,202,P2,theta,4-7 Hz,,0,0.000,4.6569691,4.6549994,0.9996,
negative_valenz_rueckzug,Negative Valenz / Rückzug,valenz,202,P2,alpha,8-12 Hz,,0,0.000,2.0009501,1.9861948,0.9926,
negative_valenz_rueckzug,Negative Valenz / Rückzug,valenz,202,P2,mu,8-13 Hz,,0,0.000,1.8490546,1.7703659,0.9574,
negative_valenz_rueckzug,Negative Valenz / Rückzug,valenz,202,P2,smr,12-15 Hz,,0,0.000,1.1450472,1.0823882,0.9453,
negative_valenz_rueckzug,Negative Valenz / Rückzug,valenz,202,P2,lowbeta,13-16 Hz,,0,0.000,1.0151901,1.0395559,1.0240,
negative_valenz_rueckzug,Negative Valenz / Rückzug,valenz,202,P2,highbeta,16-30 Hz,,0,0.000,0.65783717,0.64975674,0.9877,
negative_valenz_rueckzug,Negative Valenz / Rückzug,valenz,202,P2,gamma,30-45 Hz,,0,0.000,0.48833031,0.47085794,0.9642,
negative_valenz_rueckzug,Negative Valenz / Rückzug,valenz,202,P4,delta,0.5-4 Hz,,0,0.000,34.804076,34.686916,0.9966,
negative_valenz_rueckzug,Negative Valenz / Rückzug,valenz,202,P4,theta,4-7 Hz,,0,0.000,3.0875438,3.2094421,1.0395,
negative_valenz_rueckzug,Negative Valenz / Rückzug,valenz,202,P4,alpha,8-12 Hz,,0,0.000,2.1315842,1.9614287,0.9202,
negative_valenz_rueckzug,Negative Valenz / Rückzug,valenz,202,P4,mu,8-13 Hz,,0,0.000,1.9665715,1.8635578,0.9476,
negative_valenz_rueckzug,Negative Valenz / Rückzug,valenz,202,P4,smr,12-15 Hz,,0,0.000,1.1780124,1.1399614,0.9677,
negative_valenz_rueckzug,Negative Valenz / Rückzug,valenz,202,P4,lowbeta,13-16 Hz,,0,0.000,1.0421031,1.0953976,1.0511,
negative_valenz_rueckzug,Negative Valenz / Rückzug,valenz,202,P4,highbeta,16-30 Hz,,0,0.000,0.68256754,0.68931851,1.0099,
negative_valenz_rueckzug,Negative Valenz / Rückzug,valenz,202,P4,gamma,30-45 Hz,,0,0.000,0.50501117,0.5185738,1.0269,
negative_valenz_rueckzug,Negative Valenz / Rückzug,valenz,202,PO3,delta,0.5-4 Hz,,0,0.000,41.739203,40.073574,0.9601,
negative_valenz_rueckzug,Negative Valenz / Rückzug,valenz,202,PO3,theta,4-7 Hz,,0,0.000,3.7001683,3.5551818,0.9608,
negative_valenz_rueckzug,Negative Valenz / Rückzug,valenz,202,PO3,alpha,8-12 Hz,,0,0.000,1.2720876,1.2920256,1.0157,
negative_valenz_rueckzug,Negative Valenz / Rückzug,valenz,202,PO3,mu,8-13 Hz,,0,0.000,1.1682273,1.17061,1.0020,
negative_valenz_rueckzug,Negative Valenz / Rückzug,valenz,202,PO3,smr,12-15 Hz,,0,0.000,0.70641226,0.71997952,1.0192,
negative_valenz_rueckzug,Negative Valenz / Rückzug,valenz,202,PO3,lowbeta,13-16 Hz,,0,0.000,0.65299607,0.64870688,0.9934,
negative_valenz_rueckzug,Negative Valenz / Rückzug,valenz,202,PO3,highbeta,16-30 Hz,,0,0.000,0.4354655,0.43970477,1.0097,
negative_valenz_rueckzug,Negative Valenz / Rückzug,valenz,202,PO3,gamma,30-45 Hz,,0,0.000,0.35586963,0.35783907,1.0055,
negative_valenz_rueckzug,Negative Valenz / Rückzug,valenz,202,POz,delta,0.5-4 Hz,,0,0.000,48.361709,49.678205,1.0272,
negative_valenz_rueckzug,Negative Valenz / Rückzug,valenz,202,POz,theta,4-7 Hz,,0,0.000,4.6695412,4.8014337,1.0282,
negative_valenz_rueckzug,Negative Valenz / Rückzug,valenz,202,POz,alpha,8-12 Hz,,0,0.000,1.4750559,1.3914269,0.9433,
negative_valenz_rueckzug,Negative Valenz / Rückzug,valenz,202,POz,mu,8-13 Hz,,0,0.000,1.3564593,1.2497678,0.9213,
negative_valenz_rueckzug,Negative Valenz / Rückzug,valenz,202,POz,smr,12-15 Hz,,0,0.000,0.82678317,0.85577109,1.0351,
negative_valenz_rueckzug,Negative Valenz / Rückzug,valenz,202,POz,lowbeta,13-16 Hz,,0,0.000,0.7696428,0.80163715,1.0416,
negative_valenz_rueckzug,Negative Valenz / Rückzug,valenz,202,POz,highbeta,16-30 Hz,,0,0.000,0.50126615,0.48336001,0.9643,
negative_valenz_rueckzug,Negative Valenz / Rückzug,valenz,202,POz,gamma,30-45 Hz,,0,0.000,0.38726758,0.36205869,0.9349,
negative_valenz_rueckzug,Negative Valenz / Rückzug,valenz,202,PO4,delta,0.5-4 Hz,,0,0.000,56.613457,56.809692,1.0035,
negative_valenz_rueckzug,Negative Valenz / Rückzug,valenz,202,PO4,theta,4-7 Hz,,0,0.000,5.6846928,5.8698963,1.0326,
negative_valenz_rueckzug,Negative Valenz / Rückzug,valenz,202,PO4,alpha,8-12 Hz,,0,0.000,1.9090838,2.0291953,1.0629,
negative_valenz_rueckzug,Negative Valenz / Rückzug,valenz,202,PO4,mu,8-13 Hz,,0,0.000,1.7582626,1.7900351,1.0181,
negative_valenz_rueckzug,Negative Valenz / Rückzug,valenz,202,PO4,smr,12-15 Hz,,0,0.000,1.0434047,1.02983,0.9870,
negative_valenz_rueckzug,Negative Valenz / Rückzug,valenz,202,PO4,lowbeta,13-16 Hz,,0,0.000,0.94161105,0.91217669,0.9687,
negative_valenz_rueckzug,Negative Valenz / Rückzug,valenz,202,PO4,highbeta,16-30 Hz,,0,0.000,0.59973272,0.59997309,1.0004,
negative_valenz_rueckzug,Negative Valenz / Rückzug,valenz,202,PO4,gamma,30-45 Hz,,0,0.000,0.42345471,0.41901933,0.9895,
negative_valenz_rueckzug,Negative Valenz / Rückzug,valenz,202,O1,delta,0.5-4 Hz,,0,0.000,67.405639,65.010894,0.9645,
negative_valenz_rueckzug,Negative Valenz / Rückzug,valenz,202,O1,theta,4-7 Hz,,0,0.000,6.9652165,7.4646674,1.0717,
negative_valenz_rueckzug,Negative Valenz / Rückzug,valenz,202,O1,alpha,8-12 Hz,,0,0.000,2.1221759,2.2547713,1.0625,
negative_valenz_rueckzug,Negative Valenz / Rückzug,valenz,202,O1,mu,8-13 Hz,,0,0.000,1.9376979,2.0147441,1.0398,
negative_valenz_rueckzug,Negative Valenz / Rückzug,valenz,202,O1,smr,12-15 Hz,,0,0.000,1.1148797,1.0789474,0.9678,
negative_valenz_rueckzug,Negative Valenz / Rückzug,valenz,202,O1,lowbeta,13-16 Hz,,0,0.000,1.0241977,1.0548475,1.0299,
negative_valenz_rueckzug,Negative Valenz / Rückzug,valenz,202,O1,highbeta,16-30 Hz,,0,0.000,0.63952663,0.65384366,1.0224,
negative_valenz_rueckzug,Negative Valenz / Rückzug,valenz,202,O1,gamma,30-45 Hz,,0,0.000,0.44907218,0.4560279,1.0155,
negative_valenz_rueckzug,Negative Valenz / Rückzug,valenz,202,O2,delta,0.5-4 Hz,,0,0.000,108.95747,113.72308,1.0437,
negative_valenz_rueckzug,Negative Valenz / Rückzug,valenz,202,O2,theta,4-7 Hz,,0,0.000,9.8401059,10.05893,1.0222,
negative_valenz_rueckzug,Negative Valenz / Rückzug,valenz,202,O2,alpha,8-12 Hz,,0,0.000,2.5760277,2.6427481,1.0259,
negative_valenz_rueckzug,Negative Valenz / Rückzug,valenz,202,O2,mu,8-13 Hz,,0,0.000,2.3514134,2.4038304,1.0223,
negative_valenz_rueckzug,Negative Valenz / Rückzug,valenz,202,O2,smr,12-15 Hz,,0,0.000,1.3507925,1.3669044,1.0119,
negative_valenz_rueckzug,Negative Valenz / Rückzug,valenz,202,O2,lowbeta,13-16 Hz,,0,0.000,1.2517707,1.1736272,0.9376,
negative_valenz_rueckzug,Negative Valenz / Rückzug,valenz,202,O2,highbeta,16-30 Hz,,0,0.000,0.74100735,0.74317609,1.0029,
negative_valenz_rueckzug,Negative Valenz / Rückzug,valenz,202,O2,gamma,30-45 Hz,,0,0.000,0.47663921,0.46736061,0.9805,
excitement_arousal,Excitement / Arousal,excitement,203,AF3,delta,0.5-4 Hz,,0,0.000,45.474322,43.437325,0.9552,
excitement_arousal,Excitement / Arousal,excitement,203,AF3,theta,4-7 Hz,,0,0.000,4.2603149,4.5110923,1.0589,
excitement_arousal,Excitement / Arousal,excitement,203,AF3,alpha,8-12 Hz,,0,0.000,1.4809285,1.5705467,1.0605,
excitement_arousal,Excitement / Arousal,excitement,203,AF3,mu,8-13 Hz,,0,0.000,1.366302,1.4313007,1.0476,
excitement_arousal,Excitement / Arousal,excitement,203,AF3,smr,12-15 Hz,,0,0.000,0.8180701,0.82537749,1.0089,
excitement_arousal,Excitement / Arousal,excitement,203,AF3,lowbeta,13-16 Hz,,0,0.000,0.73952171,0.77448029,1.0473,
excitement_arousal,Excitement / Arousal,excitement,203,AF3,highbeta,16-30 Hz,up,1,0.930,0.49042287,1.1063261,2.2559,Anterior-frontaler High-Beta-Anstieg bei Erregung / Aktivierung.
excitement_arousal,Excitement / Arousal,excitement,203,AF3,gamma,30-45 Hz,,0,0.000,0.38885404,0.39161409,1.0071,
excitement_arousal,Excitement / Arousal,excitement,203,AF4,delta,0.5-4 Hz,,0,0.000,51.959011,49.970462,0.9617,
excitement_arousal,Excitement / Arousal,excitement,203,AF4,theta,4-7 Hz,,0,0.000,5.2885624,5.3620454,1.0139,
excitement_arousal,Excitement / Arousal,excitement,203,AF4,alpha,8-12 Hz,,0,0.000,1.629234,1.6326774,1.0021,
excitement_arousal,Excitement / Arousal,excitement,203,AF4,mu,8-13 Hz,,0,0.000,1.4967693,1.4285274,0.9544,
excitement_arousal,Excitement / Arousal,excitement,203,AF4,smr,12-15 Hz,,0,0.000,0.90025004,0.89863688,0.9982,
excitement_arousal,Excitement / Arousal,excitement,203,AF4,lowbeta,13-16 Hz,,0,0.000,0.82604999,0.82374487,0.9972,
excitement_arousal,Excitement / Arousal,excitement,203,AF4,highbeta,16-30 Hz,up,1,0.910,0.51939608,1.1854835,2.2824,Rechts anterior-frontaler High-Beta-Anstieg bei Arousal.
excitement_arousal,Excitement / Arousal,excitement,203,AF4,gamma,30-45 Hz,,0,0.000,0.40352537,0.41615469,1.0313,
excitement_arousal,Excitement / Arousal,excitement,203,F3,delta,0.5-4 Hz,,0,0.000,55.985494,56.007921,1.0004,
excitement_arousal,Excitement / Arousal,excitement,203,F3,theta,4-7 Hz,,0,0.000,5.98203,6.0341189,1.0087,
excitement_arousal,Excitement / Arousal,excitement,203,F3,alpha,8-12 Hz,,0,0.000,1.784369,1.7871302,1.0015,
excitement_arousal,Excitement / Arousal,excitement,203,F3,mu,8-13 Hz,,0,0.000,1.6328313,1.6212349,0.9929,
excitement_arousal,Excitement / Arousal,excitement,203,F3,smr,12-15 Hz,,0,0.000,0.96360863,0.92710236,0.9621,
excitement_arousal,Excitement / Arousal,excitement,203,F3,lowbeta,13-16 Hz,,0,0.000,0.89035515,0.885648,0.9947,
excitement_arousal,Excitement / Arousal,excitement,203,F3,highbeta,16-30 Hz,up,1,0.830,0.54737047,1.1484473,2.0981,Frontal links: schnelle Aktivierung im High-Beta-Bereich.
excitement_arousal,Excitement / Arousal,excitement,203,F3,gamma,30-45 Hz,,0,0.000,0.40995109,0.3920112,0.9562,
excitement_arousal,Excitement / Arousal,excitement,203,F1,delta,0.5-4 Hz,,0,0.000,102.09552,103.9223,1.0179,
excitement_arousal,Excitement / Arousal,excitement,203,F1,theta,4-7 Hz,,0,0.000,12.268298,12.436303,1.0137,
excitement_arousal,Excitement / Arousal,excitement,203,F1,alpha,8-12 Hz,,0,0.000,2.7235656,2.5532481,0.9375,
excitement_arousal,Excitement / Arousal,excitement,203,F1,mu,8-13 Hz,,0,0.000,2.4808202,2.4701677,0.9957,
excitement_arousal,Excitement / Arousal,excitement,203,F1,smr,12-15 Hz,,0,0.000,1.4011686,1.4499987,1.0348,
excitement_arousal,Excitement / Arousal,excitement,203,F1,lowbeta,13-16 Hz,,0,0.000,1.2700699,1.317155,1.0371,
excitement_arousal,Excitement / Arousal,excitement,203,F1,highbeta,16-30 Hz,,0,0.000,0.74571035,0.77248455,1.0359,
excitement_arousal,Excitement / Arousal,excitement,203,F1,gamma,30-45 Hz,,0,0.000,0.44821581,0.44882626,1.0014,
excitement_arousal,Excitement / Arousal,excitement,203,Fz,delta,0.5-4 Hz,,0,0.000,74.99061,72.772643,0.9704,
excitement_arousal,Excitement / Arousal,excitement,203,Fz,theta,4-7 Hz,,0,0.000,7.424591,7.1429803,0.9621,
excitement_arousal,Excitement / Arousal,excitement,203,Fz,alpha,8-12 Hz,,0,0.000,2.2851697,2.3127315,1.0121,
excitement_arousal,Excitement / Arousal,excitement,203,Fz,mu,8-13 Hz,,0,0.000,2.1236288,2.1518196,1.0133,
excitement_arousal,Excitement / Arousal,excitement,203,Fz,smr,12-15 Hz,,0,0.000,1.3988823,1.4619112,1.0451,
excitement_arousal,Excitement / Arousal,excitement,203,Fz,lowbeta,13-16 Hz,,0,0.000,1.7172385,1.7833509,1.0385,
excitement_arousal,Excitement / Arousal,excitement,203,Fz,highbeta,16-30 Hz,up,1,0.740,1.0043718,2.0037551,1.9950,Frontale Mittellinie als zusätzlicher Arousal-Indikator.
excitement_arousal,Excitement / Arousal,excitement,203,Fz,gamma,30-45 Hz,,0,0.000,0.48625989,0.46508463,0.9565,
excitement_arousal,Excitement / Arousal,excitement,203,F2,delta,0.5-4 Hz,,0,0.000,52.735043,52.14606,0.9888,
excitement_arousal,Excitement / Arousal,excitement,203,F2,theta,4-7 Hz,,0,0.000,5.8556295,5.9001504,1.0076,
excitement_arousal,Excitement / Arousal,excitement,203,F2,alpha,8-12 Hz,,0,0.000,1.6957493,1.6837554,0.9929,
excitement_arousal,Excitement / Arousal,excitement,203,F2,mu,8-13 Hz,,0,0.000,1.5560758,1.5246021,0.9798,
excitement_arousal,Excitement / Arousal,excitement,203,F2,smr,12-15 Hz,,0,0.000,0.91485705,0.92295442,1.0089,
excitement_arousal,Excitement / Arousal,excitement,203,F2,lowbeta,13-16 Hz,,0,0.000,0.83753916,0.82276621,0.9824,
excitement_arousal,Excitement / Arousal,excitement,203,F2,highbeta,16-30 Hz,,0,0.000,0.51971085,0.5082864,0.9780,
excitement_arousal,Excitement / Arousal,excitement,203,F2,gamma,30-45 Hz,,0,0.000,0.39474005,0.39904305,1.0109,
excitement_arousal,Excitement / Arousal,excitement,203,F4,delta,0.5-4 Hz,,0,0.000,48.391432,47.710577,0.9859,
excitement_arousal,Excitement / Arousal,excitement,203,F4,theta,4-7 Hz,,0,0.000,4.6456876,4.6853787,1.0085,
excitement_arousal,Excitement / Arousal,excitement,203,F4,alpha,8-12 Hz,,0,0.000,1.4556949,1.4696144,1.0096,
excitement_arousal,Excitement / Arousal,excitement,203,F4,mu,8-13 Hz,,0,0.000,1.3357649,1.2824946,0.9601,
excitement_arousal,Excitement / Arousal,excitement,203,F4,smr,12-15 Hz,,0,0.000,0.81970031,0.80589374,0.9832,
excitement_arousal,Excitement / Arousal,excitement,203,F4,lowbeta,13-16 Hz,,0,0.000,0.75955094,0.79777321,1.0503,
excitement_arousal,Excitement / Arousal,excitement,203,F4,highbeta,16-30 Hz,up,1,0.840,0.48130187,1.0103189,2.0991,Frontal rechts: schnelle Aktivierung im High-Beta-Bereich.
excitement_arousal,Excitement / Arousal,excitement,203,F4,gamma,30-45 Hz,,0,0.000,0.38269029,0.35433948,0.9259,
excitement_arousal,Excitement / Arousal,excitement,203,FC3,delta,0.5-4 Hz,,0,0.000,37.937071,35.464918,0.9348,
excitement_arousal,Excitement / Arousal,excitement,203,FC3,theta,4-7 Hz,,0,0.000,3.3635749,3.3670019,1.0010,
excitement_arousal,Excitement / Arousal,excitement,203,FC3,alpha,8-12 Hz,,0,0.000,1.4306059,1.432154,1.0011,
excitement_arousal,Excitement / Arousal,excitement,203,FC3,mu,8-13 Hz,,0,0.000,1.3297899,1.324316,0.9959,
excitement_arousal,Excitement / Arousal,excitement,203,FC3,smr,12-15 Hz,,0,0.000,0.87858341,0.91592025,1.0425,
excitement_arousal,Excitement / Arousal,excitement,203,FC3,lowbeta,13-16 Hz,,0,0.000,0.81396434,0.73781862,0.9065,
excitement_arousal,Excitement / Arousal,excitement,203,FC3,highbeta,16-30 Hz,,0,0.000,0.52641618,0.53371109,1.0139,
excitement_arousal,Excitement / Arousal,excitement,203,FC3,gamma,30-45 Hz,,0,0.000,0.41341757,0.43601098,1.0547,
excitement_arousal,Excitement / Arousal,excitement,203,FC1,delta,0.5-4 Hz,,0,0.000,39.03076,37.490125,0.9605,
excitement_arousal,Excitement / Arousal,excitement,203,FC1,theta,4-7 Hz,,0,0.000,3.3709897,3.3261784,0.9867,
excitement_arousal,Excitement / Arousal,excitement,203,FC1,alpha,8-12 Hz,,0,0.000,1.3213625,1.286543,0.9736,
excitement_arousal,Excitement / Arousal,excitement,203,FC1,mu,8-13 Hz,,0,0.000,1.2270383,1.1886294,0.9687,
excitement_arousal,Excitement / Arousal,excitement,203,FC1,smr,12-15 Hz,,0,0.000,0.81413131,0.80483461,0.9886,
excitement_arousal,Excitement / Arousal,excitement,203,FC1,lowbeta,13-16 Hz,,0,0.000,0.75977217,0.7977319,1.0500,
excitement_arousal,Excitement / Arousal,excitement,203,FC1,highbeta,16-30 Hz,,0,0.000,0.51418995,0.54725675,1.0643,
excitement_arousal,Excitement / Arousal,excitement,203,FC1,gamma,30-45 Hz,,0,0.000,0.39753481,0.39286065,0.9882,
excitement_arousal,Excitement / Arousal,excitement,203,FCz,delta,0.5-4 Hz,,0,0.000,51.059064,54.463535,1.0667,
excitement_arousal,Excitement / Arousal,excitement,203,FCz,theta,4-7 Hz,,0,0.000,4.7731448,4.7790882,1.0012,
excitement_arousal,Excitement / Arousal,excitement,203,FCz,alpha,8-12 Hz,,0,0.000,1.5969023,1.6949189,1.0614,
excitement_arousal,Excitement / Arousal,excitement,203,FCz,mu,8-13 Hz,,0,0.000,1.489021,1.4841587,0.9967,
excitement_arousal,Excitement / Arousal,excitement,203,FCz,smr,12-15 Hz,,0,0.000,0.99825624,1.0028353,1.0046,
excitement_arousal,Excitement / Arousal,excitement,203,FCz,lowbeta,13-16 Hz,,0,0.000,0.90839433,0.92001415,1.0128,
excitement_arousal,Excitement / Arousal,excitement,203,FCz,highbeta,16-30 Hz,,0,0.000,0.58255874,0.64737416,1.1113,
excitement_arousal,Excitement / Arousal,excitement,203,FCz,gamma,30-45 Hz,,0,0.000,0.42675128,0.43946633,1.0298,
excitement_arousal,Excitement / Arousal,excitement,203,FC2,delta,0.5-4 Hz,,0,0.000,43.102448,42.035479,0.9752,
excitement_arousal,Excitement / Arousal,excitement,203,FC2,theta,4-7 Hz,,0,0.000,3.3997448,3.5150469,1.0339,
excitement_arousal,Excitement / Arousal,excitement,203,FC2,alpha,8-12 Hz,,0,0.000,1.3559234,1.3387518,0.9873,
excitement_arousal,Excitement / Arousal,excitement,203,FC2,mu,8-13 Hz,,0,0.000,1.266844,1.2451287,0.9829,
excitement_arousal,Excitement / Arousal,excitement,203,FC2,smr,12-15 Hz,,0,0.000,0.83101377,0.85744088,1.0318,
excitement_arousal,Excitement / Arousal,excitement,203,FC2,lowbeta,13-16 Hz,,0,0.000,0.75840097,0.75922611,1.0011,
excitement_arousal,Excitement / Arousal,excitement,203,FC2,highbeta,16-30 Hz,,0,0.000,0.52231256,0.52740519,1.0098,
excitement_arousal,Excitement / Arousal,excitement,203,FC2,gamma,30-45 Hz,,0,0.000,0.42531189,0.42552008,1.0005,
excitement_arousal,Excitement / Arousal,excitement,203,FC4,delta,0.5-4 Hz,,0,0.000,184.76088,186.93744,1.0118,
excitement_arousal,Excitement / Arousal,excitement,203,FC4,theta,4-7 Hz,,0,0.000,3.6605907,3.7150377,1.0149,
excitement_arousal,Excitement / Arousal,excitement,203,FC4,alpha,8-12 Hz,,0,0.000,1.2490261,1.1643498,0.9322,
excitement_arousal,Excitement / Arousal,excitement,203,FC4,mu,8-13 Hz,,0,0.000,1.1503727,1.177211,1.0233,
excitement_arousal,Excitement / Arousal,excitement,203,FC4,smr,12-15 Hz,,0,0.000,0.7237605,0.69888436,0.9656,
excitement_arousal,Excitement / Arousal,excitement,203,FC4,lowbeta,13-16 Hz,,0,0.000,0.67024622,0.63641188,0.9495,
excitement_arousal,Excitement / Arousal,excitement,203,FC4,highbeta,16-30 Hz,,0,0.000,0.44626865,0.4453563,0.9980,
excitement_arousal,Excitement / Arousal,excitement,203,FC4,gamma,30-45 Hz,,0,0.000,0.37148235,0.37257426,1.0029,
excitement_arousal,Excitement / Arousal,excitement,203,C3,delta,0.5-4 Hz,,0,0.000,127.19315,124.10583,0.9757,
excitement_arousal,Excitement / Arousal,excitement,203,C3,theta,4-7 Hz,,0,0.000,3.6136493,3.7187563,1.0291,
excitement_arousal,Excitement / Arousal,excitement,203,C3,alpha,8-12 Hz,,0,0.000,1.2775763,1.2175607,0.9530,
excitement_arousal,Excitement / Arousal,excitement,203,C3,mu,8-13 Hz,,0,0.000,1.1805038,1.1636898,0.9858,
excitement_arousal,Excitement / Arousal,excitement,203,C3,smr,12-15 Hz,,0,0.000,0.76255881,0.74694878,0.9795,
excitement_arousal,Excitement / Arousal,excitement,203,C3,lowbeta,13-16 Hz,,0,0.000,0.70739997,0.70624652,0.9984,
excitement_arousal,Excitement / Arousal,excitement,203,C3,highbeta,16-30 Hz,,0,0.000,0.48417099,0.48889662,1.0098,
excitement_arousal,Excitement / Arousal,excitement,203,C3,gamma,30-45 Hz,,0,0.000,0.40505889,0.39076993,0.9647,
excitement_arousal,Excitement / Arousal,excitement,203,C1,delta,0.5-4 Hz,,0,0.000,43.586186,44.691091,1.0253,
excitement_arousal,Excitement / Arousal,excitement,203,C1,theta,4-7 Hz,,0,0.000,3.2168222,3.2239155,1.0022,
excitement_arousal,Excitement / Arousal,excitement,203,C1,alpha,8-12 Hz,,0,0.000,1.1508042,1.0746001,0.9338,
excitement_arousal,Excitement / Arousal,excitement,203,C1,mu,8-13 Hz,,0,0.000,1.0702767,0.99690852,0.9314,
excitement_arousal,Excitement / Arousal,excitement,203,C1,smr,12-15 Hz,,0,0.000,0.67432648,0.67403572,0.9996,
excitement_arousal,Excitement / Arousal,excitement,203,C1,lowbeta,13-16 Hz,,0,0.000,0.61322414,0.60848156,0.9923,
excitement_arousal,Excitement / Arousal,excitement,203,C1,highbeta,16-30 Hz,,0,0.000,0.42317482,0.42164306,0.9964,
excitement_arousal,Excitement / Arousal,excitement,203,C1,gamma,30-45 Hz,,0,0.000,0.35649158,0.35614244,0.9990,
excitement_arousal,Excitement / Arousal,excitement,203,Cz,delta,0.5-4 Hz,,0,0.000,45.4874,45.846505,1.0079,
excitement_arousal,Excitement / Arousal,excitement,203,Cz,theta,4-7 Hz,,0,0.000,3.2295312,3.3366474,1.0332,
excitement_arousal,Excitement / Arousal,excitement,203,Cz,alpha,8-12 Hz,,0,0.000,1.2211668,1.1736772,0.9611,
excitement_arousal,Excitement / Arousal,excitement,203,Cz,mu,8-13 Hz,,0,0.000,1.1466281,1.0995946,0.9590,
excitement_arousal,Excitement / Arousal,excitement,203,Cz,smr,12-15 Hz,,0,0.000,0.75485513,0.72596959,0.9617,
excitement_arousal,Excitement / Arousal,excitement,203,Cz,lowbeta,13-16 Hz,,0,0.000,0.67296339,0.67976845,1.0101,
excitement_arousal,Excitement / Arousal,excitement,203,Cz,highbeta,16-30 Hz,,0,0.000,0.45334985,0.47310373,1.0436,
excitement_arousal,Excitement / Arousal,excitement,203,Cz,gamma,30-45 Hz,,0,0.000,0.38053564,0.37479074,0.9849,
excitement_arousal,Excitement / Arousal,excitement,203,C2,delta,0.5-4 Hz,,0,0.000,51.757203,47.225369,0.9124,
excitement_arousal,Excitement / Arousal,excitement,203,C2,theta,4-7 Hz,,0,0.000,3.5215797,3.3115536,0.9404,
excitement_arousal,Excitement / Arousal,excitement,203,C2,alpha,8-12 Hz,,0,0.000,1.5814405,1.5353316,0.9708,
excitement_arousal,Excitement / Arousal,excitement,203,C2,mu,8-13 Hz,,0,0.000,1.4828982,1.4539513,0.9805,
excitement_arousal,Excitement / Arousal,excitement,203,C2,smr,12-15 Hz,,0,0.000,0.99199764,0.97781842,0.9857,
excitement_arousal,Excitement / Arousal,excitement,203,C2,lowbeta,13-16 Hz,,0,0.000,0.87474107,0.87592227,1.0014,
excitement_arousal,Excitement / Arousal,excitement,203,C2,highbeta,16-30 Hz,,0,0.000,0.68789815,0.68039241,0.9891,
excitement_arousal,Excitement / Arousal,excitement,203,C2,gamma,30-45 Hz,,0,0.000,0.57062269,0.59157989,1.0367,
excitement_arousal,Excitement / Arousal,excitement,203,C4,delta,0.5-4 Hz,,0,0.000,43.394198,42.367465,0.9763,
excitement_arousal,Excitement / Arousal,excitement,203,C4,theta,4-7 Hz,,0,0.000,3.6720879,3.5612601,0.9698,
excitement_arousal,Excitement / Arousal,excitement,203,C4,alpha,8-12 Hz,,0,0.000,1.5654978,1.5917365,1.0168,
excitement_arousal,Excitement / Arousal,excitement,203,C4,mu,8-13 Hz,,0,0.000,1.4531423,1.3750396,0.9463,
excitement_arousal,Excitement / Arousal,excitement,203,C4,smr,12-15 Hz,,0,0.000,0.94202229,0.95487073,1.0136,
excitement_arousal,Excitement / Arousal,excitement,203,C4,lowbeta,13-16 Hz,,0,0.000,0.86333988,0.86643872,1.0036,
excitement_arousal,Excitement / Arousal,excitement,203,C4,highbeta,16-30 Hz,,0,0.000,0.54214853,0.53935078,0.9948,
excitement_arousal,Excitement / Arousal,excitement,203,C4,gamma,30-45 Hz,,0,0.000,0.42753346,0.4512999,1.0556,
excitement_arousal,Excitement / Arousal,excitement,203,CP3,delta,0.5-4 Hz,,0,0.000,48.766583,47.704581,0.9782,
excitement_arousal,Excitement / Arousal,excitement,203,CP3,theta,4-7 Hz,,0,0.000,3.2584243,3.4933907,1.0721,
excitement_arousal,Excitement / Arousal,excitement,203,CP3,alpha,8-12 Hz,,0,0.000,1.5182483,1.5062692,0.9921,
excitement_arousal,Excitement / Arousal,excitement,203,CP3,mu,8-13 Hz,,0,0.000,1.4351409,1.3709964,0.9553,
excitement_arousal,Excitement / Arousal,excitement,203,CP3,smr,12-15 Hz,,0,0.000,1.0149195,1.0174032,1.0024,
excitement_arousal,Excitement / Arousal,excitement,203,CP3,lowbeta,13-16 Hz,,0,0.000,0.89430276,0.86061564,0.9623,
excitement_arousal,Excitement / Arousal,excitement,203,CP3,highbeta,16-30 Hz,,0,0.000,0.4874327,0.47460764,0.9737,
excitement_arousal,Excitement / Arousal,excitement,203,CP3,gamma,30-45 Hz,,0,0.000,0.38587195,0.39123409,1.0139,
excitement_arousal,Excitement / Arousal,excitement,203,CP1,delta,0.5-4 Hz,,0,0.000,47.880986,48.81205,1.0194,
excitement_arousal,Excitement / Arousal,excitement,203,CP1,theta,4-7 Hz,,0,0.000,3.590128,3.5119499,0.9782,
excitement_arousal,Excitement / Arousal,excitement,203,CP1,alpha,8-12 Hz,,0,0.000,1.326924,1.3727815,1.0346,
excitement_arousal,Excitement / Arousal,excitement,203,CP1,mu,8-13 Hz,,0,0.000,1.2359362,1.2860074,1.0405,
excitement_arousal,Excitement / Arousal,excitement,203,CP1,smr,12-15 Hz,,0,0.000,0.79248801,0.83232683,1.0503,
excitement_arousal,Excitement / Arousal,excitement,203,CP1,lowbeta,13-16 Hz,,0,0.000,0.71496135,0.72820921,1.0185,
excitement_arousal,Excitement / Arousal,excitement,203,CP1,highbeta,16-30 Hz,,0,0.000,0.48603103,0.50922443,1.0477,
excitement_arousal,Excitement / Arousal,excitement,203,CP1,gamma,30-45 Hz,,0,0.000,0.40532788,0.37864598,0.9342,
excitement_arousal,Excitement / Arousal,excitement,203,CPz,delta,0.5-4 Hz,,0,0.000,65.020588,64.297121,0.9889,
excitement_arousal,Excitement / Arousal,excitement,203,CPz,theta,4-7 Hz,,0,0.000,3.4627616,3.3576834,0.9697,
excitement_arousal,Excitement / Arousal,excitement,203,CPz,alpha,8-12 Hz,,0,0.000,1.3483544,1.353981,1.0042,
excitement_arousal,Excitement / Arousal,excitement,203,CPz,mu,8-13 Hz,,0,0.000,1.2599915,1.2347907,0.9800,
excitement_arousal,Excitement / Arousal,excitement,203,CPz,smr,12-15 Hz,,0,0.000,0.87168936,0.86662003,0.9942,
excitement_arousal,Excitement / Arousal,excitement,203,CPz,lowbeta,13-16 Hz,,0,0.000,0.81178384,0.86526101,1.0659,
excitement_arousal,Excitement / Arousal,excitement,203,CPz,highbeta,16-30 Hz,,0,0.000,0.56176991,0.55843289,0.9941,
excitement_arousal,Excitement / Arousal,excitement,203,CPz,gamma,30-45 Hz,,0,0.000,0.46441882,0.47114487,1.0145,
excitement_arousal,Excitement / Arousal,excitement,203,CP2,delta,0.5-4 Hz,,0,0.000,46.677659,46.298197,0.9919,
excitement_arousal,Excitement / Arousal,excitement,203,CP2,theta,4-7 Hz,,0,0.000,3.7192957,3.7291517,1.0026,
excitement_arousal,Excitement / Arousal,excitement,203,CP2,alpha,8-12 Hz,,0,0.000,1.4952788,1.4955937,1.0002,
excitement_arousal,Excitement / Arousal,excitement,203,CP2,mu,8-13 Hz,,0,0.000,1.4005421,1.4225185,1.0157,
excitement_arousal,Excitement / Arousal,excitement,203,CP2,smr,12-15 Hz,,0,0.000,0.92927466,0.96717584,1.0408,
excitement_arousal,Excitement / Arousal,excitement,203,CP2,lowbeta,13-16 Hz,,0,0.000,0.8373235,0.88560256,1.0577,
excitement_arousal,Excitement / Arousal,excitement,203,CP2,highbeta,16-30 Hz,,0,0.000,0.59092303,0.59732669,1.0108,
excitement_arousal,Excitement / Arousal,excitement,203,CP2,gamma,30-45 Hz,,0,0.000,0.52353393,0.5343366,1.0206,
excitement_arousal,Excitement / Arousal,excitement,203,CP4,delta,0.5-4 Hz,,0,0.000,46.743735,44.860886,0.9597,
excitement_arousal,Excitement / Arousal,excitement,203,CP4,theta,4-7 Hz,,0,0.000,3.7986924,3.7870088,0.9969,
excitement_arousal,Excitement / Arousal,excitement,203,CP4,alpha,8-12 Hz,,0,0.000,1.4650624,1.5132778,1.0329,
excitement_arousal,Excitement / Arousal,excitement,203,CP4,mu,8-13 Hz,,0,0.000,1.3623361,1.4036271,1.0303,
excitement_arousal,Excitement / Arousal,excitement,203,CP4,smr,12-15 Hz,,0,0.000,0.8983876,0.90504136,1.0074,
excitement_arousal,Excitement / Arousal,excitement,203,CP4,lowbeta,13-16 Hz,,0,0.000,0.83041969,0.85618246,1.0310,
excitement_arousal,Excitement / Arousal,excitement,203,CP4,highbeta,16-30 Hz,,0,0.000,0.57557806,0.58546467,1.0172,
excitement_arousal,Excitement / Arousal,excitement,203,CP4,gamma,30-45 Hz,,0,0.000,0.43443947,0.45269059,1.0420,
excitement_arousal,Excitement / Arousal,excitement,203,P3,delta,0.5-4 Hz,,0,0.000,46.625675,47.097879,1.0101,
excitement_arousal,Excitement / Arousal,excitement,203,P3,theta,4-7 Hz,,0,0.000,3.6540975,3.608606,0.9876,
excitement_arousal,Excitement / Arousal,excitement,203,P3,alpha,8-12 Hz,,0,0.000,1.3347672,1.3504566,1.0118,
excitement_arousal,Excitement / Arousal,excitement,203,P3,mu,8-13 Hz,,0,0.000,1.2345772,1.1079456,0.8974,
excitement_arousal,Excitement / Arousal,excitement,203,P3,smr,12-15 Hz,,0,0.000,0.77904584,0.78948583,1.0134,
excitement_arousal,Excitement / Arousal,excitement,203,P3,lowbeta,13-16 Hz,,0,0.000,0.71369807,0.62256279,0.8723,
excitement_arousal,Excitement / Arousal,excitement,203,P3,highbeta,16-30 Hz,,0,0.000,0.4797935,0.45085177,0.9397,
excitement_arousal,Excitement / Arousal,excitement,203,P3,gamma,30-45 Hz,,0,0.000,0.39756797,0.40385428,1.0158,
excitement_arousal,Excitement / Arousal,excitement,203,P1,delta,0.5-4 Hz,,0,0.000,43.977698,44.712721,1.0167,
excitement_arousal,Excitement / Arousal,excitement,203,P1,theta,4-7 Hz,,0,0.000,3.608426,3.4616172,0.9593,
excitement_arousal,Excitement / Arousal,excitement,203,P1,alpha,8-12 Hz,,0,0.000,1.2798138,1.2479163,0.9751,
excitement_arousal,Excitement / Arousal,excitement,203,P1,mu,8-13 Hz,,0,0.000,1.1866901,1.2436144,1.0480,
excitement_arousal,Excitement / Arousal,excitement,203,P1,smr,12-15 Hz,,0,0.000,0.74047019,0.72792584,0.9831,
excitement_arousal,Excitement / Arousal,excitement,203,P1,lowbeta,13-16 Hz,,0,0.000,0.67094595,0.72361669,1.0785,
excitement_arousal,Excitement / Arousal,excitement,203,P1,highbeta,16-30 Hz,,0,0.000,0.45734758,0.45731685,0.9999,
excitement_arousal,Excitement / Arousal,excitement,203,P1,gamma,30-45 Hz,,0,0.000,0.37750089,0.38289208,1.0143,
excitement_arousal,Excitement / Arousal,excitement,203,Pz,delta,0.5-4 Hz,,0,0.000,42.351521,44.748219,1.0566,
excitement_arousal,Excitement / Arousal,excitement,203,Pz,theta,4-7 Hz,,0,0.000,3.7849729,3.8023306,1.0046,
excitement_arousal,Excitement / Arousal,excitement,203,Pz,alpha,8-12 Hz,,0,0.000,1.8791115,1.8131885,0.9649,
excitement_arousal,Excitement / Arousal,excitement,203,Pz,mu,8-13 Hz,,0,0.000,1.7221163,1.7155026,0.9962,
excitement_arousal,Excitement / Arousal,excitement,203,Pz,smr,12-15 Hz,,0,0.000,1.0126271,1.0113649,0.9988,
excitement_arousal,Excitement / Arousal,excitement,203,Pz,lowbeta,13-16 Hz,,0,0.000,0.93678802,0.89204144,0.9522,
excitement_arousal,Excitement / Arousal,excitement,203,Pz,highbeta,16-30 Hz,,0,0.000,0.59830451,0.59294722,0.9910,
excitement_arousal,Excitement / Arousal,excitement,203,Pz,gamma,30-45 Hz,,0,0.000,0.44536917,0.43379994,0.9740,
excitement_arousal,Excitement / Arousal,excitement,203,P2,delta,0.5-4 Hz,,0,0.000,49.818193,51.429937,1.0324,
excitement_arousal,Excitement / Arousal,excitement,203,P2,theta,4-7 Hz,,0,0.000,4.6569691,4.6626106,1.0012,
excitement_arousal,Excitement / Arousal,excitement,203,P2,alpha,8-12 Hz,,0,0.000,2.0009501,1.981145,0.9901,
excitement_arousal,Excitement / Arousal,excitement,203,P2,mu,8-13 Hz,,0,0.000,1.8490546,1.8421828,0.9963,
excitement_arousal,Excitement / Arousal,excitement,203,P2,smr,12-15 Hz,,0,0.000,1.1450472,1.1539892,1.0078,
excitement_arousal,Excitement / Arousal,excitement,203,P2,lowbeta,13-16 Hz,,0,0.000,1.0151901,1.0371065,1.0216,
excitement_arousal,Excitement / Arousal,excitement,203,P2,highbeta,16-30 Hz,,0,0.000,0.65783717,0.63481949,0.9650,
excitement_arousal,Excitement / Arousal,excitement,203,P2,gamma,30-45 Hz,,0,0.000,0.48833031,0.47052795,0.9635,
excitement_arousal,Excitement / Arousal,excitement,203,P4,delta,0.5-4 Hz,,0,0.000,34.804076,36.149733,1.0387,
excitement_arousal,Excitement / Arousal,excitement,203,P4,theta,4-7 Hz,,0,0.000,3.0875438,3.042985,0.9856,
excitement_arousal,Excitement / Arousal,excitement,203,P4,alpha,8-12 Hz,,0,0.000,2.1315842,2.0258801,0.9504,
excitement_arousal,Excitement / Arousal,excitement,203,P4,mu,8-13 Hz,,0,0.000,1.9665715,1.9971191,1.0155,
excitement_arousal,Excitement / Arousal,excitement,203,P4,smr,12-15 Hz,,0,0.000,1.1780124,1.1971174,1.0162,
excitement_arousal,Excitement / Arousal,excitement,203,P4,lowbeta,13-16 Hz,,0,0.000,1.0421031,0.98627241,0.9464,
excitement_arousal,Excitement / Arousal,excitement,203,P4,highbeta,16-30 Hz,,0,0.000,0.68256754,0.68804983,1.0080,
excitement_arousal,Excitement / Arousal,excitement,203,P4,gamma,30-45 Hz,,0,0.000,0.50501117,0.51801289,1.0257,
excitement_arousal,Excitement / Arousal,excitement,203,PO3,delta,0.5-4 Hz,,0,0.000,41.739203,42.286134,1.0131,
excitement_arousal,Excitement / Arousal,excitement,203,PO3,theta,4-7 Hz,,0,0.000,3.7001683,3.7820136,1.0221,
excitement_arousal,Excitement / Arousal,excitement,203,PO3,alpha,8-12 Hz,,0,0.000,1.2720876,1.2095652,0.9509,
excitement_arousal,Excitement / Arousal,excitement,203,PO3,mu,8-13 Hz,,0,0.000,1.1682273,1.1817628,1.0116,
excitement_arousal,Excitement / Arousal,excitement,203,PO3,smr,12-15 Hz,,0,0.000,0.70641226,0.69893016,0.9894,
excitement_arousal,Excitement / Arousal,excitement,203,PO3,lowbeta,13-16 Hz,,0,0.000,0.65299607,0.64196197,0.9831,
excitement_arousal,Excitement / Arousal,excitement,203,PO3,highbeta,16-30 Hz,,0,0.000,0.4354655,0.4487339,1.0305,
excitement_arousal,Excitement / Arousal,excitement,203,PO3,gamma,30-45 Hz,,0,0.000,0.35586963,0.37429464,1.0518,
excitement_arousal,Excitement / Arousal,excitement,203,POz,delta,0.5-4 Hz,,0,0.000,48.361709,51.398967,1.0628,
excitement_arousal,Excitement / Arousal,excitement,203,POz,theta,4-7 Hz,,0,0.000,4.6695412,4.8844254,1.0460,
excitement_arousal,Excitement / Arousal,excitement,203,POz,alpha,8-12 Hz,,0,0.000,1.4750559,1.4693907,0.9962,
excitement_arousal,Excitement / Arousal,excitement,203,POz,mu,8-13 Hz,,0,0.000,1.3564593,1.3732051,1.0123,
excitement_arousal,Excitement / Arousal,excitement,203,POz,smr,12-15 Hz,,0,0.000,0.82678317,0.84897304,1.0268,
excitement_arousal,Excitement / Arousal,excitement,203,POz,lowbeta,13-16 Hz,,0,0.000,0.7696428,0.77290704,1.0042,
excitement_arousal,Excitement / Arousal,excitement,203,POz,highbeta,16-30 Hz,,0,0.000,0.50126615,0.50356031,1.0046,
excitement_arousal,Excitement / Arousal,excitement,203,POz,gamma,30-45 Hz,,0,0.000,0.38726758,0.39843303,1.0288,
excitement_arousal,Excitement / Arousal,excitement,203,PO4,delta,0.5-4 Hz,,0,0.000,56.613457,56.49599,0.9979,
excitement_arousal,Excitement / Arousal,excitement,203,PO4,theta,4-7 Hz,,0,0.000,5.6846928,5.5395907,0.9745,
excitement_arousal,Excitement / Arousal,excitement,203,PO4,alpha,8-12 Hz,,0,0.000,1.9090838,1.8813895,0.9855,
excitement_arousal,Excitement / Arousal,excitement,203,PO4,mu,8-13 Hz,,0,0.000,1.7582626,1.7972729,1.0222,
excitement_arousal,Excitement / Arousal,excitement,203,PO4,smr,12-15 Hz,,0,0.000,1.0434047,1.0435141,1.0001,
excitement_arousal,Excitement / Arousal,excitement,203,PO4,lowbeta,13-16 Hz,,0,0.000,0.94161105,0.95282314,1.0119,
excitement_arousal,Excitement / Arousal,excitement,203,PO4,highbeta,16-30 Hz,,0,0.000,0.59973272,0.61379812,1.0235,
excitement_arousal,Excitement / Arousal,excitement,203,PO4,gamma,30-45 Hz,,0,0.000,0.42345471,0.41789921,0.9869,
excitement_arousal,Excitement / Arousal,excitement,203,O1,delta,0.5-4 Hz,,0,0.000,67.405639,69.189778,1.0265,
excitement_arousal,Excitement / Arousal,excitement,203,O1,theta,4-7 Hz,,0,0.000,6.9652165,7.0575717,1.0133,
excitement_arousal,Excitement / Arousal,excitement,203,O1,alpha,8-12 Hz,,0,0.000,2.1221759,2.0304587,0.9568,
excitement_arousal,Excitement / Arousal,excitement,203,O1,mu,8-13 Hz,,0,0.000,1.9376979,2.0355142,1.0505,
excitement_arousal,Excitement / Arousal,excitement,203,O1,smr,12-15 Hz,,0,0.000,1.1148797,1.0953402,0.9825,
excitement_arousal,Excitement / Arousal,excitement,203,O1,lowbeta,13-16 Hz,,0,0.000,1.0241977,0.96486762,0.9421,
excitement_arousal,Excitement / Arousal,excitement,203,O1,highbeta,16-30 Hz,,0,0.000,0.63952663,0.61613497,0.9634,
excitement_arousal,Excitement / Arousal,excitement,203,O1,gamma,30-45 Hz,,0,0.000,0.44907218,0.43302387,0.9643,
excitement_arousal,Excitement / Arousal,excitement,203,O2,delta,0.5-4 Hz,,0,0.000,108.95747,109.15643,1.0018,
excitement_arousal,Excitement / Arousal,excitement,203,O2,theta,4-7 Hz,,0,0.000,9.8401059,9.7457907,0.9904,
excitement_arousal,Excitement / Arousal,excitement,203,O2,alpha,8-12 Hz,,0,0.000,2.5760277,2.5456586,0.9882,
excitement_arousal,Excitement / Arousal,excitement,203,O2,mu,8-13 Hz,,0,0.000,2.3514134,2.4024145,1.0217,
excitement_arousal,Excitement / Arousal,excitement,203,O2,smr,12-15 Hz,,0,0.000,1.3507925,1.3668611,1.0119,
excitement_arousal,Excitement / Arousal,excitement,203,O2,lowbeta,13-16 Hz,,0,0.000,1.2517707,1.2656174,1.0111,
excitement_arousal,Excitement / Arousal,excitement,203,O2,highbeta,16-30 Hz,,0,0.000,0.74100735,0.75163636,1.0143,
excitement_arousal,Excitement / Arousal,excitement,203,O2,gamma,30-45 Hz,,0,0.000,0.47663921,0.48691779,1.0216,
stress_frustration_synth,Stress / Frustration synthetisch,stress,204,AF3,delta,0.5-4 Hz,,0,0.000,45.474322,42.1193,0.9262,
stress_frustration_synth,Stress / Frustration synthetisch,stress,204,AF3,theta,4-7 Hz,,0,0.000,4.2603149,4.2059731,0.9872,
stress_frustration_synth,Stress / Frustration synthetisch,stress,204,AF3,alpha,8-12 Hz,,0,0.000,1.4809285,1.3679228,0.9237,
stress_frustration_synth,Stress / Frustration synthetisch,stress,204,AF3,mu,8-13 Hz,,0,0.000,1.366302,1.3680264,1.0013,
stress_frustration_synth,Stress / Frustration synthetisch,stress,204,AF3,smr,12-15 Hz,,0,0.000,0.8180701,0.81793745,0.9998,
stress_frustration_synth,Stress / Frustration synthetisch,stress,204,AF3,lowbeta,13-16 Hz,,0,0.000,0.73952171,0.76658349,1.0366,
stress_frustration_synth,Stress / Frustration synthetisch,stress,204,AF3,highbeta,16-30 Hz,,0,0.000,0.49042287,0.51080838,1.0416,
stress_frustration_synth,Stress / Frustration synthetisch,stress,204,AF3,gamma,30-45 Hz,,0,0.000,0.38885404,0.39161378,1.0071,
stress_frustration_synth,Stress / Frustration synthetisch,stress,204,AF4,delta,0.5-4 Hz,,0,0.000,51.959011,51.049072,0.9825,
stress_frustration_synth,Stress / Frustration synthetisch,stress,204,AF4,theta,4-7 Hz,,0,0.000,5.2885624,5.3783656,1.0170,
stress_frustration_synth,Stress / Frustration synthetisch,stress,204,AF4,alpha,8-12 Hz,,0,0.000,1.629234,1.5991305,0.9815,
stress_frustration_synth,Stress / Frustration synthetisch,stress,204,AF4,mu,8-13 Hz,,0,0.000,1.4967693,1.4966963,1.0000,
stress_frustration_synth,Stress / Frustration synthetisch,stress,204,AF4,smr,12-15 Hz,,0,0.000,0.90025004,0.93132196,1.0345,
stress_frustration_synth,Stress / Frustration synthetisch,stress,204,AF4,lowbeta,13-16 Hz,,0,0.000,0.82604999,0.80992384,0.9805,
stress_frustration_synth,Stress / Frustration synthetisch,stress,204,AF4,highbeta,16-30 Hz,,0,0.000,0.51939608,0.5340424,1.0282,
stress_frustration_synth,Stress / Frustration synthetisch,stress,204,AF4,gamma,30-45 Hz,,0,0.000,0.40352537,0.41309258,1.0237,
stress_frustration_synth,Stress / Frustration synthetisch,stress,204,F3,delta,0.5-4 Hz,,0,0.000,55.985494,54.114587,0.9666,
stress_frustration_synth,Stress / Frustration synthetisch,stress,204,F3,theta,4-7 Hz,,0,0.000,5.98203,6.1859352,1.0341,
stress_frustration_synth,Stress / Frustration synthetisch,stress,204,F3,alpha,8-12 Hz,,0,0.000,1.784369,1.8279965,1.0244,
stress_frustration_synth,Stress / Frustration synthetisch,stress,204,F3,mu,8-13 Hz,,0,0.000,1.6328313,1.6386562,1.0036,
stress_frustration_synth,Stress / Frustration synthetisch,stress,204,F3,smr,12-15 Hz,,0,0.000,0.96360863,0.93789828,0.9733,
stress_frustration_synth,Stress / Frustration synthetisch,stress,204,F3,lowbeta,13-16 Hz,,0,0.000,0.89035515,0.8635802,0.9699,
stress_frustration_synth,Stress / Frustration synthetisch,stress,204,F3,highbeta,16-30 Hz,up,1,0.830,0.54737047,1.1518701,2.1044,Linksfrontaler High-Beta-Anstieg bei Frustration.
stress_frustration_synth,Stress / Frustration synthetisch,stress,204,F3,gamma,30-45 Hz,,0,0.000,0.40995109,0.41773639,1.0190,
stress_frustration_synth,Stress / Frustration synthetisch,stress,204,F1,delta,0.5-4 Hz,,0,0.000,102.09552,98.680748,0.9666,
stress_frustration_synth,Stress / Frustration synthetisch,stress,204,F1,theta,4-7 Hz,,0,0.000,12.268298,12.456162,1.0153,
stress_frustration_synth,Stress / Frustration synthetisch,stress,204,F1,alpha,8-12 Hz,,0,0.000,2.7235656,2.6051955,0.9565,
stress_frustration_synth,Stress / Frustration synthetisch,stress,204,F1,mu,8-13 Hz,,0,0.000,2.4808202,2.4631012,0.9929,
stress_frustration_synth,Stress / Frustration synthetisch,stress,204,F1,smr,12-15 Hz,,0,0.000,1.4011686,1.4065459,1.0038,
stress_frustration_synth,Stress / Frustration synthetisch,stress,204,F1,lowbeta,13-16 Hz,,0,0.000,1.2700699,1.3787619,1.0856,
stress_frustration_synth,Stress / Frustration synthetisch,stress,204,F1,highbeta,16-30 Hz,,0,0.000,0.74571035,0.7097626,0.9518,
stress_frustration_synth,Stress / Frustration synthetisch,stress,204,F1,gamma,30-45 Hz,,0,0.000,0.44821581,0.47130812,1.0515,
stress_frustration_synth,Stress / Frustration synthetisch,stress,204,Fz,delta,0.5-4 Hz,,0,0.000,74.99061,75.383897,1.0052,
stress_frustration_synth,Stress / Frustration synthetisch,stress,204,Fz,theta,4-7 Hz,,0,0.000,7.424591,7.5314384,1.0144,
stress_frustration_synth,Stress / Frustration synthetisch,stress,204,Fz,alpha,8-12 Hz,,0,0.000,2.2851697,2.2946352,1.0041,
stress_frustration_synth,Stress / Frustration synthetisch,stress,204,Fz,mu,8-13 Hz,,0,0.000,2.1236288,2.1566841,1.0156,
stress_frustration_synth,Stress / Frustration synthetisch,stress,204,Fz,smr,12-15 Hz,,0,0.000,1.3988823,1.3913578,0.9946,
stress_frustration_synth,Stress / Frustration synthetisch,stress,204,Fz,lowbeta,13-16 Hz,,0,0.000,1.7172385,1.8046317,1.0509,
stress_frustration_synth,Stress / Frustration synthetisch,stress,204,Fz,highbeta,16-30 Hz,up,1,0.950,1.0043718,2.2787247,2.2688,Dauerhaftes frontales High-Beta als synthetischer Überlastungsmarker.
stress_frustration_synth,Stress / Frustration synthetisch,stress,204,Fz,gamma,30-45 Hz,,0,0.000,0.48625989,0.5055295,1.0396,
stress_frustration_synth,Stress / Frustration synthetisch,stress,204,F2,delta,0.5-4 Hz,,0,0.000,52.735043,51.545718,0.9774,
stress_frustration_synth,Stress / Frustration synthetisch,stress,204,F2,theta,4-7 Hz,,0,0.000,5.8556295,5.843281,0.9979,
stress_frustration_synth,Stress / Frustration synthetisch,stress,204,F2,alpha,8-12 Hz,,0,0.000,1.6957493,1.632127,0.9625,
stress_frustration_synth,Stress / Frustration synthetisch,stress,204,F2,mu,8-13 Hz,,0,0.000,1.5560758,1.5808576,1.0159,
stress_frustration_synth,Stress / Frustration synthetisch,stress,204,F2,smr,12-15 Hz,,0,0.000,0.91485705,0.96112998,1.0506,
stress_frustration_synth,Stress / Frustration synthetisch,stress,204,F2,lowbeta,13-16 Hz,,0,0.000,0.83753916,0.83527156,0.9973,
stress_frustration_synth,Stress / Frustration synthetisch,stress,204,F2,highbeta,16-30 Hz,,0,0.000,0.51971085,0.51612952,0.9931,
stress_frustration_synth,Stress / Frustration synthetisch,stress,204,F2,gamma,30-45 Hz,,0,0.000,0.39474005,0.37934061,0.9610,
stress_frustration_synth,Stress / Frustration synthetisch,stress,204,F4,delta,0.5-4 Hz,,0,0.000,48.391432,48.003079,0.9920,
stress_frustration_synth,Stress / Frustration synthetisch,stress,204,F4,theta,4-7 Hz,,0,0.000,4.6456876,4.3867007,0.9443,
stress_frustration_synth,Stress / Frustration synthetisch,stress,204,F4,alpha,8-12 Hz,,0,0.000,1.4556949,1.4091843,0.9680,
stress_frustration_synth,Stress / Frustration synthetisch,stress,204,F4,mu,8-13 Hz,,0,0.000,1.3357649,1.3463676,1.0079,
stress_frustration_synth,Stress / Frustration synthetisch,stress,204,F4,smr,12-15 Hz,,0,0.000,0.81970031,0.85754216,1.0462,
stress_frustration_synth,Stress / Frustration synthetisch,stress,204,F4,lowbeta,13-16 Hz,,0,0.000,0.75955094,0.8342318,1.0983,
stress_frustration_synth,Stress / Frustration synthetisch,stress,204,F4,highbeta,16-30 Hz,up,1,0.840,0.48130187,1.0186284,2.1164,Rechtsfrontaler High-Beta-Anstieg bei Frustration.
stress_frustration_synth,Stress / Frustration synthetisch,stress,204,F4,gamma,30-45 Hz,,0,0.000,0.38269029,0.40191493,1.0502,
stress_frustration_synth,Stress / Frustration synthetisch,stress,204,FC3,delta,0.5-4 Hz,,0,0.000,37.937071,38.260725,1.0085,
stress_frustration_synth,Stress / Frustration synthetisch,stress,204,FC3,theta,4-7 Hz,,0,0.000,3.3635749,3.3457693,0.9947,
stress_frustration_synth,Stress / Frustration synthetisch,stress,204,FC3,alpha,8-12 Hz,,0,0.000,1.4306059,1.4522665,1.0151,
stress_frustration_synth,Stress / Frustration synthetisch,stress,204,FC3,mu,8-13 Hz,,0,0.000,1.3297899,1.3326717,1.0022,
stress_frustration_synth,Stress / Frustration synthetisch,stress,204,FC3,smr,12-15 Hz,,0,0.000,0.87858341,0.88197812,1.0039,
stress_frustration_synth,Stress / Frustration synthetisch,stress,204,FC3,lowbeta,13-16 Hz,,0,0.000,0.81396434,0.80233144,0.9857,
stress_frustration_synth,Stress / Frustration synthetisch,stress,204,FC3,highbeta,16-30 Hz,,0,0.000,0.52641618,0.50065662,0.9511,
stress_frustration_synth,Stress / Frustration synthetisch,stress,204,FC3,gamma,30-45 Hz,,0,0.000,0.41341757,0.39108191,0.9460,
stress_frustration_synth,Stress / Frustration synthetisch,stress,204,FC1,delta,0.5-4 Hz,,0,0.000,39.03076,39.923143,1.0229,
stress_frustration_synth,Stress / Frustration synthetisch,stress,204,FC1,theta,4-7 Hz,,0,0.000,3.3709897,3.3383434,0.9903,
stress_frustration_synth,Stress / Frustration synthetisch,stress,204,FC1,alpha,8-12 Hz,,0,0.000,1.3213625,1.2937948,0.9791,
stress_frustration_synth,Stress / Frustration synthetisch,stress,204,FC1,mu,8-13 Hz,,0,0.000,1.2270383,1.2274036,1.0003,
stress_frustration_synth,Stress / Frustration synthetisch,stress,204,FC1,smr,12-15 Hz,,0,0.000,0.81413131,0.83678258,1.0278,
stress_frustration_synth,Stress / Frustration synthetisch,stress,204,FC1,lowbeta,13-16 Hz,,0,0.000,0.75977217,0.76456841,1.0063,
stress_frustration_synth,Stress / Frustration synthetisch,stress,204,FC1,highbeta,16-30 Hz,,0,0.000,0.51418995,0.50238316,0.9770,
stress_frustration_synth,Stress / Frustration synthetisch,stress,204,FC1,gamma,30-45 Hz,,0,0.000,0.39753481,0.41459711,1.0429,
stress_frustration_synth,Stress / Frustration synthetisch,stress,204,FCz,delta,0.5-4 Hz,,0,0.000,51.059064,53.881175,1.0553,
stress_frustration_synth,Stress / Frustration synthetisch,stress,204,FCz,theta,4-7 Hz,,0,0.000,4.7731448,4.8557655,1.0173,
stress_frustration_synth,Stress / Frustration synthetisch,stress,204,FCz,alpha,8-12 Hz,,0,0.000,1.5969023,1.6513219,1.0341,
stress_frustration_synth,Stress / Frustration synthetisch,stress,204,FCz,mu,8-13 Hz,,0,0.000,1.489021,1.5537466,1.0435,
stress_frustration_synth,Stress / Frustration synthetisch,stress,204,FCz,smr,12-15 Hz,,0,0.000,0.99825624,1.0377407,1.0396,
stress_frustration_synth,Stress / Frustration synthetisch,stress,204,FCz,lowbeta,13-16 Hz,,0,0.000,0.90839433,0.92791888,1.0215,
stress_frustration_synth,Stress / Frustration synthetisch,stress,204,FCz,highbeta,16-30 Hz,up,1,0.900,0.58255874,1.3008248,2.2330,Frontozentraler High-Beta-Anstieg bei kognitiver Anspannung.
stress_frustration_synth,Stress / Frustration synthetisch,stress,204,FCz,gamma,30-45 Hz,,0,0.000,0.42675128,0.43451308,1.0182,
stress_frustration_synth,Stress / Frustration synthetisch,stress,204,FC2,delta,0.5-4 Hz,,0,0.000,43.102448,41.44702,0.9616,
stress_frustration_synth,Stress / Frustration synthetisch,stress,204,FC2,theta,4-7 Hz,,0,0.000,3.3997448,3.4831246,1.0245,
stress_frustration_synth,Stress / Frustration synthetisch,stress,204,FC2,alpha,8-12 Hz,,0,0.000,1.3559234,1.2915801,0.9525,
stress_frustration_synth,Stress / Frustration synthetisch,stress,204,FC2,mu,8-13 Hz,,0,0.000,1.266844,1.2316119,0.9722,
stress_frustration_synth,Stress / Frustration synthetisch,stress,204,FC2,smr,12-15 Hz,,0,0.000,0.83101377,0.86892859,1.0456,
stress_frustration_synth,Stress / Frustration synthetisch,stress,204,FC2,lowbeta,13-16 Hz,,0,0.000,0.75840097,0.7807038,1.0294,
stress_frustration_synth,Stress / Frustration synthetisch,stress,204,FC2,highbeta,16-30 Hz,,0,0.000,0.52231256,0.5495036,1.0521,
stress_frustration_synth,Stress / Frustration synthetisch,stress,204,FC2,gamma,30-45 Hz,,0,0.000,0.42531189,0.42126777,0.9905,
stress_frustration_synth,Stress / Frustration synthetisch,stress,204,FC4,delta,0.5-4 Hz,,0,0.000,184.76088,177.30971,0.9597,
stress_frustration_synth,Stress / Frustration synthetisch,stress,204,FC4,theta,4-7 Hz,,0,0.000,3.6605907,3.6297858,0.9916,
stress_frustration_synth,Stress / Frustration synthetisch,stress,204,FC4,alpha,8-12 Hz,,0,0.000,1.2490261,1.2534865,1.0036,
stress_frustration_synth,Stress / Frustration synthetisch,stress,204,FC4,mu,8-13 Hz,,0,0.000,1.1503727,1.1535531,1.0028,
stress_frustration_synth,Stress / Frustration synthetisch,stress,204,FC4,smr,12-15 Hz,,0,0.000,0.7237605,0.75247847,1.0397,
stress_frustration_synth,Stress / Frustration synthetisch,stress,204,FC4,lowbeta,13-16 Hz,,0,0.000,0.67024622,0.66177132,0.9874,
stress_frustration_synth,Stress / Frustration synthetisch,stress,204,FC4,highbeta,16-30 Hz,,0,0.000,0.44626865,0.45176722,1.0123,
stress_frustration_synth,Stress / Frustration synthetisch,stress,204,FC4,gamma,30-45 Hz,,0,0.000,0.37148235,0.35862834,0.9654,
stress_frustration_synth,Stress / Frustration synthetisch,stress,204,C3,delta,0.5-4 Hz,,0,0.000,127.19315,129.19786,1.0158,
stress_frustration_synth,Stress / Frustration synthetisch,stress,204,C3,theta,4-7 Hz,,0,0.000,3.6136493,3.6140425,1.0001,
stress_frustration_synth,Stress / Frustration synthetisch,stress,204,C3,alpha,8-12 Hz,,0,0.000,1.2775763,1.2440483,0.9738,
stress_frustration_synth,Stress / Frustration synthetisch,stress,204,C3,mu,8-13 Hz,,0,0.000,1.1805038,1.1707599,0.9917,
stress_frustration_synth,Stress / Frustration synthetisch,stress,204,C3,smr,12-15 Hz,,0,0.000,0.76255881,0.75764324,0.9936,
stress_frustration_synth,Stress / Frustration synthetisch,stress,204,C3,lowbeta,13-16 Hz,,0,0.000,0.70739997,0.7007112,0.9905,
stress_frustration_synth,Stress / Frustration synthetisch,stress,204,C3,highbeta,16-30 Hz,,0,0.000,0.48417099,0.51418811,1.0620,
stress_frustration_synth,Stress / Frustration synthetisch,stress,204,C3,gamma,30-45 Hz,,0,0.000,0.40505889,0.40366322,0.9966,
stress_frustration_synth,Stress / Frustration synthetisch,stress,204,C1,delta,0.5-4 Hz,,0,0.000,43.586186,43.214119,0.9915,
stress_frustration_synth,Stress / Frustration synthetisch,stress,204,C1,theta,4-7 Hz,,0,0.000,3.2168222,2.9806728,0.9266,
stress_frustration_synth,Stress / Frustration synthetisch,stress,204,C1,alpha,8-12 Hz,,0,0.000,1.1508042,1.1147872,0.9687,
stress_frustration_synth,Stress / Frustration synthetisch,stress,204,C1,mu,8-13 Hz,,0,0.000,1.0702767,1.0604221,0.9908,
stress_frustration_synth,Stress / Frustration synthetisch,stress,204,C1,smr,12-15 Hz,,0,0.000,0.67432648,0.65813937,0.9760,
stress_frustration_synth,Stress / Frustration synthetisch,stress,204,C1,lowbeta,13-16 Hz,,0,0.000,0.61322414,0.64287952,1.0484,
stress_frustration_synth,Stress / Frustration synthetisch,stress,204,C1,highbeta,16-30 Hz,,0,0.000,0.42317482,0.42073191,0.9942,
stress_frustration_synth,Stress / Frustration synthetisch,stress,204,C1,gamma,30-45 Hz,,0,0.000,0.35649158,0.37256776,1.0451,
stress_frustration_synth,Stress / Frustration synthetisch,stress,204,Cz,delta,0.5-4 Hz,,0,0.000,45.4874,45.585638,1.0022,
stress_frustration_synth,Stress / Frustration synthetisch,stress,204,Cz,theta,4-7 Hz,,0,0.000,3.2295312,3.2337392,1.0013,
stress_frustration_synth,Stress / Frustration synthetisch,stress,204,Cz,alpha,8-12 Hz,,0,0.000,1.2211668,1.2173715,0.9969,
stress_frustration_synth,Stress / Frustration synthetisch,stress,204,Cz,mu,8-13 Hz,,0,0.000,1.1466281,1.1467804,1.0001,
stress_frustration_synth,Stress / Frustration synthetisch,stress,204,Cz,smr,12-15 Hz,,0,0.000,0.75485513,0.80026557,1.0602,
stress_frustration_synth,Stress / Frustration synthetisch,stress,204,Cz,lowbeta,13-16 Hz,,0,0.000,0.67296339,0.61832793,0.9188,
stress_frustration_synth,Stress / Frustration synthetisch,stress,204,Cz,highbeta,16-30 Hz,up,1,0.820,0.45334985,0.92798611,2.0470,Zentraler High-Beta-Anteil bleibt während Stress erhöht.
stress_frustration_synth,Stress / Frustration synthetisch,stress,204,Cz,gamma,30-45 Hz,,0,0.000,0.38053564,0.37330129,0.9810,
stress_frustration_synth,Stress / Frustration synthetisch,stress,204,C2,delta,0.5-4 Hz,,0,0.000,51.757203,51.78352,1.0005,
stress_frustration_synth,Stress / Frustration synthetisch,stress,204,C2,theta,4-7 Hz,,0,0.000,3.5215797,3.6066387,1.0242,
stress_frustration_synth,Stress / Frustration synthetisch,stress,204,C2,alpha,8-12 Hz,,0,0.000,1.5814405,1.6076261,1.0166,
stress_frustration_synth,Stress / Frustration synthetisch,stress,204,C2,mu,8-13 Hz,,0,0.000,1.4828982,1.4629553,0.9866,
stress_frustration_synth,Stress / Frustration synthetisch,stress,204,C2,smr,12-15 Hz,,0,0.000,0.99199764,1.0273787,1.0357,
stress_frustration_synth,Stress / Frustration synthetisch,stress,204,C2,lowbeta,13-16 Hz,,0,0.000,0.87474107,0.90628147,1.0361,
stress_frustration_synth,Stress / Frustration synthetisch,stress,204,C2,highbeta,16-30 Hz,,0,0.000,0.68789815,0.6923296,1.0064,
stress_frustration_synth,Stress / Frustration synthetisch,stress,204,C2,gamma,30-45 Hz,,0,0.000,0.57062269,0.58984869,1.0337,
stress_frustration_synth,Stress / Frustration synthetisch,stress,204,C4,delta,0.5-4 Hz,,0,0.000,43.394198,43.808291,1.0095,
stress_frustration_synth,Stress / Frustration synthetisch,stress,204,C4,theta,4-7 Hz,,0,0.000,3.6720879,3.5999243,0.9803,
stress_frustration_synth,Stress / Frustration synthetisch,stress,204,C4,alpha,8-12 Hz,,0,0.000,1.5654978,1.6037329,1.0244,
stress_frustration_synth,Stress / Frustration synthetisch,stress,204,C4,mu,8-13 Hz,,0,0.000,1.4531423,1.4587681,1.0039,
stress_frustration_synth,Stress / Frustration synthetisch,stress,204,C4,smr,12-15 Hz,,0,0.000,0.94202229,0.94206647,1.0000,
stress_frustration_synth,Stress / Frustration synthetisch,stress,204,C4,lowbeta,13-16 Hz,,0,0.000,0.86333988,0.90784796,1.0516,
stress_frustration_synth,Stress / Frustration synthetisch,stress,204,C4,highbeta,16-30 Hz,,0,0.000,0.54214853,0.49564275,0.9142,
stress_frustration_synth,Stress / Frustration synthetisch,stress,204,C4,gamma,30-45 Hz,,0,0.000,0.42753346,0.4063197,0.9504,
stress_frustration_synth,Stress / Frustration synthetisch,stress,204,CP3,delta,0.5-4 Hz,,0,0.000,48.766583,46.740455,0.9585,
stress_frustration_synth,Stress / Frustration synthetisch,stress,204,CP3,theta,4-7 Hz,,0,0.000,3.2584243,3.2169963,0.9873,
stress_frustration_synth,Stress / Frustration synthetisch,stress,204,CP3,alpha,8-12 Hz,,0,0.000,1.5182483,1.5047188,0.9911,
stress_frustration_synth,Stress / Frustration synthetisch,stress,204,CP3,mu,8-13 Hz,,0,0.000,1.4351409,1.359428,0.9472,
stress_frustration_synth,Stress / Frustration synthetisch,stress,204,CP3,smr,12-15 Hz,,0,0.000,1.0149195,0.97992457,0.9655,
stress_frustration_synth,Stress / Frustration synthetisch,stress,204,CP3,lowbeta,13-16 Hz,,0,0.000,0.89430276,0.8673579,0.9699,
stress_frustration_synth,Stress / Frustration synthetisch,stress,204,CP3,highbeta,16-30 Hz,,0,0.000,0.4874327,0.52935671,1.0860,
stress_frustration_synth,Stress / Frustration synthetisch,stress,204,CP3,gamma,30-45 Hz,,0,0.000,0.38587195,0.41020541,1.0631,
stress_frustration_synth,Stress / Frustration synthetisch,stress,204,CP1,delta,0.5-4 Hz,,0,0.000,47.880986,47.190962,0.9856,
stress_frustration_synth,Stress / Frustration synthetisch,stress,204,CP1,theta,4-7 Hz,,0,0.000,3.590128,3.5444422,0.9873,
stress_frustration_synth,Stress / Frustration synthetisch,stress,204,CP1,alpha,8-12 Hz,,0,0.000,1.326924,1.2735523,0.9598,
stress_frustration_synth,Stress / Frustration synthetisch,stress,204,CP1,mu,8-13 Hz,,0,0.000,1.2359362,1.1533948,0.9332,
stress_frustration_synth,Stress / Frustration synthetisch,stress,204,CP1,smr,12-15 Hz,,0,0.000,0.79248801,0.7892461,0.9959,
stress_frustration_synth,Stress / Frustration synthetisch,stress,204,CP1,lowbeta,13-16 Hz,,0,0.000,0.71496135,0.68999145,0.9651,
stress_frustration_synth,Stress / Frustration synthetisch,stress,204,CP1,highbeta,16-30 Hz,,0,0.000,0.48603103,0.48458763,0.9970,
stress_frustration_synth,Stress / Frustration synthetisch,stress,204,CP1,gamma,30-45 Hz,,0,0.000,0.40532788,0.3826266,0.9440,
stress_frustration_synth,Stress / Frustration synthetisch,stress,204,CPz,delta,0.5-4 Hz,,0,0.000,65.020588,63.286547,0.9733,
stress_frustration_synth,Stress / Frustration synthetisch,stress,204,CPz,theta,4-7 Hz,,0,0.000,3.4627616,3.4807747,1.0052,
stress_frustration_synth,Stress / Frustration synthetisch,stress,204,CPz,alpha,8-12 Hz,,0,0.000,1.3483544,1.3656367,1.0128,
stress_frustration_synth,Stress / Frustration synthetisch,stress,204,CPz,mu,8-13 Hz,,0,0.000,1.2599915,1.2784019,1.0146,
stress_frustration_synth,Stress / Frustration synthetisch,stress,204,CPz,smr,12-15 Hz,,0,0.000,0.87168936,0.83140239,0.9538,
stress_frustration_synth,Stress / Frustration synthetisch,stress,204,CPz,lowbeta,13-16 Hz,,0,0.000,0.81178384,0.83606754,1.0299,
stress_frustration_synth,Stress / Frustration synthetisch,stress,204,CPz,highbeta,16-30 Hz,,0,0.000,0.56176991,0.54603619,0.9720,
stress_frustration_synth,Stress / Frustration synthetisch,stress,204,CPz,gamma,30-45 Hz,,0,0.000,0.46441882,0.47470571,1.0222,
stress_frustration_synth,Stress / Frustration synthetisch,stress,204,CP2,delta,0.5-4 Hz,,0,0.000,46.677659,46.660279,0.9996,
stress_frustration_synth,Stress / Frustration synthetisch,stress,204,CP2,theta,4-7 Hz,,0,0.000,3.7192957,3.540124,0.9518,
stress_frustration_synth,Stress / Frustration synthetisch,stress,204,CP2,alpha,8-12 Hz,,0,0.000,1.4952788,1.4787307,0.9889,
stress_frustration_synth,Stress / Frustration synthetisch,stress,204,CP2,mu,8-13 Hz,,0,0.000,1.4005421,1.4184518,1.0128,
stress_frustration_synth,Stress / Frustration synthetisch,stress,204,CP2,smr,12-15 Hz,,0,0.000,0.92927466,0.94921113,1.0215,
stress_frustration_synth,Stress / Frustration synthetisch,stress,204,CP2,lowbeta,13-16 Hz,,0,0.000,0.8373235,0.83319166,0.9951,
stress_frustration_synth,Stress / Frustration synthetisch,stress,204,CP2,highbeta,16-30 Hz,,0,0.000,0.59092303,0.62260375,1.0536,
stress_frustration_synth,Stress / Frustration synthetisch,stress,204,CP2,gamma,30-45 Hz,,0,0.000,0.52353393,0.54199524,1.0353,
stress_frustration_synth,Stress / Frustration synthetisch,stress,204,CP4,delta,0.5-4 Hz,,0,0.000,46.743735,46.323841,0.9910,
stress_frustration_synth,Stress / Frustration synthetisch,stress,204,CP4,theta,4-7 Hz,,0,0.000,3.7986924,3.8984242,1.0263,
stress_frustration_synth,Stress / Frustration synthetisch,stress,204,CP4,alpha,8-12 Hz,,0,0.000,1.4650624,1.5642219,1.0677,
stress_frustration_synth,Stress / Frustration synthetisch,stress,204,CP4,mu,8-13 Hz,,0,0.000,1.3623361,1.4558155,1.0686,
stress_frustration_synth,Stress / Frustration synthetisch,stress,204,CP4,smr,12-15 Hz,,0,0.000,0.8983876,0.8597749,0.9570,
stress_frustration_synth,Stress / Frustration synthetisch,stress,204,CP4,lowbeta,13-16 Hz,,0,0.000,0.83041969,0.8034903,0.9676,
stress_frustration_synth,Stress / Frustration synthetisch,stress,204,CP4,highbeta,16-30 Hz,,0,0.000,0.57557806,0.60549209,1.0520,
stress_frustration_synth,Stress / Frustration synthetisch,stress,204,CP4,gamma,30-45 Hz,,0,0.000,0.43443947,0.41834791,0.9630,
stress_frustration_synth,Stress / Frustration synthetisch,stress,204,P3,delta,0.5-4 Hz,,0,0.000,46.625675,44.467422,0.9537,
stress_frustration_synth,Stress / Frustration synthetisch,stress,204,P3,theta,4-7 Hz,,0,0.000,3.6540975,3.5919164,0.9830,
stress_frustration_synth,Stress / Frustration synthetisch,stress,204,P3,alpha,8-12 Hz,,0,0.000,1.3347672,1.3543988,1.0147,
stress_frustration_synth,Stress / Frustration synthetisch,stress,204,P3,mu,8-13 Hz,,0,0.000,1.2345772,1.2301526,0.9964,
stress_frustration_synth,Stress / Frustration synthetisch,stress,204,P3,smr,12-15 Hz,,0,0.000,0.77904584,0.76130718,0.9772,
stress_frustration_synth,Stress / Frustration synthetisch,stress,204,P3,lowbeta,13-16 Hz,,0,0.000,0.71369807,0.69685662,0.9764,
stress_frustration_synth,Stress / Frustration synthetisch,stress,204,P3,highbeta,16-30 Hz,,0,0.000,0.4797935,0.46783138,0.9751,
stress_frustration_synth,Stress / Frustration synthetisch,stress,204,P3,gamma,30-45 Hz,,0,0.000,0.39756797,0.3853297,0.9692,
stress_frustration_synth,Stress / Frustration synthetisch,stress,204,P1,delta,0.5-4 Hz,,0,0.000,43.977698,47.489632,1.0799,
stress_frustration_synth,Stress / Frustration synthetisch,stress,204,P1,theta,4-7 Hz,,0,0.000,3.608426,3.6460002,1.0104,
stress_frustration_synth,Stress / Frustration synthetisch,stress,204,P1,alpha,8-12 Hz,,0,0.000,1.2798138,1.3195348,1.0310,
stress_frustration_synth,Stress / Frustration synthetisch,stress,204,P1,mu,8-13 Hz,,0,0.000,1.1866901,1.1663767,0.9829,
stress_frustration_synth,Stress / Frustration synthetisch,stress,204,P1,smr,12-15 Hz,,0,0.000,0.74047019,0.73565085,0.9935,
stress_frustration_synth,Stress / Frustration synthetisch,stress,204,P1,lowbeta,13-16 Hz,,0,0.000,0.67094595,0.65418948,0.9750,
stress_frustration_synth,Stress / Frustration synthetisch,stress,204,P1,highbeta,16-30 Hz,,0,0.000,0.45734758,0.41490125,0.9072,
stress_frustration_synth,Stress / Frustration synthetisch,stress,204,P1,gamma,30-45 Hz,,0,0.000,0.37750089,0.3592939,0.9518,
stress_frustration_synth,Stress / Frustration synthetisch,stress,204,Pz,delta,0.5-4 Hz,,0,0.000,42.351521,39.667635,0.9366,
stress_frustration_synth,Stress / Frustration synthetisch,stress,204,Pz,theta,4-7 Hz,,0,0.000,3.7849729,3.4869349,0.9213,
stress_frustration_synth,Stress / Frustration synthetisch,stress,204,Pz,alpha,8-12 Hz,down,1,0.720,1.8791115,0.86005586,0.4577,Parietaler Alpha-Abfall: weniger Entspannungspausen im Stresszustand.
stress_frustration_synth,Stress / Frustration synthetisch,stress,204,Pz,mu,8-13 Hz,,0,0.000,1.7221163,1.8019768,1.0464,
stress_frustration_synth,Stress / Frustration synthetisch,stress,204,Pz,smr,12-15 Hz,,0,0.000,1.0126271,1.0110522,0.9984,
stress_frustration_synth,Stress / Frustration synthetisch,stress,204,Pz,lowbeta,13-16 Hz,,0,0.000,0.93678802,0.97910248,1.0452,
stress_frustration_synth,Stress / Frustration synthetisch,stress,204,Pz,highbeta,16-30 Hz,,0,0.000,0.59830451,0.60691076,1.0144,
stress_frustration_synth,Stress / Frustration synthetisch,stress,204,Pz,gamma,30-45 Hz,,0,0.000,0.44536917,0.45756763,1.0274,
stress_frustration_synth,Stress / Frustration synthetisch,stress,204,P2,delta,0.5-4 Hz,,0,0.000,49.818193,48.247356,0.9685,
stress_frustration_synth,Stress / Frustration synthetisch,stress,204,P2,theta,4-7 Hz,,0,0.000,4.6569691,4.7423699,1.0183,
stress_frustration_synth,Stress / Frustration synthetisch,stress,204,P2,alpha,8-12 Hz,,0,0.000,2.0009501,2.0519843,1.0255,
stress_frustration_synth,Stress / Frustration synthetisch,stress,204,P2,mu,8-13 Hz,,0,0.000,1.8490546,1.8117358,0.9798,
stress_frustration_synth,Stress / Frustration synthetisch,stress,204,P2,smr,12-15 Hz,,0,0.000,1.1450472,1.1674717,1.0196,
stress_frustration_synth,Stress / Frustration synthetisch,stress,204,P2,lowbeta,13-16 Hz,,0,0.000,1.0151901,1.0353077,1.0198,
stress_frustration_synth,Stress / Frustration synthetisch,stress,204,P2,highbeta,16-30 Hz,,0,0.000,0.65783717,0.6451841,0.9808,
stress_frustration_synth,Stress / Frustration synthetisch,stress,204,P2,gamma,30-45 Hz,,0,0.000,0.48833031,0.46914044,0.9607,
stress_frustration_synth,Stress / Frustration synthetisch,stress,204,P4,delta,0.5-4 Hz,,0,0.000,34.804076,33.361639,0.9586,
stress_frustration_synth,Stress / Frustration synthetisch,stress,204,P4,theta,4-7 Hz,,0,0.000,3.0875438,3.0968919,1.0030,
stress_frustration_synth,Stress / Frustration synthetisch,stress,204,P4,alpha,8-12 Hz,,0,0.000,2.1315842,2.1559809,1.0114,
stress_frustration_synth,Stress / Frustration synthetisch,stress,204,P4,mu,8-13 Hz,,0,0.000,1.9665715,1.9120219,0.9723,
stress_frustration_synth,Stress / Frustration synthetisch,stress,204,P4,smr,12-15 Hz,,0,0.000,1.1780124,1.1791086,1.0009,
stress_frustration_synth,Stress / Frustration synthetisch,stress,204,P4,lowbeta,13-16 Hz,,0,0.000,1.0421031,1.0629127,1.0200,
stress_frustration_synth,Stress / Frustration synthetisch,stress,204,P4,highbeta,16-30 Hz,,0,0.000,0.68256754,0.69733603,1.0216,
stress_frustration_synth,Stress / Frustration synthetisch,stress,204,P4,gamma,30-45 Hz,,0,0.000,0.50501117,0.53244126,1.0543,
stress_frustration_synth,Stress / Frustration synthetisch,stress,204,PO3,delta,0.5-4 Hz,,0,0.000,41.739203,43.604709,1.0447,
stress_frustration_synth,Stress / Frustration synthetisch,stress,204,PO3,theta,4-7 Hz,,0,0.000,3.7001683,3.5704952,0.9650,
stress_frustration_synth,Stress / Frustration synthetisch,stress,204,PO3,alpha,8-12 Hz,,0,0.000,1.2720876,1.347046,1.0589,
stress_frustration_synth,Stress / Frustration synthetisch,stress,204,PO3,mu,8-13 Hz,,0,0.000,1.1682273,1.1465167,0.9814,
stress_frustration_synth,Stress / Frustration synthetisch,stress,204,PO3,smr,12-15 Hz,,0,0.000,0.70641226,0.73224615,1.0366,
stress_frustration_synth,Stress / Frustration synthetisch,stress,204,PO3,lowbeta,13-16 Hz,,0,0.000,0.65299607,0.6545499,1.0024,
stress_frustration_synth,Stress / Frustration synthetisch,stress,204,PO3,highbeta,16-30 Hz,,0,0.000,0.4354655,0.42918381,0.9856,
stress_frustration_synth,Stress / Frustration synthetisch,stress,204,PO3,gamma,30-45 Hz,,0,0.000,0.35586963,0.33335397,0.9367,
stress_frustration_synth,Stress / Frustration synthetisch,stress,204,POz,delta,0.5-4 Hz,,0,0.000,48.361709,48.071309,0.9940,
stress_frustration_synth,Stress / Frustration synthetisch,stress,204,POz,theta,4-7 Hz,,0,0.000,4.6695412,4.414685,0.9454,
stress_frustration_synth,Stress / Frustration synthetisch,stress,204,POz,alpha,8-12 Hz,,0,0.000,1.4750559,1.5249946,1.0339,
stress_frustration_synth,Stress / Frustration synthetisch,stress,204,POz,mu,8-13 Hz,,0,0.000,1.3564593,1.4284706,1.0531,
stress_frustration_synth,Stress / Frustration synthetisch,stress,204,POz,smr,12-15 Hz,,0,0.000,0.82678317,0.80372263,0.9721,
stress_frustration_synth,Stress / Frustration synthetisch,stress,204,POz,lowbeta,13-16 Hz,,0,0.000,0.7696428,0.77777714,1.0106,
stress_frustration_synth,Stress / Frustration synthetisch,stress,204,POz,highbeta,16-30 Hz,,0,0.000,0.50126615,0.48853965,0.9746,
stress_frustration_synth,Stress / Frustration synthetisch,stress,204,POz,gamma,30-45 Hz,,0,0.000,0.38726758,0.37874887,0.9780,
stress_frustration_synth,Stress / Frustration synthetisch,stress,204,PO4,delta,0.5-4 Hz,,0,0.000,56.613457,58.148096,1.0271,
stress_frustration_synth,Stress / Frustration synthetisch,stress,204,PO4,theta,4-7 Hz,,0,0.000,5.6846928,5.677025,0.9987,
stress_frustration_synth,Stress / Frustration synthetisch,stress,204,PO4,alpha,8-12 Hz,,0,0.000,1.9090838,2.0253234,1.0609,
stress_frustration_synth,Stress / Frustration synthetisch,stress,204,PO4,mu,8-13 Hz,,0,0.000,1.7582626,1.7285864,0.9831,
stress_frustration_synth,Stress / Frustration synthetisch,stress,204,PO4,smr,12-15 Hz,,0,0.000,1.0434047,1.0798997,1.0350,
stress_frustration_synth,Stress / Frustration synthetisch,stress,204,PO4,lowbeta,13-16 Hz,,0,0.000,0.94161105,0.94482144,1.0034,
stress_frustration_synth,Stress / Frustration synthetisch,stress,204,PO4,highbeta,16-30 Hz,,0,0.000,0.59973272,0.61643662,1.0279,
stress_frustration_synth,Stress / Frustration synthetisch,stress,204,PO4,gamma,30-45 Hz,,0,0.000,0.42345471,0.41682742,0.9843,
stress_frustration_synth,Stress / Frustration synthetisch,stress,204,O1,delta,0.5-4 Hz,,0,0.000,67.405639,67.28872,0.9983,
stress_frustration_synth,Stress / Frustration synthetisch,stress,204,O1,theta,4-7 Hz,,0,0.000,6.9652165,6.9370599,0.9960,
stress_frustration_synth,Stress / Frustration synthetisch,stress,204,O1,alpha,8-12 Hz,down,1,0.620,2.1221759,1.1393514,0.5369,Okzipitaler Alpha-Anteil wird im Stresszustand reduziert.
stress_frustration_synth,Stress / Frustration synthetisch,stress,204,O1,mu,8-13 Hz,,0,0.000,1.9376979,1.9825999,1.0232,
stress_frustration_synth,Stress / Frustration synthetisch,stress,204,O1,smr,12-15 Hz,,0,0.000,1.1148797,1.1402529,1.0228,
stress_frustration_synth,Stress / Frustration synthetisch,stress,204,O1,lowbeta,13-16 Hz,,0,0.000,1.0241977,1.0454748,1.0208,
stress_frustration_synth,Stress / Frustration synthetisch,stress,204,O1,highbeta,16-30 Hz,,0,0.000,0.63952663,0.6739292,1.0538,
stress_frustration_synth,Stress / Frustration synthetisch,stress,204,O1,gamma,30-45 Hz,,0,0.000,0.44907218,0.47185229,1.0507,
stress_frustration_synth,Stress / Frustration synthetisch,stress,204,O2,delta,0.5-4 Hz,,0,0.000,108.95747,107.52761,0.9869,
stress_frustration_synth,Stress / Frustration synthetisch,stress,204,O2,theta,4-7 Hz,,0,0.000,9.8401059,9.9685865,1.0131,
stress_frustration_synth,Stress / Frustration synthetisch,stress,204,O2,alpha,8-12 Hz,down,1,0.620,2.5760277,1.3939607,0.5411,Okzipitaler Alpha-Anteil wird im Stresszustand reduziert.
stress_frustration_synth,Stress / Frustration synthetisch,stress,204,O2,mu,8-13 Hz,,0,0.000,2.3514134,2.3533355,1.0008,
stress_frustration_synth,Stress / Frustration synthetisch,stress,204,O2,smr,12-15 Hz,,0,0.000,1.3507925,1.3224377,0.9790,
stress_frustration_synth,Stress / Frustration synthetisch,stress,204,O2,lowbeta,13-16 Hz,,0,0.000,1.2517707,1.3227492,1.0567,
stress_frustration_synth,Stress / Frustration synthetisch,stress,204,O2,highbeta,16-30 Hz,,0,0.000,0.74100735,0.75043996,1.0127,
stress_frustration_synth,Stress / Frustration synthetisch,stress,204,O2,gamma,30-45 Hz,,0,0.000,0.47663921,0.47300196,0.9924,
entspannung_ruhe_synth,Entspannung / Ruhe synthetisch,entspannung,205,AF3,delta,0.5-4 Hz,,0,0.000,45.474322,47.374086,1.0418,
entspannung_ruhe_synth,Entspannung / Ruhe synthetisch,entspannung,205,AF3,theta,4-7 Hz,,0,0.000,4.2603149,3.9366522,0.9240,
entspannung_ruhe_synth,Entspannung / Ruhe synthetisch,entspannung,205,AF3,alpha,8-12 Hz,,0,0.000,1.4809285,1.3765325,0.9295,
entspannung_ruhe_synth,Entspannung / Ruhe synthetisch,entspannung,205,AF3,mu,8-13 Hz,,0,0.000,1.366302,1.4043595,1.0279,
entspannung_ruhe_synth,Entspannung / Ruhe synthetisch,entspannung,205,AF3,smr,12-15 Hz,,0,0.000,0.8180701,0.81980146,1.0021,
entspannung_ruhe_synth,Entspannung / Ruhe synthetisch,entspannung,205,AF3,lowbeta,13-16 Hz,,0,0.000,0.73952171,0.74600407,1.0088,
entspannung_ruhe_synth,Entspannung / Ruhe synthetisch,entspannung,205,AF3,highbeta,16-30 Hz,,0,0.000,0.49042287,0.46765555,0.9536,
entspannung_ruhe_synth,Entspannung / Ruhe synthetisch,entspannung,205,AF3,gamma,30-45 Hz,,0,0.000,0.38885404,0.38853783,0.9992,
entspannung_ruhe_synth,Entspannung / Ruhe synthetisch,entspannung,205,AF4,delta,0.5-4 Hz,,0,0.000,51.959011,55.602524,1.0701,
entspannung_ruhe_synth,Entspannung / Ruhe synthetisch,entspannung,205,AF4,theta,4-7 Hz,,0,0.000,5.2885624,5.4411215,1.0288,
entspannung_ruhe_synth,Entspannung / Ruhe synthetisch,entspannung,205,AF4,alpha,8-12 Hz,,0,0.000,1.629234,1.6389113,1.0059,
entspannung_ruhe_synth,Entspannung / Ruhe synthetisch,entspannung,205,AF4,mu,8-13 Hz,,0,0.000,1.4967693,1.4737686,0.9846,
entspannung_ruhe_synth,Entspannung / Ruhe synthetisch,entspannung,205,AF4,smr,12-15 Hz,,0,0.000,0.90025004,0.88781754,0.9862,
entspannung_ruhe_synth,Entspannung / Ruhe synthetisch,entspannung,205,AF4,lowbeta,13-16 Hz,,0,0.000,0.82604999,0.76449115,0.9255,
entspannung_ruhe_synth,Entspannung / Ruhe synthetisch,entspannung,205,AF4,highbeta,16-30 Hz,,0,0.000,0.51939608,0.52407969,1.0090,
entspannung_ruhe_synth,Entspannung / Ruhe synthetisch,entspannung,205,AF4,gamma,30-45 Hz,,0,0.000,0.40352537,0.41546646,1.0296,
entspannung_ruhe_synth,Entspannung / Ruhe synthetisch,entspannung,205,F3,delta,0.5-4 Hz,,0,0.000,55.985494,52.89808,0.9449,
entspannung_ruhe_synth,Entspannung / Ruhe synthetisch,entspannung,205,F3,theta,4-7 Hz,,0,0.000,5.98203,5.8435484,0.9769,
entspannung_ruhe_synth,Entspannung / Ruhe synthetisch,entspannung,205,F3,alpha,8-12 Hz,,0,0.000,1.784369,1.712082,0.9595,
entspannung_ruhe_synth,Entspannung / Ruhe synthetisch,entspannung,205,F3,mu,8-13 Hz,,0,0.000,1.6328313,1.5776623,0.9662,
entspannung_ruhe_synth,Entspannung / Ruhe synthetisch,entspannung,205,F3,smr,12-15 Hz,,0,0.000,0.96360863,0.96541236,1.0019,
entspannung_ruhe_synth,Entspannung / Ruhe synthetisch,entspannung,205,F3,lowbeta,13-16 Hz,,0,0.000,0.89035515,0.82540011,0.9270,
entspannung_ruhe_synth,Entspannung / Ruhe synthetisch,entspannung,205,F3,highbeta,16-30 Hz,,0,0.000,0.54737047,0.55913864,1.0215,
entspannung_ruhe_synth,Entspannung / Ruhe synthetisch,entspannung,205,F3,gamma,30-45 Hz,,0,0.000,0.40995109,0.42076762,1.0264,
entspannung_ruhe_synth,Entspannung / Ruhe synthetisch,entspannung,205,F1,delta,0.5-4 Hz,,0,0.000,102.09552,101.19825,0.9912,
entspannung_ruhe_synth,Entspannung / Ruhe synthetisch,entspannung,205,F1,theta,4-7 Hz,,0,0.000,12.268298,11.203106,0.9132,
entspannung_ruhe_synth,Entspannung / Ruhe synthetisch,entspannung,205,F1,alpha,8-12 Hz,,0,0.000,2.7235656,2.6285822,0.9651,
entspannung_ruhe_synth,Entspannung / Ruhe synthetisch,entspannung,205,F1,mu,8-13 Hz,,0,0.000,2.4808202,2.5878715,1.0432,
entspannung_ruhe_synth,Entspannung / Ruhe synthetisch,entspannung,205,F1,smr,12-15 Hz,,0,0.000,1.4011686,1.2649333,0.9028,
entspannung_ruhe_synth,Entspannung / Ruhe synthetisch,entspannung,205,F1,lowbeta,13-16 Hz,,0,0.000,1.2700699,1.2546216,0.9878,
entspannung_ruhe_synth,Entspannung / Ruhe synthetisch,entspannung,205,F1,highbeta,16-30 Hz,,0,0.000,0.74571035,0.71491249,0.9587,
entspannung_ruhe_synth,Entspannung / Ruhe synthetisch,entspannung,205,F1,gamma,30-45 Hz,,0,0.000,0.44821581,0.46083755,1.0282,
entspannung_ruhe_synth,Entspannung / Ruhe synthetisch,entspannung,205,Fz,delta,0.5-4 Hz,,0,0.000,74.99061,73.218657,0.9764,
entspannung_ruhe_synth,Entspannung / Ruhe synthetisch,entspannung,205,Fz,theta,4-7 Hz,,0,0.000,7.424591,7.5295628,1.0141,
entspannung_ruhe_synth,Entspannung / Ruhe synthetisch,entspannung,205,Fz,alpha,8-12 Hz,,0,0.000,2.2851697,2.3303957,1.0198,
entspannung_ruhe_synth,Entspannung / Ruhe synthetisch,entspannung,205,Fz,mu,8-13 Hz,,0,0.000,2.1236288,2.26011,1.0643,
entspannung_ruhe_synth,Entspannung / Ruhe synthetisch,entspannung,205,Fz,smr,12-15 Hz,,0,0.000,1.3988823,1.3889461,0.9929,
entspannung_ruhe_synth,Entspannung / Ruhe synthetisch,entspannung,205,Fz,lowbeta,13-16 Hz,,0,0.000,1.7172385,1.73984,1.0132,
entspannung_ruhe_synth,Entspannung / Ruhe synthetisch,entspannung,205,Fz,highbeta,16-30 Hz,,0,0.000,1.0043718,0.95216767,0.9480,
entspannung_ruhe_synth,Entspannung / Ruhe synthetisch,entspannung,205,Fz,gamma,30-45 Hz,,0,0.000,0.48625989,0.50651965,1.0417,
entspannung_ruhe_synth,Entspannung / Ruhe synthetisch,entspannung,205,F2,delta,0.5-4 Hz,,0,0.000,52.735043,51.331352,0.9734,
entspannung_ruhe_synth,Entspannung / Ruhe synthetisch,entspannung,205,F2,theta,4-7 Hz,,0,0.000,5.8556295,5.7407046,0.9804,
entspannung_ruhe_synth,Entspannung / Ruhe synthetisch,entspannung,205,F2,alpha,8-12 Hz,,0,0.000,1.6957493,1.6944289,0.9992,
entspannung_ruhe_synth,Entspannung / Ruhe synthetisch,entspannung,205,F2,mu,8-13 Hz,,0,0.000,1.5560758,1.470957,0.9453,
entspannung_ruhe_synth,Entspannung / Ruhe synthetisch,entspannung,205,F2,smr,12-15 Hz,,0,0.000,0.91485705,0.92218226,1.0080,
entspannung_ruhe_synth,Entspannung / Ruhe synthetisch,entspannung,205,F2,lowbeta,13-16 Hz,,0,0.000,0.83753916,0.86589935,1.0339,
entspannung_ruhe_synth,Entspannung / Ruhe synthetisch,entspannung,205,F2,highbeta,16-30 Hz,,0,0.000,0.51971085,0.52503928,1.0103,
entspannung_ruhe_synth,Entspannung / Ruhe synthetisch,entspannung,205,F2,gamma,30-45 Hz,,0,0.000,0.39474005,0.372788,0.9444,
entspannung_ruhe_synth,Entspannung / Ruhe synthetisch,entspannung,205,F4,delta,0.5-4 Hz,,0,0.000,48.391432,48.181736,0.9957,
entspannung_ruhe_synth,Entspannung / Ruhe synthetisch,entspannung,205,F4,theta,4-7 Hz,,0,0.000,4.6456876,4.7663408,1.0260,
entspannung_ruhe_synth,Entspannung / Ruhe synthetisch,entspannung,205,F4,alpha,8-12 Hz,,0,0.000,1.4556949,1.3600126,0.9343,
entspannung_ruhe_synth,Entspannung / Ruhe synthetisch,entspannung,205,F4,mu,8-13 Hz,,0,0.000,1.3357649,1.2855177,0.9624,
entspannung_ruhe_synth,Entspannung / Ruhe synthetisch,entspannung,205,F4,smr,12-15 Hz,,0,0.000,0.81970031,0.84484792,1.0307,
entspannung_ruhe_synth,Entspannung / Ruhe synthetisch,entspannung,205,F4,lowbeta,13-16 Hz,,0,0.000,0.75955094,0.76673124,1.0095,
entspannung_ruhe_synth,Entspannung / Ruhe synthetisch,entspannung,205,F4,highbeta,16-30 Hz,,0,0.000,0.48130187,0.48824176,1.0144,
entspannung_ruhe_synth,Entspannung / Ruhe synthetisch,entspannung,205,F4,gamma,30-45 Hz,,0,0.000,0.38269029,0.40759666,1.0651,
entspannung_ruhe_synth,Entspannung / Ruhe synthetisch,entspannung,205,FC3,delta,0.5-4 Hz,,0,0.000,37.937071,38.559214,1.0164,
entspannung_ruhe_synth,Entspannung / Ruhe synthetisch,entspannung,205,FC3,theta,4-7 Hz,,0,0.000,3.3635749,3.4410249,1.0230,
entspannung_ruhe_synth,Entspannung / Ruhe synthetisch,entspannung,205,FC3,alpha,8-12 Hz,,0,0.000,1.4306059,1.5663362,1.0949,
entspannung_ruhe_synth,Entspannung / Ruhe synthetisch,entspannung,205,FC3,mu,8-13 Hz,,0,0.000,1.3297899,1.3198389,0.9925,
entspannung_ruhe_synth,Entspannung / Ruhe synthetisch,entspannung,205,FC3,smr,12-15 Hz,,0,0.000,0.87858341,0.85404818,0.9721,
entspannung_ruhe_synth,Entspannung / Ruhe synthetisch,entspannung,205,FC3,lowbeta,13-16 Hz,,0,0.000,0.81396434,0.82615173,1.0150,
entspannung_ruhe_synth,Entspannung / Ruhe synthetisch,entspannung,205,FC3,highbeta,16-30 Hz,,0,0.000,0.52641618,0.5345044,1.0154,
entspannung_ruhe_synth,Entspannung / Ruhe synthetisch,entspannung,205,FC3,gamma,30-45 Hz,,0,0.000,0.41341757,0.4057962,0.9816,
entspannung_ruhe_synth,Entspannung / Ruhe synthetisch,entspannung,205,FC1,delta,0.5-4 Hz,,0,0.000,39.03076,37.620427,0.9639,
entspannung_ruhe_synth,Entspannung / Ruhe synthetisch,entspannung,205,FC1,theta,4-7 Hz,,0,0.000,3.3709897,3.6435159,1.0808,
entspannung_ruhe_synth,Entspannung / Ruhe synthetisch,entspannung,205,FC1,alpha,8-12 Hz,,0,0.000,1.3213625,1.3364783,1.0114,
entspannung_ruhe_synth,Entspannung / Ruhe synthetisch,entspannung,205,FC1,mu,8-13 Hz,,0,0.000,1.2270383,1.1955893,0.9744,
entspannung_ruhe_synth,Entspannung / Ruhe synthetisch,entspannung,205,FC1,smr,12-15 Hz,,0,0.000,0.81413131,0.84023037,1.0321,
entspannung_ruhe_synth,Entspannung / Ruhe synthetisch,entspannung,205,FC1,lowbeta,13-16 Hz,,0,0.000,0.75977217,0.75686978,0.9962,
entspannung_ruhe_synth,Entspannung / Ruhe synthetisch,entspannung,205,FC1,highbeta,16-30 Hz,,0,0.000,0.51418995,0.50963893,0.9911,
entspannung_ruhe_synth,Entspannung / Ruhe synthetisch,entspannung,205,FC1,gamma,30-45 Hz,,0,0.000,0.39753481,0.40535812,1.0197,
entspannung_ruhe_synth,Entspannung / Ruhe synthetisch,entspannung,205,FCz,delta,0.5-4 Hz,,0,0.000,51.059064,48.750384,0.9548,
entspannung_ruhe_synth,Entspannung / Ruhe synthetisch,entspannung,205,FCz,theta,4-7 Hz,,0,0.000,4.7731448,4.8320547,1.0123,
entspannung_ruhe_synth,Entspannung / Ruhe synthetisch,entspannung,205,FCz,alpha,8-12 Hz,,0,0.000,1.5969023,1.7038204,1.0670,
entspannung_ruhe_synth,Entspannung / Ruhe synthetisch,entspannung,205,FCz,mu,8-13 Hz,,0,0.000,1.489021,1.5133162,1.0163,
entspannung_ruhe_synth,Entspannung / Ruhe synthetisch,entspannung,205,FCz,smr,12-15 Hz,,0,0.000,0.99825624,0.98511178,0.9868,
entspannung_ruhe_synth,Entspannung / Ruhe synthetisch,entspannung,205,FCz,lowbeta,13-16 Hz,,0,0.000,0.90839433,0.89227153,0.9823,
entspannung_ruhe_synth,Entspannung / Ruhe synthetisch,entspannung,205,FCz,highbeta,16-30 Hz,,0,0.000,0.58255874,0.57419209,0.9856,
entspannung_ruhe_synth,Entspannung / Ruhe synthetisch,entspannung,205,FCz,gamma,30-45 Hz,,0,0.000,0.42675128,0.42295802,0.9911,
entspannung_ruhe_synth,Entspannung / Ruhe synthetisch,entspannung,205,FC2,delta,0.5-4 Hz,,0,0.000,43.102448,42.532494,0.9868,
entspannung_ruhe_synth,Entspannung / Ruhe synthetisch,entspannung,205,FC2,theta,4-7 Hz,,0,0.000,3.3997448,3.5087777,1.0321,
entspannung_ruhe_synth,Entspannung / Ruhe synthetisch,entspannung,205,FC2,alpha,8-12 Hz,,0,0.000,1.3559234,1.27367,0.9393,
entspannung_ruhe_synth,Entspannung / Ruhe synthetisch,entspannung,205,FC2,mu,8-13 Hz,,0,0.000,1.266844,1.3050647,1.0302,
entspannung_ruhe_synth,Entspannung / Ruhe synthetisch,entspannung,205,FC2,smr,12-15 Hz,,0,0.000,0.83101377,0.81997041,0.9867,
entspannung_ruhe_synth,Entspannung / Ruhe synthetisch,entspannung,205,FC2,lowbeta,13-16 Hz,,0,0.000,0.75840097,0.76840668,1.0132,
entspannung_ruhe_synth,Entspannung / Ruhe synthetisch,entspannung,205,FC2,highbeta,16-30 Hz,,0,0.000,0.52231256,0.50171016,0.9606,
entspannung_ruhe_synth,Entspannung / Ruhe synthetisch,entspannung,205,FC2,gamma,30-45 Hz,,0,0.000,0.42531189,0.44508978,1.0465,
entspannung_ruhe_synth,Entspannung / Ruhe synthetisch,entspannung,205,FC4,delta,0.5-4 Hz,,0,0.000,184.76088,192.81594,1.0436,
entspannung_ruhe_synth,Entspannung / Ruhe synthetisch,entspannung,205,FC4,theta,4-7 Hz,,0,0.000,3.6605907,3.7835341,1.0336,
entspannung_ruhe_synth,Entspannung / Ruhe synthetisch,entspannung,205,FC4,alpha,8-12 Hz,,0,0.000,1.2490261,1.1828072,0.9470,
entspannung_ruhe_synth,Entspannung / Ruhe synthetisch,entspannung,205,FC4,mu,8-13 Hz,,0,0.000,1.1503727,1.1837557,1.0290,
entspannung_ruhe_synth,Entspannung / Ruhe synthetisch,entspannung,205,FC4,smr,12-15 Hz,,0,0.000,0.7237605,0.73401614,1.0142,
entspannung_ruhe_synth,Entspannung / Ruhe synthetisch,entspannung,205,FC4,lowbeta,13-16 Hz,,0,0.000,0.67024622,0.63258878,0.9438,
entspannung_ruhe_synth,Entspannung / Ruhe synthetisch,entspannung,205,FC4,highbeta,16-30 Hz,,0,0.000,0.44626865,0.44588914,0.9991,
entspannung_ruhe_synth,Entspannung / Ruhe synthetisch,entspannung,205,FC4,gamma,30-45 Hz,,0,0.000,0.37148235,0.37622198,1.0128,
entspannung_ruhe_synth,Entspannung / Ruhe synthetisch,entspannung,205,C3,delta,0.5-4 Hz,,0,0.000,127.19315,129.66867,1.0195,
entspannung_ruhe_synth,Entspannung / Ruhe synthetisch,entspannung,205,C3,theta,4-7 Hz,,0,0.000,3.6136493,3.6360689,1.0062,
entspannung_ruhe_synth,Entspannung / Ruhe synthetisch,entspannung,205,C3,alpha,8-12 Hz,,0,0.000,1.2775763,1.2905988,1.0102,
entspannung_ruhe_synth,Entspannung / Ruhe synthetisch,entspannung,205,C3,mu,8-13 Hz,,0,0.000,1.1805038,1.2413899,1.0516,
entspannung_ruhe_synth,Entspannung / Ruhe synthetisch,entspannung,205,C3,smr,12-15 Hz,,0,0.000,0.76255881,0.79528111,1.0429,
entspannung_ruhe_synth,Entspannung / Ruhe synthetisch,entspannung,205,C3,lowbeta,13-16 Hz,,0,0.000,0.70739997,0.63641456,0.8997,
entspannung_ruhe_synth,Entspannung / Ruhe synthetisch,entspannung,205,C3,highbeta,16-30 Hz,,0,0.000,0.48417099,0.47879168,0.9889,
entspannung_ruhe_synth,Entspannung / Ruhe synthetisch,entspannung,205,C3,gamma,30-45 Hz,,0,0.000,0.40505889,0.40272462,0.9942,
entspannung_ruhe_synth,Entspannung / Ruhe synthetisch,entspannung,205,C1,delta,0.5-4 Hz,,0,0.000,43.586186,40.913331,0.9387,
entspannung_ruhe_synth,Entspannung / Ruhe synthetisch,entspannung,205,C1,theta,4-7 Hz,,0,0.000,3.2168222,3.2274261,1.0033,
entspannung_ruhe_synth,Entspannung / Ruhe synthetisch,entspannung,205,C1,alpha,8-12 Hz,,0,0.000,1.1508042,1.2011019,1.0437,
entspannung_ruhe_synth,Entspannung / Ruhe synthetisch,entspannung,205,C1,mu,8-13 Hz,,0,0.000,1.0702767,1.0295742,0.9620,
entspannung_ruhe_synth,Entspannung / Ruhe synthetisch,entspannung,205,C1,smr,12-15 Hz,,0,0.000,0.67432648,0.68226602,1.0118,
entspannung_ruhe_synth,Entspannung / Ruhe synthetisch,entspannung,205,C1,lowbeta,13-16 Hz,,0,0.000,0.61322414,0.59356797,0.9679,
entspannung_ruhe_synth,Entspannung / Ruhe synthetisch,entspannung,205,C1,highbeta,16-30 Hz,,0,0.000,0.42317482,0.41322305,0.9765,
entspannung_ruhe_synth,Entspannung / Ruhe synthetisch,entspannung,205,C1,gamma,30-45 Hz,,0,0.000,0.35649158,0.37492532,1.0517,
entspannung_ruhe_synth,Entspannung / Ruhe synthetisch,entspannung,205,Cz,delta,0.5-4 Hz,,0,0.000,45.4874,44.623616,0.9810,
entspannung_ruhe_synth,Entspannung / Ruhe synthetisch,entspannung,205,Cz,theta,4-7 Hz,,0,0.000,3.2295312,3.2817767,1.0162,
entspannung_ruhe_synth,Entspannung / Ruhe synthetisch,entspannung,205,Cz,alpha,8-12 Hz,,0,0.000,1.2211668,1.1411893,0.9345,
entspannung_ruhe_synth,Entspannung / Ruhe synthetisch,entspannung,205,Cz,mu,8-13 Hz,,0,0.000,1.1466281,1.2213666,1.0652,
entspannung_ruhe_synth,Entspannung / Ruhe synthetisch,entspannung,205,Cz,smr,12-15 Hz,,0,0.000,0.75485513,0.77077716,1.0211,
entspannung_ruhe_synth,Entspannung / Ruhe synthetisch,entspannung,205,Cz,lowbeta,13-16 Hz,,0,0.000,0.67296339,0.66866484,0.9936,
entspannung_ruhe_synth,Entspannung / Ruhe synthetisch,entspannung,205,Cz,highbeta,16-30 Hz,,0,0.000,0.45334985,0.46248218,1.0201,
entspannung_ruhe_synth,Entspannung / Ruhe synthetisch,entspannung,205,Cz,gamma,30-45 Hz,,0,0.000,0.38053564,0.36175861,0.9507,
entspannung_ruhe_synth,Entspannung / Ruhe synthetisch,entspannung,205,C2,delta,0.5-4 Hz,,0,0.000,51.757203,53.89936,1.0414,
entspannung_ruhe_synth,Entspannung / Ruhe synthetisch,entspannung,205,C2,theta,4-7 Hz,,0,0.000,3.5215797,3.4816469,0.9887,
entspannung_ruhe_synth,Entspannung / Ruhe synthetisch,entspannung,205,C2,alpha,8-12 Hz,,0,0.000,1.5814405,1.5701452,0.9929,
entspannung_ruhe_synth,Entspannung / Ruhe synthetisch,entspannung,205,C2,mu,8-13 Hz,,0,0.000,1.4828982,1.4573806,0.9828,
entspannung_ruhe_synth,Entspannung / Ruhe synthetisch,entspannung,205,C2,smr,12-15 Hz,,0,0.000,0.99199764,0.97183747,0.9797,
entspannung_ruhe_synth,Entspannung / Ruhe synthetisch,entspannung,205,C2,lowbeta,13-16 Hz,,0,0.000,0.87474107,0.89600906,1.0243,
entspannung_ruhe_synth,Entspannung / Ruhe synthetisch,entspannung,205,C2,highbeta,16-30 Hz,,0,0.000,0.68789815,0.69405947,1.0090,
entspannung_ruhe_synth,Entspannung / Ruhe synthetisch,entspannung,205,C2,gamma,30-45 Hz,,0,0.000,0.57062269,0.58363927,1.0228,
entspannung_ruhe_synth,Entspannung / Ruhe synthetisch,entspannung,205,C4,delta,0.5-4 Hz,,0,0.000,43.394198,43.380841,0.9997,
entspannung_ruhe_synth,Entspannung / Ruhe synthetisch,entspannung,205,C4,theta,4-7 Hz,,0,0.000,3.6720879,3.7380459,1.0180,
entspannung_ruhe_synth,Entspannung / Ruhe synthetisch,entspannung,205,C4,alpha,8-12 Hz,,0,0.000,1.5654978,1.542548,0.9853,
entspannung_ruhe_synth,Entspannung / Ruhe synthetisch,entspannung,205,C4,mu,8-13 Hz,,0,0.000,1.4531423,1.5665464,1.0780,
entspannung_ruhe_synth,Entspannung / Ruhe synthetisch,entspannung,205,C4,smr,12-15 Hz,,0,0.000,0.94202229,0.8903264,0.9451,
entspannung_ruhe_synth,Entspannung / Ruhe synthetisch,entspannung,205,C4,lowbeta,13-16 Hz,,0,0.000,0.86333988,0.90144149,1.0441,
entspannung_ruhe_synth,Entspannung / Ruhe synthetisch,entspannung,205,C4,highbeta,16-30 Hz,,0,0.000,0.54214853,0.56810485,1.0479,
entspannung_ruhe_synth,Entspannung / Ruhe synthetisch,entspannung,205,C4,gamma,30-45 Hz,,0,0.000,0.42753346,0.41478203,0.9702,
entspannung_ruhe_synth,Entspannung / Ruhe synthetisch,entspannung,205,CP3,delta,0.5-4 Hz,,0,0.000,48.766583,52.571575,1.0780,
entspannung_ruhe_synth,Entspannung / Ruhe synthetisch,entspannung,205,CP3,theta,4-7 Hz,,0,0.000,3.2584243,3.3719549,1.0348,
entspannung_ruhe_synth,Entspannung / Ruhe synthetisch,entspannung,205,CP3,alpha,8-12 Hz,,0,0.000,1.5182483,1.5698534,1.0340,
entspannung_ruhe_synth,Entspannung / Ruhe synthetisch,entspannung,205,CP3,mu,8-13 Hz,,0,0.000,1.4351409,1.4365484,1.0010,
entspannung_ruhe_synth,Entspannung / Ruhe synthetisch,entspannung,205,CP3,smr,12-15 Hz,,0,0.000,1.0149195,1.0072032,0.9924,
entspannung_ruhe_synth,Entspannung / Ruhe synthetisch,entspannung,205,CP3,lowbeta,13-16 Hz,,0,0.000,0.89430276,0.88774813,0.9927,
entspannung_ruhe_synth,Entspannung / Ruhe synthetisch,entspannung,205,CP3,highbeta,16-30 Hz,,0,0.000,0.4874327,0.49409521,1.0137,
entspannung_ruhe_synth,Entspannung / Ruhe synthetisch,entspannung,205,CP3,gamma,30-45 Hz,,0,0.000,0.38587195,0.4047957,1.0490,
entspannung_ruhe_synth,Entspannung / Ruhe synthetisch,entspannung,205,CP1,delta,0.5-4 Hz,,0,0.000,47.880986,48.184839,1.0063,
entspannung_ruhe_synth,Entspannung / Ruhe synthetisch,entspannung,205,CP1,theta,4-7 Hz,,0,0.000,3.590128,3.4756011,0.9681,
entspannung_ruhe_synth,Entspannung / Ruhe synthetisch,entspannung,205,CP1,alpha,8-12 Hz,,0,0.000,1.326924,1.3652124,1.0289,
entspannung_ruhe_synth,Entspannung / Ruhe synthetisch,entspannung,205,CP1,mu,8-13 Hz,,0,0.000,1.2359362,1.2757832,1.0322,
entspannung_ruhe_synth,Entspannung / Ruhe synthetisch,entspannung,205,CP1,smr,12-15 Hz,,0,0.000,0.79248801,0.81064636,1.0229,
entspannung_ruhe_synth,Entspannung / Ruhe synthetisch,entspannung,205,CP1,lowbeta,13-16 Hz,,0,0.000,0.71496135,0.73361645,1.0261,
entspannung_ruhe_synth,Entspannung / Ruhe synthetisch,entspannung,205,CP1,highbeta,16-30 Hz,,0,0.000,0.48603103,0.48142224,0.9905,
entspannung_ruhe_synth,Entspannung / Ruhe synthetisch,entspannung,205,CP1,gamma,30-45 Hz,,0,0.000,0.40532788,0.3921488,0.9675,
entspannung_ruhe_synth,Entspannung / Ruhe synthetisch,entspannung,205,CPz,delta,0.5-4 Hz,,0,0.000,65.020588,63.044822,0.9696,
entspannung_ruhe_synth,Entspannung / Ruhe synthetisch,entspannung,205,CPz,theta,4-7 Hz,,0,0.000,3.4627616,3.2645489,0.9428,
entspannung_ruhe_synth,Entspannung / Ruhe synthetisch,entspannung,205,CPz,alpha,8-12 Hz,,0,0.000,1.3483544,1.3595366,1.0083,
entspannung_ruhe_synth,Entspannung / Ruhe synthetisch,entspannung,205,CPz,mu,8-13 Hz,,0,0.000,1.2599915,1.2563114,0.9971,
entspannung_ruhe_synth,Entspannung / Ruhe synthetisch,entspannung,205,CPz,smr,12-15 Hz,,0,0.000,0.87168936,0.85826572,0.9846,
entspannung_ruhe_synth,Entspannung / Ruhe synthetisch,entspannung,205,CPz,lowbeta,13-16 Hz,,0,0.000,0.81178384,0.72780751,0.8966,
entspannung_ruhe_synth,Entspannung / Ruhe synthetisch,entspannung,205,CPz,highbeta,16-30 Hz,,0,0.000,0.56176991,0.53724522,0.9563,
entspannung_ruhe_synth,Entspannung / Ruhe synthetisch,entspannung,205,CPz,gamma,30-45 Hz,,0,0.000,0.46441882,0.4826377,1.0392,
entspannung_ruhe_synth,Entspannung / Ruhe synthetisch,entspannung,205,CP2,delta,0.5-4 Hz,,0,0.000,46.677659,45.591848,0.9767,
entspannung_ruhe_synth,Entspannung / Ruhe synthetisch,entspannung,205,CP2,theta,4-7 Hz,,0,0.000,3.7192957,3.7662359,1.0126,
entspannung_ruhe_synth,Entspannung / Ruhe synthetisch,entspannung,205,CP2,alpha,8-12 Hz,,0,0.000,1.4952788,1.4224976,0.9513,
entspannung_ruhe_synth,Entspannung / Ruhe synthetisch,entspannung,205,CP2,mu,8-13 Hz,,0,0.000,1.4005421,1.471066,1.0504,
entspannung_ruhe_synth,Entspannung / Ruhe synthetisch,entspannung,205,CP2,smr,12-15 Hz,,0,0.000,0.92927466,0.92459022,0.9950,
entspannung_ruhe_synth,Entspannung / Ruhe synthetisch,entspannung,205,CP2,lowbeta,13-16 Hz,,0,0.000,0.8373235,0.84582351,1.0102,
entspannung_ruhe_synth,Entspannung / Ruhe synthetisch,entspannung,205,CP2,highbeta,16-30 Hz,,0,0.000,0.59092303,0.63902552,1.0814,
entspannung_ruhe_synth,Entspannung / Ruhe synthetisch,entspannung,205,CP2,gamma,30-45 Hz,,0,0.000,0.52353393,0.5513207,1.0531,
entspannung_ruhe_synth,Entspannung / Ruhe synthetisch,entspannung,205,CP4,delta,0.5-4 Hz,,0,0.000,46.743735,46.242185,0.9893,
entspannung_ruhe_synth,Entspannung / Ruhe synthetisch,entspannung,205,CP4,theta,4-7 Hz,,0,0.000,3.7986924,3.7198212,0.9792,
entspannung_ruhe_synth,Entspannung / Ruhe synthetisch,entspannung,205,CP4,alpha,8-12 Hz,,0,0.000,1.4650624,1.4483694,0.9886,
entspannung_ruhe_synth,Entspannung / Ruhe synthetisch,entspannung,205,CP4,mu,8-13 Hz,,0,0.000,1.3623361,1.386649,1.0178,
entspannung_ruhe_synth,Entspannung / Ruhe synthetisch,entspannung,205,CP4,smr,12-15 Hz,,0,0.000,0.8983876,0.89507897,0.9963,
entspannung_ruhe_synth,Entspannung / Ruhe synthetisch,entspannung,205,CP4,lowbeta,13-16 Hz,,0,0.000,0.83041969,0.81893204,0.9862,
entspannung_ruhe_synth,Entspannung / Ruhe synthetisch,entspannung,205,CP4,highbeta,16-30 Hz,,0,0.000,0.57557806,0.60513477,1.0514,
entspannung_ruhe_synth,Entspannung / Ruhe synthetisch,entspannung,205,CP4,gamma,30-45 Hz,,0,0.000,0.43443947,0.43270287,0.9960,
entspannung_ruhe_synth,Entspannung / Ruhe synthetisch,entspannung,205,P3,delta,0.5-4 Hz,,0,0.000,46.625675,50.378371,1.0805,
entspannung_ruhe_synth,Entspannung / Ruhe synthetisch,entspannung,205,P3,theta,4-7 Hz,,0,0.000,3.6540975,3.6657028,1.0032,
entspannung_ruhe_synth,Entspannung / Ruhe synthetisch,entspannung,205,P3,alpha,8-12 Hz,up,1,0.760,1.3347672,2.7757278,2.0796,Parietal links: Alpha-Anstieg als Ruheindikator.
entspannung_ruhe_synth,Entspannung / Ruhe synthetisch,entspannung,205,P3,mu,8-13 Hz,,0,0.000,1.2345772,1.250017,1.0125,
entspannung_ruhe_synth,Entspannung / Ruhe synthetisch,entspannung,205,P3,smr,12-15 Hz,,0,0.000,0.77904584,0.80530251,1.0337,
entspannung_ruhe_synth,Entspannung / Ruhe synthetisch,entspannung,205,P3,lowbeta,13-16 Hz,,0,0.000,0.71369807,0.6955977,0.9746,
entspannung_ruhe_synth,Entspannung / Ruhe synthetisch,entspannung,205,P3,highbeta,16-30 Hz,,0,0.000,0.4797935,0.46545651,0.9701,
entspannung_ruhe_synth,Entspannung / Ruhe synthetisch,entspannung,205,P3,gamma,30-45 Hz,,0,0.000,0.39756797,0.40396473,1.0161,
entspannung_ruhe_synth,Entspannung / Ruhe synthetisch,entspannung,205,P1,delta,0.5-4 Hz,,0,0.000,43.977698,45.499299,1.0346,
entspannung_ruhe_synth,Entspannung / Ruhe synthetisch,entspannung,205,P1,theta,4-7 Hz,,0,0.000,3.608426,3.6135102,1.0014,
entspannung_ruhe_synth,Entspannung / Ruhe synthetisch,entspannung,205,P1,alpha,8-12 Hz,,0,0.000,1.2798138,1.2221918,0.9550,
entspannung_ruhe_synth,Entspannung / Ruhe synthetisch,entspannung,205,P1,mu,8-13 Hz,,0,0.000,1.1866901,1.1301929,0.9524,
entspannung_ruhe_synth,Entspannung / Ruhe synthetisch,entspannung,205,P1,smr,12-15 Hz,,0,0.000,0.74047019,0.70348387,0.9501,
entspannung_ruhe_synth,Entspannung / Ruhe synthetisch,entspannung,205,P1,lowbeta,13-16 Hz,,0,0.000,0.67094595,0.62943669,0.9381,
entspannung_ruhe_synth,Entspannung / Ruhe synthetisch,entspannung,205,P1,highbeta,16-30 Hz,,0,0.000,0.45734758,0.45910014,1.0038,
entspannung_ruhe_synth,Entspannung / Ruhe synthetisch,entspannung,205,P1,gamma,30-45 Hz,,0,0.000,0.37750089,0.39236557,1.0394,
entspannung_ruhe_synth,Entspannung / Ruhe synthetisch,entspannung,205,Pz,delta,0.5-4 Hz,,0,0.000,42.351521,42.331634,0.9995,
entspannung_ruhe_synth,Entspannung / Ruhe synthetisch,entspannung,205,Pz,theta,4-7 Hz,,0,0.000,3.7849729,3.4855266,0.9209,
entspannung_ruhe_synth,Entspannung / Ruhe synthetisch,entspannung,205,Pz,alpha,8-12 Hz,up,1,0.820,1.8791115,3.9485342,2.1013,Parietaler Alpha-Anstieg bei nachlassender externer Aufmerksamkeit.
entspannung_ruhe_synth,Entspannung / Ruhe synthetisch,entspannung,205,Pz,mu,8-13 Hz,,0,0.000,1.7221163,1.7123038,0.9943,
entspannung_ruhe_synth,Entspannung / Ruhe synthetisch,entspannung,205,Pz,smr,12-15 Hz,,0,0.000,1.0126271,1.0869133,1.0734,
entspannung_ruhe_synth,Entspannung / Ruhe synthetisch,entspannung,205,Pz,lowbeta,13-16 Hz,,0,0.000,0.93678802,0.88901199,0.9490,
entspannung_ruhe_synth,Entspannung / Ruhe synthetisch,entspannung,205,Pz,highbeta,16-30 Hz,,0,0.000,0.59830451,0.59012346,0.9863,
entspannung_ruhe_synth,Entspannung / Ruhe synthetisch,entspannung,205,Pz,gamma,30-45 Hz,,0,0.000,0.44536917,0.47195987,1.0597,
entspannung_ruhe_synth,Entspannung / Ruhe synthetisch,entspannung,205,P2,delta,0.5-4 Hz,,0,0.000,49.818193,50.602792,1.0157,
entspannung_ruhe_synth,Entspannung / Ruhe synthetisch,entspannung,205,P2,theta,4-7 Hz,,0,0.000,4.6569691,4.7487857,1.0197,
entspannung_ruhe_synth,Entspannung / Ruhe synthetisch,entspannung,205,P2,alpha,8-12 Hz,,0,0.000,2.0009501,2.0089748,1.0040,
entspannung_ruhe_synth,Entspannung / Ruhe synthetisch,entspannung,205,P2,mu,8-13 Hz,,0,0.000,1.8490546,1.8704075,1.0115,
entspannung_ruhe_synth,Entspannung / Ruhe synthetisch,entspannung,205,P2,smr,12-15 Hz,,0,0.000,1.1450472,1.1762112,1.0272,
entspannung_ruhe_synth,Entspannung / Ruhe synthetisch,entspannung,205,P2,lowbeta,13-16 Hz,,0,0.000,1.0151901,0.98642768,0.9717,
entspannung_ruhe_synth,Entspannung / Ruhe synthetisch,entspannung,205,P2,highbeta,16-30 Hz,,0,0.000,0.65783717,0.67805385,1.0307,
entspannung_ruhe_synth,Entspannung / Ruhe synthetisch,entspannung,205,P2,gamma,30-45 Hz,,0,0.000,0.48833031,0.46486354,0.9519,
entspannung_ruhe_synth,Entspannung / Ruhe synthetisch,entspannung,205,P4,delta,0.5-4 Hz,,0,0.000,34.804076,35.204075,1.0115,
entspannung_ruhe_synth,Entspannung / Ruhe synthetisch,entspannung,205,P4,theta,4-7 Hz,,0,0.000,3.0875438,3.1068593,1.0063,
entspannung_ruhe_synth,Entspannung / Ruhe synthetisch,entspannung,205,P4,alpha,8-12 Hz,up,1,0.760,2.1315842,4.2791792,2.0075,Parietal rechts: Alpha-Anstieg als Ruheindikator.
entspannung_ruhe_synth,Entspannung / Ruhe synthetisch,entspannung,205,P4,mu,8-13 Hz,,0,0.000,1.9665715,1.96501,0.9992,
entspannung_ruhe_synth,Entspannung / Ruhe synthetisch,entspannung,205,P4,smr,12-15 Hz,,0,0.000,1.1780124,1.1523448,0.9782,
entspannung_ruhe_synth,Entspannung / Ruhe synthetisch,entspannung,205,P4,lowbeta,13-16 Hz,,0,0.000,1.0421031,1.0030143,0.9625,
entspannung_ruhe_synth,Entspannung / Ruhe synthetisch,entspannung,205,P4,highbeta,16-30 Hz,,0,0.000,0.68256754,0.67411973,0.9876,
entspannung_ruhe_synth,Entspannung / Ruhe synthetisch,entspannung,205,P4,gamma,30-45 Hz,,0,0.000,0.50501117,0.48549774,0.9614,
entspannung_ruhe_synth,Entspannung / Ruhe synthetisch,entspannung,205,PO3,delta,0.5-4 Hz,,0,0.000,41.739203,42.210769,1.0113,
entspannung_ruhe_synth,Entspannung / Ruhe synthetisch,entspannung,205,PO3,theta,4-7 Hz,,0,0.000,3.7001683,3.5512255,0.9597,
entspannung_ruhe_synth,Entspannung / Ruhe synthetisch,entspannung,205,PO3,alpha,8-12 Hz,,0,0.000,1.2720876,1.303787,1.0249,
entspannung_ruhe_synth,Entspannung / Ruhe synthetisch,entspannung,205,PO3,mu,8-13 Hz,,0,0.000,1.1682273,1.119919,0.9586,
entspannung_ruhe_synth,Entspannung / Ruhe synthetisch,entspannung,205,PO3,smr,12-15 Hz,,0,0.000,0.70641226,0.69241094,0.9802,
entspannung_ruhe_synth,Entspannung / Ruhe synthetisch,entspannung,205,PO3,lowbeta,13-16 Hz,,0,0.000,0.65299607,0.63872085,0.9781,
entspannung_ruhe_synth,Entspannung / Ruhe synthetisch,entspannung,205,PO3,highbeta,16-30 Hz,,0,0.000,0.4354655,0.45566245,1.0464,
entspannung_ruhe_synth,Entspannung / Ruhe synthetisch,entspannung,205,PO3,gamma,30-45 Hz,,0,0.000,0.35586963,0.35998353,1.0116,
entspannung_ruhe_synth,Entspannung / Ruhe synthetisch,entspannung,205,POz,delta,0.5-4 Hz,,0,0.000,48.361709,48.003316,0.9926,
entspannung_ruhe_synth,Entspannung / Ruhe synthetisch,entspannung,205,POz,theta,4-7 Hz,,0,0.000,4.6695412,4.7510489,1.0175,
entspannung_ruhe_synth,Entspannung / Ruhe synthetisch,entspannung,205,POz,alpha,8-12 Hz,up,1,0.880,1.4750559,3.1341756,2.1248,Okzipitoparietaler Alpha-Anstieg.
entspannung_ruhe_synth,Entspannung / Ruhe synthetisch,entspannung,205,POz,mu,8-13 Hz,,0,0.000,1.3564593,1.3544115,0.9985,
entspannung_ruhe_synth,Entspannung / Ruhe synthetisch,entspannung,205,POz,smr,12-15 Hz,,0,0.000,0.82678317,0.88458606,1.0699,
entspannung_ruhe_synth,Entspannung / Ruhe synthetisch,entspannung,205,POz,lowbeta,13-16 Hz,,0,0.000,0.7696428,0.77320789,1.0046,
entspannung_ruhe_synth,Entspannung / Ruhe synthetisch,entspannung,205,POz,highbeta,16-30 Hz,,0,0.000,0.50126615,0.50245764,1.0024,
entspannung_ruhe_synth,Entspannung / Ruhe synthetisch,entspannung,205,POz,gamma,30-45 Hz,,0,0.000,0.38726758,0.39469711,1.0192,
entspannung_ruhe_synth,Entspannung / Ruhe synthetisch,entspannung,205,PO4,delta,0.5-4 Hz,,0,0.000,56.613457,58.388073,1.0313,
entspannung_ruhe_synth,Entspannung / Ruhe synthetisch,entspannung,205,PO4,theta,4-7 Hz,,0,0.000,5.6846928,5.2872683,0.9301,
entspannung_ruhe_synth,Entspannung / Ruhe synthetisch,entspannung,205,PO4,alpha,8-12 Hz,,0,0.000,1.9090838,1.7966742,0.9411,
entspannung_ruhe_synth,Entspannung / Ruhe synthetisch,entspannung,205,PO4,mu,8-13 Hz,,0,0.000,1.7582626,1.7712037,1.0074,
entspannung_ruhe_synth,Entspannung / Ruhe synthetisch,entspannung,205,PO4,smr,12-15 Hz,,0,0.000,1.0434047,1.017298,0.9750,
entspannung_ruhe_synth,Entspannung / Ruhe synthetisch,entspannung,205,PO4,lowbeta,13-16 Hz,,0,0.000,0.94161105,0.98485066,1.0459,
entspannung_ruhe_synth,Entspannung / Ruhe synthetisch,entspannung,205,PO4,highbeta,16-30 Hz,,0,0.000,0.59973272,0.59311701,0.9890,
entspannung_ruhe_synth,Entspannung / Ruhe synthetisch,entspannung,205,PO4,gamma,30-45 Hz,,0,0.000,0.42345471,0.39478319,0.9323,
entspannung_ruhe_synth,Entspannung / Ruhe synthetisch,entspannung,205,O1,delta,0.5-4 Hz,,0,0.000,67.405639,64.414144,0.9556,
entspannung_ruhe_synth,Entspannung / Ruhe synthetisch,entspannung,205,O1,theta,4-7 Hz,,0,0.000,6.9652165,6.2948934,0.9038,
entspannung_ruhe_synth,Entspannung / Ruhe synthetisch,entspannung,205,O1,alpha,8-12 Hz,up,1,0.940,2.1221759,4.8003114,2.2620,Okzipital links: starker Alpha-Anstieg im Ruhezustand.
entspannung_ruhe_synth,Entspannung / Ruhe synthetisch,entspannung,205,O1,mu,8-13 Hz,,0,0.000,1.9376979,1.9249218,0.9934,
entspannung_ruhe_synth,Entspannung / Ruhe synthetisch,entspannung,205,O1,smr,12-15 Hz,,0,0.000,1.1148797,1.0983168,0.9851,
entspannung_ruhe_synth,Entspannung / Ruhe synthetisch,entspannung,205,O1,lowbeta,13-16 Hz,,0,0.000,1.0241977,1.0628722,1.0378,
entspannung_ruhe_synth,Entspannung / Ruhe synthetisch,entspannung,205,O1,highbeta,16-30 Hz,,0,0.000,0.63952663,0.66635362,1.0419,
entspannung_ruhe_synth,Entspannung / Ruhe synthetisch,entspannung,205,O1,gamma,30-45 Hz,,0,0.000,0.44907218,0.44639409,0.9940,
entspannung_ruhe_synth,Entspannung / Ruhe synthetisch,entspannung,205,O2,delta,0.5-4 Hz,,0,0.000,108.95747,100.81679,0.9253,
entspannung_ruhe_synth,Entspannung / Ruhe synthetisch,entspannung,205,O2,theta,4-7 Hz,,0,0.000,9.8401059,10.0527,1.0216,
entspannung_ruhe_synth,Entspannung / Ruhe synthetisch,entspannung,205,O2,alpha,8-12 Hz,up,1,0.940,2.5760277,5.8879255,2.2857,Okzipital rechts: starker Alpha-Anstieg im Ruhezustand.
entspannung_ruhe_synth,Entspannung / Ruhe synthetisch,entspannung,205,O2,mu,8-13 Hz,,0,0.000,2.3514134,2.3768762,1.0108,
entspannung_ruhe_synth,Entspannung / Ruhe synthetisch,entspannung,205,O2,smr,12-15 Hz,,0,0.000,1.3507925,1.3971947,1.0344,
entspannung_ruhe_synth,Entspannung / Ruhe synthetisch,entspannung,205,O2,lowbeta,13-16 Hz,,0,0.000,1.2517707,1.2007373,0.9592,
entspannung_ruhe_synth,Entspannung / Ruhe synthetisch,entspannung,205,O2,highbeta,16-30 Hz,,0,0.000,0.74100735,0.79310494,1.0703,
entspannung_ruhe_synth,Entspannung / Ruhe synthetisch,entspannung,205,O2,gamma,30-45 Hz,,0,0.000,0.47663921,0.46063368,0.9664,
fokus_engagement_synth,Fokus / Engagement synthetisch,konzentration,206,AF3,delta,0.5-4 Hz,,0,0.000,45.474322,46.666786,1.0262,
fokus_engagement_synth,Fokus / Engagement synthetisch,konzentration,206,AF3,theta,4-7 Hz,,0,0.000,4.2603149,4.0087127,0.9409,
fokus_engagement_synth,Fokus / Engagement synthetisch,konzentration,206,AF3,alpha,8-12 Hz,,0,0.000,1.4809285,1.4327106,0.9674,
fokus_engagement_synth,Fokus / Engagement synthetisch,konzentration,206,AF3,mu,8-13 Hz,,0,0.000,1.366302,1.4388156,1.0531,
fokus_engagement_synth,Fokus / Engagement synthetisch,konzentration,206,AF3,smr,12-15 Hz,,0,0.000,0.8180701,0.8105999,0.9909,
fokus_engagement_synth,Fokus / Engagement synthetisch,konzentration,206,AF3,lowbeta,13-16 Hz,,0,0.000,0.73952171,0.76126164,1.0294,
fokus_engagement_synth,Fokus / Engagement synthetisch,konzentration,206,AF3,highbeta,16-30 Hz,,0,0.000,0.49042287,0.49449016,1.0083,
fokus_engagement_synth,Fokus / Engagement synthetisch,konzentration,206,AF3,gamma,30-45 Hz,,0,0.000,0.38885404,0.38742557,0.9963,
fokus_engagement_synth,Fokus / Engagement synthetisch,konzentration,206,AF4,delta,0.5-4 Hz,,0,0.000,51.959011,54.439262,1.0477,
fokus_engagement_synth,Fokus / Engagement synthetisch,konzentration,206,AF4,theta,4-7 Hz,,0,0.000,5.2885624,5.244757,0.9917,
fokus_engagement_synth,Fokus / Engagement synthetisch,konzentration,206,AF4,alpha,8-12 Hz,,0,0.000,1.629234,1.5276907,0.9377,
fokus_engagement_synth,Fokus / Engagement synthetisch,konzentration,206,AF4,mu,8-13 Hz,,0,0.000,1.4967693,1.45469,0.9719,
fokus_engagement_synth,Fokus / Engagement synthetisch,konzentration,206,AF4,smr,12-15 Hz,,0,0.000,0.90025004,0.9176174,1.0193,
fokus_engagement_synth,Fokus / Engagement synthetisch,konzentration,206,AF4,lowbeta,13-16 Hz,,0,0.000,0.82604999,0.83748485,1.0138,
fokus_engagement_synth,Fokus / Engagement synthetisch,konzentration,206,AF4,highbeta,16-30 Hz,,0,0.000,0.51939608,0.49090874,0.9452,
fokus_engagement_synth,Fokus / Engagement synthetisch,konzentration,206,AF4,gamma,30-45 Hz,,0,0.000,0.40352537,0.3932952,0.9746,
fokus_engagement_synth,Fokus / Engagement synthetisch,konzentration,206,F3,delta,0.5-4 Hz,,0,0.000,55.985494,54.845615,0.9796,
fokus_engagement_synth,Fokus / Engagement synthetisch,konzentration,206,F3,theta,4-7 Hz,,0,0.000,5.98203,5.9055112,0.9872,
fokus_engagement_synth,Fokus / Engagement synthetisch,konzentration,206,F3,alpha,8-12 Hz,,0,0.000,1.784369,1.6984392,0.9518,
fokus_engagement_synth,Fokus / Engagement synthetisch,konzentration,206,F3,mu,8-13 Hz,,0,0.000,1.6328313,1.5969204,0.9780,
fokus_engagement_synth,Fokus / Engagement synthetisch,konzentration,206,F3,smr,12-15 Hz,,0,0.000,0.96360863,0.93903529,0.9745,
fokus_engagement_synth,Fokus / Engagement synthetisch,konzentration,206,F3,lowbeta,13-16 Hz,up,1,0.680,0.89035515,1.7283093,1.9411,Low-Beta statt High-Beta: aktives Engagement ohne Stressdominanz.
fokus_engagement_synth,Fokus / Engagement synthetisch,konzentration,206,F3,highbeta,16-30 Hz,,0,0.000,0.54737047,0.56287158,1.0283,
fokus_engagement_synth,Fokus / Engagement synthetisch,konzentration,206,F3,gamma,30-45 Hz,,0,0.000,0.40995109,0.40785896,0.9949,
fokus_engagement_synth,Fokus / Engagement synthetisch,konzentration,206,F1,delta,0.5-4 Hz,,0,0.000,102.09552,100.69463,0.9863,
fokus_engagement_synth,Fokus / Engagement synthetisch,konzentration,206,F1,theta,4-7 Hz,,0,0.000,12.268298,12.32838,1.0049,
fokus_engagement_synth,Fokus / Engagement synthetisch,konzentration,206,F1,alpha,8-12 Hz,,0,0.000,2.7235656,2.6457257,0.9714,
fokus_engagement_synth,Fokus / Engagement synthetisch,konzentration,206,F1,mu,8-13 Hz,,0,0.000,2.4808202,2.3812423,0.9599,
fokus_engagement_synth,Fokus / Engagement synthetisch,konzentration,206,F1,smr,12-15 Hz,,0,0.000,1.4011686,1.3550593,0.9671,
fokus_engagement_synth,Fokus / Engagement synthetisch,konzentration,206,F1,lowbeta,13-16 Hz,,0,0.000,1.2700699,1.2418509,0.9778,
fokus_engagement_synth,Fokus / Engagement synthetisch,konzentration,206,F1,highbeta,16-30 Hz,,0,0.000,0.74571035,0.71534384,0.9593,
fokus_engagement_synth,Fokus / Engagement synthetisch,konzentration,206,F1,gamma,30-45 Hz,,0,0.000,0.44821581,0.45075813,1.0057,
fokus_engagement_synth,Fokus / Engagement synthetisch,konzentration,206,Fz,delta,0.5-4 Hz,,0,0.000,74.99061,76.905873,1.0255,
fokus_engagement_synth,Fokus / Engagement synthetisch,konzentration,206,Fz,theta,4-7 Hz,up,1,0.860,7.424591,15.691034,2.1134,Frontal-Midline-Theta steigt bei fokussierter kognitiver Kontrolle.
fokus_engagement_synth,Fokus / Engagement synthetisch,konzentration,206,Fz,alpha,8-12 Hz,,0,0.000,2.2851697,2.2871795,1.0009,
fokus_engagement_synth,Fokus / Engagement synthetisch,konzentration,206,Fz,mu,8-13 Hz,,0,0.000,2.1236288,2.1072817,0.9923,
fokus_engagement_synth,Fokus / Engagement synthetisch,konzentration,206,Fz,smr,12-15 Hz,,0,0.000,1.3988823,1.4156029,1.0120,
fokus_engagement_synth,Fokus / Engagement synthetisch,konzentration,206,Fz,lowbeta,13-16 Hz,,0,0.000,1.7172385,1.7164608,0.9995,
fokus_engagement_synth,Fokus / Engagement synthetisch,konzentration,206,Fz,highbeta,16-30 Hz,,0,0.000,1.0043718,0.95327345,0.9491,
fokus_engagement_synth,Fokus / Engagement synthetisch,konzentration,206,Fz,gamma,30-45 Hz,,0,0.000,0.48625989,0.46477516,0.9558,
fokus_engagement_synth,Fokus / Engagement synthetisch,konzentration,206,F2,delta,0.5-4 Hz,,0,0.000,52.735043,52.789351,1.0010,
fokus_engagement_synth,Fokus / Engagement synthetisch,konzentration,206,F2,theta,4-7 Hz,,0,0.000,5.8556295,6.0664751,1.0360,
fokus_engagement_synth,Fokus / Engagement synthetisch,konzentration,206,F2,alpha,8-12 Hz,,0,0.000,1.6957493,1.5643346,0.9225,
fokus_engagement_synth,Fokus / Engagement synthetisch,konzentration,206,F2,mu,8-13 Hz,,0,0.000,1.5560758,1.574905,1.0121,
fokus_engagement_synth,Fokus / Engagement synthetisch,konzentration,206,F2,smr,12-15 Hz,,0,0.000,0.91485705,0.95294874,1.0416,
fokus_engagement_synth,Fokus / Engagement synthetisch,konzentration,206,F2,lowbeta,13-16 Hz,,0,0.000,0.83753916,0.83305338,0.9946,
fokus_engagement_synth,Fokus / Engagement synthetisch,konzentration,206,F2,highbeta,16-30 Hz,,0,0.000,0.51971085,0.52971897,1.0193,
fokus_engagement_synth,Fokus / Engagement synthetisch,konzentration,206,F2,gamma,30-45 Hz,,0,0.000,0.39474005,0.38502652,0.9754,
fokus_engagement_synth,Fokus / Engagement synthetisch,konzentration,206,F4,delta,0.5-4 Hz,,0,0.000,48.391432,48.189261,0.9958,
fokus_engagement_synth,Fokus / Engagement synthetisch,konzentration,206,F4,theta,4-7 Hz,,0,0.000,4.6456876,4.3821285,0.9433,
fokus_engagement_synth,Fokus / Engagement synthetisch,konzentration,206,F4,alpha,8-12 Hz,,0,0.000,1.4556949,1.3362522,0.9179,
fokus_engagement_synth,Fokus / Engagement synthetisch,konzentration,206,F4,mu,8-13 Hz,,0,0.000,1.3357649,1.3798409,1.0330,
fokus_engagement_synth,Fokus / Engagement synthetisch,konzentration,206,F4,smr,12-15 Hz,,0,0.000,0.81970031,0.79144129,0.9655,
fokus_engagement_synth,Fokus / Engagement synthetisch,konzentration,206,F4,lowbeta,13-16 Hz,up,1,0.680,0.75955094,1.4464388,1.9043,Low-Beta statt High-Beta: aktives Engagement ohne Stressdominanz.
fokus_engagement_synth,Fokus / Engagement synthetisch,konzentration,206,F4,highbeta,16-30 Hz,,0,0.000,0.48130187,0.45794646,0.9515,
fokus_engagement_synth,Fokus / Engagement synthetisch,konzentration,206,F4,gamma,30-45 Hz,,0,0.000,0.38269029,0.36380493,0.9507,
fokus_engagement_synth,Fokus / Engagement synthetisch,konzentration,206,FC3,delta,0.5-4 Hz,,0,0.000,37.937071,37.70625,0.9939,
fokus_engagement_synth,Fokus / Engagement synthetisch,konzentration,206,FC3,theta,4-7 Hz,,0,0.000,3.3635749,3.2776853,0.9745,
fokus_engagement_synth,Fokus / Engagement synthetisch,konzentration,206,FC3,alpha,8-12 Hz,,0,0.000,1.4306059,1.4495314,1.0132,
fokus_engagement_synth,Fokus / Engagement synthetisch,konzentration,206,FC3,mu,8-13 Hz,,0,0.000,1.3297899,1.3508523,1.0158,
fokus_engagement_synth,Fokus / Engagement synthetisch,konzentration,206,FC3,smr,12-15 Hz,,0,0.000,0.87858341,0.88844967,1.0112,
fokus_engagement_synth,Fokus / Engagement synthetisch,konzentration,206,FC3,lowbeta,13-16 Hz,,0,0.000,0.81396434,0.82076178,1.0084,
fokus_engagement_synth,Fokus / Engagement synthetisch,konzentration,206,FC3,highbeta,16-30 Hz,,0,0.000,0.52641618,0.55548587,1.0552,
fokus_engagement_synth,Fokus / Engagement synthetisch,konzentration,206,FC3,gamma,30-45 Hz,,0,0.000,0.41341757,0.3979699,0.9626,
fokus_engagement_synth,Fokus / Engagement synthetisch,konzentration,206,FC1,delta,0.5-4 Hz,,0,0.000,39.03076,38.955715,0.9981,
fokus_engagement_synth,Fokus / Engagement synthetisch,konzentration,206,FC1,theta,4-7 Hz,,0,0.000,3.3709897,3.5046297,1.0396,
fokus_engagement_synth,Fokus / Engagement synthetisch,konzentration,206,FC1,alpha,8-12 Hz,,0,0.000,1.3213625,1.3798446,1.0443,
fokus_engagement_synth,Fokus / Engagement synthetisch,konzentration,206,FC1,mu,8-13 Hz,,0,0.000,1.2270383,1.1659787,0.9502,
fokus_engagement_synth,Fokus / Engagement synthetisch,konzentration,206,FC1,smr,12-15 Hz,,0,0.000,0.81413131,0.80523087,0.9891,
fokus_engagement_synth,Fokus / Engagement synthetisch,konzentration,206,FC1,lowbeta,13-16 Hz,,0,0.000,0.75977217,0.79588736,1.0475,
fokus_engagement_synth,Fokus / Engagement synthetisch,konzentration,206,FC1,highbeta,16-30 Hz,,0,0.000,0.51418995,0.52333367,1.0178,
fokus_engagement_synth,Fokus / Engagement synthetisch,konzentration,206,FC1,gamma,30-45 Hz,,0,0.000,0.39753481,0.40025165,1.0068,
fokus_engagement_synth,Fokus / Engagement synthetisch,konzentration,206,FCz,delta,0.5-4 Hz,,0,0.000,51.059064,50.670047,0.9924,
fokus_engagement_synth,Fokus / Engagement synthetisch,konzentration,206,FCz,theta,4-7 Hz,up,1,0.820,4.7731448,10.002058,2.0955,Frontozentraler Theta-Anteil stabilisiert den Fokusmarker.
fokus_engagement_synth,Fokus / Engagement synthetisch,konzentration,206,FCz,alpha,8-12 Hz,,0,0.000,1.5969023,1.6130113,1.0101,
fokus_engagement_synth,Fokus / Engagement synthetisch,konzentration,206,FCz,mu,8-13 Hz,,0,0.000,1.489021,1.4758683,0.9912,
fokus_engagement_synth,Fokus / Engagement synthetisch,konzentration,206,FCz,smr,12-15 Hz,,0,0.000,0.99825624,0.99676859,0.9985,
fokus_engagement_synth,Fokus / Engagement synthetisch,konzentration,206,FCz,lowbeta,13-16 Hz,,0,0.000,0.90839433,0.91089328,1.0028,
fokus_engagement_synth,Fokus / Engagement synthetisch,konzentration,206,FCz,highbeta,16-30 Hz,,0,0.000,0.58255874,0.56873316,0.9763,
fokus_engagement_synth,Fokus / Engagement synthetisch,konzentration,206,FCz,gamma,30-45 Hz,,0,0.000,0.42675128,0.43469932,1.0186,
fokus_engagement_synth,Fokus / Engagement synthetisch,konzentration,206,FC2,delta,0.5-4 Hz,,0,0.000,43.102448,47.498836,1.1020,
fokus_engagement_synth,Fokus / Engagement synthetisch,konzentration,206,FC2,theta,4-7 Hz,,0,0.000,3.3997448,3.1882993,0.9378,
fokus_engagement_synth,Fokus / Engagement synthetisch,konzentration,206,FC2,alpha,8-12 Hz,,0,0.000,1.3559234,1.3713002,1.0113,
fokus_engagement_synth,Fokus / Engagement synthetisch,konzentration,206,FC2,mu,8-13 Hz,,0,0.000,1.266844,1.2331376,0.9734,
fokus_engagement_synth,Fokus / Engagement synthetisch,konzentration,206,FC2,smr,12-15 Hz,,0,0.000,0.83101377,0.84780781,1.0202,
fokus_engagement_synth,Fokus / Engagement synthetisch,konzentration,206,FC2,lowbeta,13-16 Hz,,0,0.000,0.75840097,0.75963679,1.0016,
fokus_engagement_synth,Fokus / Engagement synthetisch,konzentration,206,FC2,highbeta,16-30 Hz,,0,0.000,0.52231256,0.53623998,1.0267,
fokus_engagement_synth,Fokus / Engagement synthetisch,konzentration,206,FC2,gamma,30-45 Hz,,0,0.000,0.42531189,0.44281039,1.0411,
fokus_engagement_synth,Fokus / Engagement synthetisch,konzentration,206,FC4,delta,0.5-4 Hz,,0,0.000,184.76088,186.0052,1.0067,
fokus_engagement_synth,Fokus / Engagement synthetisch,konzentration,206,FC4,theta,4-7 Hz,,0,0.000,3.6605907,3.80563,1.0396,
fokus_engagement_synth,Fokus / Engagement synthetisch,konzentration,206,FC4,alpha,8-12 Hz,,0,0.000,1.2490261,1.146543,0.9179,
fokus_engagement_synth,Fokus / Engagement synthetisch,konzentration,206,FC4,mu,8-13 Hz,,0,0.000,1.1503727,1.2144092,1.0557,
fokus_engagement_synth,Fokus / Engagement synthetisch,konzentration,206,FC4,smr,12-15 Hz,,0,0.000,0.7237605,0.73326144,1.0131,
fokus_engagement_synth,Fokus / Engagement synthetisch,konzentration,206,FC4,lowbeta,13-16 Hz,,0,0.000,0.67024622,0.69553094,1.0377,
fokus_engagement_synth,Fokus / Engagement synthetisch,konzentration,206,FC4,highbeta,16-30 Hz,,0,0.000,0.44626865,0.42721492,0.9573,
fokus_engagement_synth,Fokus / Engagement synthetisch,konzentration,206,FC4,gamma,30-45 Hz,,0,0.000,0.37148235,0.36068078,0.9709,
fokus_engagement_synth,Fokus / Engagement synthetisch,konzentration,206,C3,delta,0.5-4 Hz,,0,0.000,127.19315,127.84284,1.0051,
fokus_engagement_synth,Fokus / Engagement synthetisch,konzentration,206,C3,theta,4-7 Hz,,0,0.000,3.6136493,3.6114944,0.9994,
fokus_engagement_synth,Fokus / Engagement synthetisch,konzentration,206,C3,alpha,8-12 Hz,,0,0.000,1.2775763,1.2902338,1.0099,
fokus_engagement_synth,Fokus / Engagement synthetisch,konzentration,206,C3,mu,8-13 Hz,,0,0.000,1.1805038,1.2253134,1.0380,
fokus_engagement_synth,Fokus / Engagement synthetisch,konzentration,206,C3,smr,12-15 Hz,,0,0.000,0.76255881,0.71544586,0.9382,
fokus_engagement_synth,Fokus / Engagement synthetisch,konzentration,206,C3,lowbeta,13-16 Hz,,0,0.000,0.70739997,0.73151076,1.0341,
fokus_engagement_synth,Fokus / Engagement synthetisch,konzentration,206,C3,highbeta,16-30 Hz,,0,0.000,0.48417099,0.48431133,1.0003,
fokus_engagement_synth,Fokus / Engagement synthetisch,konzentration,206,C3,gamma,30-45 Hz,,0,0.000,0.40505889,0.40216986,0.9929,
fokus_engagement_synth,Fokus / Engagement synthetisch,konzentration,206,C1,delta,0.5-4 Hz,,0,0.000,43.586186,41.341976,0.9485,
fokus_engagement_synth,Fokus / Engagement synthetisch,konzentration,206,C1,theta,4-7 Hz,,0,0.000,3.2168222,3.2734598,1.0176,
fokus_engagement_synth,Fokus / Engagement synthetisch,konzentration,206,C1,alpha,8-12 Hz,,0,0.000,1.1508042,1.0535684,0.9155,
fokus_engagement_synth,Fokus / Engagement synthetisch,konzentration,206,C1,mu,8-13 Hz,,0,0.000,1.0702767,1.0945654,1.0227,
fokus_engagement_synth,Fokus / Engagement synthetisch,konzentration,206,C1,smr,12-15 Hz,,0,0.000,0.67432648,0.63911065,0.9478,
fokus_engagement_synth,Fokus / Engagement synthetisch,konzentration,206,C1,lowbeta,13-16 Hz,,0,0.000,0.61322414,0.6143715,1.0019,
fokus_engagement_synth,Fokus / Engagement synthetisch,konzentration,206,C1,highbeta,16-30 Hz,,0,0.000,0.42317482,0.4214098,0.9958,
fokus_engagement_synth,Fokus / Engagement synthetisch,konzentration,206,C1,gamma,30-45 Hz,,0,0.000,0.35649158,0.37108415,1.0409,
fokus_engagement_synth,Fokus / Engagement synthetisch,konzentration,206,Cz,delta,0.5-4 Hz,,0,0.000,45.4874,45.202971,0.9937,
fokus_engagement_synth,Fokus / Engagement synthetisch,konzentration,206,Cz,theta,4-7 Hz,up,1,0.700,3.2295312,6.2141859,1.9242,Zentraler Theta-Anteil als ergänzender Fokusindikator.
fokus_engagement_synth,Fokus / Engagement synthetisch,konzentration,206,Cz,alpha,8-12 Hz,,0,0.000,1.2211668,1.1995141,0.9823,
fokus_engagement_synth,Fokus / Engagement synthetisch,konzentration,206,Cz,mu,8-13 Hz,,0,0.000,1.1466281,1.1977114,1.0446,
fokus_engagement_synth,Fokus / Engagement synthetisch,konzentration,206,Cz,smr,12-15 Hz,,0,0.000,0.75485513,0.76902406,1.0188,
fokus_engagement_synth,Fokus / Engagement synthetisch,konzentration,206,Cz,lowbeta,13-16 Hz,,0,0.000,0.67296339,0.66388037,0.9865,
fokus_engagement_synth,Fokus / Engagement synthetisch,konzentration,206,Cz,highbeta,16-30 Hz,,0,0.000,0.45334985,0.44959809,0.9917,
fokus_engagement_synth,Fokus / Engagement synthetisch,konzentration,206,Cz,gamma,30-45 Hz,,0,0.000,0.38053564,0.3596628,0.9451,
fokus_engagement_synth,Fokus / Engagement synthetisch,konzentration,206,C2,delta,0.5-4 Hz,,0,0.000,51.757203,52.460925,1.0136,
fokus_engagement_synth,Fokus / Engagement synthetisch,konzentration,206,C2,theta,4-7 Hz,,0,0.000,3.5215797,3.3046731,0.9384,
fokus_engagement_synth,Fokus / Engagement synthetisch,konzentration,206,C2,alpha,8-12 Hz,,0,0.000,1.5814405,1.6230528,1.0263,
fokus_engagement_synth,Fokus / Engagement synthetisch,konzentration,206,C2,mu,8-13 Hz,,0,0.000,1.4828982,1.4895738,1.0045,
fokus_engagement_synth,Fokus / Engagement synthetisch,konzentration,206,C2,smr,12-15 Hz,,0,0.000,0.99199764,1.0748724,1.0835,
fokus_engagement_synth,Fokus / Engagement synthetisch,konzentration,206,C2,lowbeta,13-16 Hz,,0,0.000,0.87474107,0.84105939,0.9615,
fokus_engagement_synth,Fokus / Engagement synthetisch,konzentration,206,C2,highbeta,16-30 Hz,,0,0.000,0.68789815,0.68542641,0.9964,
fokus_engagement_synth,Fokus / Engagement synthetisch,konzentration,206,C2,gamma,30-45 Hz,,0,0.000,0.57062269,0.60653772,1.0629,
fokus_engagement_synth,Fokus / Engagement synthetisch,konzentration,206,C4,delta,0.5-4 Hz,,0,0.000,43.394198,45.203677,1.0417,
fokus_engagement_synth,Fokus / Engagement synthetisch,konzentration,206,C4,theta,4-7 Hz,,0,0.000,3.6720879,3.5826085,0.9756,
fokus_engagement_synth,Fokus / Engagement synthetisch,konzentration,206,C4,alpha,8-12 Hz,,0,0.000,1.5654978,1.5777695,1.0078,
fokus_engagement_synth,Fokus / Engagement synthetisch,konzentration,206,C4,mu,8-13 Hz,,0,0.000,1.4531423,1.453244,1.0001,
fokus_engagement_synth,Fokus / Engagement synthetisch,konzentration,206,C4,smr,12-15 Hz,,0,0.000,0.94202229,0.9513186,1.0099,
fokus_engagement_synth,Fokus / Engagement synthetisch,konzentration,206,C4,lowbeta,13-16 Hz,,0,0.000,0.86333988,0.84222793,0.9755,
fokus_engagement_synth,Fokus / Engagement synthetisch,konzentration,206,C4,highbeta,16-30 Hz,,0,0.000,0.54214853,0.54045366,0.9969,
fokus_engagement_synth,Fokus / Engagement synthetisch,konzentration,206,C4,gamma,30-45 Hz,,0,0.000,0.42753346,0.40362073,0.9441,
fokus_engagement_synth,Fokus / Engagement synthetisch,konzentration,206,CP3,delta,0.5-4 Hz,,0,0.000,48.766583,48.997216,1.0047,
fokus_engagement_synth,Fokus / Engagement synthetisch,konzentration,206,CP3,theta,4-7 Hz,,0,0.000,3.2584243,3.3097469,1.0158,
fokus_engagement_synth,Fokus / Engagement synthetisch,konzentration,206,CP3,alpha,8-12 Hz,,0,0.000,1.5182483,1.5061636,0.9920,
fokus_engagement_synth,Fokus / Engagement synthetisch,konzentration,206,CP3,mu,8-13 Hz,,0,0.000,1.4351409,1.354017,0.9435,
fokus_engagement_synth,Fokus / Engagement synthetisch,konzentration,206,CP3,smr,12-15 Hz,,0,0.000,1.0149195,1.0500343,1.0346,
fokus_engagement_synth,Fokus / Engagement synthetisch,konzentration,206,CP3,lowbeta,13-16 Hz,,0,0.000,0.89430276,0.90571261,1.0128,
fokus_engagement_synth,Fokus / Engagement synthetisch,konzentration,206,CP3,highbeta,16-30 Hz,,0,0.000,0.4874327,0.47504678,0.9746,
fokus_engagement_synth,Fokus / Engagement synthetisch,konzentration,206,CP3,gamma,30-45 Hz,,0,0.000,0.38587195,0.38208229,0.9902,
fokus_engagement_synth,Fokus / Engagement synthetisch,konzentration,206,CP1,delta,0.5-4 Hz,,0,0.000,47.880986,45.366113,0.9475,
fokus_engagement_synth,Fokus / Engagement synthetisch,konzentration,206,CP1,theta,4-7 Hz,,0,0.000,3.590128,3.4612807,0.9641,
fokus_engagement_synth,Fokus / Engagement synthetisch,konzentration,206,CP1,alpha,8-12 Hz,,0,0.000,1.326924,1.3019468,0.9812,
fokus_engagement_synth,Fokus / Engagement synthetisch,konzentration,206,CP1,mu,8-13 Hz,,0,0.000,1.2359362,1.289075,1.0430,
fokus_engagement_synth,Fokus / Engagement synthetisch,konzentration,206,CP1,smr,12-15 Hz,,0,0.000,0.79248801,0.77475006,0.9776,
fokus_engagement_synth,Fokus / Engagement synthetisch,konzentration,206,CP1,lowbeta,13-16 Hz,,0,0.000,0.71496135,0.73098183,1.0224,
fokus_engagement_synth,Fokus / Engagement synthetisch,konzentration,206,CP1,highbeta,16-30 Hz,,0,0.000,0.48603103,0.47687368,0.9812,
fokus_engagement_synth,Fokus / Engagement synthetisch,konzentration,206,CP1,gamma,30-45 Hz,,0,0.000,0.40532788,0.40884538,1.0087,
fokus_engagement_synth,Fokus / Engagement synthetisch,konzentration,206,CPz,delta,0.5-4 Hz,,0,0.000,65.020588,64.698811,0.9951,
fokus_engagement_synth,Fokus / Engagement synthetisch,konzentration,206,CPz,theta,4-7 Hz,,0,0.000,3.4627616,3.5685731,1.0306,
fokus_engagement_synth,Fokus / Engagement synthetisch,konzentration,206,CPz,alpha,8-12 Hz,,0,0.000,1.3483544,1.3231154,0.9813,
fokus_engagement_synth,Fokus / Engagement synthetisch,konzentration,206,CPz,mu,8-13 Hz,,0,0.000,1.2599915,1.1906434,0.9450,
fokus_engagement_synth,Fokus / Engagement synthetisch,konzentration,206,CPz,smr,12-15 Hz,,0,0.000,0.87168936,0.8295273,0.9516,
fokus_engagement_synth,Fokus / Engagement synthetisch,konzentration,206,CPz,lowbeta,13-16 Hz,,0,0.000,0.81178384,0.7966719,0.9814,
fokus_engagement_synth,Fokus / Engagement synthetisch,konzentration,206,CPz,highbeta,16-30 Hz,,0,0.000,0.56176991,0.53721096,0.9563,
fokus_engagement_synth,Fokus / Engagement synthetisch,konzentration,206,CPz,gamma,30-45 Hz,,0,0.000,0.46441882,0.47108667,1.0144,
fokus_engagement_synth,Fokus / Engagement synthetisch,konzentration,206,CP2,delta,0.5-4 Hz,,0,0.000,46.677659,45.916725,0.9837,
fokus_engagement_synth,Fokus / Engagement synthetisch,konzentration,206,CP2,theta,4-7 Hz,,0,0.000,3.7192957,4.028411,1.0831,
fokus_engagement_synth,Fokus / Engagement synthetisch,konzentration,206,CP2,alpha,8-12 Hz,,0,0.000,1.4952788,1.4043359,0.9392,
fokus_engagement_synth,Fokus / Engagement synthetisch,konzentration,206,CP2,mu,8-13 Hz,,0,0.000,1.4005421,1.410524,1.0071,
fokus_engagement_synth,Fokus / Engagement synthetisch,konzentration,206,CP2,smr,12-15 Hz,,0,0.000,0.92927466,0.89258843,0.9605,
fokus_engagement_synth,Fokus / Engagement synthetisch,konzentration,206,CP2,lowbeta,13-16 Hz,,0,0.000,0.8373235,0.82286372,0.9827,
fokus_engagement_synth,Fokus / Engagement synthetisch,konzentration,206,CP2,highbeta,16-30 Hz,,0,0.000,0.59092303,0.59384791,1.0049,
fokus_engagement_synth,Fokus / Engagement synthetisch,konzentration,206,CP2,gamma,30-45 Hz,,0,0.000,0.52353393,0.48092455,0.9186,
fokus_engagement_synth,Fokus / Engagement synthetisch,konzentration,206,CP4,delta,0.5-4 Hz,,0,0.000,46.743735,47.13119,1.0083,
fokus_engagement_synth,Fokus / Engagement synthetisch,konzentration,206,CP4,theta,4-7 Hz,,0,0.000,3.7986924,4.051692,1.0666,
fokus_engagement_synth,Fokus / Engagement synthetisch,konzentration,206,CP4,alpha,8-12 Hz,,0,0.000,1.4650624,1.4418114,0.9841,
fokus_engagement_synth,Fokus / Engagement synthetisch,konzentration,206,CP4,mu,8-13 Hz,,0,0.000,1.3623361,1.3747242,1.0091,
fokus_engagement_synth,Fokus / Engagement synthetisch,konzentration,206,CP4,smr,12-15 Hz,,0,0.000,0.8983876,0.93061479,1.0359,
fokus_engagement_synth,Fokus / Engagement synthetisch,konzentration,206,CP4,lowbeta,13-16 Hz,,0,0.000,0.83041969,0.82565443,0.9943,
fokus_engagement_synth,Fokus / Engagement synthetisch,konzentration,206,CP4,highbeta,16-30 Hz,,0,0.000,0.57557806,0.56387448,0.9797,
fokus_engagement_synth,Fokus / Engagement synthetisch,konzentration,206,CP4,gamma,30-45 Hz,,0,0.000,0.43443947,0.39983603,0.9203,
fokus_engagement_synth,Fokus / Engagement synthetisch,konzentration,206,P3,delta,0.5-4 Hz,,0,0.000,46.625675,47.671707,1.0224,
fokus_engagement_synth,Fokus / Engagement synthetisch,konzentration,206,P3,theta,4-7 Hz,,0,0.000,3.6540975,3.639624,0.9960,
fokus_engagement_synth,Fokus / Engagement synthetisch,konzentration,206,P3,alpha,8-12 Hz,,0,0.000,1.3347672,1.2874578,0.9646,
fokus_engagement_synth,Fokus / Engagement synthetisch,konzentration,206,P3,mu,8-13 Hz,,0,0.000,1.2345772,1.2400475,1.0044,
fokus_engagement_synth,Fokus / Engagement synthetisch,konzentration,206,P3,smr,12-15 Hz,,0,0.000,0.77904584,0.76313086,0.9796,
fokus_engagement_synth,Fokus / Engagement synthetisch,konzentration,206,P3,lowbeta,13-16 Hz,,0,0.000,0.71369807,0.70049828,0.9815,
fokus_engagement_synth,Fokus / Engagement synthetisch,konzentration,206,P3,highbeta,16-30 Hz,,0,0.000,0.4797935,0.48997481,1.0212,
fokus_engagement_synth,Fokus / Engagement synthetisch,konzentration,206,P3,gamma,30-45 Hz,,0,0.000,0.39756797,0.37894454,0.9532,
fokus_engagement_synth,Fokus / Engagement synthetisch,konzentration,206,P1,delta,0.5-4 Hz,,0,0.000,43.977698,45.589746,1.0367,
fokus_engagement_synth,Fokus / Engagement synthetisch,konzentration,206,P1,theta,4-7 Hz,,0,0.000,3.608426,3.4319054,0.9511,
fokus_engagement_synth,Fokus / Engagement synthetisch,konzentration,206,P1,alpha,8-12 Hz,,0,0.000,1.2798138,1.2501291,0.9768,
fokus_engagement_synth,Fokus / Engagement synthetisch,konzentration,206,P1,mu,8-13 Hz,,0,0.000,1.1866901,1.2665581,1.0673,
fokus_engagement_synth,Fokus / Engagement synthetisch,konzentration,206,P1,smr,12-15 Hz,,0,0.000,0.74047019,0.76968723,1.0395,
fokus_engagement_synth,Fokus / Engagement synthetisch,konzentration,206,P1,lowbeta,13-16 Hz,,0,0.000,0.67094595,0.67323799,1.0034,
fokus_engagement_synth,Fokus / Engagement synthetisch,konzentration,206,P1,highbeta,16-30 Hz,,0,0.000,0.45734758,0.44229236,0.9671,
fokus_engagement_synth,Fokus / Engagement synthetisch,konzentration,206,P1,gamma,30-45 Hz,,0,0.000,0.37750089,0.37050786,0.9815,
fokus_engagement_synth,Fokus / Engagement synthetisch,konzentration,206,Pz,delta,0.5-4 Hz,,0,0.000,42.351521,42.460137,1.0026,
fokus_engagement_synth,Fokus / Engagement synthetisch,konzentration,206,Pz,theta,4-7 Hz,,0,0.000,3.7849729,3.7899437,1.0013,
fokus_engagement_synth,Fokus / Engagement synthetisch,konzentration,206,Pz,alpha,8-12 Hz,,0,0.000,1.8791115,1.8731351,0.9968,
fokus_engagement_synth,Fokus / Engagement synthetisch,konzentration,206,Pz,mu,8-13 Hz,,0,0.000,1.7221163,1.7202579,0.9989,
fokus_engagement_synth,Fokus / Engagement synthetisch,konzentration,206,Pz,smr,12-15 Hz,,0,0.000,1.0126271,1.0050292,0.9925,
fokus_engagement_synth,Fokus / Engagement synthetisch,konzentration,206,Pz,lowbeta,13-16 Hz,,0,0.000,0.93678802,0.88950902,0.9495,
fokus_engagement_synth,Fokus / Engagement synthetisch,konzentration,206,Pz,highbeta,16-30 Hz,,0,0.000,0.59830451,0.58748844,0.9819,
fokus_engagement_synth,Fokus / Engagement synthetisch,konzentration,206,Pz,gamma,30-45 Hz,,0,0.000,0.44536917,0.45962626,1.0320,
fokus_engagement_synth,Fokus / Engagement synthetisch,konzentration,206,P2,delta,0.5-4 Hz,,0,0.000,49.818193,47.432315,0.9521,
fokus_engagement_synth,Fokus / Engagement synthetisch,konzentration,206,P2,theta,4-7 Hz,,0,0.000,4.6569691,4.6260727,0.9934,
fokus_engagement_synth,Fokus / Engagement synthetisch,konzentration,206,P2,alpha,8-12 Hz,,0,0.000,2.0009501,1.94354,0.9713,
fokus_engagement_synth,Fokus / Engagement synthetisch,konzentration,206,P2,mu,8-13 Hz,,0,0.000,1.8490546,1.8562609,1.0039,
fokus_engagement_synth,Fokus / Engagement synthetisch,konzentration,206,P2,smr,12-15 Hz,,0,0.000,1.1450472,1.1294721,0.9864,
fokus_engagement_synth,Fokus / Engagement synthetisch,konzentration,206,P2,lowbeta,13-16 Hz,,0,0.000,1.0151901,1.0676843,1.0517,
fokus_engagement_synth,Fokus / Engagement synthetisch,konzentration,206,P2,highbeta,16-30 Hz,,0,0.000,0.65783717,0.66950089,1.0177,
fokus_engagement_synth,Fokus / Engagement synthetisch,konzentration,206,P2,gamma,30-45 Hz,,0,0.000,0.48833031,0.46590955,0.9541,
fokus_engagement_synth,Fokus / Engagement synthetisch,konzentration,206,P4,delta,0.5-4 Hz,,0,0.000,34.804076,35.621727,1.0235,
fokus_engagement_synth,Fokus / Engagement synthetisch,konzentration,206,P4,theta,4-7 Hz,,0,0.000,3.0875438,3.0038318,0.9729,
fokus_engagement_synth,Fokus / Engagement synthetisch,konzentration,206,P4,alpha,8-12 Hz,,0,0.000,2.1315842,2.0885371,0.9798,
fokus_engagement_synth,Fokus / Engagement synthetisch,konzentration,206,P4,mu,8-13 Hz,,0,0.000,1.9665715,1.9881716,1.0110,
fokus_engagement_synth,Fokus / Engagement synthetisch,konzentration,206,P4,smr,12-15 Hz,,0,0.000,1.1780124,1.1577375,0.9828,
fokus_engagement_synth,Fokus / Engagement synthetisch,konzentration,206,P4,lowbeta,13-16 Hz,,0,0.000,1.0421031,1.0746688,1.0312,
fokus_engagement_synth,Fokus / Engagement synthetisch,konzentration,206,P4,highbeta,16-30 Hz,,0,0.000,0.68256754,0.6640646,0.9729,
fokus_engagement_synth,Fokus / Engagement synthetisch,konzentration,206,P4,gamma,30-45 Hz,,0,0.000,0.50501117,0.49407105,0.9783,
fokus_engagement_synth,Fokus / Engagement synthetisch,konzentration,206,PO3,delta,0.5-4 Hz,,0,0.000,41.739203,40.780329,0.9770,
fokus_engagement_synth,Fokus / Engagement synthetisch,konzentration,206,PO3,theta,4-7 Hz,,0,0.000,3.7001683,3.6269148,0.9802,
fokus_engagement_synth,Fokus / Engagement synthetisch,konzentration,206,PO3,alpha,8-12 Hz,,0,0.000,1.2720876,1.321027,1.0385,
fokus_engagement_synth,Fokus / Engagement synthetisch,konzentration,206,PO3,mu,8-13 Hz,,0,0.000,1.1682273,1.1939375,1.0220,
fokus_engagement_synth,Fokus / Engagement synthetisch,konzentration,206,PO3,smr,12-15 Hz,,0,0.000,0.70641226,0.74868965,1.0598,
fokus_engagement_synth,Fokus / Engagement synthetisch,konzentration,206,PO3,lowbeta,13-16 Hz,,0,0.000,0.65299607,0.70482277,1.0794,
fokus_engagement_synth,Fokus / Engagement synthetisch,konzentration,206,PO3,highbeta,16-30 Hz,,0,0.000,0.4354655,0.41975604,0.9639,
fokus_engagement_synth,Fokus / Engagement synthetisch,konzentration,206,PO3,gamma,30-45 Hz,,0,0.000,0.35586963,0.35674673,1.0025,
fokus_engagement_synth,Fokus / Engagement synthetisch,konzentration,206,POz,delta,0.5-4 Hz,,0,0.000,48.361709,46.370802,0.9588,
fokus_engagement_synth,Fokus / Engagement synthetisch,konzentration,206,POz,theta,4-7 Hz,,0,0.000,4.6695412,4.542454,0.9728,
fokus_engagement_synth,Fokus / Engagement synthetisch,konzentration,206,POz,alpha,8-12 Hz,,0,0.000,1.4750559,1.4425267,0.9779,
fokus_engagement_synth,Fokus / Engagement synthetisch,konzentration,206,POz,mu,8-13 Hz,,0,0.000,1.3564593,1.3062697,0.9630,
fokus_engagement_synth,Fokus / Engagement synthetisch,konzentration,206,POz,smr,12-15 Hz,,0,0.000,0.82678317,0.79634427,0.9632,
fokus_engagement_synth,Fokus / Engagement synthetisch,konzentration,206,POz,lowbeta,13-16 Hz,,0,0.000,0.7696428,0.76575614,0.9950,
fokus_engagement_synth,Fokus / Engagement synthetisch,konzentration,206,POz,highbeta,16-30 Hz,,0,0.000,0.50126615,0.47991965,0.9574,
fokus_engagement_synth,Fokus / Engagement synthetisch,konzentration,206,POz,gamma,30-45 Hz,,0,0.000,0.38726758,0.39868207,1.0295,
fokus_engagement_synth,Fokus / Engagement synthetisch,konzentration,206,PO4,delta,0.5-4 Hz,,0,0.000,56.613457,54.794955,0.9679,
fokus_engagement_synth,Fokus / Engagement synthetisch,konzentration,206,PO4,theta,4-7 Hz,,0,0.000,5.6846928,6.2436965,1.0983,
fokus_engagement_synth,Fokus / Engagement synthetisch,konzentration,206,PO4,alpha,8-12 Hz,,0,0.000,1.9090838,1.8789232,0.9842,
fokus_engagement_synth,Fokus / Engagement synthetisch,konzentration,206,PO4,mu,8-13 Hz,,0,0.000,1.7582626,1.7626945,1.0025,
fokus_engagement_synth,Fokus / Engagement synthetisch,konzentration,206,PO4,smr,12-15 Hz,,0,0.000,1.0434047,0.99609996,0.9547,
fokus_engagement_synth,Fokus / Engagement synthetisch,konzentration,206,PO4,lowbeta,13-16 Hz,,0,0.000,0.94161105,0.99783766,1.0597,
fokus_engagement_synth,Fokus / Engagement synthetisch,konzentration,206,PO4,highbeta,16-30 Hz,,0,0.000,0.59973272,0.62323176,1.0392,
fokus_engagement_synth,Fokus / Engagement synthetisch,konzentration,206,PO4,gamma,30-45 Hz,,0,0.000,0.42345471,0.42785527,1.0104,
fokus_engagement_synth,Fokus / Engagement synthetisch,konzentration,206,O1,delta,0.5-4 Hz,,0,0.000,67.405639,64.228266,0.9529,
fokus_engagement_synth,Fokus / Engagement synthetisch,konzentration,206,O1,theta,4-7 Hz,,0,0.000,6.9652165,7.0165734,1.0074,
fokus_engagement_synth,Fokus / Engagement synthetisch,konzentration,206,O1,alpha,8-12 Hz,,0,0.000,2.1221759,2.0388803,0.9607,
fokus_engagement_synth,Fokus / Engagement synthetisch,konzentration,206,O1,mu,8-13 Hz,,0,0.000,1.9376979,2.036874,1.0512,
fokus_engagement_synth,Fokus / Engagement synthetisch,konzentration,206,O1,smr,12-15 Hz,,0,0.000,1.1148797,1.1464551,1.0283,
fokus_engagement_synth,Fokus / Engagement synthetisch,konzentration,206,O1,lowbeta,13-16 Hz,,0,0.000,1.0241977,1.0276189,1.0033,
fokus_engagement_synth,Fokus / Engagement synthetisch,konzentration,206,O1,highbeta,16-30 Hz,,0,0.000,0.63952663,0.58499218,0.9147,
fokus_engagement_synth,Fokus / Engagement synthetisch,konzentration,206,O1,gamma,30-45 Hz,,0,0.000,0.44907218,0.43361531,0.9656,
fokus_engagement_synth,Fokus / Engagement synthetisch,konzentration,206,O2,delta,0.5-4 Hz,,0,0.000,108.95747,111.58025,1.0241,
fokus_engagement_synth,Fokus / Engagement synthetisch,konzentration,206,O2,theta,4-7 Hz,,0,0.000,9.8401059,10.257827,1.0425,
fokus_engagement_synth,Fokus / Engagement synthetisch,konzentration,206,O2,alpha,8-12 Hz,,0,0.000,2.5760277,2.6760315,1.0388,
fokus_engagement_synth,Fokus / Engagement synthetisch,konzentration,206,O2,mu,8-13 Hz,,0,0.000,2.3514134,2.2203916,0.9443,
fokus_engagement_synth,Fokus / Engagement synthetisch,konzentration,206,O2,smr,12-15 Hz,,0,0.000,1.3507925,1.3650492,1.0106,
fokus_engagement_synth,Fokus / Engagement synthetisch,konzentration,206,O2,lowbeta,13-16 Hz,,0,0.000,1.2517707,1.2962624,1.0355,
fokus_engagement_synth,Fokus / Engagement synthetisch,konzentration,206,O2,highbeta,16-30 Hz,,0,0.000,0.74100735,0.697998,0.9420,
fokus_engagement_synth,Fokus / Engagement synthetisch,konzentration,206,O2,gamma,30-45 Hz,,0,0.000,0.47663921,0.47650734,0.9997,
