title:EmotivPRO Dummy V2 All Streams, start timestamp:1783252800.000000, stop timestamp:1783252829.992188, headset type:EPOCFLEX, headset serial:DUMMYFLEX32, headset firmware:000, channels:314, sampling rate:128, samples:3840, version:2.1, stream types:EEG|MOTION|PM|BP
Timestamp,EEG.Counter,EEG.Interpolated,EEG.AF3,EEG.AF4,EEG.F3,EEG.F1,EEG.Fz,EEG.F2,EEG.F4,EEG.FC3,EEG.FC1,EEG.FCz,EEG.FC2,EEG.FC4,EEG.C3,EEG.C1,EEG.Cz,EEG.C2,EEG.C4,EEG.CP3,EEG.CP1,EEG.CPz,EEG.CP2,EEG.CP4,EEG.P3,EEG.P1,EEG.Pz,EEG.P2,EEG.P4,EEG.PO3,EEG.POz,EEG.PO4,EEG.O1,EEG.O2,EEG.RawCq,EEG.Battery,EEG.BatteryPercent,MarkerIndex,MarkerType,MarkerValueInt,EEG.MarkerHardware,MOT.CounterMems,MOT.InterpolatedMems,MOT.Q0,MOT.Q1,MOT.Q2,MOT.Q3,MOT.AccX,MOT.AccY,MOT.AccZ,MOT.MagX,MOT.MagY,MOT.MagZ,CQ.AF3,CQ.AF4,CQ.F3,CQ.F1,CQ.Fz,CQ.F2,CQ.F4,CQ.FC3,CQ.FC1,CQ.FCz,CQ.FC2,CQ.FC4,CQ.C3,CQ.C1,CQ.Cz,CQ.C2,CQ.C4,CQ.CP3,CQ.CP1,CQ.CPz,CQ.CP2,CQ.CP4,CQ.P3,CQ.P1,CQ.Pz,CQ.P2,CQ.P4,CQ.PO3,CQ.POz,CQ.PO4,CQ.O1,CQ.O2,CQ.Overall,EQ.SampleRateQuality,EQ.OVERALL,EQ.AF3,EQ.AF4,EQ.F3,EQ.F1,EQ.Fz,EQ.F2,EQ.F4,EQ.FC3,EQ.FC1,EQ.FCz,EQ.FC2,EQ.FC4,EQ.C3,EQ.C1,EQ.Cz,EQ.C2,EQ.C4,EQ.CP3,EQ.CP1,EQ.CPz,EQ.CP2,EQ.CP4,EQ.P3,EQ.P1,EQ.Pz,EQ.P2,EQ.P4,EQ.PO3,EQ.POz,EQ.PO4,EQ.O1,EQ.O2,PM.Engagement.IsActive,PM.Engagement.Scaled,PM.Engagement.Raw,PM.Engagement.Min,PM.Engagement.Max,PM.Excitement.IsActive,PM.Excitement.Scaled,PM.Excitement.Raw,PM.Excitement.Min,PM.Excitement.Max,PM.Stress.IsActive,PM.Stress.Scaled,PM.Stress.Raw,PM.Stress.Min,PM.Stress.Max,PM.Relaxation.IsActive,PM.Relaxation.Scaled,PM.Relaxation.Raw,PM.Relaxation.Min,PM.Relaxation.Max,PM.Interest.IsActive,PM.Interest.Scaled,PM.Interest.Raw,PM.Interest.Min,PM.Interest.Max,PM.Focus.IsActive,PM.Focus.Scaled,PM.Focus.Raw,PM.Focus.Min,PM.Focus.Max,POW.AF3.Theta,POW.AF3.Alpha,POW.AF3.BetaL,POW.AF3.BetaH,POW.AF3.Gamma,POW.AF4.Theta,POW.AF4.Alpha,POW.AF4.BetaL,POW.AF4.BetaH,POW.AF4.Gamma,POW.F3.Theta,POW.F3.Alpha,POW.F3.BetaL,POW.F3.BetaH,POW.F3.Gamma,POW.F1.Theta,POW.F1.Alpha,POW.F1.BetaL,POW.F1.BetaH,POW.F1.Gamma,POW.Fz.Theta,POW.Fz.Alpha,POW.Fz.BetaL,POW.Fz.BetaH,POW.Fz.Gamma,POW.F2.Theta,POW.F2.Alpha,POW.F2.BetaL,POW.F2.BetaH,POW.F2.Gamma,POW.F4.Theta,POW.F4.Alpha,POW.F4.BetaL,POW.F4.BetaH,POW.F4.Gamma,POW.FC3.Theta,POW.FC3.Alpha,POW.FC3.BetaL,POW.FC3.BetaH,POW.FC3.Gamma,POW.FC1.Theta,POW.FC1.Alpha,POW.FC1.BetaL,POW.FC1.BetaH,POW.FC1.Gamma,POW.FCz.Theta,POW.FCz.Alpha,POW.FCz.BetaL,POW.FCz.BetaH,POW.FCz.Gamma,POW.FC2.Theta,POW.FC2.Alpha,POW.FC2.BetaL,POW.FC2.BetaH,POW.FC2.Gamma,POW.FC4.Theta,POW.FC4.Alpha,POW.FC4.BetaL,POW.FC4.BetaH,POW.FC4.Gamma,POW.C3.Theta,POW.C3.Alpha,POW.C3.BetaL,POW.C3.BetaH,POW.C3.Gamma,POW.C1.Theta,POW.C1.Alpha,POW.C1.BetaL,POW.C1.BetaH,POW.C1.Gamma,POW.Cz.Theta,POW.Cz.Alpha,POW.Cz.BetaL,POW.Cz.BetaH,POW.Cz.Gamma,POW.C2.Theta,POW.C2.Alpha,POW.C2.BetaL,POW.C2.BetaH,POW.C2.Gamma,POW.C4.Theta,POW.C4.Alpha,POW.C4.BetaL,POW.C4.BetaH,POW.C4.Gamma,POW.CP3.Theta,POW.CP3.Alpha,POW.CP3.BetaL,POW.CP3.BetaH,POW.CP3.Gamma,POW.CP1.Theta,POW.CP1.Alpha,POW.CP1.BetaL,POW.CP1.BetaH,POW.CP1.Gamma,POW.CPz.Theta,POW.CPz.Alpha,POW.CPz.BetaL,POW.CPz.BetaH,POW.CPz.Gamma,POW.CP2.Theta,POW.CP2.Alpha,POW.CP2.BetaL,POW.CP2.BetaH,POW.CP2.Gamma,POW.CP4.Theta,POW.CP4.Alpha,POW.CP4.BetaL,POW.CP4.BetaH,POW.CP4.Gamma,POW.P3.Theta,POW.P3.Alpha,POW.P3.BetaL,POW.P3.BetaH,POW.P3.Gamma,POW.P1.Theta,POW.P1.Alpha,POW.P1.BetaL,POW.P1.BetaH,POW.P1.Gamma,POW.Pz.Theta,POW.Pz.Alpha,POW.Pz.BetaL,POW.Pz.BetaH,POW.Pz.Gamma,POW.P2.Theta,POW.P2.Alpha,POW.P2.BetaL,POW.P2.BetaH,POW.P2.Gamma,POW.P4.Theta,POW.P4.Alpha,POW.P4.BetaL,POW.P4.BetaH,POW.P4.Gamma,POW.PO3.Theta,POW.PO3.Alpha,POW.PO3.BetaL,POW.PO3.BetaH,POW.PO3.Gamma,POW.POz.Theta,POW.POz.Alpha,POW.POz.BetaL,POW.POz.BetaH,POW.POz.Gamma,POW.PO4.Theta,POW.PO4.Alpha,POW.PO4.BetaL,POW.PO4.BetaH,POW.PO4.Gamma,POW.O1.Theta,POW.O1.Alpha,POW.O1.BetaL,POW.O1.BetaH,POW.O1.Gamma,POW.O2.Theta,POW.O2.Alpha,POW.O2.BetaL,POW.O2.BetaH,POW.O2.Gamma,Demo.State,Demo.MarkerDescription,Demo.QualityFlag
1783252800.000000,0,0,-0.3602,4.4035,8.4772,12.7873,10.9573,5.7672,6.9899,1.2809,-2.7903,-5.3146,-6.9274,-4.7768,-4.6051,-3.3677,-2.4052,-0.2791,4.7774,8.0311,4.0673,1.7888,0.8824,-6.5203,-5.4171,-4.0218,-2.3695,-3.3058,0.8086,3.1755,6.6804,3.0821,7.1319,0.5211,95,4,98,1,keystroke,0,0,0,0,1.000000,0.000000,0.000000,0.000000,-0.020960,-0.004855,0.994505,31.00000,-4.30000,-41.00000,4,4,4,4,4,4,4,4,4,4,4,4,4,4,4,4,4,4,4,4,4,4,4,4,4,4,4,4,4,4,4,4,96,0.995,95,4,4,4,4,4,4,4,4,4,4,4,4,4,4,4,4,4,4,4,4,4,4,4,4,4,4,4,4,4,4,4,4,1,44.190,0.441900,0.000,1.000,1,19.661,0.196607,0.000,1.000,1,16.952,0.169523,0.000,1.000,1,47.118,0.471184,0.000,1.000,1,37.494,0.374945,0.000,1.000,1,37.784,0.377844,0.000,1.000,2.721015,3.718498,2.131000,1.150383,0.518468,2.877874,3.799173,1.954816,1.060255,0.493488,2.902805,3.701430,2.356455,1.071929,0.482633,3.301590,4.567089,2.384675,1.325737,0.628131,2.855024,3.501446,2.038344,1.214152,0.480794,3.224706,4.356173,2.315348,1.343184,0.610569,3.271139,3.970702,2.028575,1.109776,0.500127,3.171409,3.863960,2.190726,1.253950,0.526126,3.046205,3.677691,2.126259,1.198085,0.582669,3.383797,4.205571,2.351943,1.275800,0.616585,3.325239,4.277196,2.174064,1.330855,0.591841,3.475775,4.308849,2.652342,1.267094,0.650264,3.054824,3.919855,2.074200,1.202551,0.603709,3.146947,4.165332,1.886385,1.251189,0.568343,2.678465,3.554123,2.030948,1.222607,0.475660,2.955995,4.375677,2.165280,1.187025,0.559472,2.922501,4.265797,2.147568,1.330155,0.579018,3.449527,4.113321,2.407143,1.118653,0.552133,2.926892,4.229285,1.893207,1.216752,0.545068,3.535332,4.501099,2.381544,1.254447,0.549082,3.275406,4.266946,2.661909,1.247503,0.604942,2.599306,3.735133,2.137224,1.204517,0.571771,2.762521,3.445575,2.087029,1.142311,0.522787,3.023460,4.494255,2.326657,1.315436,0.622844,3.271443,4.280433,2.613403,1.280887,0.568338,2.890511,4.168885,2.120561,1.184279,0.564156,2.781138,3.429571,2.142056,1.163595,0.506872,3.021287,3.967854,1.979862,1.184199,0.520197,2.671963,4.016865,2.144988,1.120715,0.554577,2.840831,3.552483,2.072621,1.171239,0.484364,3.291779,4.291685,2.680908,1.143453,0.614623,2.766581,3.735232,2.302615,1.126767,0.586175,neutral,neutral_baseline,good
1783252800.007812,1,0,4.7807,10.4295,10.3026,9.7196,9.5041,4.9725,1.6916,-8.5092,-1.7718,-9.2072,-4.6471,-10.0481,-4.0901,6.3502,-0.6815,-0.0478,3.2537,5.3766,4.3931,3.7389,-2.2598,-7.1380,-4.6961,0.2027,0.0019,-3.7240,3.4145,8.7266,11.1971,6.6324,4.1354,-2.4333,95,4,98,,,,0,1,0,1.000000,0.000109,0.000143,0.000164,-0.006395,0.000609,1.003249,31.00156,-4.30000,-40.99948,4,4,4,4,4,4,4,4,4,4,4,4,4,4,4,4,4,4,4,4,4,4,4,4,4,4,4,4,4,4,4,4,96,0.995,95,4,4,4,4,4,4,4,4,4,4,4,4,4,4,4,4,4,4,4,4,4,4,4,4,4,4,4,4,4,4,4,4,1,43.465,0.434652,0.000,1.000,1,16.819,0.168192,0.000,1.000,1,17.135,0.171349,0.000,1.000,1,43.070,0.430703,0.000,1.000,1,37.122,0.371223,0.000,1.000,1,39.623,0.396232,0.000,1.000,2.385993,3.619925,2.086421,1.209332,0.510069,2.936775,3.605358,1.940844,1.063297,0.554440,2.985331,3.866213,2.478819,1.124722,0.535724,3.213010,4.150382,2.635019,1.375987,0.529812,2.803729,3.928631,2.205599,1.056092,0.455378,2.849499,4.271730,2.344908,1.313668,0.562639,2.661638,3.365275,2.148215,1.174571,0.558029,3.144106,3.956447,2.379437,1.190849,0.528489,3.005463,3.991343,1.979436,1.252585,0.577294,3.090279,4.031524,2.368236,1.393741,0.580469,3.058698,4.057111,2.303827,1.166153,0.574031,3.249079,4.793987,2.508328,1.375215,0.568098,3.154082,3.766549,2.265235,1.243353,0.530341,3.361773,4.138490,1.949933,1.240501,0.536856,2.770570,3.797015,2.079188,0.972557,0.472598,3.172767,4.358577,2.477527,1.344102,0.487343,3.304787,3.727646,2.540837,1.282784,0.539486,3.397867,4.199148,1.971303,1.234237,0.531517,2.891829,3.723287,2.280212,1.050932,0.536681,3.589568,4.102098,2.403947,1.310572,0.568926,3.363037,4.341394,2.239516,1.431774,0.621675,2.839270,3.677955,2.004238,1.231939,0.521184,2.846709,3.652908,2.106721,1.100425,0.531173,3.120107,4.415756,2.406844,1.253086,0.548541,2.976834,4.019433,2.176853,1.327468,0.576760,3.143267,4.354011,2.109669,1.042333,0.514598,2.855060,3.482523,2.071609,1.166962,0.511311,2.740201,3.655823,2.332437,1.138052,0.500427,2.868900,4.136790,2.063602,1.207759,0.561499,2.884070,3.989075,1.957161,1.179039,0.481932,3.140973,4.597909,2.475943,1.287172,0.547712,2.912213,3.614288,1.951475,1.083085,0.524139,neutral,neutral_baseline,good
1783252800.015625,2,0,3.9483,11.7806,10.9320,6.7097,6.9510,1.3413,-6.0974,-9.6680,-8.0771,-13.5771,-8.8663,-6.6072,-1.2969,2.3995,4.4280,8.3386,5.8434,3.0975,-1.2000,1.5220,-0.5344,1.1555,-3.8549,-0.4890,1.2594,3.1091,4.6589,0.5945,5.9483,3.4030,1.7709,1.6448,95,4,98,,,,0,2,0,1.000000,0.000218,0.000286,0.000327,-0.001851,0.000178,1.000519,31.00312,-4.30001,-40.99896,4,4,4,4,4,4,4,4,4,4,4,4,4,4,4,4,4,4,4,4,4,4,4,4,4,4,4,4,4,4,4,4,96,0.995,95,4,4,4,4,4,4,4,4,4,4,4,4,4,4,4,4,4,4,4,4,4,4,4,4,4,4,4,4,4,4,4,4,1,46.885,0.468849,0.000,1.000,1,13.701,0.137014,0.000,1.000,1,21.244,0.212439,0.000,1.000,1,41.352,0.413524,0.000,1.000,1,33.576,0.335755,0.000,1.000,1,32.977,0.329774,0.000,1.000,2.541116,3.931415,1.926078,1.093208,0.472524,2.872406,3.450179,2.192590,1.042293,0.484675,2.836925,3.760481,2.241739,1.134612,0.478884,3.047476,4.060161,2.413167,1.290446,0.574000,3.024034,3.710586,2.090427,1.162099,0.575227,3.197791,4.198803,2.210966,1.339689,0.568955,2.933342,3.394871,2.239576,1.057756,0.502338,3.194124,3.683856,2.191968,1.206699,0.517628,3.353983,4.510675,2.006916,1.133614,0.596641,2.913130,4.115345,2.335493,1.316553,0.571609,3.171513,4.008708,2.491884,1.223911,0.589926,3.137565,4.343443,2.349800,1.282152,0.557341,3.175347,4.383535,2.254813,1.265478,0.583535,3.170591,4.077375,2.230518,1.263625,0.552891,2.608922,3.699734,1.801717,1.107942,0.520586,3.255274,4.077387,2.346152,1.212174,0.521479,2.892584,3.968434,2.127518,1.312143,0.572153,3.134235,4.058514,2.361608,1.289324,0.534085,2.826771,3.709589,1.902625,1.196205,0.564497,3.235684,4.188196,2.529123,1.112602,0.599757,3.264761,4.168084,2.571946,1.370186,0.584139,2.851712,3.733179,2.037596,1.056647,0.569061,2.941741,3.871374,1.898528,1.246711,0.568340,3.189079,3.976546,2.192344,1.293076,0.546470,3.147024,4.479305,2.103487,1.413200,0.632488,2.660747,3.507068,2.071814,1.078504,0.518576,2.422666,3.769717,2.329587,1.069829,0.516937,2.617201,3.978848,2.079162,1.283498,0.533453,2.870611,4.044161,2.087797,1.080093,0.548052,2.731082,3.716777,2.069626,1.070212,0.518807,3.552200,4.003993,2.604908,1.267978,0.562621,3.226315,3.789839,2.235012,1.181734,0.464239,neutral,neutral_baseline,good
1783252800.023438,3,0,9.6855,7.6136,3.2842,-1.4557,-1.0732,-3.9288,-7.4715,-10.6486,-11.4771,-9.8590,-5.4974,-2.9308,2.6098,5.5679,4.5191,5.8544,2.9951,2.6330,1.5737,-1.0757,-1.2319,-6.3435,-2.0179,1.3033,3.8842,-0.6157,3.8840,5.4502,-0.0860,-2.5531,-3.8613,-6.3778,95,4,98,,,,0,3,0,1.000000,0.000327,0.000430,0.000491,0.006448,0.001280,1.001605,31.00469,-4.30001,-40.99844,4,4,4,4,4,4,4,4,4,4,4,4,4,4,4,4,4,4,4,4,4,4,4,4,4,4,4,4,4,4,4,4,96,0.995,95,4,4,4,4,4,4,4,4,4,4,4,4,4,4,4,4,4,4,4,4,4,4,4,4,4,4,4,4,4,4,4,4,1,40.088,0.400881,0.000,1.000,1,17.618,0.176181,0.000,1.000,1,23.177,0.231770,0.000,1.000,1,44.534,0.445338,0.000,1.000,1,39.623,0.396228,0.000,1.000,1,36.815,0.368154,0.000,1.000,2.902235,3.505633,2.143343,1.046216,0.475833,2.805585,3.723983,2.068601,1.179208,0.495504,2.889932,3.548578,2.220379,1.168774,0.532717,3.187733,4.004823,2.266207,1.298841,0.577238,2.896861,3.521201,2.131621,1.102453,0.492910,3.186233,3.810456,2.457313,1.352196,0.587725,2.704053,3.616542,2.089588,0.982937,0.532886,3.124848,3.931751,2.138331,1.215143,0.562516,3.309266,4.145102,2.183046,1.207782,0.575538,3.456639,4.134262,2.171985,1.198560,0.506697,3.214574,3.859639,2.140529,1.111389,0.539138,3.347045,3.975993,2.124378,1.308511,0.581241,3.107406,4.217929,2.220034,1.117208,0.551167,3.095247,3.866579,2.013638,1.281541,0.537199,2.703294,3.698661,2.157972,1.126070,0.497921,3.152829,4.558728,2.406117,1.260458,0.517900,3.873164,3.912105,2.266676,1.211475,0.636175,3.105234,3.692679,2.256828,1.251301,0.544681,2.664991,3.667228,2.053437,1.151773,0.510732,3.379438,4.069573,2.126978,1.237228,0.641412,3.125352,4.921657,2.443544,1.204211,0.563684,2.907067,3.550366,2.400530,1.077952,0.546753,3.014132,3.670911,1.910883,1.090374,0.519121,3.317832,4.217235,2.117406,1.264082,0.554555,2.739280,4.027024,2.112936,1.305277,0.645316,3.196203,3.702154,2.049572,1.197739,0.560746,2.793241,3.787609,2.379395,1.138702,0.509996,2.896200,3.967370,1.979448,1.133062,0.490284,2.888754,4.358193,2.250266,1.168596,0.508443,2.708507,3.912112,1.955844,1.200110,0.464309,3.160113,4.736499,2.074336,1.378162,0.524119,2.799893,3.714620,2.166513,0.912914,0.456716,neutral,neutral_baseline,good
1783252800.031250,4,0,6.1608,5.6934,0.0938,-2.0889,-8.1248,-8.7756,-10.9512,-7.5336,-4.4214,1.0505,-0.4696,3.6764,6.8436,6.8045,6.7375,1.0685,3.3160,-2.5370,-4.7152,-7.3738,-0.4326,-2.6168,2.2745,1.7891,-1.9609,-0.1605,3.5892,-2.0455,-5.2419,-5.3111,-6.9736,-9.5251,95,4,98,,,,0,4,0,1.000000,0.000436,0.000573,0.000654,-0.001208,-0.002894,0.985380,31.00625,-4.30002,-40.99792,4,4,4,4,4,4,4,4,4,4,4,4,4,4,4,4,4,4,4,4,4,4,4,4,4,4,4,4,4,4,4,4,96,0.995,95,4,4,4,4,4,4,4,4,4,4,4,4,4,4,4,4,4,4,4,4,4,4,4,4,4,4,4,4,4,4,4,4,1,43.316,0.433156,0.000,1.000,1,16.030,0.160305,0.000,1.000,1,23.320,0.233200,0.000,1.000,1,42.184,0.421836,0.000,1.000,1,36.110,0.361099,0.000,1.000,1,41.028,0.410280,0.000,1.000,2.508245,3.554740,2.105548,1.086814,0.457698,2.803130,3.652720,2.189277,1.147903,0.600734,2.536142,3.747173,1.931558,1.203604,0.541347,3.293448,4.005249,2.207348,1.106870,0.636915,2.964681,3.775899,2.227936,1.202630,0.558305,2.902130,4.103508,2.385569,1.313565,0.623336,2.702845,3.865216,2.388932,1.198556,0.554992,3.003270,4.193619,2.443597,1.210388,0.591716,2.943770,4.289215,2.402010,1.186690,0.607129,3.034554,4.013181,2.319140,1.411723,0.590582,3.327808,4.016727,2.321400,1.171385,0.557869,3.398640,4.305223,2.580006,1.278827,0.586289,3.259077,3.879177,2.017513,1.305418,0.568777,2.616122,4.019686,2.151517,1.328603,0.527123,2.675270,3.493931,1.904141,1.062143,0.464392,2.839894,3.647180,2.020508,1.097562,0.537631,3.032952,3.906604,2.385861,1.261427,0.564798,2.942920,4.422012,2.251883,1.245414,0.468872,2.764107,3.336267,2.055814,1.176557,0.506102,3.337078,4.050364,2.455335,1.173876,0.584019,3.317892,4.453919,2.355218,1.445213,0.578582,2.786344,3.186229,2.323050,1.120173,0.487990,2.991540,3.969783,2.045907,1.013286,0.520949,3.033418,3.906074,2.455308,1.099088,0.597322,3.237737,4.718194,2.355738,1.104696,0.548684,2.888116,3.917773,2.233923,1.015472,0.517000,3.030490,4.172186,2.334654,1.118715,0.559614,3.172424,4.111681,2.201374,1.207938,0.502444,2.684184,4.150361,2.110694,1.173787,0.520183,2.695058,3.731562,1.899993,1.108588,0.513494,3.200421,4.095844,2.469206,1.430646,0.568215,3.022469,3.952246,1.735109,1.074207,0.496225,neutral,neutral_baseline,good
1783252800.039062,5,0,7.5728,3.2657,0.5423,-2.3089,-8.4826,-9.0006,-9.4678,-4.6696,-1.4282,2.6628,3.2999,9.1787,9.5623,10.0378,5.7028,1.5425,-0.0251,-2.2930,-6.4605,-1.3829,0.9849,3.5686,0.7186,2.9339,3.7113,2.0870,2.0667,-1.9516,-4.3018,-0.9575,-5.3316,-4.5471,95,4,98,,,,0,5,0,1.000000,0.000545,0.000716,0.000818,0.008807,0.002369,1.002899,31.00781,-4.30004,-40.99740,4,4,4,4,4,4,4,4,4,4,4,4,4,4,4,4,4,4,4,4,4,4,4,4,4,4,4,4,4,4,4,4,96,0.995,95,4,4,4,4,4,4,4,4,4,4,4,4,4,4,4,4,4,4,4,4,4,4,4,4,4,4,4,4,4,4,4,4,1,41.915,0.419147,0.000,1.000,1,15.023,0.150226,0.000,1.000,1,19.996,0.199962,0.000,1.000,1,42.231,0.422314,0.000,1.000,1,40.599,0.405990,0.000,1.000,1,35.120,0.351200,0.000,1.000,2.924874,3.862688,2.067291,1.102292,0.520966,2.445522,3.453250,2.014940,1.131927,0.505850,2.643423,3.780670,2.006697,1.053049,0.525909,3.109901,4.500916,2.401924,1.315366,0.588568,2.732436,3.622419,1.924506,1.350247,0.493529,3.174125,4.193448,2.317611,1.240779,0.523277,2.706009,3.517636,2.094771,1.104095,0.505949,3.047380,3.870957,2.329551,1.175482,0.558993,2.861239,4.307897,2.224086,1.273859,0.581159,3.130997,4.273600,2.266572,1.367785,0.612569,3.240761,3.902086,2.157350,1.209651,0.568935,3.323065,4.082667,2.540723,1.294710,0.521632,2.939234,3.408303,2.118642,1.170334,0.534364,2.949703,3.916368,2.127577,1.311848,0.591747,2.582449,3.974618,1.835301,1.054752,0.554783,2.618970,4.173147,2.051845,1.199751,0.548681,3.486112,4.013389,2.310602,1.313181,0.571290,2.876288,4.019696,2.231162,1.274401,0.523293,2.800835,3.912233,2.089656,1.138561,0.527169,3.100969,4.107739,2.435877,1.209379,0.634765,3.278269,3.984289,2.413422,1.307422,0.620411,3.061485,3.732699,2.009993,1.103352,0.493892,2.648221,3.759615,2.034945,1.076261,0.485757,3.215323,4.073056,2.165547,1.248368,0.568260,2.947371,4.407863,2.426935,1.262924,0.581963,2.969469,3.830748,2.223709,1.265760,0.530255,2.938068,4.016625,2.056558,1.067469,0.553311,2.607469,4.249787,2.221068,1.164326,0.529325,3.250111,3.698780,2.006640,1.134204,0.530725,2.593504,3.714224,2.040647,1.050161,0.554706,2.946099,3.957796,2.410570,1.269831,0.604114,2.708511,3.518099,1.982952,1.079041,0.531958,neutral,neutral_baseline,good
1783252800.046875,6,0,2.9121,2.7897,-0.7875,-1.9941,-3.3658,-3.1745,-1.3906,-1.9217,1.6030,0.0777,6.7200,4.2780,5.5885,3.5064,-4.0470,-5.8559,-6.0521,-7.1358,-4.7867,-6.3603,-0.9906,-2.9438,-2.3044,5.6516,0.1584,0.4961,-3.8482,-6.1018,-5.2811,-5.9132,-1.6553,-0.8822,95,4,98,,,,0,6,0,1.000000,0.000654,0.000859,0.000981,0.000011,0.007459,1.008078,31.00937,-4.30005,-40.99688,4,4,4,4,4,4,4,4,4,4,4,4,4,4,4,4,4,4,4,4,4,4,4,4,4,4,4,4,4,4,4,4,96,0.995,95,4,4,4,4,4,4,4,4,4,4,4,4,4,4,4,4,4,4,4,4,4,4,4,4,4,4,4,4,4,4,4,4,1,43.117,0.431166,0.000,1.000,1,17.073,0.170726,0.000,1.000,1,22.635,0.226349,0.000,1.000,1,49.510,0.495096,0.000,1.000,1,41.740,0.417397,0.000,1.000,1,42.515,0.425150,0.000,1.000,2.927089,3.885540,1.900466,1.035063,0.506860,2.495169,3.565697,2.139301,1.064904,0.524633,2.583952,3.638193,2.188707,1.138844,0.524499,3.470277,4.524297,2.187260,1.358883,0.555875,2.876816,3.843312,2.247863,1.073891,0.542288,3.314883,4.493762,2.327064,1.362930,0.564049,3.078057,3.920959,1.934484,1.180136,0.533654,2.945861,3.836165,2.175591,1.099853,0.607832,2.899381,3.982026,2.437265,1.287630,0.594789,3.453184,4.141159,2.175367,1.330193,0.608001,3.086514,3.878932,2.480377,1.302815,0.529617,3.387192,3.941343,2.304182,1.207072,0.570521,2.872657,3.883429,2.313849,1.230917,0.575285,3.207378,3.923710,2.217985,1.242915,0.608363,2.922510,4.003709,2.157801,1.179531,0.453933,3.183660,4.083301,2.224699,1.171274,0.540226,3.244184,4.432889,2.112517,1.282627,0.560756,2.851340,4.126771,2.173751,1.161710,0.528787,2.928461,3.837494,1.973568,1.093815,0.522192,3.314425,4.042625,2.442389,1.230316,0.690314,3.053075,4.109823,2.400517,1.224229,0.622682,3.170320,3.726053,2.119875,1.108880,0.524530,3.011131,3.895608,1.923155,1.212050,0.543815,3.240135,4.031651,2.317827,1.199201,0.593375,3.088482,3.634783,2.437026,1.273771,0.614530,2.856324,3.883227,2.253221,1.178745,0.537097,3.412878,3.776092,2.119424,1.263501,0.499196,2.699980,3.509876,2.179516,1.195183,0.551463,2.703706,4.160385,2.312995,1.170204,0.540548,2.872149,3.761419,2.102158,1.032155,0.500746,2.980036,4.447422,2.431791,1.277913,0.599696,2.549321,3.942234,2.004269,1.133481,0.550020,neutral,neutral_baseline,good
1783252800.054688,7,0,0.3289,1.9057,-3.3611,-4.9419,-3.5168,-6.6170,0.2499,1.4084,5.8999,3.8528,3.3220,3.7738,0.4411,-4.9306,-4.7539,-2.4963,-6.0608,-6.8712,-0.7254,-4.4243,-2.4579,4.7562,5.9806,5.5029,0.9520,0.2869,-5.4771,-3.5232,-9.0937,-5.0011,-2.1687,-4.4024,95,4,98,,,,0,7,0,0.999999,0.000763,0.001002,0.001145,-0.001732,0.007934,1.010901,31.01093,-4.30007,-40.99635,4,4,4,4,4,4,4,4,4,4,4,4,4,4,4,4,4,4,4,4,4,4,4,4,4,4,4,4,4,4,4,4,96,0.995,95,4,4,4,4,4,4,4,4,4,4,4,4,4,4,4,4,4,4,4,4,4,4,4,4,4,4,4,4,4,4,4,4,1,38.343,0.383432,0.000,1.000,1,18.953,0.189529,0.000,1.000,1,17.013,0.170132,0.000,1.000,1,41.740,0.417399,0.000,1.000,1,44.093,0.440932,0.000,1.000,1,39.774,0.397735,0.000,1.000,2.639651,3.746565,2.112221,1.121458,0.577031,2.874283,3.033891,1.998468,1.060361,0.502242,2.813160,3.601428,1.927137,1.216333,0.533799,3.020288,4.367018,2.401241,1.354489,0.540407,3.016140,3.701655,2.259398,1.139218,0.456238,3.219884,3.825480,2.325550,1.280740,0.574879,2.624258,3.584572,2.005889,1.135369,0.569079,3.139913,3.901930,2.377448,1.105823,0.574853,3.078691,4.207364,2.369104,1.193816,0.597844,3.164596,4.832751,2.279611,1.362994,0.603038,2.925241,4.538456,2.160922,1.090199,0.606477,3.442959,4.327395,2.335502,1.417153,0.618501,2.903241,4.206425,2.050930,1.168325,0.519121,2.614219,3.732042,2.370617,1.125357,0.533937,2.580280,3.890027,2.034028,1.142056,0.505246,2.809827,3.794086,2.327594,1.204704,0.579809,2.565529,4.503021,2.253181,1.431667,0.562711,3.027296,4.189221,2.099798,1.272169,0.532615,3.104174,4.024592,2.175800,1.102447,0.521567,3.293667,3.787627,2.294114,1.367021,0.548031,3.483730,4.151298,2.418680,1.205062,0.610404,2.939107,4.072924,2.267500,1.229918,0.530852,2.569432,3.991682,1.874735,1.080188,0.530958,3.230686,4.596975,2.307191,1.131129,0.567410,3.179800,4.107646,2.503328,1.240073,0.527234,2.962013,3.577206,2.328473,1.171203,0.483765,3.044916,4.354977,1.844957,1.205865,0.539506,2.911686,3.920892,2.175325,1.104604,0.572962,2.705922,4.387103,2.357087,1.093914,0.539619,2.995501,3.572033,2.004527,1.077481,0.541512,3.095916,4.281565,2.432623,1.269218,0.558440,2.584632,3.406440,1.915401,1.008285,0.492855,neutral,neutral_baseline,good
1783252800.062500,8,0,-0.2301,-3.7422,-7.5952,-8.2612,-7.0525,-5.9853,-3.2586,3.6122,-0.5619,2.9709,0.2487,5.9447,-6.7879,-3.6268,-5.8752,-6.6993,-2.4918,-0.4604,-0.6787,5.6665,7.3288,10.0957,4.3262,7.3018,0.1327,-7.4212,-3.6742,-6.4959,-8.2953,-2.0644,-2.7661,4.2420,95,4,98,,,,0,8,0,0.999999,0.000872,0.001145,0.001308,0.002134,0.007862,1.005913,31.01249,-4.30010,-40.99583,4,4,4,4,4,4,4,4,4,4,4,4,4,4,4,4,4,4,4,4,4,4,4,4,4,4,4,4,4,4,4,4,96,0.995,95,4,4,4,4,4,4,4,4,4,4,4,4,4,4,4,4,4,4,4,4,4,4,4,4,4,4,4,4,4,4,4,4,1,43.301,0.433007,0.000,1.000,1,15.538,0.155377,0.000,1.000,1,22.417,0.224171,0.000,1.000,1,45.172,0.451722,0.000,1.000,1,45.123,0.451234,0.000,1.000,1,39.314,0.393145,0.000,1.000,2.899057,3.528969,1.984721,1.116054,0.472857,2.579254,3.674620,2.024789,1.123068,0.542661,2.742364,3.899529,2.042680,1.110859,0.523086,2.755346,4.210833,2.218435,1.188043,0.511400,2.806175,3.410729,2.224408,1.136555,0.475170,3.082475,4.477061,2.271597,1.263235,0.575874,2.860593,3.451703,2.108273,1.114500,0.622176,2.974943,3.908102,2.340933,1.194098,0.560865,2.949631,4.537825,2.196817,1.273199,0.609471,3.109701,4.223394,2.404632,1.318928,0.542739,3.179853,3.956234,2.203610,1.209290,0.618768,3.545021,4.987801,2.364368,1.228717,0.558604,3.311816,3.655591,2.172903,1.167162,0.611901,2.830237,4.283528,2.384009,1.193321,0.567897,2.517930,3.679141,2.008048,0.937874,0.521249,3.084860,3.618138,2.027335,1.153880,0.536175,3.109348,3.980638,2.182419,1.290331,0.564163,3.001138,3.971825,2.275791,1.197014,0.582382,2.900596,4.048739,2.272222,1.052067,0.557747,3.581172,4.061786,2.367881,1.266311,0.608792,3.336048,4.140266,2.559253,1.227531,0.588182,3.033896,4.257821,2.031647,1.197005,0.530949,2.510652,3.486738,1.887243,1.076106,0.495855,3.150875,4.515663,2.365247,1.458532,0.568270,3.294561,4.298420,2.515292,1.229649,0.605941,3.164556,3.677472,2.104542,1.188004,0.514723,2.708244,4.230219,2.067240,1.262299,0.508045,2.846961,4.027546,2.087907,1.090923,0.505681,2.994164,3.770968,2.171791,1.018789,0.522008,2.730575,3.567377,1.903642,1.045643,0.508222,3.498900,3.923679,2.316631,1.360241,0.600738,2.794050,3.645161,2.062202,1.117127,0.447560,neutral,neutral_baseline,good
1783252800.070312,9,0,-6.7804,-11.6139,-3.7343,-3.7314,-5.6193,0.8525,7.1532,0.8437,5.9180,2.7669,-0.3065,-4.3072,-4.4300,-4.6944,-9.0433,-0.3554,-0.0937,4.5387,4.6686,14.5865,2.9630,3.3194,4.7159,5.4250,-6.3943,-2.0624,-10.3283,-4.5549,-5.7354,2.7432,5.2751,2.6092,95,4,98,,,,0,9,0,0.999999,0.000981,0.001288,0.001471,0.026628,-0.006905,1.000183,31.01405,-4.30012,-40.99531,4,4,4,4,4,4,4,4,4,4,4,4,4,4,4,4,4,4,4,4,4,4,4,4,4,4,4,4,4,4,4,4,96,0.995,95,4,4,4,4,4,4,4,4,4,4,4,4,4,4,4,4,4,4,4,4,4,4,4,4,4,4,4,4,4,4,4,4,1,46.652,0.466523,0.000,1.000,1,16.296,0.162955,0.000,1.000,1,18.529,0.185291,0.000,1.000,1,45.459,0.454591,0.000,1.000,1,41.264,0.412637,0.000,1.000,1,39.100,0.391004,0.000,1.000,2.650469,3.743184,2.112533,1.209996,0.518694,2.566018,3.705788,1.958950,1.197679,0.457543,2.903167,3.505711,2.217024,1.175520,0.521730,3.239519,4.107606,2.399282,1.253959,0.601738,2.894389,3.273159,2.049931,1.258745,0.574864,3.231643,4.249616,2.307726,1.333200,0.609230,2.714815,3.998339,2.271582,1.087603,0.522852,3.099000,4.194518,2.155310,1.167798,0.537390,3.186361,4.259415,2.281214,1.143781,0.533628,3.289852,3.915485,2.355328,1.240071,0.559950,3.149296,4.614016,2.345747,1.235392,0.525488,3.334189,4.607186,2.458613,1.384427,0.610000,2.782755,4.014232,2.283515,1.259765,0.537076,3.003674,4.108434,2.379758,1.278797,0.574211,2.840572,3.471900,1.900306,1.103727,0.540468,3.090426,4.160596,2.014350,1.101627,0.590638,3.162189,3.892010,2.446765,1.287134,0.683820,3.245227,4.108817,2.193727,1.224357,0.550041,2.635261,4.059686,2.150000,0.963014,0.508616,3.073923,4.566864,2.365895,1.409382,0.536411,3.025976,4.589172,2.278908,1.211722,0.574301,2.726745,3.932594,2.235691,1.033986,0.514644,2.776981,3.717725,2.136440,1.117825,0.490983,2.934494,3.733357,2.254448,1.258791,0.608327,3.072991,4.776852,2.295209,1.221229,0.589611,2.716292,3.893873,1.853170,1.200502,0.530895,2.893090,3.844708,1.935008,1.081181,0.573010,2.969845,3.707857,2.168556,1.181923,0.590789,3.143981,4.027101,2.103322,1.305226,0.537102,2.616362,3.411246,1.919651,1.080097,0.529343,3.387459,4.577730,2.376715,1.348687,0.668588,2.962246,4.105292,1.873114,1.073528,0.491746,neutral,neutral_baseline,good
1783252800.078125,10,0,-14.5188,-7.6082,-2.8481,-5.2260,-0.6120,-0.7636,1.7662,4.1985,-0.1302,4.3587,-5.1107,-0.9727,-3.7057,1.5952,1.1693,-3.8078,-2.2936,3.2154,5.4427,5.8514,4.5938,3.2224,-5.4822,-10.0730,-7.5962,-10.3375,-9.1416,-8.2318,-3.5217,4.7443,0.8245,4.6157,95,4,98,,,,0,10,0,0.999999,0.001090,0.001431,0.001634,0.008621,0.014856,1.001058,31.01561,-4.30015,-40.99479,4,4,4,4,4,4,4,4,4,4,4,4,4,4,4,4,4,4,4,4,4,4,4,4,4,4,4,4,4,4,4,4,96,0.995,95,4,4,4,4,4,4,4,4,4,4,4,4,4,4,4,4,4,4,4,4,4,4,4,4,4,4,4,4,4,4,4,4,1,38.990,0.389904,0.000,1.000,1,13.144,0.131444,0.000,1.000,1,20.799,0.207986,0.000,1.000,1,42.024,0.420238,0.000,1.000,1,45.586,0.455862,0.000,1.000,1,44.001,0.440012,0.000,1.000,2.812876,3.808039,2.020744,1.186126,0.508692,2.785744,4.002289,2.111604,1.252011,0.458818,2.714223,3.540722,2.163066,1.089867,0.533371,2.922469,4.166827,2.622448,1.380746,0.511256,2.948855,4.038410,2.053553,1.077944,0.550064,3.230120,4.422853,2.332183,1.463911,0.556353,2.799850,3.966505,2.209112,1.058805,0.570231,2.752884,4.023966,2.171577,1.155492,0.590690,2.677068,3.972308,2.161191,1.311766,0.624379,3.317460,4.580463,2.014365,1.280433,0.532935,3.072202,4.252066,2.317886,1.360937,0.507795,3.072229,3.929436,2.138681,1.371841,0.599466,3.298929,4.308925,2.221615,1.136644,0.586058,2.891630,3.732946,2.059627,1.215549,0.595080,2.783954,3.972101,2.046296,1.081674,0.591855,3.346798,4.070378,2.102090,1.090343,0.566462,3.121369,4.345053,2.369700,1.301178,0.620990,3.074020,3.848232,2.110274,1.249080,0.517570,3.010106,4.012517,2.110630,1.100172,0.472664,3.016293,3.891840,2.375700,1.259433,0.560220,3.403758,4.346018,2.378677,1.337091,0.629852,2.581020,3.968970,1.866850,1.087815,0.555329,2.890291,3.847841,2.057376,1.204188,0.461749,3.085366,4.202452,2.586257,1.334597,0.612101,2.999340,4.756186,2.370046,1.181287,0.657284,2.638669,3.647093,2.086490,1.086390,0.545786,2.903066,3.833459,2.332094,1.030273,0.566456,2.742946,4.185192,2.358111,1.313692,0.523003,2.743407,4.009706,2.155859,1.054923,0.564558,2.607834,3.999361,2.141727,1.085626,0.507220,3.163968,4.163445,2.792212,1.212139,0.590582,2.974855,3.657430,1.981417,1.033564,0.551585,neutral,neutral_baseline,good
1783252800.085938,11,0,-5.8082,-4.5692,-6.7563,1.2987,3.3716,3.4929,1.3578,3.9316,0.3023,0.7397,-1.0005,-2.9584,0.1725,-1.0802,2.2723,4.0934,7.2861,3.1358,4.1645,5.4554,0.5683,-0.4987,-4.7518,-10.0931,-7.6290,-9.5191,-3.8114,2.3665,4.9215,12.0333,5.3868,9.0998,95,4,98,,,,0,11,0,0.999999,0.001199,0.001574,0.001797,0.001702,-0.000659,1.004754,31.01717,-4.30018,-40.99427,4,4,4,4,4,4,4,4,4,4,4,4,4,4,4,4,4,4,4,4,4,4,4,4,4,4,4,4,4,4,4,4,96,0.995,95,4,4,4,4,4,4,4,4,4,4,4,4,4,4,4,4,4,4,4,4,4,4,4,4,4,4,4,4,4,4,4,4,1,41.242,0.412416,0.000,1.000,1,20.927,0.209272,0.000,1.000,1,22.624,0.226238,0.000,1.000,1,46.196,0.461956,0.000,1.000,1,37.631,0.376314,0.000,1.000,1,39.530,0.395303,0.000,1.000,2.888090,3.779637,2.039243,1.203604,0.492151,2.714716,3.849180,2.100406,1.167115,0.500223,2.585410,3.464531,2.004899,1.176108,0.539045,2.799268,4.322921,2.291750,1.178050,0.651659,2.932938,4.040730,2.443461,1.114617,0.516720,3.496660,3.944050,2.364363,1.287515,0.622735,2.957439,3.638693,2.240801,1.213448,0.495943,2.893927,3.897688,2.060915,1.284526,0.542638,3.065358,3.897629,2.231921,1.358027,0.597168,2.863410,3.977120,2.414197,1.230550,0.562079,2.979358,3.854210,2.316979,1.227950,0.615360,3.221105,4.062352,2.470363,1.398104,0.566735,2.707416,3.905067,2.032230,1.324989,0.506803,2.959146,4.380485,2.329272,1.170186,0.527390,2.745561,3.647722,2.218341,1.100012,0.467675,3.193812,4.270661,2.181245,1.262063,0.554534,2.941535,4.207633,2.165793,1.220196,0.548626,3.075679,4.065598,2.036241,1.139613,0.552745,2.967656,3.866302,1.836944,1.244058,0.585610,3.541373,4.452838,2.467258,1.242843,0.599618,3.014658,4.343568,2.168193,1.339041,0.580296,2.985672,3.847430,2.035441,1.199493,0.486447,2.731678,3.581683,2.126443,1.105285,0.517139,3.240603,3.599104,2.175763,1.265363,0.610940,3.249484,4.518167,2.273172,1.264213,0.558680,2.811739,3.657804,2.048272,1.141687,0.508629,2.858856,3.390465,2.146901,1.153878,0.537300,2.806919,3.732229,2.242085,1.144179,0.592414,2.701939,3.876134,2.017614,1.124641,0.515355,2.681166,3.853965,1.885630,1.144738,0.462388,3.131785,4.618763,2.419173,1.304930,0.610727,2.903818,3.883441,2.231686,1.052773,0.512399,neutral,neutral_baseline,good
1783252800.093750,12,0,-2.6238,0.5440,3.0840,7.4434,4.3666,2.3877,7.8488,2.6868,-0.9954,-1.5690,-3.9757,-0.5175,0.1594,0.4950,3.1472,3.6366,6.9998,-1.8418,-0.5311,-0.4317,-4.5816,-8.9180,-7.0393,-11.5731,-7.3474,-4.6781,-0.7525,1.5589,7.2355,13.6112,12.8827,12.8454,95,4,98,,,,0,12,0,0.999999,0.001308,0.001717,0.001960,0.003536,-0.010850,0.999947,31.01872,-4.30022,-40.99375,4,4,4,4,4,4,4,4,4,4,4,4,4,4,4,4,4,4,4,4,4,4,4,4,4,4,4,4,4,4,4,4,96,0.995,95,4,4,4,4,4,4,4,4,4,4,4,4,4,4,4,4,4,4,4,4,4,4,4,4,4,4,4,4,4,4,4,4,1,41.800,0.417999,0.000,1.000,1,21.430,0.214304,0.000,1.000,1,23.016,0.230165,0.000,1.000,1,46.239,0.462387,0.000,1.000,1,38.035,0.380353,0.000,1.000,1,38.498,0.384977,0.000,1.000,2.732794,3.647773,1.885334,1.141469,0.508094,2.910391,3.377215,1.898349,1.353522,0.482129,2.854239,3.839361,1.936348,1.238667,0.512376,3.168356,4.643730,2.193514,1.219326,0.563767,2.650791,3.915346,2.178507,1.168190,0.550435,3.375741,4.365706,2.319223,1.377619,0.563736,3.130720,3.807009,2.215589,1.282113,0.457630,2.985333,3.929297,2.441683,1.178581,0.644361,2.832876,4.245587,2.234101,1.285322,0.552390,3.086477,3.767160,2.341472,1.154885,0.535892,3.156560,4.156438,2.444719,1.154099,0.590245,3.296242,4.233339,2.257016,1.287330,0.624283,2.946194,4.222656,2.173796,1.330267,0.553415,2.988362,3.637698,2.025142,1.235706,0.546142,2.823251,3.549793,2.017645,1.068999,0.518021,2.974329,4.467943,2.118861,1.286436,0.517568,3.083756,4.016197,2.502196,1.302201,0.586380,3.056174,3.756928,2.396139,1.306017,0.551389,2.890999,4.001613,2.096105,1.141602,0.513936,3.166561,4.188407,2.475203,1.267990,0.577603,3.112054,3.923651,2.593344,1.332939,0.623661,2.762264,4.136550,2.110406,1.240652,0.522625,2.768954,3.584595,2.045489,1.125549,0.554593,3.430292,4.209519,2.471240,1.051262,0.559457,3.187241,4.409782,2.361267,1.251852,0.559761,2.750083,4.291136,2.261018,1.246147,0.529932,2.761482,3.930564,2.089088,1.132419,0.522265,2.778996,3.650220,2.087570,1.059431,0.548605,3.101098,3.754960,1.927795,1.208908,0.549044,2.764338,3.386512,1.791720,1.217789,0.499600,3.306184,4.260590,2.411705,1.185177,0.572595,2.577650,3.497071,1.970072,1.000677,0.500167,neutral,neutral_baseline,good
1783252800.101562,13,0,-1.5124,0.0293,4.7584,6.0435,3.6353,9.1926,3.5640,1.9325,-3.9458,-2.2271,-2.6678,-6.0379,-3.2055,8.1415,1.9001,5.3561,3.5662,4.8172,-2.1863,-5.1868,-2.6383,-6.8886,-14.0432,-6.5491,-4.2276,1.9566,5.3031,9.1749,11.0504,12.1983,7.1608,4.7238,95,4,98,,,,0,13,0,0.999998,0.001417,0.001860,0.002123,-0.002300,-0.007737,1.007701,31.02028,-4.30026,-40.99323,4,4,4,4,4,4,4,4,4,4,4,4,4,4,4,4,4,4,4,4,4,4,4,4,4,4,4,4,4,4,4,4,96,0.995,95,4,4,4,4,4,4,4,4,4,4,4,4,4,4,4,4,4,4,4,4,4,4,4,4,4,4,4,4,4,4,4,4,1,44.885,0.448853,0.000,1.000,1,19.726,0.197263,0.000,1.000,1,18.688,0.186882,0.000,1.000,1,43.848,0.438485,0.000,1.000,1,39.092,0.390916,0.000,1.000,1,40.974,0.409736,0.000,1.000,2.864759,4.089000,1.918004,1.095766,0.470609,2.540870,3.668189,1.995456,1.076626,0.462237,2.837955,3.676090,2.169789,1.158994,0.473749,3.213343,4.034718,2.513455,1.253300,0.558066,2.819695,3.506562,2.281547,1.303086,0.474875,3.159764,4.249308,2.268815,1.377041,0.632199,2.847649,4.332505,2.123643,1.139298,0.538765,2.886585,4.380423,2.298011,1.182997,0.547839,2.950299,4.225858,2.110577,1.248337,0.554294,3.281467,4.496012,2.437112,1.260062,0.557035,3.082388,4.180921,2.369189,1.212728,0.542054,3.266925,4.662513,2.637438,1.354864,0.557548,3.266667,3.812354,2.106746,1.235751,0.506484,3.167202,4.016167,2.269090,1.149021,0.582141,2.862508,3.621965,2.151978,0.933501,0.520186,2.992663,3.824562,2.232358,1.240970,0.527800,3.150735,4.220809,2.382090,1.362833,0.565611,3.250099,3.701855,2.248735,1.080528,0.554596,3.015442,4.321334,2.125752,1.104171,0.562503,3.241265,4.336478,2.501532,1.378108,0.531163,3.243282,4.306800,2.218911,1.167300,0.590391,2.772301,3.636866,2.073970,1.116634,0.523353,3.039737,3.695988,2.266235,1.193722,0.538676,3.001624,4.111414,2.174782,1.286858,0.573135,3.222008,4.261063,2.324984,1.228643,0.541856,2.813601,4.019285,2.098635,1.151914,0.557459,2.935068,3.465742,2.081116,1.081027,0.521102,2.957872,3.971377,2.331057,1.121339,0.520492,3.055945,4.166281,2.032342,1.230368,0.563228,2.736187,3.619369,2.113812,1.132745,0.518371,3.067367,3.835600,2.339434,1.262419,0.604344,2.676180,3.882205,2.107434,1.072113,0.543378,neutral,neutral_baseline,good
1783252800.109375,14,0,2.4512,3.1724,6.0353,4.5872,0.4431,1.6272,-2.6820,-6.7586,-10.3976,-4.7635,-4.1017,-1.6188,4.3306,-2.8350,8.1495,8.6467,1.6290,4.2860,-3.2416,-6.6952,-6.4085,-2.2714,-4.9675,-3.2207,2.4931,2.7121,11.5146,13.9256,11.4779,6.8342,8.1096,1.6198,95,4,98,,,,0,14,0,0.999998,0.001526,0.002003,0.002286,0.010009,0.012307,1.005815,31.02183,-4.30030,-40.99271,4,4,4,4,4,4,4,4,4,4,4,4,4,4,4,4,4,4,4,4,4,4,4,4,4,4,4,4,4,4,4,4,96,0.995,95,4,4,4,4,4,4,4,4,4,4,4,4,4,4,4,4,4,4,4,4,4,4,4,4,4,4,4,4,4,4,4,4,1,39.950,0.399497,0.000,1.000,1,21.932,0.219318,0.000,1.000,1,20.904,0.209042,0.000,1.000,1,46.016,0.460164,0.000,1.000,1,41.744,0.417437,0.000,1.000,1,38.985,0.389853,0.000,1.000,2.902291,3.747397,2.015231,1.074379,0.493611,2.729614,3.923383,1.995762,1.103651,0.506146,2.893679,3.884060,2.299756,1.027803,0.507011,3.245316,3.760304,2.541182,1.246236,0.547796,3.060121,3.347114,2.147579,1.087867,0.529670,3.279376,4.479878,2.410135,1.443561,0.590208,2.832369,4.139236,2.112266,1.185702,0.404905,3.105748,4.013281,2.159394,1.161782,0.584350,2.739293,4.948729,2.447772,1.276386,0.637568,3.226969,4.005573,2.471546,1.145209,0.602975,3.362985,4.317536,2.100459,1.270424,0.570951,3.088911,3.712559,2.202145,1.254300,0.632721,3.507706,4.220233,2.103228,1.173747,0.587746,3.134873,4.125921,2.248926,1.296436,0.628678,2.779240,3.738802,2.098584,1.080247,0.442240,3.099597,3.837219,2.382034,1.217347,0.601496,3.011305,4.520161,2.100165,1.341303,0.573735,3.179741,3.927644,2.298037,1.240482,0.564598,2.968499,4.244336,2.049159,1.254075,0.518880,3.466995,4.915629,2.257220,1.125867,0.598517,3.098711,4.174343,2.323942,1.251736,0.643584,3.042789,4.064739,2.380213,1.087403,0.444277,3.114881,3.759177,2.030130,0.990867,0.467934,3.267695,4.147334,2.003595,1.184162,0.611406,3.378152,4.237015,2.692021,1.332290,0.637674,3.123022,4.047886,1.950183,1.045611,0.506562,2.894509,3.800680,2.137232,1.138762,0.537539,3.063035,3.857430,2.083934,0.974758,0.557888,2.818698,3.726151,2.280473,1.247495,0.564015,2.919152,3.440004,1.997079,1.068056,0.558774,3.373624,4.213928,2.470837,1.311800,0.583878,2.882410,3.929282,2.038631,1.037397,0.524978,neutral,neutral_baseline,good
1783252800.117188,15,0,3.1284,1.1177,1.0712,0.3657,-1.5205,-2.7325,-6.5596,-5.6413,-7.0401,-2.7630,-0.2092,3.4286,8.4231,5.9108,2.9680,5.5407,5.2528,0.0551,-2.4378,-9.9992,-8.8724,-4.8690,-2.1069,-2.6094,3.9392,4.5956,5.6593,9.1553,8.0415,5.3175,1.8768,-0.2934,95,4,98,,,,0,15,0,0.999998,0.001634,0.002146,0.002448,0.012789,0.000548,1.009059,31.02338,-4.30034,-40.99219,4,4,4,4,4,4,4,4,4,4,4,4,4,4,4,4,4,4,4,4,4,4,4,4,4,4,4,4,4,4,4,4,96,0.995,95,4,4,4,4,4,4,4,4,4,4,4,4,4,4,4,4,4,4,4,4,4,4,4,4,4,4,4,4,4,4,4,4,1,38.552,0.385519,0.000,1.000,1,18.472,0.184724,0.000,1.000,1,22.854,0.228544,0.000,1.000,1,46.919,0.469186,0.000,1.000,1,42.291,0.422913,0.000,1.000,1,42.996,0.429958,0.000,1.000,2.654799,3.881020,2.025994,1.185636,0.512946,2.908648,4.048159,2.114530,1.097321,0.498114,2.686182,3.969979,2.217305,1.104725,0.458079,3.016859,4.290299,2.169136,1.107018,0.559614,2.539038,3.932923,2.070621,1.161464,0.571686,3.031859,3.724398,2.347460,1.318706,0.537443,2.829237,3.777237,2.125220,1.114541,0.615185,2.977561,4.078740,2.153954,1.018177,0.600572,2.531600,4.503202,2.108721,1.147401,0.568836,3.594228,4.315603,2.302196,1.211805,0.604963,3.066426,4.360501,2.028846,1.294199,0.585915,2.968654,4.042920,2.349515,1.255244,0.602931,2.749741,3.798734,2.486267,1.142666,0.537499,2.993057,3.966199,2.379128,1.168537,0.583069,2.635677,3.876197,2.011234,1.099658,0.506643,3.108068,3.724382,2.077933,1.350602,0.568364,3.107037,4.397535,2.320518,1.098721,0.587866,2.986734,4.095683,2.103844,1.187575,0.589401,2.867013,3.758311,2.168150,1.129910,0.564404,3.198622,4.403923,2.270329,1.196184,0.618196,3.283280,4.474796,2.475253,1.179003,0.596878,2.506137,3.917058,1.953186,1.171558,0.545070,2.688351,3.699248,2.186825,1.001032,0.529021,3.158338,4.419294,2.071841,1.254692,0.613036,3.391809,3.988424,2.261208,1.393020,0.525966,2.885257,3.898663,2.143947,1.092408,0.561114,3.000900,4.212621,1.989873,1.106669,0.556685,3.208324,3.855289,1.927160,1.142275,0.561122,3.077835,4.206664,2.419329,1.152387,0.512786,2.562168,3.654796,2.148878,1.219044,0.512909,3.209373,4.241297,2.524490,1.223974,0.584164,2.789885,3.731110,2.278464,1.061158,0.589566,neutral,neutral_baseline,good
1783252800.125000,16,0,0.9475,-0.3717,-1.7933,-0.8200,-4.6661,-3.3014,-8.4559,-9.4846,-3.8623,0.9775,0.0155,6.3053,9.6171,6.3823,4.7985,1.2058,-0.1086,-2.3035,0.5220,-4.9140,-10.7120,-9.4357,-2.6402,5.3450,6.5419,5.9771,10.5453,10.3723,7.8111,-2.3767,-2.7677,-10.6120,95,4,98,,,,0,16,0,0.999997,0.001743,0.002289,0.002611,-0.000907,-0.006575,1.002073,31.02493,-4.30039,-40.99167,4,4,4,4,4,4,4,4,4,4,4,4,4,4,4,4,4,4,4,4,4,4,4,4,4,4,4,4,4,4,4,4,96,0.995,95,4,4,4,4,4,4,4,4,4,4,4,4,4,4,4,4,4,4,4,4,4,4,4,4,4,4,4,4,4,4,4,4,1,38.645,0.386454,0.000,1.000,1,20.173,0.201727,0.000,1.000,1,20.205,0.202046,0.000,1.000,1,43.074,0.430742,0.000,1.000,1,41.449,0.414490,0.000,1.000,1,42.062,0.420622,0.000,1.000,2.836516,3.575481,2.003173,1.104627,0.488025,2.493521,3.621091,2.189831,1.056399,0.450463,2.787019,3.983127,1.842409,1.133557,0.526371,3.235646,4.319270,2.382639,1.134706,0.595933,3.133958,3.808281,2.170092,1.087409,0.572186,3.086737,4.697253,2.297239,1.334415,0.568898,3.220841,3.402910,2.169825,1.013418,0.492334,3.370481,4.255706,1.951937,1.210311,0.534294,3.231413,4.628662,2.381265,1.282431,0.590303,2.968693,4.414122,2.458515,1.224087,0.559987,3.407387,4.232008,2.141895,1.221965,0.558914,3.219533,4.290590,2.334715,1.422663,0.622131,3.274619,3.601732,2.219877,1.287604,0.575288,2.903494,3.852772,2.347563,1.195311,0.576512,2.805041,3.679084,2.052612,1.056241,0.561472,3.105958,4.346035,2.135154,1.163811,0.540733,3.012710,4.408281,2.429357,1.231653,0.571269,3.075001,3.828358,2.151014,1.315441,0.526598,2.804945,4.439647,1.851956,1.075601,0.587926,3.152623,4.438629,2.671601,1.237197,0.571512,3.311704,4.289786,2.295515,1.282475,0.545323,2.927284,3.987057,2.068090,1.123787,0.539270,2.689184,3.636735,2.029525,1.209746,0.507965,3.113284,4.138401,2.245826,1.181277,0.542998,3.296489,4.036848,2.311498,1.218039,0.528902,2.813989,4.183109,2.069982,1.110893,0.517072,2.790532,3.849003,2.036741,1.132413,0.506702,2.956799,3.931691,2.149747,1.201868,0.527536,3.174522,4.055914,2.363774,1.178004,0.551371,2.648594,3.685626,2.124596,1.080427,0.551628,3.210615,4.680248,2.202896,1.260970,0.570205,2.971849,3.879858,2.045339,1.090127,0.512863,neutral,neutral_baseline,good
1783252800.132812,17,0,3.1740,1.9231,-2.3032,-5.1429,-4.9401,-4.8990,-3.2932,-2.5750,6.1362,3.5249,11.5472,12.6433,11.2552,11.5913,4.9277,-1.3754,-5.9533,-9.5035,-7.3785,-12.9472,-10.7566,0.0563,2.8325,5.1918,9.2810,10.0935,7.0070,1.4194,4.7545,-1.2529,-9.2258,-7.5887,95,4,98,,,,0,17,0,0.999997,0.001852,0.002432,0.002773,0.002123,0.002947,1.001900,31.02648,-4.30044,-40.99115,4,4,4,4,4,4,4,4,4,4,4,4,4,4,4,4,4,4,4,4,4,4,4,4,4,4,4,4,4,4,4,4,96,0.995,95,4,4,4,4,4,4,4,4,4,4,4,4,4,4,4,4,4,4,4,4,4,4,4,4,4,4,4,4,4,4,4,4,1,43.628,0.436281,0.000,1.000,1,17.729,0.177290,0.000,1.000,1,17.363,0.173627,0.000,1.000,1,46.933,0.469326,0.000,1.000,1,41.465,0.414646,0.000,1.000,1,34.686,0.346856,0.000,1.000,2.847821,3.903496,2.019714,1.124355,0.486221,2.487719,3.822156,2.027616,1.140494,0.502413,2.757244,3.771033,2.046262,1.178635,0.500456,2.861736,4.213827,2.118072,1.062759,0.536633,2.820008,3.677212,1.928073,1.142874,0.569729,3.364292,4.275184,2.480078,1.248049,0.556455,3.014121,3.610568,2.166461,1.156705,0.519418,2.945308,4.313587,2.009140,1.230969,0.545620,2.986964,4.177774,2.335856,1.245913,0.581531,3.447865,4.084660,2.389034,1.138621,0.598622,2.782299,4.335962,2.232227,1.265653,0.524269,3.236266,4.521841,2.457982,1.291305,0.592231,3.211919,4.184115,2.121322,1.160326,0.528509,3.022065,3.756847,1.933316,1.195550,0.563657,2.810679,3.947384,1.880289,1.077603,0.465488,3.049699,3.982016,2.140356,1.205138,0.527616,2.983191,4.639273,2.443904,1.257184,0.528760,2.966729,4.145228,2.226403,1.274937,0.591544,2.881531,3.753176,2.060894,1.129749,0.559792,3.149367,3.874281,2.435960,1.284970,0.575854,2.850890,4.611302,2.468860,1.204468,0.597857,2.661327,3.485389,1.824522,1.191804,0.549393,2.727915,3.692811,2.252997,1.061443,0.473367,3.157255,4.315442,2.256807,1.146071,0.547991,3.262056,4.356865,2.067408,1.161373,0.540480,2.891801,4.372945,2.087473,1.162806,0.505578,3.287944,3.658150,2.023276,1.149237,0.480376,3.036765,3.859700,2.016506,1.117075,0.470633,2.862129,3.408983,2.112585,1.149114,0.523635,2.665248,3.496410,2.175304,1.200131,0.501185,3.424719,4.194491,2.307543,1.218176,0.612135,2.904871,3.445497,2.073783,1.085643,0.485727,neutral,neutral_baseline,good
1783252800.140625,18,0,0.7498,-5.8362,-3.9104,0.7583,-2.9326,-5.6566,0.8888,2.7269,4.7294,6.4037,8.9032,6.7865,5.5165,4.1479,0.0142,-9.4306,-10.5312,-6.8657,-5.9358,-7.1386,-0.2283,3.2653,4.1983,2.7574,9.1306,5.6678,7.0090,7.5595,-0.1426,-6.2994,-9.6777,-12.4246,95,4,98,,,,0,18,0,0.999997,0.001960,0.002575,0.002935,-0.009041,0.017099,1.009225,31.02803,-4.30049,-40.99063,4,4,4,4,4,4,4,4,4,4,4,4,4,4,4,4,4,4,4,4,4,4,4,4,4,4,4,4,4,4,4,4,96,0.995,95,4,4,4,4,4,4,4,4,4,4,4,4,4,4,4,4,4,4,4,4,4,4,4,4,4,4,4,4,4,4,4,4,1,41.937,0.419371,0.000,1.000,1,17.882,0.178823,0.000,1.000,1,20.135,0.201348,0.000,1.000,1,45.235,0.452354,0.000,1.000,1,43.745,0.437450,0.000,1.000,1,39.240,0.392400,0.000,1.000,2.449558,3.942927,1.802780,1.085000,0.467325,2.786992,3.427399,1.870310,1.042273,0.534603,2.768861,3.882872,2.220973,1.136042,0.530905,2.949696,4.154646,2.138394,1.294378,0.605397,3.065667,3.857112,2.239182,1.148990,0.513356,3.300435,4.457969,2.660199,1.337635,0.548585,2.727683,3.561896,2.134877,1.082619,0.574677,2.977214,4.195857,2.242382,1.237090,0.520990,3.121171,4.063014,2.279529,1.260341,0.596811,3.090394,4.448406,2.377468,1.396719,0.467008,3.011107,4.491169,1.949274,1.364342,0.577009,2.835234,4.495774,2.219872,1.221678,0.644437,2.933961,3.774389,2.468081,1.268451,0.539622,2.886676,3.990841,2.432456,1.140633,0.513078,2.992874,3.644263,2.051146,1.147127,0.497785,2.566817,3.953934,2.366724,1.358084,0.546782,3.173732,4.586221,2.414743,1.294221,0.513641,2.928653,4.056522,2.002605,1.175087,0.607126,2.853034,3.531144,1.884405,1.158312,0.512838,3.062782,4.367024,2.410009,1.306003,0.604837,2.992896,4.142649,2.323147,1.288290,0.627552,2.720815,3.616514,2.272622,1.148868,0.477852,2.728385,3.432059,1.899771,1.023074,0.485371,3.518921,4.429009,2.487106,1.334500,0.569530,3.207686,4.201594,2.149525,1.165376,0.605195,2.685907,3.910236,2.208155,1.211447,0.543023,2.640149,3.916496,2.069114,1.071299,0.459365,2.976192,3.503771,1.907326,1.280657,0.492959,2.887833,3.966994,2.181641,1.112521,0.520040,2.895561,3.621126,2.022687,0.961461,0.488945,3.368747,4.084991,2.215403,1.310397,0.608484,2.856133,3.606549,2.145736,1.229495,0.549381,neutral,neutral_baseline,good
1783252800.148438,19,0,-3.7823,5.4510,-6.5774,-6.6592,-1.9162,-0.8785,2.9804,8.1200,9.2712,5.5538,7.1982,7.1604,3.6246,-0.4266,-5.1806,-8.3708,-12.6301,-13.8271,-6.7355,-4.7501,4.3216,3.5792,8.2131,9.7224,12.7899,9.9349,4.4340,0.8614,0.2442,-11.0126,-5.9131,-4.4691,95,4,98,,,,0,19,0,0.999996,0.002069,0.002718,0.003096,0.016254,0.010717,0.999667,31.02958,-4.30055,-40.99011,4,4,4,4,4,4,4,4,4,4,4,4,4,4,4,4,4,4,4,4,4,4,4,4,4,4,4,4,4,4,4,4,96,0.995,95,4,4,4,4,4,4,4,4,4,4,4,4,4,4,4,4,4,4,4,4,4,4,4,4,4,4,4,4,4,4,4,4,1,40.932,0.409318,0.000,1.000,1,19.935,0.199348,0.000,1.000,1,18.806,0.188061,0.000,1.000,1,44.784,0.447835,0.000,1.000,1,36.516,0.365163,0.000,1.000,1,35.298,0.352983,0.000,1.000,2.838784,3.613147,1.946516,1.099842,0.519059,2.737351,3.746317,2.050184,1.095591,0.509492,2.650123,3.619861,1.826443,1.041295,0.476625,3.055544,4.457029,2.294430,1.263491,0.541465,2.949213,4.259011,2.115001,1.102320,0.494350,3.253555,4.029503,2.449428,1.203392,0.528872,2.982759,3.565627,2.203453,1.231894,0.512626,3.069776,4.380179,2.161371,1.329065,0.544887,2.952839,4.196254,2.325504,1.336734,0.604136,3.250828,4.407370,2.357542,1.332586,0.564912,2.927373,4.226184,2.666080,1.312868,0.549813,3.500901,3.825715,2.333374,1.323096,0.568370,2.894980,3.961847,2.129812,1.144306,0.514564,2.748088,3.808106,2.209833,1.285982,0.533720,2.578763,4.065095,1.899467,1.118690,0.481195,2.872513,4.095511,2.262384,1.292376,0.572452,3.209708,4.399328,2.188066,1.364522,0.601692,3.090227,4.146412,2.006018,1.119104,0.554736,2.924481,3.999066,2.139726,1.146868,0.571646,3.298464,4.500582,2.539082,1.390285,0.603585,3.371389,4.376354,2.521642,1.469113,0.555162,2.715401,4.152087,2.108773,1.108194,0.499657,2.937358,3.832589,2.285028,1.106290,0.537419,3.441112,3.814848,2.150580,1.272578,0.554202,3.051299,4.008434,2.275300,1.184266,0.529850,2.966272,3.894642,2.251002,1.196026,0.545053,2.972307,3.583651,2.023112,1.156296,0.550616,3.011740,3.816524,2.102365,1.177093,0.494653,3.115063,4.135331,2.294876,1.256331,0.575964,2.450014,3.732809,1.851880,1.041750,0.502381,3.430390,4.355562,2.381505,1.418477,0.595714,2.639633,3.420051,1.945189,1.127172,0.465738,neutral,neutral_baseline,good
1783252800.156250,20,0,-0.7697,-2.8666,-6.1051,-3.3984,-0.5299,-0.8005,5.3334,3.8456,8.0494,9.6180,4.6105,-2.7562,-3.2849,-6.9748,-11.9277,-13.8254,-10.5470,-4.4662,-0.2700,5.5750,6.9902,15.3087,9.7167,12.2538,7.9197,8.2291,-0.0189,-6.9477,-6.8893,-11.7400,-10.6997,-4.1533,95,4,98,,,,0,20,0,0.999996,0.002177,0.002860,0.003258,0.006707,0.011351,0.999288,31.03112,-4.30061,-40.98959,4,4,4,4,4,4,4,4,4,4,4,4,4,4,4,4,4,4,4,4,4,4,4,4,4,4,4,4,4,4,4,4,96,0.995,95,4,4,4,4,4,4,4,4,4,4,4,4,4,4,4,4,4,4,4,4,4,4,4,4,4,4,4,4,4,4,4,4,1,45.536,0.455360,0.000,1.000,1,17.856,0.178557,0.000,1.000,1,15.401,0.154006,0.000,1.000,1,43.055,0.430548,0.000,1.000,1,36.800,0.368004,0.000,1.000,1,34.635,0.346345,0.000,1.000,2.866835,3.790216,2.112176,1.063433,0.526236,2.536616,3.601388,2.020435,1.074580,0.513040,2.794403,3.836425,2.089399,1.183443,0.498225,3.251367,4.241525,2.328104,1.261662,0.499434,3.234532,3.655319,2.025597,1.137881,0.490012,3.537560,4.110754,2.251881,1.217089,0.602451,3.143741,3.931026,2.028438,1.252410,0.540861,2.902060,4.027256,2.242134,1.230680,0.556205,3.134786,4.640217,2.685844,1.265116,0.542305,2.980948,4.448849,2.105702,1.258687,0.597082,3.163157,4.070770,2.547657,1.311416,0.557453,3.382040,4.259442,2.295462,1.260495,0.634227,2.899682,3.983315,2.334897,1.222027,0.557993,2.912455,4.610393,2.333826,1.040977,0.599670,2.566992,3.403526,1.954444,1.196627,0.501631,3.038238,3.599585,2.342217,1.180886,0.507508,3.243425,4.366575,2.344944,1.371174,0.603685,3.270751,3.987279,2.214699,1.262356,0.588299,2.842822,4.305365,2.141975,1.160656,0.545912,3.064384,3.881619,2.661024,1.374601,0.559379,3.256804,4.468108,2.299484,1.403197,0.574638,3.011824,3.646725,2.147982,1.242760,0.535972,2.700175,3.758174,2.128582,1.084077,0.497882,3.459854,4.521758,2.203320,1.152618,0.529484,2.919756,4.100985,2.284212,1.147703,0.578980,2.395501,3.900180,2.332467,1.075724,0.439926,2.870972,3.949426,2.033467,1.152631,0.561507,3.194829,4.006508,1.969495,1.172114,0.499895,2.963044,3.897142,2.100422,1.295312,0.536305,2.517039,3.767223,2.109235,1.108388,0.482914,3.119051,4.118666,2.277121,1.226918,0.579271,2.570591,3.786204,1.955703,1.178192,0.524742,neutral,neutral_baseline,good
1783252800.164062,21,0,-1.2669,-9.2879,-1.7604,-3.6821,0.9222,4.5721,7.2000,6.2460,6.9883,3.8140,2.8182,-4.8732,-5.0685,-4.6619,-4.3061,-5.5595,-1.6945,0.1304,6.1221,12.5965,10.5729,7.8357,10.3642,8.3179,1.5060,-4.2324,-6.8704,-11.8946,-7.9566,-5.4634,-5.8211,-7.6428,95,4,98,,,,0,21,0,0.999995,0.002286,0.003003,0.003419,0.008854,-0.002152,1.006427,31.03267,-4.30067,-40.98907,4,4,4,4,4,4,4,4,4,4,4,4,4,4,4,4,4,4,4,4,4,4,4,4,4,4,4,4,4,4,4,4,96,0.995,95,4,4,4,4,4,4,4,4,4,4,4,4,4,4,4,4,4,4,4,4,4,4,4,4,4,4,4,4,4,4,4,4,1,40.251,0.402509,0.000,1.000,1,20.766,0.207658,0.000,1.000,1,22.065,0.220645,0.000,1.000,1,44.507,0.445072,0.000,1.000,1,41.570,0.415699,0.000,1.000,1,38.467,0.384667,0.000,1.000,3.070716,3.286519,2.090929,1.195939,0.498869,2.699020,3.749249,1.927785,1.077104,0.478749,2.767519,3.261600,1.977174,1.156418,0.501193,3.050332,4.395100,2.510722,1.195712,0.614853,2.597503,3.673388,2.196800,1.178882,0.535897,3.367330,4.216370,2.454959,1.242918,0.564793,2.575837,4.026819,2.017555,1.231114,0.564329,2.994752,4.068140,2.252243,1.199150,0.507757,3.403363,4.033347,2.369542,1.274581,0.584124,3.224325,4.475576,2.211918,1.348783,0.589268,3.134989,4.066308,2.287345,1.294524,0.533079,2.896330,4.235341,2.468259,1.268721,0.640836,3.231818,4.334636,2.390618,1.218423,0.568451,2.910997,3.394867,2.279964,1.157869,0.549740,2.367424,3.909565,2.015683,1.073487,0.474748,2.852437,3.795022,2.070883,1.097763,0.542830,3.117951,4.462158,2.088583,1.238956,0.552258,3.059976,3.985620,2.311022,1.331745,0.549786,2.994626,3.695724,2.112181,1.162665,0.600379,3.008922,4.271699,2.371249,1.233430,0.604643,3.232499,4.337220,2.265857,1.348842,0.559065,2.777857,3.981007,2.258380,1.085361,0.540372,2.768093,3.942163,2.054027,1.226258,0.557002,2.944991,4.088404,2.190313,1.244985,0.510878,2.813548,4.425334,2.340484,1.307610,0.542274,2.719295,3.824834,2.304970,1.166186,0.537936,3.042085,3.874702,2.106369,1.165665,0.514945,3.176322,3.845546,2.036365,1.208411,0.562318,2.883484,4.128511,2.316714,0.948283,0.487740,2.829146,3.478002,2.231026,1.126590,0.503417,3.213078,4.171001,2.257145,1.289846,0.622206,2.537656,3.783638,1.996025,1.124706,0.489708,neutral,neutral_baseline,good
1783252800.171875,22,0,-7.1894,-9.4115,-4.5489,-1.9732,-2.0632,6.0480,-0.3096,5.9047,1.5920,3.1050,-1.9350,-2.5063,-7.6002,-8.6427,-4.4930,-5.9066,-1.0153,6.9142,8.8863,14.8373,11.8568,8.1790,9.1487,4.4739,-3.2346,-5.4347,-9.9372,-9.6196,-9.9565,-7.8260,0.3840,1.3105,95,4,98,,,,0,22,0,0.999995,0.002394,0.003146,0.003580,-0.003120,0.006586,1.003172,31.03421,-4.30074,-40.98855,4,4,4,4,4,4,4,4,4,4,4,4,4,4,4,4,4,4,4,4,4,4,4,4,4,4,4,4,4,4,4,4,96,0.995,95,4,4,4,4,4,4,4,4,4,4,4,4,4,4,4,4,4,4,4,4,4,4,4,4,4,4,4,4,4,4,4,4,1,43.106,0.431059,0.000,1.000,1,18.923,0.189232,0.000,1.000,1,21.239,0.212390,0.000,1.000,1,41.077,0.410773,0.000,1.000,1,36.404,0.364036,0.000,1.000,1,41.825,0.418248,0.000,1.000,2.778604,4.008657,2.105513,1.077614,0.458535,2.868539,3.825911,2.255345,1.099694,0.512557,2.493052,3.592794,2.080969,1.095024,0.485793,3.392129,4.569089,2.145619,1.257902,0.558401,3.162576,3.926993,2.205822,1.096384,0.574780,3.142888,4.744008,2.500713,1.230119,0.605270,2.946285,3.820420,2.225318,1.159774,0.533275,2.921804,3.868318,2.237282,1.227775,0.592701,2.878467,4.205672,2.517340,1.202259,0.538441,3.006615,4.446387,2.157283,1.274933,0.560227,3.018256,4.091662,2.241024,1.222902,0.571281,3.281370,4.188520,2.434991,1.254534,0.575901,3.004483,3.584465,2.089510,1.150736,0.515724,2.994684,3.871032,2.105287,1.288803,0.626327,2.949023,3.777109,2.178542,1.134206,0.502246,3.017009,3.915416,1.907027,1.138265,0.522113,3.275982,4.122298,2.082539,1.271259,0.593701,3.135290,4.083285,2.513006,1.136393,0.592865,3.064345,3.724226,2.113140,1.109549,0.528419,3.143414,4.190751,2.367379,1.211427,0.631977,3.399400,4.126062,2.490701,1.210218,0.528659,2.893700,3.910898,1.990307,1.171882,0.581921,3.286069,3.516381,2.080905,1.031161,0.596908,3.044448,4.383345,2.305539,1.171169,0.566024,2.872296,4.008218,2.255666,1.267357,0.495016,2.892442,4.464916,2.007903,1.184259,0.518860,2.359129,3.560560,1.997288,1.193748,0.519578,2.865488,4.028227,2.146007,1.150054,0.553721,2.723971,3.909874,2.341112,1.035154,0.518520,2.788930,3.734668,1.985324,1.133715,0.479608,3.388364,4.316903,2.602482,1.345141,0.606138,3.034019,3.548864,2.014628,1.001105,0.539453,neutral,neutral_baseline,good
1783252800.179688,23,0,-3.1273,-5.7741,-3.9519,5.7676,4.3876,6.9632,12.3562,6.1196,3.6053,4.3421,-1.9604,-9.0112,-4.0147,-11.7429,-2.7355,-0.6004,0.8439,3.8610,5.5479,13.4605,8.3325,3.5977,2.5942,-0.2013,-6.2611,-7.8641,-7.9774,-9.0587,-5.6172,-2.8585,-0.9592,1.8933,95,4,98,,,,0,23,0,0.999995,0.002502,0.003288,0.003741,0.011453,-0.000546,1.005057,31.03574,-4.30081,-40.98803,4,4,4,4,4,4,4,4,4,4,4,4,4,4,4,4,4,4,4,4,4,4,4,4,4,4,4,4,4,4,4,4,96,0.995,95,4,4,4,4,4,4,4,4,4,4,4,4,4,4,4,4,4,4,4,4,4,4,4,4,4,4,4,4,4,4,4,4,1,41.719,0.417187,0.000,1.000,1,20.764,0.207637,0.000,1.000,1,21.038,0.210379,0.000,1.000,1,46.104,0.461042,0.000,1.000,1,39.622,0.396217,0.000,1.000,1,37.993,0.379930,0.000,1.000,2.727005,3.767291,1.830259,1.112192,0.521614,2.849463,3.471744,1.989857,1.088071,0.493824,2.591425,3.484404,2.051176,1.144076,0.517065,2.961373,4.262591,2.264162,1.212744,0.541069,2.816624,4.040539,2.107120,1.153580,0.500667,3.735014,3.686102,2.060724,1.239444,0.593567,3.214588,3.993309,2.169096,1.226294,0.535698,2.682103,4.113336,2.257316,1.373639,0.532969,3.370981,3.838261,2.510036,1.263777,0.603518,3.319172,4.418937,2.349106,1.223736,0.578265,2.981257,4.138180,2.070292,1.262822,0.606465,3.461596,4.644368,2.389416,1.279557,0.582873,3.065787,4.165533,2.241098,1.101392,0.594538,3.125592,4.292208,2.235206,1.196384,0.621826,2.605087,3.335751,2.285895,1.129572,0.497242,2.890133,3.512997,2.442625,1.248835,0.565937,3.342266,4.013215,2.399670,1.356858,0.506617,3.102378,4.172714,2.209909,1.134449,0.543679,2.825544,3.958226,2.062617,1.215470,0.516094,3.128050,4.606841,2.344920,1.332698,0.545859,3.523389,3.929912,2.381526,1.274102,0.564838,2.792055,4.065554,2.298986,1.119394,0.509282,2.470113,4.093664,1.910858,1.052719,0.513569,3.262389,4.547139,2.590480,1.306439,0.556369,3.001623,4.121730,2.402097,1.321517,0.594079,2.575167,3.742294,2.316860,1.124995,0.530092,3.303239,3.768264,2.259576,1.260789,0.544120,2.829602,3.343935,2.020834,1.207025,0.551579,3.179773,3.698264,2.204670,1.042155,0.515800,2.851045,3.201970,2.125710,1.226721,0.462951,3.149667,4.705655,2.416673,1.310253,0.590333,2.565437,3.696774,2.208322,1.124048,0.534707,neutral,neutral_baseline,good
1783252800.187500,24,0,-4.4982,-1.7984,3.3986,5.2391,6.4552,9.9660,7.7104,2.6496,2.5774,-5.6825,-5.6475,-7.3085,-4.3604,-5.8132,-1.4452,0.6775,0.6755,9.0130,12.1434,6.8652,9.9723,3.4746,2.2373,-6.6550,-10.6187,-8.7719,-9.4313,-4.3049,-1.6692,3.2268,5.8311,5.5987,95,4,98,,,,0,24,0,0.999994,0.002611,0.003431,0.003902,0.003934,0.015473,1.005017,31.03728,-4.30088,-40.98751,4,4,4,4,4,4,4,4,4,4,4,4,4,4,4,4,4,4,4,4,4,4,4,4,4,4,4,4,4,4,4,4,96,0.995,95,4,4,4,4,4,4,4,4,4,4,4,4,4,4,4,4,4,4,4,4,4,4,4,4,4,4,4,4,4,4,4,4,1,39.001,0.390005,0.000,1.000,1,13.311,0.133106,0.000,1.000,1,19.547,0.195465,0.000,1.000,1,46.050,0.460496,0.000,1.000,1,37.402,0.374021,0.000,1.000,1,33.884,0.338843,0.000,1.000,2.878210,4.424209,2.148812,1.047204,0.506890,2.764658,3.429383,1.869942,1.104265,0.534697,2.837059,3.573442,2.112055,1.152824,0.482145,2.895103,4.325639,2.446583,1.279719,0.613124,3.162837,3.520527,2.192994,1.254597,0.569192,3.472309,4.114212,2.441447,1.338956,0.565331,2.940225,3.566254,2.023203,1.185640,0.566565,3.040057,4.426721,2.428706,1.144369,0.553980,3.041170,4.387725,2.398747,1.194623,0.606791,2.933318,4.547863,1.994315,1.260608,0.559248,3.249992,4.227535,1.989263,1.148478,0.552437,3.457533,4.725611,2.464251,1.401544,0.565101,3.068420,4.021865,2.053070,1.172262,0.537074,3.123397,4.174090,2.156117,1.177272,0.493809,2.868937,3.689649,2.038425,1.150281,0.495321,2.820472,3.847273,2.150034,1.213073,0.528875,3.101507,3.908816,2.279089,1.140726,0.560900,3.090577,4.032503,2.174727,1.181302,0.578471,2.701427,3.978802,2.040135,1.182198,0.528081,3.123022,4.384980,2.275587,1.197321,0.574692,2.985213,4.341813,2.281029,1.193374,0.604780,2.905957,3.741507,2.044377,1.197216,0.511753,2.827629,3.459852,2.110291,1.104253,0.526368,3.072140,3.976289,2.125249,1.233865,0.556826,2.880229,4.476988,2.431385,1.096814,0.499121,2.641920,3.912358,2.474527,1.080333,0.522800,3.064480,3.670956,2.220188,1.198635,0.519305,3.060814,4.093609,1.952337,1.150606,0.512827,2.977776,3.674698,2.049498,1.192974,0.544717,2.993321,3.731283,2.200789,1.192339,0.541244,2.520067,4.066769,2.410729,1.177797,0.567804,2.906763,3.736836,2.006515,1.234062,0.499377,neutral,neutral_baseline,good
1783252800.195312,25,0,4.5835,5.7148,9.3188,9.9076,8.5240,7.9515,1.3985,1.7728,-4.0301,-9.0730,-8.0447,-12.7198,-13.1789,-3.8496,-4.2262,-0.2679,6.6785,10.1754,5.4806,3.1849,5.9939,-4.9168,-2.4812,-5.6250,-9.0390,-6.4180,-5.6799,-1.8261,2.9015,4.2874,3.4510,9.3172,95,4,98,,,,0,25,0,0.999994,0.002719,0.003573,0.004062,0.003653,0.011890,1.004689,31.03881,-4.30095,-40.98699,4,4,4,4,4,4,4,4,4,4,4,4,4,4,4,4,4,4,4,4,4,4,4,4,4,4,4,4,4,4,4,4,96,0.995,95,4,4,4,4,4,4,4,4,4,4,4,4,4,4,4,4,4,4,4,4,4,4,4,4,4,4,4,4,4,4,4,4,1,49.399,0.493992,0.000,1.000,1,19.762,0.197624,0.000,1.000,1,17.001,0.170014,0.000,1.000,1,41.937,0.419368,0.000,1.000,1,38.126,0.381263,0.000,1.000,1,37.296,0.372958,0.000,1.000,2.509087,3.462781,2.044378,1.009620,0.507568,2.824197,3.489772,2.116540,1.119790,0.544128,2.905214,3.677531,2.029415,1.148481,0.523804,2.804794,4.393905,2.212320,1.333718,0.578496,2.795159,3.877975,2.317260,1.111085,0.478533,3.148414,4.585436,2.568245,1.358238,0.511628,2.867139,3.766788,2.110333,1.086976,0.524429,2.825748,4.620406,2.238718,1.178963,0.516199,3.317589,4.329485,2.461072,1.281011,0.559000,3.047635,4.054219,2.280200,1.327142,0.564913,3.175123,4.350549,2.227003,1.322064,0.586777,3.301918,4.296921,2.391621,1.224434,0.561978,3.036834,4.203284,2.163725,1.232820,0.540918,2.898987,4.058855,2.282128,1.166461,0.537799,2.702510,3.754465,1.861759,1.132441,0.518646,3.028774,3.854652,2.230921,1.117541,0.523464,3.339602,3.910363,2.246625,1.230538,0.607022,2.733391,3.848237,2.051184,1.315681,0.539421,2.817887,3.904484,2.243486,1.018706,0.498646,3.270004,4.140992,2.162140,1.236168,0.597308,3.290789,4.809745,2.134195,1.176355,0.548865,3.001883,3.578458,1.890410,1.189823,0.496900,2.971644,3.761514,1.961413,1.173853,0.535628,3.403212,4.059198,2.245624,1.359047,0.610515,3.170047,3.950210,2.145522,1.141531,0.538320,2.872436,3.600715,2.225143,0.983412,0.507594,2.720559,3.919872,2.145191,1.050746,0.527127,2.726259,3.945840,1.976812,1.172348,0.580213,3.338233,4.224111,2.046056,1.152618,0.514732,2.662680,3.298696,1.950179,1.179692,0.574639,3.280858,4.315276,2.439491,1.157696,0.556455,2.928760,3.672965,2.003533,1.174792,0.453597,neutral,neutral_baseline,good
1783252800.203125,26,0,9.2164,7.1855,12.0210,10.0995,9.4859,6.1864,-3.5906,-3.6392,-8.1457,-7.8278,-12.6235,-6.2259,-3.6971,-2.1394,5.8571,5.8566,10.9142,8.3530,7.0971,3.9558,2.7520,-3.2799,-3.8849,-4.6415,-7.5089,-0.9368,3.3374,3.9107,5.9943,4.0180,9.0985,0.4053,95,4,98,,,,0,26,0,0.999993,0.002827,0.003715,0.004222,0.009957,0.018109,1.001691,31.04035,-4.30103,-40.98647,4,4,4,4,4,4,4,4,4,4,4,4,4,4,4,4,4,4,4,4,4,4,4,4,4,4,4,4,4,4,4,4,96,0.995,95,4,4,4,4,4,4,4,4,4,4,4,4,4,4,4,4,4,4,4,4,4,4,4,4,4,4,4,4,4,4,4,4,1,43.731,0.437307,0.000,1.000,1,16.566,0.165661,0.000,1.000,1,22.028,0.220280,0.000,1.000,1,41.844,0.418442,0.000,1.000,1,39.351,0.393512,0.000,1.000,1,36.787,0.367874,0.000,1.000,2.802990,3.335520,2.227879,1.135139,0.495789,3.034921,3.709384,2.074521,1.133683,0.559522,2.819330,3.485348,2.059141,1.145315,0.511244,2.998795,3.958811,2.055322,1.284202,0.543434,2.797890,3.998723,2.272244,1.091704,0.522269,3.120951,4.391363,2.197832,1.217057,0.600795,2.804748,3.640644,2.132627,1.100033,0.524759,3.277951,4.015003,2.213555,1.183037,0.507049,3.172048,4.440216,2.476048,1.470405,0.565220,3.226460,3.969957,2.597542,1.351010,0.618133,3.232130,4.127440,1.939864,1.341787,0.594998,3.277068,4.089540,2.489782,1.314006,0.598769,2.791631,3.718569,2.181063,1.188474,0.513999,3.360271,3.951225,2.223153,1.236405,0.607263,2.656444,3.673298,1.886843,1.184539,0.523829,3.018663,4.055001,2.431761,1.188191,0.529003,3.077144,4.513421,2.420268,1.311886,0.561704,3.088275,4.130711,2.206787,1.186635,0.563782,2.979837,3.768380,2.094095,1.044239,0.552639,3.205930,4.702956,2.113230,1.304007,0.612700,3.091908,4.427599,2.406810,1.331883,0.583366,2.294701,3.798461,2.090800,1.084283,0.478435,2.873432,3.803047,2.236672,1.060480,0.547101,3.123627,4.036677,2.356852,1.313811,0.554050,3.414444,4.165261,2.119013,1.162894,0.608873,2.813534,3.900833,2.147624,1.156179,0.564865,2.753112,3.528430,1.791977,1.125973,0.511531,3.126284,3.716184,2.265073,1.143844,0.588595,2.801978,3.872278,2.271136,1.275212,0.573195,2.542743,3.926224,2.025929,0.997659,0.489774,3.129689,4.057632,2.527776,1.319790,0.626088,2.645433,3.350761,2.103718,1.119456,0.538558,neutral,neutral_baseline,good
1783252800.210938,27,0,9.9318,9.8708,10.8356,6.5308,2.9120,2.6794,-3.5368,-12.8248,-15.8314,-8.0633,-10.0955,-5.3244,-1.4298,5.2474,7.0134,7.0253,5.5385,2.1871,2.3513,4.2636,-4.7059,-5.0320,-3.3488,-2.4796,-5.4261,0.2992,0.2776,-1.4762,6.8508,4.5066,0.5800,0.9778,95,4,98,,,,0,27,0,0.999993,0.002935,0.003858,0.004382,0.011786,0.007233,1.000227,31.04188,-4.30111,-40.98595,4,4,4,4,4,4,4,4,4,4,4,4,4,4,4,4,4,4,4,4,4,4,4,4,4,4,4,4,4,4,4,4,96,0.995,95,4,4,4,4,4,4,4,4,4,4,4,4,4,4,4,4,4,4,4,4,4,4,4,4,4,4,4,4,4,4,4,4,1,41.960,0.419597,0.000,1.000,1,19.160,0.191603,0.000,1.000,1,22.281,0.222810,0.000,1.000,1,44.857,0.448567,0.000,1.000,1,37.688,0.376884,0.000,1.000,1,39.457,0.394573,0.000,1.000,2.993614,3.582939,2.105671,1.184825,0.543354,3.011617,3.778884,2.216253,1.205159,0.485546,2.844026,3.775317,1.963436,1.094775,0.450212,3.251902,4.370434,2.445183,1.348542,0.551056,2.883692,4.241742,2.273521,1.113118,0.458202,3.151655,3.987559,2.352200,1.352673,0.534980,2.959651,3.598997,2.453229,1.168262,0.549020,2.854412,3.540658,2.104651,1.148146,0.597560,2.923825,4.394447,2.360919,1.247605,0.489789,3.083743,4.499533,2.413926,1.287013,0.534230,3.142551,4.221924,2.220528,1.280008,0.547441,2.837933,4.136138,2.268191,1.385051,0.617086,2.979479,3.854004,2.265006,1.302585,0.516109,2.928396,4.340568,2.297551,1.186024,0.596979,2.879015,3.505519,2.077321,1.114233,0.561572,3.097460,4.100327,2.209129,1.232785,0.502233,2.910634,4.351210,2.394622,1.244685,0.514545,2.793492,4.113310,2.208286,1.149417,0.517360,2.958194,3.847050,2.114789,1.129412,0.538613,3.281361,4.140498,2.602250,1.245058,0.597452,2.926250,4.044309,2.496875,1.346904,0.599168,2.719515,3.858662,1.954360,1.206324,0.437592,2.722409,3.537973,2.202417,1.101472,0.548842,3.389500,4.272091,2.062454,1.191157,0.554685,3.193913,4.253346,2.104774,1.306316,0.536997,2.849817,3.942145,2.118577,1.274287,0.570292,2.609589,3.523278,2.221536,1.141252,0.539130,2.916022,4.168822,2.234061,1.219614,0.512127,3.086027,3.586458,2.151965,1.145595,0.520438,2.609107,3.241988,2.177931,1.091679,0.501433,3.291636,4.533018,2.531354,1.245113,0.592456,2.640421,3.886466,2.050117,1.177754,0.537292,neutral,neutral_baseline,good
1783252800.218750,28,0,10.0819,8.9821,5.5974,-1.3796,-1.7900,-2.5526,-10.9360,-12.9058,-8.9712,-3.6647,-6.3059,-4.9028,4.2076,9.5000,10.6630,10.1276,7.4045,3.5562,-0.9951,-1.8989,-4.2654,-11.0906,-2.9883,-4.2533,-1.4918,-0.8820,2.7098,0.5361,7.3500,5.8191,-0.2205,-5.0573,95,4,98,,,,0,28,0,0.999992,0.003042,0.004000,0.004542,0.006981,0.010818,1.003884,31.04340,-4.30120,-40.98543,4,4,4,4,4,4,4,4,4,4,4,4,4,4,4,4,4,4,4,4,4,4,4,4,4,4,4,4,4,4,4,4,96,0.995,95,4,4,4,4,4,4,4,4,4,4,4,4,4,4,4,4,4,4,4,4,4,4,4,4,4,4,4,4,4,4,4,4,1,40.422,0.404219,0.000,1.000,1,18.813,0.188132,0.000,1.000,1,18.226,0.182265,0.000,1.000,1,48.749,0.487492,0.000,1.000,1,42.775,0.427748,0.000,1.000,1,40.071,0.400705,0.000,1.000,2.669166,3.762876,2.180280,0.974992,0.517361,3.022758,4.120725,1.927623,1.133504,0.543075,2.993201,3.310875,1.800112,1.126837,0.527030,3.094200,4.074899,2.461474,1.357547,0.551234,2.940772,3.614659,2.358810,1.067103,0.499797,3.024000,3.991451,2.522247,1.455820,0.594829,2.854468,4.052485,2.020089,1.258815,0.532920,3.123703,3.893938,2.206931,1.100296,0.559211,3.309188,3.723208,2.164106,1.220657,0.565221,3.172668,4.241759,2.379118,1.273260,0.525806,3.176178,4.456801,2.321566,1.114310,0.579508,3.318081,4.046117,2.376600,1.389257,0.648842,3.009536,4.103741,2.168668,1.165366,0.593097,3.222768,4.212820,2.163747,1.326020,0.593455,2.571524,3.959510,2.064855,1.133655,0.449203,2.724651,4.218931,2.089568,1.252986,0.503987,2.907589,4.740878,2.466935,1.266151,0.592673,2.859876,4.067553,2.345371,1.164963,0.563548,2.617421,4.304135,2.265121,1.163185,0.523371,3.499191,4.171154,2.418271,1.266126,0.558702,3.427152,4.195042,2.431676,1.263537,0.586674,2.803585,3.628476,2.168680,1.127163,0.546203,2.912471,3.989324,1.983926,1.159428,0.505705,3.113315,3.978488,2.221087,1.294148,0.559814,2.981052,4.368233,2.335112,1.155830,0.575167,3.110412,4.139754,2.067499,1.087625,0.522374,3.061096,3.945416,1.791403,1.191444,0.450214,3.251006,4.081294,2.085774,1.172761,0.555271,2.890987,4.082723,2.167755,1.173741,0.596160,2.426612,3.696832,1.858064,1.093845,0.485348,3.682607,4.127987,2.323418,1.230407,0.616922,2.705816,3.575411,2.276631,1.168816,0.519988,neutral,neutral_baseline,good
1783252800.226562,29,0,13.3187,3.8439,0.1318,-3.8054,-2.6643,-10.0865,-6.7912,-10.6083,-10.9693,-4.4475,2.8740,9.4403,12.8736,11.9451,12.1478,1.3937,4.9115,0.0552,-4.8066,-8.6426,-6.1830,-5.2581,-1.4595,-4.1794,-2.7421,6.4799,2.5329,2.3872,-0.5802,2.3278,0.9112,-0.0535,95,4,98,,,,0,29,0,0.999991,0.003150,0.004142,0.004701,0.011521,0.010624,1.009781,31.04493,-4.30128,-40.98491,4,4,4,4,4,4,4,4,4,4,4,4,4,4,4,4,4,4,4,4,4,4,4,4,4,4,4,4,4,4,4,4,96,0.995,95,4,4,4,4,4,4,4,4,4,4,4,4,4,4,4,4,4,4,4,4,4,4,4,4,4,4,4,4,4,4,4,4,1,43.712,0.437116,0.000,1.000,1,21.372,0.213717,0.000,1.000,1,22.557,0.225568,0.000,1.000,1,45.898,0.458976,0.000,1.000,1,39.083,0.390826,0.000,1.000,1,40.433,0.404330,0.000,1.000,2.691793,3.684860,1.956920,1.258076,0.481410,2.899424,3.868658,2.152291,1.112689,0.513771,2.757474,3.113813,1.952481,1.207520,0.486524,3.141273,4.812211,2.152347,1.208673,0.562632,2.565274,3.683907,1.954279,1.203959,0.526454,2.784945,4.465062,2.478542,1.249703,0.618744,3.017502,3.673156,2.173574,1.178832,0.507600,2.860693,4.164108,2.544951,1.216661,0.565938,2.943915,4.125073,2.276702,1.228684,0.553499,3.181654,4.110915,2.514348,1.433375,0.558288,3.048049,4.262793,2.365033,1.189315,0.551706,3.339027,3.877914,2.679732,1.313536,0.580552,2.958258,3.723905,2.425892,1.188063,0.532997,3.369845,4.316296,2.209466,1.251306,0.547748,2.727752,3.668511,2.081281,1.188610,0.571852,2.596052,4.534854,2.323682,1.195258,0.533162,2.833310,4.559536,2.186362,1.326309,0.570454,2.693999,4.080170,2.253016,1.127029,0.575504,3.230522,4.000783,2.192831,1.114579,0.501051,3.146909,4.318473,2.367034,1.274803,0.679750,3.336032,4.048741,2.194978,1.155614,0.555523,2.929772,3.710661,1.990081,1.172650,0.536206,2.850485,3.714849,2.040281,1.027098,0.454601,2.965260,3.958103,2.172807,1.233458,0.555024,2.872119,4.129059,2.331156,1.209577,0.599347,2.969948,3.977184,2.089598,1.194836,0.556258,2.503701,4.017259,2.012719,1.176795,0.447267,2.838854,3.490193,2.118472,1.178605,0.547425,2.984563,3.675794,2.356829,1.096103,0.535464,2.636295,3.553595,1.857075,1.178110,0.529641,3.207288,4.221209,2.207054,1.268988,0.553588,2.804896,3.808464,2.015970,1.142892,0.529492,neutral,neutral_baseline,good
1783252800.234375,30,0,8.5559,8.4898,-3.8279,-7.1287,-9.9994,-8.8351,-11.8474,-6.9181,0.1022,4.0105,10.1719,10.9831,12.4669,7.7823,5.6401,4.9546,0.6867,-10.0696,-11.4434,-11.5174,-10.6155,-3.1026,1.1133,0.6456,3.4276,9.1826,5.9348,5.4855,3.4298,1.5178,2.3023,-0.1520,95,4,98,,,,0,30,0,0.999991,0.003258,0.004284,0.004860,0.010723,0.003307,1.008222,31.04645,-4.30137,-40.98439,4,4,4,4,4,4,4,4,4,4,4,4,4,4,4,4,4,4,4,4,4,4,4,4,4,4,4,4,4,4,4,4,96,0.995,95,4,4,4,4,4,4,4,4,4,4,4,4,4,4,4,4,4,4,4,4,4,4,4,4,4,4,4,4,4,4,4,4,1,38.283,0.382835,0.000,1.000,1,19.592,0.195920,0.000,1.000,1,20.755,0.207554,0.000,1.000,1,46.242,0.462422,0.000,1.000,1,37.548,0.375483,0.000,1.000,1,39.612,0.396120,0.000,1.000,2.819787,3.717301,2.090806,1.060123,0.466662,2.865141,3.227584,2.118399,1.254060,0.522721,2.932500,4.082739,2.173883,1.268293,0.484697,3.050790,4.273166,2.062698,1.245340,0.573288,3.143465,4.137466,2.236986,1.215310,0.536634,3.248533,4.450725,2.483332,1.221931,0.601092,2.903174,3.950427,2.286791,1.148999,0.505088,2.883399,3.926964,2.318553,1.207916,0.539123,3.289877,4.232362,2.402588,1.423120,0.641481,3.258030,4.342522,2.497200,1.374691,0.572622,2.885629,4.367754,2.314852,1.291433,0.589601,3.089777,4.168301,2.516956,1.277464,0.563511,2.934211,4.072918,2.120926,1.317806,0.573636,2.777397,4.122833,2.447311,1.461344,0.543393,2.793287,3.416220,2.113640,1.147713,0.520033,2.789417,4.164478,2.427896,1.290691,0.558864,3.182268,4.485374,2.320974,1.083048,0.524881,3.228431,4.295518,2.171443,1.136246,0.537121,2.691315,3.829228,2.362833,1.122755,0.509181,2.964874,4.352964,2.230152,1.340309,0.580288,3.550244,4.452448,2.432628,1.181083,0.592090,2.881847,3.851313,2.119784,1.140430,0.482527,2.386372,3.469812,2.169808,1.169234,0.546393,3.175871,4.209307,2.286374,1.118133,0.577106,2.993536,4.000974,2.148573,1.240799,0.602355,3.056296,3.661977,2.169745,1.161335,0.470146,2.989910,3.627193,2.147797,1.078366,0.543101,3.134800,3.949477,2.208354,1.120801,0.524495,2.782306,4.227900,2.342883,1.158669,0.548043,2.654885,3.397743,1.965410,1.026745,0.447980,3.249257,4.002448,2.335335,1.073377,0.588418,2.673767,3.579926,2.152565,1.107656,0.520608,neutral,neutral_baseline,good
1783252800.242188,31,0,5.3325,2.4792,-4.7061,-5.9799,-8.2969,-5.8882,-7.2753,-0.7806,2.4535,3.2552,9.0877,7.2622,5.8587,3.0394,-1.1595,-1.5590,-6.2339,-8.7648,-6.5359,-5.4785,-5.0311,-6.9351,2.4494,-0.8970,3.4351,5.5867,8.8785,-3.0130,-2.8340,-2.7328,-0.3935,-6.3401,95,4,98,,,,0,31,0,0.999990,0.003365,0.004426,0.005018,0.003942,0.016331,1.012158,31.04797,-4.30146,-40.98387,4,4,4,4,4,4,4,4,4,4,4,4,4,4,4,4,4,4,4,4,4,4,4,4,4,4,4,4,4,4,4,4,96,0.995,95,4,4,4,4,4,4,4,4,4,4,4,4,4,4,4,4,4,4,4,4,4,4,4,4,4,4,4,4,4,4,4,4,1,40.935,0.409350,0.000,1.000,1,20.989,0.209893,0.000,1.000,1,20.668,0.206677,0.000,1.000,1,43.188,0.431876,0.000,1.000,1,38.671,0.386710,0.000,1.000,1,36.886,0.368856,0.000,1.000,2.609386,3.822356,2.169952,1.019546,0.531943,2.615111,3.703744,2.083230,1.183868,0.510755,2.830433,4.081914,2.243329,1.186013,0.534304,3.207994,4.559013,2.383911,1.194583,0.574366,2.989858,3.565469,2.065624,1.286977,0.498459,3.289190,4.335335,2.475995,1.217092,0.557846,2.927256,3.743768,2.338603,1.179905,0.562336,2.869363,4.213113,2.572258,1.216682,0.521860,3.360332,4.074525,2.128333,1.173049,0.535773,3.293130,4.040214,2.219449,1.248689,0.600339,3.279338,4.457802,2.237421,1.321162,0.543767,3.555276,4.459068,2.402204,1.166829,0.625675,2.898126,3.829932,2.078972,1.149351,0.562858,3.129998,4.081702,2.489488,1.129245,0.569093,2.567599,3.845744,2.116354,1.125074,0.527025,3.086414,4.091219,2.005086,1.255525,0.604028,3.408272,4.190857,2.617733,1.296141,0.626559,3.103975,4.319941,1.977777,1.135997,0.563864,2.876086,3.805716,2.332896,1.127878,0.544881,3.297168,4.240721,2.036267,1.145681,0.581959,3.650150,4.113339,2.361157,1.450524,0.592482,2.915526,3.842635,1.970382,1.073382,0.503027,2.788703,3.556209,1.985333,1.133397,0.548306,3.553864,3.973604,2.321870,1.171834,0.549535,2.791756,4.580776,2.224566,1.316933,0.534618,2.507392,4.289342,1.932389,1.094779,0.573559,2.844263,3.730005,2.240826,1.112447,0.543589,2.701430,4.223766,2.068390,1.179688,0.511896,2.838568,3.912158,2.308883,1.176149,0.553492,2.687600,3.980775,1.850023,0.995059,0.550108,2.777683,4.694803,2.338350,1.309917,0.596466,2.678767,3.833942,2.295127,1.197180,0.489430,neutral,neutral_baseline,good
1783252800.250000,32,0,5.0997,-5.3206,-6.5735,-7.8394,-5.4269,-10.5045,-1.4991,-1.5178,-1.0552,8.1694,5.8118,1.3389,6.3068,-2.9687,-3.0867,-7.8997,-8.9505,-4.5449,-4.4740,-7.3670,-1.0003,2.8906,8.5901,7.6529,3.3892,1.8211,4.4643,2.1744,-3.4455,-4.8744,-2.2766,-1.9624,95,4,98,,,,0,32,0,0.999990,0.003473,0.004568,0.005176,-0.010400,0.004630,1.012012,31.04948,-4.30156,-40.98335,4,4,4,4,4,4,4,4,4,4,4,4,4,4,4,4,4,4,4,4,4,4,4,4,4,4,4,4,4,4,4,4,96,0.995,95,4,4,4,4,4,4,4,4,4,4,4,4,4,4,4,4,4,4,4,4,4,4,4,4,4,4,4,4,4,4,4,4,1,38.759,0.387590,0.000,1.000,1,20.646,0.206460,0.000,1.000,1,17.350,0.173497,0.000,1.000,1,46.050,0.460499,0.000,1.000,1,38.354,0.383544,0.000,1.000,1,34.432,0.344316,0.000,1.000,2.827768,3.698204,2.233428,1.172012,0.462885,2.845697,3.940128,2.150775,1.240918,0.571603,2.669819,3.803952,2.339123,1.200729,0.490574,2.826916,3.761379,2.371646,1.236599,0.564184,2.817968,3.691743,2.220185,1.165877,0.549088,2.877109,4.710887,2.505213,1.358195,0.512510,3.075512,3.557860,2.196107,1.249281,0.569660,3.186455,4.523781,2.261360,1.162192,0.542062,3.150427,4.406851,2.160486,1.320281,0.576059,3.105868,4.020003,2.276000,1.301002,0.578724,3.252435,3.747615,2.080604,1.167198,0.608425,3.196818,4.307949,2.448010,1.340261,0.572081,2.724943,3.888061,1.985004,1.187261,0.521233,3.106071,4.119110,2.190266,1.267876,0.655074,2.481841,4.262830,1.927118,1.025591,0.482133,3.111374,4.024975,2.104141,1.150595,0.521459,3.307348,4.579300,2.306378,1.225520,0.572348,2.567533,3.960578,2.235652,1.165652,0.529816,3.115922,3.965888,2.190778,1.203058,0.539847,3.477801,3.945086,2.359634,1.112842,0.576106,3.611213,3.966996,2.207580,1.283701,0.621629,2.943305,3.647525,2.285016,1.127223,0.553862,3.057592,3.501557,1.863004,1.152201,0.517358,3.117953,4.215518,2.268077,1.361237,0.467411,3.348843,4.213238,2.264380,1.171831,0.612637,2.716234,3.917968,2.287105,1.051844,0.545396,2.880630,3.867091,2.015920,1.170900,0.550755,2.866894,4.379296,1.994997,1.120257,0.573865,2.947079,3.757405,2.130993,1.302898,0.573489,2.612504,3.273787,2.210216,1.122808,0.494287,3.016796,3.725083,2.154227,1.299211,0.567604,3.063272,3.922322,1.971895,1.053162,0.550704,neutral,neutral_baseline,good
1783252800.257812,33,0,-4.0751,-0.4681,-9.2451,-13.3844,-13.6425,-7.4318,1.7871,1.3035,-1.3935,4.8383,5.5821,8.1297,3.1377,-1.3334,-2.8435,0.3156,-2.8700,-6.2298,-0.4011,3.5574,9.2911,6.1861,5.4670,6.6112,2.7526,1.7713,-3.3445,-3.5395,-8.5356,-2.8428,-1.8204,-5.9487,95,4,98,,,,0,33,0,0.999989,0.003580,0.004710,0.005334,0.016913,0.002488,1.015750,31.05099,-4.30166,-40.98283,4,4,4,4,4,4,4,4,4,4,4,4,4,4,4,4,4,4,4,4,4,4,4,4,4,4,4,4,4,4,4,4,96,0.995,95,4,4,4,4,4,4,4,4,4,4,4,4,4,4,4,4,4,4,4,4,4,4,4,4,4,4,4,4,4,4,4,4,1,44.995,0.449948,0.000,1.000,1,21.201,0.212014,0.000,1.000,1,21.962,0.219616,0.000,1.000,1,42.876,0.428760,0.000,1.000,1,35.291,0.352910,0.000,1.000,1,38.823,0.388229,0.000,1.000,2.578427,3.764530,1.864373,1.168981,0.527635,2.577300,3.506701,2.099247,1.175946,0.518853,2.671175,3.752404,2.016202,1.079134,0.467802,3.117820,3.943044,2.263218,1.093722,0.598794,2.822669,3.913392,2.334950,1.277362,0.556806,2.994095,4.230181,2.381082,1.296420,0.589673,3.064890,4.048659,2.298817,1.226115,0.513211,2.996596,4.070310,2.295864,1.185962,0.559734,3.085425,4.062853,2.365793,1.327986,0.638528,3.391013,4.159683,2.521669,1.168303,0.600351,3.005762,4.009746,2.551827,1.212658,0.578599,3.337327,4.290926,2.170601,1.314622,0.578766,2.959568,3.965766,2.243995,1.220754,0.496303,3.095336,4.504547,1.983933,1.154104,0.536907,2.458958,3.313439,1.929336,1.193621,0.500515,2.811774,3.931280,2.248290,1.226084,0.547443,3.701365,4.327578,2.403917,1.237299,0.555467,2.770375,3.663919,2.256379,1.202964,0.525397,2.859599,4.142334,2.115507,1.170838,0.544832,3.319228,4.102483,2.014236,1.138361,0.603426,3.111585,4.209252,2.120087,1.227317,0.595135,2.833437,3.525017,1.929313,1.261425,0.510468,2.773322,3.422518,1.951227,1.098058,0.476471,3.126991,3.859119,2.178870,1.184455,0.513389,2.815568,4.176699,2.139708,1.230208,0.565201,2.979240,4.084663,2.058892,1.087664,0.541797,2.971877,3.690888,2.064675,1.117529,0.513428,3.032367,3.800363,2.219780,1.197491,0.604629,2.858277,4.258327,2.296431,1.107356,0.566326,2.868179,3.554041,1.729279,1.156168,0.467769,3.156510,3.799864,2.422248,1.135269,0.564133,2.692812,3.714757,1.862087,1.145623,0.525822,neutral,neutral_baseline,good
1783252800.265625,34,0,-9.3376,-11.4892,-18.0066,-5.4703,-6.8359,-0.5760,2.3467,5.3077,8.7687,5.6609,8.4649,7.4008,1.0624,-2.4593,-1.3583,-3.2408,-4.3716,-2.4106,1.1475,5.0057,3.3819,7.0150,9.0720,3.6818,-0.5622,-1.6154,-6.1786,-8.8208,-7.5484,-7.4666,0.8301,-0.0226,95,4,98,,,,0,34,0,0.999988,0.003688,0.004852,0.005492,-0.003576,0.011223,1.009650,31.05250,-4.30176,-40.98231,4,4,4,4,4,4,4,4,4,4,4,4,4,4,4,4,4,4,4,4,4,4,4,4,4,4,4,4,4,4,4,4,96,0.995,95,4,4,4,4,4,4,4,4,4,4,4,4,4,4,4,4,4,4,4,4,4,4,4,4,4,4,4,4,4,4,4,4,1,43.258,0.432577,0.000,1.000,1,15.145,0.151454,0.000,1.000,1,17.704,0.177042,0.000,1.000,1,49.903,0.499032,0.000,1.000,1,38.987,0.389866,0.000,1.000,1,39.638,0.396376,0.000,1.000,2.813060,3.413692,1.866651,1.150183,0.502422,2.745140,3.955996,1.848384,1.112947,0.547930,2.927422,3.653747,2.100945,1.156339,0.484014,2.832983,4.359790,2.286961,1.379164,0.547896,3.097362,4.091032,2.206659,1.171098,0.505434,3.132624,4.125394,2.341447,1.195317,0.593176,3.235224,3.691647,2.211614,1.036450,0.551944,3.104760,3.852874,2.315696,1.230323,0.621189,3.170809,4.298704,2.289351,1.174952,0.667531,3.230967,4.339456,2.355622,1.165873,0.538111,2.796143,4.473313,2.348314,1.218425,0.520981,3.061828,4.269885,2.188210,1.356504,0.562288,2.926507,3.945134,1.896359,1.248529,0.547063,2.650294,3.979983,2.196642,1.146778,0.572120,2.994249,3.800707,1.874419,1.071560,0.451183,3.012626,3.731337,2.219062,1.247956,0.574503,3.235786,4.195867,2.115683,1.445689,0.663583,2.960118,4.071798,2.032333,1.162996,0.546602,2.819234,4.307827,2.183326,1.125505,0.522708,3.269559,3.886290,2.431520,1.285929,0.622637,3.291194,4.128233,2.268183,1.396197,0.605983,2.926563,3.901662,2.060818,1.055974,0.573933,2.760035,4.011054,2.036837,1.191184,0.485340,2.863101,4.075313,2.213654,1.292753,0.581656,2.820157,3.960433,2.088321,1.187587,0.566730,2.813813,4.169681,2.197115,1.109497,0.577220,2.979974,3.811651,2.026791,1.261566,0.542820,2.734179,3.934713,2.036213,1.231842,0.502760,2.875031,3.837989,2.255312,1.120418,0.548285,2.409983,3.877607,1.702183,1.118554,0.514894,3.092933,4.531729,2.496624,1.357522,0.624331,2.841191,3.630661,2.075693,1.188239,0.509230,neutral,neutral_baseline,good
1783252800.273438,35,0,-17.2853,-15.4957,-4.8207,-7.8552,-2.9692,5.2320,8.5625,9.7013,8.9167,1.8765,10.1753,0.6152,1.4340,-2.9509,-5.4404,-4.2854,-2.5287,4.0577,-1.3499,4.1700,7.9424,1.2440,0.7352,-4.6751,0.0781,-8.4775,-4.4941,-10.1571,-5.3190,0.2594,-0.0443,4.6243,95,4,98,,,,0,35,0,0.999988,0.003795,0.004994,0.005649,0.000795,0.008010,1.000579,31.05401,-4.30187,-40.98180,4,4,4,4,4,4,4,4,4,4,4,4,4,4,4,4,4,4,4,4,4,4,4,4,4,4,4,4,4,4,4,4,96,0.995,95,4,4,4,4,4,4,4,4,4,4,4,4,4,4,4,4,4,4,4,4,4,4,4,4,4,4,4,4,4,4,4,4,1,39.861,0.398614,0.000,1.000,1,19.177,0.191771,0.000,1.000,1,15.752,0.157519,0.000,1.000,1,47.090,0.470905,0.000,1.000,1,38.472,0.384718,0.000,1.000,1,42.505,0.425054,0.000,1.000,2.705247,3.527292,2.061699,1.184180,0.437267,2.685764,4.005435,1.920616,1.035558,0.463215,2.727851,3.434357,2.097795,1.013839,0.496102,3.071226,3.991446,2.245968,1.171000,0.539215,3.139855,3.998216,2.198833,1.243774,0.549104,3.128981,4.397685,2.302984,1.408500,0.591692,2.932416,4.264756,2.250617,1.120370,0.551507,2.823441,4.017209,2.266388,1.233629,0.555125,2.970126,4.301586,2.387555,1.209286,0.576864,3.291478,4.388489,2.394287,1.315176,0.607348,3.242039,4.256387,2.209026,1.267817,0.546824,3.108864,4.383989,2.371049,1.236425,0.610522,2.840209,4.076561,2.007593,1.284436,0.561399,3.143376,4.082110,2.064060,1.100804,0.563170,2.731115,3.797446,2.175995,1.145191,0.482606,3.088346,3.821673,2.234203,1.232734,0.528442,3.476998,4.175313,2.348546,1.376337,0.592679,2.826673,3.883805,2.212062,1.158381,0.528808,3.090478,3.853765,2.368114,1.158425,0.503280,3.174418,4.535798,2.280642,1.375176,0.590921,3.298249,4.108744,2.367287,1.288293,0.627835,2.745531,3.412859,1.934105,1.083743,0.537580,2.643366,3.505512,2.010995,1.115992,0.509419,2.867740,4.064793,2.408776,1.272122,0.582719,2.965559,4.072860,2.107703,1.285288,0.598488,2.883684,3.810383,2.037185,1.161349,0.589754,2.702666,3.815587,2.184219,1.123168,0.477113,2.983611,4.256228,2.164140,1.166995,0.534481,2.608813,4.063611,2.129933,1.130833,0.588917,2.609150,3.711468,1.878577,1.129306,0.464514,3.229800,4.279825,2.440667,1.175657,0.569005,2.647968,3.874816,1.830711,1.088075,0.525611,neutral,neutral_baseline,good
1783252800.281250,36,0,-9.9147,-11.9803,-1.6812,0.0932,6.7168,6.4907,9.4284,9.8365,6.5958,10.3741,0.8000,-0.8103,-5.5408,-6.3508,-5.0364,-5.0946,-3.7309,0.6604,0.8708,7.6067,1.1348,-1.6402,-0.4768,0.4617,-9.1131,-2.0993,-6.5983,-2.8407,-2.0788,3.2758,3.3801,6.5027,95,4,98,,,,0,36,0,0.999987,0.003902,0.005136,0.005806,0.009103,0.006286,1.009393,31.05551,-4.30197,-40.98128,4,4,4,4,4,4,4,4,4,4,4,4,4,4,4,4,4,4,4,4,4,4,4,4,4,4,4,4,4,4,4,4,96,0.995,95,4,4,4,4,4,4,4,4,4,4,4,4,4,4,4,4,4,4,4,4,4,4,4,4,4,4,4,4,4,4,4,4,1,43.189,0.431888,0.000,1.000,1,18.331,0.183311,0.000,1.000,1,23.769,0.237690,0.000,1.000,1,45.947,0.459472,0.000,1.000,1,43.540,0.435405,0.000,1.000,1,38.856,0.388558,0.000,1.000,2.686972,3.422017,1.705672,1.088650,0.476744,2.790214,4.011973,1.771274,1.162793,0.465702,2.475150,4.212109,2.135002,0.915247,0.551665,3.063253,4.511648,2.150838,1.256946,0.573372,2.562231,3.931267,2.248222,1.103171,0.553326,3.312083,4.253926,2.495679,1.323520,0.640762,2.971466,4.144657,2.127106,1.217898,0.547420,3.141028,4.261379,2.201287,1.200409,0.500318,3.195181,3.907050,2.204631,1.231796,0.600592,3.308185,4.382184,2.319682,1.300760,0.554920,3.392213,4.543636,2.195364,1.149652,0.529726,3.041842,4.054739,2.405294,1.302483,0.620601,3.005617,4.014843,2.141310,1.300729,0.597820,2.914666,4.153935,2.209100,1.204678,0.542050,2.601399,3.664525,2.164789,1.209949,0.541331,2.999013,4.284621,2.170264,1.180590,0.501705,3.425562,4.522894,2.211200,1.182653,0.656340,3.013773,3.708457,2.140169,1.230524,0.580277,3.067869,4.277704,2.239225,1.202146,0.575805,3.124508,4.144246,2.162055,1.347603,0.565689,3.270387,4.321439,2.314312,1.257224,0.625655,3.098095,3.669648,1.973457,1.260006,0.520398,2.700688,3.651721,2.154147,1.111861,0.515136,2.865330,3.947396,2.429540,1.273476,0.603823,2.788492,3.996199,2.319810,1.292241,0.640464,2.961159,3.692433,2.047776,1.076264,0.579688,2.797293,3.619486,2.212906,1.220557,0.507717,2.834757,3.969292,1.927787,1.205447,0.558275,3.025737,4.160201,2.196764,1.209468,0.594333,2.786523,4.050303,2.134262,1.089651,0.506158,3.057007,4.558687,2.725843,1.255064,0.594581,2.866143,3.733921,2.021970,1.156504,0.465777,neutral,neutral_baseline,good
1783252800.289062,37,0,-8.7545,-2.4430,1.3016,5.5854,9.5051,12.4308,6.4308,5.3574,6.6100,0.5779,-2.4416,-2.2043,-10.8128,-2.1098,-3.8268,-5.3662,3.0080,6.0661,5.9844,1.1752,2.2477,0.0928,-6.3187,2.5274,-6.2825,2.6434,-0.2906,3.3252,4.8367,11.0385,12.7912,7.9569,95,4,98,,,,0,37,0,0.999986,0.004009,0.005277,0.005962,0.007070,0.002024,1.012089,31.05701,-4.30209,-40.98076,4,4,4,4,4,4,4,4,4,4,4,4,4,4,4,4,4,4,4,4,4,4,4,4,4,4,4,4,4,4,4,4,96,0.995,95,4,4,4,4,4,4,4,4,4,4,4,4,4,4,4,4,4,4,4,4,4,4,4,4,4,4,4,4,4,4,4,4,1,36.976,0.369757,0.000,1.000,1,14.522,0.145218,0.000,1.000,1,20.568,0.205682,0.000,1.000,1,46.310,0.463103,0.000,1.000,1,39.335,0.393346,0.000,1.000,1,37.464,0.374636,0.000,1.000,2.506255,3.639449,2.030607,1.137613,0.530073,2.468324,4.076621,1.789988,1.152648,0.498573,2.948509,3.835242,2.018544,1.092732,0.459419,3.087260,3.957286,2.147524,1.158398,0.569418,2.853364,4.107268,2.077039,1.066276,0.511265,3.190245,3.780357,2.520065,1.256083,0.579154,2.950011,4.058209,2.231231,1.117550,0.513451,3.422928,3.565330,2.108408,1.159290,0.591574,3.206012,4.283441,2.191073,1.285404,0.544578,3.090712,4.069811,2.243502,1.202427,0.593757,3.158683,3.934497,2.212807,1.273200,0.574078,3.497330,4.226407,2.407227,1.339155,0.554939,2.777823,3.634736,2.232604,1.174265,0.553057,3.083820,4.131888,2.329989,1.194831,0.586415,2.896888,3.415889,2.020238,1.221685,0.622762,2.963718,3.968211,1.964757,1.196669,0.542587,3.089693,4.717991,2.375383,1.203133,0.547995,3.102855,3.811772,2.056915,1.068391,0.540434,3.032069,4.093428,2.177776,1.286616,0.498421,3.257758,4.391266,2.129225,1.273438,0.551609,3.264134,4.078468,2.454229,1.410778,0.582626,2.712163,3.488318,2.118660,1.066105,0.546262,3.073143,4.113452,2.273547,1.125448,0.526578,2.957598,3.808627,2.377407,1.135373,0.602910,2.943202,4.087115,2.513367,1.260643,0.586491,2.879810,4.103804,2.113011,1.105551,0.504829,2.557173,3.478583,2.152847,1.123167,0.487715,3.065280,3.945760,2.204026,1.101220,0.521777,3.057037,3.927315,2.328356,1.253298,0.598281,2.819101,3.549067,2.035690,1.261918,0.540589,3.155943,4.428522,2.307161,1.249577,0.623605,2.855537,3.920483,2.255838,1.080589,0.519947,neutral,neutral_baseline,good
1783252800.296875,38,0,0.0618,3.3956,3.9643,7.5365,13.2247,6.3330,6.6933,3.5585,-4.7828,-2.6803,-9.7319,-6.5131,-3.2177,-5.6664,-5.7380,0.4615,2.3216,3.5146,3.4978,2.4145,-3.6934,0.9659,-8.2131,-3.7488,0.2365,-1.6277,-0.7563,3.4839,5.8850,12.5629,2.7052,4.8987,95,4,98,,,,0,38,0,0.999985,0.004116,0.005419,0.006118,0.010756,0.001232,0.999966,31.05851,-4.30220,-40.98024,4,4,4,4,4,4,4,4,4,4,4,4,4,4,4,4,4,4,4,4,4,4,4,4,4,4,4,4,4,4,4,4,96,0.995,95,4,4,4,4,4,4,4,4,4,4,4,4,4,4,4,4,4,4,4,4,4,4,4,4,4,4,4,4,4,4,4,4,1,39.586,0.395859,0.000,1.000,1,19.414,0.194142,0.000,1.000,1,22.243,0.222433,0.000,1.000,1,48.844,0.488438,0.000,1.000,1,38.167,0.381667,0.000,1.000,1,33.251,0.332513,0.000,1.000,2.892504,3.845664,2.196110,0.991295,0.558614,2.817856,4.179211,2.024581,1.211689,0.494761,3.142638,3.596965,1.855486,1.129305,0.545261,3.338451,4.121680,2.329654,1.240145,0.614747,3.113166,3.787521,2.273341,1.170188,0.575264,3.111831,4.269027,2.255398,1.154150,0.541219,3.126715,4.050748,2.046019,1.206258,0.538074,3.205123,3.975758,2.245055,1.140619,0.600229,3.253855,4.236077,2.652775,1.351114,0.627965,3.263646,4.134984,2.410876,1.283907,0.574701,3.324003,4.059533,2.309948,1.250571,0.517653,3.323535,4.492468,2.369036,1.307962,0.579093,2.859270,3.811631,1.943163,1.226503,0.501203,2.981106,3.573353,2.156890,1.265328,0.564670,2.801155,3.781466,1.842396,1.176987,0.499695,2.975719,4.063898,1.831137,1.289488,0.533412,3.306852,4.178242,2.259710,1.381200,0.544262,3.022423,3.834102,2.245533,1.252125,0.567196,3.027058,3.764947,2.116247,1.195014,0.575798,3.310773,4.244221,2.391255,1.358647,0.606896,3.393689,4.189755,2.489903,1.260340,0.593662,2.918532,3.461324,2.037235,1.146944,0.522345,2.935265,3.208274,1.845787,1.185094,0.535341,3.464807,4.107961,2.438668,1.406789,0.490802,2.793986,4.013085,2.081296,1.353844,0.559731,2.806033,4.195057,2.232095,1.130670,0.559019,2.665045,3.603839,2.215010,1.071204,0.501673,2.847985,3.773737,1.819949,1.062034,0.541866,3.243330,4.158835,2.128618,1.189216,0.493970,2.726121,3.638449,1.958372,1.147035,0.519535,3.289541,4.806787,2.410032,1.123070,0.534883,2.773410,3.512943,2.010281,1.207853,0.512750,neutral,neutral_baseline,good
1783252800.304688,39,0,-2.4485,7.2626,5.3891,6.5853,6.5073,5.1450,-0.9721,-2.1770,-1.9086,-3.5443,-8.8774,-5.6085,0.4123,-1.2903,-1.3728,2.2671,6.1645,3.9811,2.8864,1.4275,-1.9059,-1.3434,0.3504,-1.1041,0.9477,4.8131,6.1442,8.7538,1.2421,5.2647,3.6487,-1.2231,95,4,98,,,,0,39,0,0.999985,0.004222,0.005560,0.006274,0.005807,0.006843,1.004022,31.06000,-4.30232,-40.97972,4,4,4,4,4,4,4,4,4,4,4,4,4,4,4,4,4,4,4,4,4,4,4,4,4,4,4,4,4,4,4,4,96,0.995,95,4,4,4,4,4,4,4,4,4,4,4,4,4,4,4,4,4,4,4,4,4,4,4,4,4,4,4,4,4,4,4,4,1,43.414,0.434144,0.000,1.000,1,20.264,0.202641,0.000,1.000,1,19.970,0.199702,0.000,1.000,1,48.230,0.482303,0.000,1.000,1,39.260,0.392595,0.000,1.000,1,37.072,0.370720,0.000,1.000,2.810186,3.639446,2.173174,1.107111,0.529147,2.954249,3.364660,2.044318,1.126773,0.455929,2.791775,3.667453,1.864116,1.201936,0.514012,2.681895,4.016631,2.229844,1.232018,0.542494,2.742396,3.965973,2.024617,1.240105,0.553018,3.228368,4.099289,2.349895,1.277805,0.588805,2.648021,3.905954,1.855583,1.180891,0.616918,2.885942,3.887724,2.359401,1.163962,0.527088,3.111139,4.246414,2.434946,1.227058,0.557681,3.150120,4.086533,2.389299,1.385347,0.557524,2.885932,4.117364,2.194667,1.133962,0.523066,2.860650,4.274994,2.255637,1.425871,0.604137,2.786455,3.696408,2.115906,1.090333,0.541653,3.267059,4.007598,2.153772,1.080842,0.512185,2.811179,3.699479,2.074237,1.023032,0.539595,2.878979,3.520226,2.032107,1.141597,0.541759,2.880846,4.491853,2.345014,1.345431,0.637341,2.915788,3.806954,2.252130,1.063590,0.579419,2.920091,3.807451,2.002768,1.080329,0.527297,3.308073,4.287514,2.034076,1.234531,0.608361,3.573632,4.253641,2.414636,1.287967,0.575886,2.625091,3.552872,1.901486,1.159322,0.543377,2.765056,3.586576,2.175206,1.267496,0.458978,3.205193,4.168736,2.317824,1.291924,0.621015,3.077460,4.668803,2.113110,1.297071,0.519771,2.681225,4.005831,2.242023,1.131565,0.555330,2.697002,4.010511,1.884244,1.141963,0.525856,2.967653,3.907931,2.133656,0.991179,0.489988,3.177070,4.163533,2.377388,1.203529,0.605204,2.746078,3.920648,1.973687,1.071073,0.535253,2.906922,4.632535,2.592365,1.272767,0.631847,2.693268,3.655127,2.069760,1.076143,0.531718,neutral,neutral_baseline,good
1783252800.312500,40,0,4.2961,5.8807,3.8928,0.8475,3.9146,-0.5888,-6.4678,-7.6342,-6.4748,-1.7579,-3.1325,-3.8642,-1.5727,1.1570,2.7500,6.1438,7.6807,9.7754,4.9751,-3.0261,-1.1855,-3.9034,0.8470,-0.4761,-0.6076,5.4562,2.8377,3.8387,3.7658,1.6312,-6.1311,-1.9284,95,4,98,,,,0,40,0,0.999984,0.004329,0.005701,0.006429,0.034265,-0.001868,1.016755,31.06149,-4.30244,-40.97920,4,4,4,4,4,4,4,4,4,4,4,4,4,4,4,4,4,4,4,4,4,4,4,4,4,4,4,4,4,4,4,4,96,0.995,95,4,4,4,4,4,4,4,4,4,4,4,4,4,4,4,4,4,4,4,4,4,4,4,4,4,4,4,4,4,4,4,4,1,38.342,0.383415,0.000,1.000,1,18.380,0.183796,0.000,1.000,1,18.510,0.185099,0.000,1.000,1,46.055,0.460554,0.000,1.000,1,41.893,0.418931,0.000,1.000,1,35.355,0.353546,0.000,1.000,2.770220,3.895227,1.937376,1.202306,0.552454,2.718115,4.047674,1.812389,1.077810,0.529389,2.940001,3.954567,2.160074,1.115446,0.531110,3.105076,3.768639,2.396265,1.282144,0.563940,2.830740,4.366503,2.030163,1.178008,0.514952,3.171649,4.531947,2.390897,1.249321,0.611849,3.096218,3.894046,2.094859,1.121894,0.476522,3.351794,3.914722,2.092332,1.164041,0.523784,3.367446,4.187834,2.179590,1.201819,0.544066,3.417625,3.902929,2.359398,1.318219,0.599928,3.141562,4.098154,1.952647,1.238549,0.551311,2.963432,4.663969,2.538296,1.258565,0.602712,2.967441,3.507165,2.119507,1.248699,0.540291,2.882909,4.366071,2.295855,1.141230,0.542982,2.726788,3.510065,2.145209,1.082683,0.517127,3.284345,3.796875,2.031635,1.186790,0.529181,3.137397,4.035291,2.129579,1.250394,0.541422,2.770682,4.629719,2.491928,1.355935,0.533864,2.739065,4.039884,2.017607,1.153483,0.507521,3.391118,4.263933,2.406014,1.240510,0.583037,2.868413,4.265390,2.315935,1.319583,0.573418,2.650645,3.776024,2.248232,1.117795,0.572040,2.377753,3.536341,2.018509,1.029581,0.428645,3.108470,3.885975,2.163410,1.229236,0.560815,2.983862,4.286250,2.165811,1.324353,0.609981,2.653881,3.704497,2.269431,1.083318,0.518988,2.845454,3.984276,2.212691,1.117856,0.533548,2.990446,4.291679,2.148759,1.163436,0.531236,2.766396,3.687033,1.844522,1.305584,0.614581,2.483504,3.880985,2.080046,1.094474,0.526694,3.162631,4.917641,2.460522,1.212651,0.545369,3.012228,3.650290,2.013649,1.122777,0.512076,neutral,neutral_baseline,good
1783252800.320312,41,0,6.1966,2.1680,-1.3769,1.6029,-1.1516,-3.0775,-7.4899,-6.5599,-7.4916,0.0489,-2.7608,1.9264,8.2406,5.0074,6.7388,6.9755,3.5488,-2.1715,-5.9677,-1.9899,-5.3675,-6.8682,-3.9837,-0.5265,-2.0597,5.7552,8.1406,3.3905,0.9950,-0.9053,-3.7217,-1.1298,95,4,98,,,,0,41,0,0.999983,0.004435,0.005843,0.006584,0.019972,0.009617,1.005142,31.06297,-4.30256,-40.97869,4,4,4,4,4,4,4,4,4,4,4,4,4,4,4,4,4,4,4,4,4,4,4,4,4,4,4,4,4,4,4,4,96,0.995,95,4,4,4,4,4,4,4,4,4,4,4,4,4,4,4,4,4,4,4,4,4,4,4,4,4,4,4,4,4,4,4,4,1,42.792,0.427918,0.000,1.000,1,18.139,0.181389,0.000,1.000,1,17.690,0.176901,0.000,1.000,1,44.530,0.445302,0.000,1.000,1,41.703,0.417025,0.000,1.000,1,35.923,0.359229,0.000,1.000,2.577563,3.696312,2.003184,1.003832,0.549689,2.996033,4.198390,1.996065,1.157767,0.550814,2.871798,3.964507,2.059220,1.080037,0.524259,3.189407,4.299318,2.420534,1.250997,0.560649,3.141386,3.876849,2.045607,1.240333,0.469018,3.394794,4.456458,2.332762,1.359576,0.569130,2.986793,3.574832,1.992237,1.204910,0.524617,2.857366,4.318544,2.238874,1.178136,0.556969,3.443554,4.483857,2.323466,1.312155,0.558865,3.548251,4.605486,2.297937,1.296357,0.619601,3.277309,4.380477,2.365212,1.264878,0.513659,3.500276,4.203538,2.394399,1.284984,0.627174,2.889801,3.677231,2.365845,1.235625,0.593970,3.059765,4.174271,2.371782,1.152164,0.510236,2.660154,3.588386,2.271689,1.291976,0.506629,2.981615,3.877666,2.142649,1.210391,0.554709,3.134781,4.241693,2.263347,1.224726,0.573026,3.088120,4.068741,2.105916,1.255157,0.545568,3.102372,3.867280,2.384101,1.271969,0.561329,3.496163,4.124189,2.606077,1.192560,0.592760,3.099366,3.799628,2.176157,1.253511,0.607174,2.755092,3.968354,2.025682,1.064470,0.558700,3.001275,3.676405,1.853736,1.046213,0.497165,3.112030,4.427625,2.281598,1.260809,0.582641,2.878571,4.409489,2.479019,1.278165,0.620709,2.889902,3.913712,2.328394,1.161565,0.518115,3.119159,3.722098,1.966713,1.126315,0.450166,3.117940,4.228305,1.990977,1.126300,0.597851,3.175040,3.921878,2.178718,1.229321,0.597084,2.898943,3.818768,2.006585,1.210663,0.525601,2.971302,4.142295,2.584938,1.133672,0.546128,2.872792,3.677840,1.900782,0.878671,0.499772,neutral,neutral_baseline,good
1783252800.328125,42,0,7.9619,2.6411,1.1533,4.0115,3.4110,-4.0692,-3.6350,-6.3360,-1.2675,-1.1540,2.4319,-1.5691,7.5909,0.1955,-0.2765,-0.1203,-7.5286,-9.1632,-9.1933,-11.7755,-7.8003,-3.8784,3.8262,4.9904,-0.7481,6.1947,4.3117,5.8120,0.8659,-0.8376,-3.2170,-7.8909,95,4,98,,,,0,42,0,0.999982,0.004542,0.005984,0.006738,0.000198,0.004995,1.012743,31.06445,-4.30269,-40.97817,4,4,4,4,4,4,4,4,4,4,4,4,4,4,4,4,4,4,4,4,4,4,4,4,4,4,4,4,4,4,4,4,96,0.995,95,4,4,4,4,4,4,4,4,4,4,4,4,4,4,4,4,4,4,4,4,4,4,4,4,4,4,4,4,4,4,4,4,1,44.036,0.440364,0.000,1.000,1,18.147,0.181465,0.000,1.000,1,22.280,0.222804,0.000,1.000,1,45.370,0.453704,0.000,1.000,1,37.380,0.373805,0.000,1.000,1,39.047,0.390469,0.000,1.000,2.939784,4.026173,1.980856,1.128079,0.505895,2.572826,3.804158,1.937795,1.124453,0.492691,2.681802,3.693797,2.049025,1.145298,0.497290,3.043984,4.219251,2.213446,1.240131,0.548079,2.926415,4.107450,2.257562,1.231788,0.577341,3.208480,4.492096,2.286793,1.348807,0.609385,3.228572,4.109820,2.240328,1.196512,0.521944,2.950471,4.301172,2.078022,1.343099,0.569738,3.276249,4.458127,2.351980,1.257663,0.504587,3.271805,4.415536,2.142405,1.296119,0.583640,3.289719,3.706111,2.195016,1.223925,0.538241,3.253107,3.759786,2.038218,1.284789,0.609183,2.816303,4.038656,2.212822,1.226367,0.545809,2.755117,4.092889,2.268318,1.338426,0.512190,3.184483,3.713847,1.921909,1.100788,0.547685,2.972621,3.772784,2.262906,1.255001,0.543484,3.531347,4.812401,2.007963,1.283733,0.652604,3.052105,4.303117,2.247735,1.082586,0.522688,2.933924,4.227849,2.144660,1.140464,0.520751,3.253474,4.342631,2.684262,1.276125,0.545966,3.336452,4.359462,2.383953,1.231674,0.606452,2.734540,3.633987,1.992547,1.192810,0.471941,2.784581,3.673363,2.144933,1.107890,0.541357,2.954444,4.235638,2.308334,1.244890,0.620973,3.195200,4.194818,2.420329,1.267311,0.559140,3.106233,4.438506,2.080708,1.219599,0.542579,2.832630,3.330548,1.986690,1.072348,0.560835,2.738488,4.226128,2.030280,1.161975,0.525180,2.902521,3.629190,2.385755,1.282097,0.590280,2.931371,3.896336,2.183129,1.057447,0.525353,3.457194,4.329359,2.306978,1.204973,0.573723,2.702841,3.043039,2.097195,1.214047,0.528990,neutral,neutral_baseline,good
1783252800.335938,43,0,6.8222,3.4177,2.6046,4.4000,-4.4938,3.4562,-6.0185,0.8531,-1.3288,1.0260,-1.8530,6.3815,4.4023,4.2111,-2.3079,-0.5391,-5.8064,-8.0448,-8.7611,-2.8022,-2.1019,1.6577,0.4969,6.8698,5.9398,6.1602,1.5954,4.4969,-1.0374,-4.2970,-9.2809,-7.2780,95,4,98,,,,0,43,0,0.999981,0.004648,0.006125,0.006892,0.005729,0.007755,1.012984,31.06593,-4.30281,-40.97765,4,4,4,4,4,4,4,4,4,4,4,4,4,4,4,4,4,4,4,4,4,4,4,4,4,4,4,4,4,4,4,4,96,0.995,95,4,4,4,4,4,4,4,4,4,4,4,4,4,4,4,4,4,4,4,4,4,4,4,4,4,4,4,4,4,4,4,4,1,43.567,0.435675,0.000,1.000,1,20.108,0.201081,0.000,1.000,1,18.940,0.189400,0.000,1.000,1,40.774,0.407742,0.000,1.000,1,41.325,0.413248,0.000,1.000,1,35.962,0.359616,0.000,1.000,2.746670,3.470125,2.025041,1.164959,0.503293,2.594767,3.766508,2.086791,1.121588,0.522093,2.986569,4.076597,2.125809,1.088605,0.520734,2.837197,4.129379,2.523160,1.234112,0.567006,2.799081,4.178368,2.117267,1.196409,0.527217,2.947310,4.192826,2.189969,1.219812,0.562797,3.240646,4.068447,2.194670,1.130528,0.558154,3.046367,4.395274,2.222492,1.355296,0.555267,3.178116,4.096851,2.314419,1.189988,0.539602,2.884696,4.056845,2.216523,1.303862,0.564730,3.065998,4.451099,2.350375,1.121835,0.581206,3.332571,4.251850,2.224446,1.314517,0.580616,3.009198,4.086788,2.226670,1.149711,0.490403,3.089019,4.064624,2.229973,1.252502,0.581117,2.619515,3.923045,2.096857,1.131170,0.515429,3.350805,4.056057,2.160889,1.071824,0.534204,3.297467,3.946702,2.329055,1.292643,0.615148,2.694279,3.905420,2.141250,1.185020,0.556605,3.091844,4.174092,2.489335,1.190424,0.553264,3.192280,4.268129,2.230521,1.272835,0.566722,2.969975,4.329092,2.279317,1.302334,0.579593,2.900763,4.078638,2.130103,1.102105,0.504781,2.835962,3.640939,2.010974,1.197197,0.522227,3.006967,4.172979,2.253841,1.200328,0.575891,3.020442,3.979741,2.366832,1.187499,0.614696,2.719176,4.025212,2.205062,1.200015,0.548033,2.968294,3.696022,2.018253,1.103668,0.577843,2.753702,4.169852,2.046556,1.212729,0.574223,2.784031,3.793486,2.318283,1.288390,0.531400,3.061896,3.634673,2.078723,1.193129,0.485497,3.496223,4.048377,2.317643,1.241974,0.664079,2.785283,3.899798,2.182285,1.083619,0.537179,neutral,neutral_baseline,good
1783252800.343750,44,0,5.0028,-0.8647,-0.0840,-1.2817,-8.3853,-6.0467,-2.4837,0.2886,2.5144,2.2278,1.1441,3.6567,-2.8379,-0.0026,-8.0879,-4.0179,-9.5147,-2.8895,-5.8832,-3.1900,-0.3998,7.2616,5.5865,9.2129,10.3693,4.7600,1.0502,-2.1820,-8.2838,-9.6077,-9.0907,-12.2919,95,4,98,,,,0,44,0,0.999980,0.004754,0.006266,0.007045,0.013999,0.009169,1.010488,31.06740,-4.30295,-40.97713,4,4,4,4,4,4,4,4,4,4,4,4,4,4,4,4,4,4,4,4,4,4,4,4,4,4,4,4,4,4,4,4,96,0.995,95,4,4,4,4,4,4,4,4,4,4,4,4,4,4,4,4,4,4,4,4,4,4,4,4,4,4,4,4,4,4,4,4,1,42.625,0.426251,0.000,1.000,1,12.775,0.127751,0.000,1.000,1,18.389,0.183888,0.000,1.000,1,46.413,0.464132,0.000,1.000,1,40.225,0.402252,0.000,1.000,1,35.803,0.358030,0.000,1.000,3.066485,4.012675,1.885095,1.110163,0.530110,3.072866,3.258213,2.132825,1.094501,0.518498,2.729388,4.074292,2.276404,1.093198,0.481011,3.567172,4.229995,2.121958,1.320633,0.560168,2.879891,4.166613,1.932158,1.241563,0.544592,3.244738,4.285275,2.097756,1.212160,0.595631,3.029228,3.902610,1.940576,1.156622,0.512917,2.930810,4.214866,2.294299,1.117667,0.558856,3.269740,4.263729,2.294809,1.265525,0.538590,3.567979,4.306651,2.227619,1.139900,0.525099,2.976815,4.379705,2.190281,1.217643,0.532547,3.502413,4.864084,1.970948,1.257546,0.606777,3.046850,3.824794,2.108481,1.231641,0.591984,2.743158,3.925365,2.315178,1.153388,0.544630,3.023547,3.797958,1.988926,1.152457,0.471614,2.989072,4.053491,2.327093,1.229410,0.547118,3.167499,4.209204,2.523006,1.377182,0.606584,2.966373,3.743340,1.994694,1.151712,0.567943,2.967009,4.218419,2.130755,1.060734,0.516507,3.376463,4.350802,2.375440,1.282751,0.571635,3.338821,4.151646,2.413764,1.287688,0.532643,3.073912,3.695239,2.167608,1.165461,0.515215,2.723947,3.780391,1.988578,1.064238,0.497843,2.782623,3.874642,2.248981,1.278548,0.498206,3.182050,4.452676,2.388316,1.338084,0.526090,2.767958,3.586722,2.331676,1.329498,0.486837,2.786559,3.450897,1.831277,1.061398,0.561577,2.850362,4.106781,2.239923,1.116624,0.581902,2.808779,3.882863,2.263200,1.180529,0.542769,2.906215,3.950481,1.812158,1.110535,0.546640,3.478605,3.596078,2.222708,1.277432,0.567921,2.899435,3.813295,2.104593,1.095785,0.504075,neutral,neutral_baseline,good
1783252800.351562,45,0,4.8934,1.0310,-1.8694,-3.8895,-6.3201,-5.4226,-1.5383,2.6484,-0.8900,3.2310,3.0963,0.1013,-1.6255,-1.9751,-7.3236,-2.6497,-9.8718,-1.8197,1.4277,6.8526,1.7715,6.7110,12.9795,7.3772,6.5278,5.2538,-4.6871,-8.8764,-11.8157,-10.7582,-11.8142,-7.2530,95,4,98,,,,0,45,0,0.999979,0.004860,0.006406,0.007198,0.013281,0.012683,1.005585,31.06887,-4.30308,-40.97662,4,4,4,4,4,4,4,4,4,4,4,4,4,4,4,4,4,4,4,4,4,4,4,4,4,4,4,4,4,4,4,4,96,0.995,95,4,4,4,4,4,4,4,4,4,4,4,4,4,4,4,4,4,4,4,4,4,4,4,4,4,4,4,4,4,4,4,4,1,44.034,0.440336,0.000,1.000,1,20.773,0.207730,0.000,1.000,1,22.880,0.228797,0.000,1.000,1,46.754,0.467543,0.000,1.000,1,39.581,0.395805,0.000,1.000,1,38.917,0.389174,0.000,1.000,2.566711,3.804879,2.166669,1.076782,0.556677,2.942416,4.176816,1.916833,1.126064,0.493336,2.709505,3.875807,2.178756,1.109738,0.499154,2.890216,4.110115,2.304712,1.283385,0.598621,2.841796,3.761160,2.328335,1.194882,0.483630,3.482183,4.061562,2.442716,1.245517,0.584288,3.234750,3.492139,2.114783,1.124995,0.530186,3.016448,4.326613,2.312740,1.194965,0.614590,3.323306,3.994617,2.267681,1.213878,0.587396,3.131940,4.465994,2.276315,1.283339,0.566633,2.978842,4.331623,2.061893,1.254097,0.594782,3.467145,4.044894,2.529588,1.277592,0.592601,3.007839,3.632333,2.340189,1.232900,0.520974,2.965425,4.678847,2.227253,1.224370,0.508460,2.763372,3.853495,1.987737,1.130699,0.523726,2.892814,4.182040,2.144605,1.177340,0.542022,2.859805,4.422936,2.459568,1.342118,0.603451,2.943127,4.073497,2.524430,1.105133,0.562049,3.026861,4.118545,1.971788,1.318275,0.580833,3.170207,4.756145,2.380968,1.449493,0.597047,2.826907,4.279734,2.293501,1.179930,0.554426,2.860748,3.582596,2.187109,1.011644,0.508146,2.881483,3.827595,1.985778,1.139193,0.481854,2.961462,3.770957,2.445264,1.206737,0.533029,3.038232,4.459141,2.506466,1.170382,0.628386,2.931129,4.191325,2.270055,1.122066,0.516864,2.531679,3.759665,2.114056,1.111692,0.477447,3.020519,4.111152,2.178118,1.132160,0.550064,2.838124,4.076645,2.255686,1.279689,0.612915,3.079151,3.892548,1.968190,1.153312,0.465243,3.175151,4.203927,2.259189,1.309055,0.567283,3.114084,3.666250,2.270169,1.130775,0.479047,neutral,neutral_baseline,good
1783252800.359375,46,0,-1.6905,1.0959,-5.8649,-5.1961,-2.7909,-0.1253,2.0717,-2.1076,1.3567,1.7762,9.5056,-2.0728,-1.9593,2.5939,-3.7273,-1.1661,-0.5653,-3.7375,2.4766,6.1883,4.4737,4.3929,10.8578,10.2118,-1.4468,-3.7255,-4.0152,-7.9818,-15.2368,-10.8001,-6.7751,-8.2715,95,4,98,,,,0,46,0,0.999979,0.004965,0.006547,0.007350,0.010109,0.004341,0.995905,31.07034,-4.30322,-40.97610,4,4,4,4,4,4,4,4,4,4,4,4,4,4,4,4,4,4,4,4,4,4,4,4,4,4,4,4,4,4,4,4,96,0.995,95,4,4,4,4,4,4,4,4,4,4,4,4,4,4,4,4,4,4,4,4,4,4,4,4,4,4,4,4,4,4,4,4,1,40.683,0.406833,0.000,1.000,1,18.989,0.189886,0.000,1.000,1,21.732,0.217316,0.000,1.000,1,42.420,0.424202,0.000,1.000,1,42.020,0.420203,0.000,1.000,1,38.177,0.381769,0.000,1.000,2.781209,3.604779,1.787932,1.179449,0.528320,2.799029,3.619260,1.888791,1.148588,0.499596,2.874012,3.853472,1.975811,1.062420,0.504242,3.151292,3.693852,2.291656,1.128150,0.554126,3.349704,3.689041,2.024973,1.147850,0.532148,2.927255,4.320608,2.417594,1.308819,0.594296,2.894170,3.699993,2.161948,1.213865,0.511993,3.037252,4.104362,2.562233,1.313724,0.609727,3.298254,4.064025,2.406043,1.381682,0.545706,3.218630,4.308994,2.430864,1.372546,0.580943,3.061108,4.898791,2.200869,1.134277,0.571274,3.105673,4.242028,2.340174,1.109595,0.592301,2.997486,4.222684,2.190792,1.264777,0.595483,3.173021,4.215089,2.211155,1.276391,0.552766,2.408400,3.709392,2.196285,1.180942,0.505671,2.816356,3.879604,2.163724,1.099711,0.509312,3.191454,4.331242,2.433181,1.220803,0.519910,2.922410,4.174203,1.976384,1.122000,0.520259,3.232695,4.183618,2.114620,1.231772,0.516567,3.207619,3.812545,2.218519,1.212059,0.547943,3.321362,4.029859,2.499482,1.328568,0.597662,3.009746,3.806462,1.974218,1.095727,0.536229,2.588772,3.941756,2.030787,1.162950,0.517572,2.945576,4.512838,2.233082,1.258540,0.548446,2.941085,4.143578,2.197900,1.231501,0.571113,2.848129,4.154468,2.235208,1.031776,0.509802,2.749427,3.528813,1.971960,1.168416,0.530640,2.657063,3.616726,2.190037,1.155360,0.565836,2.891437,4.020803,2.091216,1.183369,0.571574,2.836304,3.450468,2.160676,1.104831,0.521621,3.257384,4.117834,2.450129,1.214756,0.568925,2.574678,3.360485,2.305697,1.100097,0.496731,neutral,neutral_baseline,good
1783252800.367188,47,0,-0.5545,-10.3642,-2.4075,-3.1125,-1.5878,0.8240,2.8296,8.4820,7.2115,3.0359,-0.7914,-1.2545,-5.9861,-6.6905,-5.2871,-4.9254,-2.0230,1.8521,3.1309,11.5614,2.9789,8.8119,5.8510,-0.3163,-4.7212,-7.9178,-10.7993,-9.9185,-8.9674,-8.1221,-5.0624,3.1333,95,4,98,,,,0,47,0,0.999978,0.005071,0.006688,0.007502,0.019246,0.015179,1.006585,31.07180,-4.30336,-40.97558,4,4,4,4,4,4,4,4,4,4,4,4,4,4,4,4,4,4,4,4,4,4,4,4,4,4,4,4,4,4,4,4,96,0.995,95,4,4,4,4,4,4,4,4,4,4,4,4,4,4,4,4,4,4,4,4,4,4,4,4,4,4,4,4,4,4,4,4,1,48.875,0.488750,0.000,1.000,1,14.358,0.143584,0.000,1.000,1,25.292,0.252922,0.000,1.000,1,43.662,0.436621,0.000,1.000,1,40.419,0.404194,0.000,1.000,1,43.061,0.430609,0.000,1.000,3.117343,4.087922,2.154727,1.149037,0.471258,2.603972,3.721931,2.131288,1.170191,0.540221,3.009936,4.018310,2.041612,0.971552,0.540011,3.047893,3.998954,2.287806,1.139565,0.558558,2.687979,3.378074,2.067089,1.280460,0.543512,3.321500,4.201975,2.383350,1.125280,0.556440,2.788614,3.601434,2.172998,1.204870,0.550916,3.066186,4.274813,2.264749,1.250958,0.544390,3.268818,4.327001,2.177911,1.216238,0.617503,2.955035,4.170067,2.496059,1.334855,0.622524,3.200385,4.029004,2.023187,1.387678,0.593769,3.042540,4.315590,2.266849,1.277307,0.609964,2.829328,4.387152,2.123362,1.149909,0.580062,2.863434,4.134489,2.543419,1.237927,0.571764,2.707154,3.529535,2.028888,1.274929,0.542432,3.050114,4.103444,2.291706,1.158646,0.541242,3.195398,4.392265,2.216121,1.182666,0.562059,3.024306,3.680256,2.267329,1.100744,0.534773,2.699579,4.069287,1.960280,1.035481,0.541711,3.275917,4.481671,2.381201,1.317936,0.595675,3.252892,4.638298,2.326416,1.210190,0.635372,2.974436,3.877598,1.994474,1.157051,0.567594,2.724443,3.890231,1.891354,1.059411,0.544395,3.211013,4.032099,2.117768,1.180468,0.635823,3.100179,4.332648,2.344350,1.255645,0.581448,2.886216,4.191261,2.170460,1.155223,0.557164,2.805426,3.838060,1.957362,1.005230,0.447530,2.683782,3.688696,2.083888,1.178012,0.555263,3.109268,3.731838,2.459367,1.196189,0.532250,2.757344,3.757298,2.076875,1.072755,0.555330,2.877510,4.353580,2.435230,1.265898,0.548814,2.790816,3.909614,2.046437,1.076154,0.446819,neutral,neutral_baseline,good
1783252800.375000,48,0,-4.6574,-9.2854,0.4326,-1.5154,6.0779,7.8095,6.2794,5.4731,9.1739,1.0120,-2.0259,-5.0270,-7.3227,-5.6166,-4.7353,-8.5802,-1.3480,7.4966,8.6395,13.0798,2.1089,-1.2498,2.7066,-6.7224,-5.5199,-11.6878,-7.6326,-9.8664,-6.1205,2.5112,5.5223,6.2903,95,4,98,,,,0,48,0,0.999977,0.005176,0.006828,0.007654,-0.007279,0.021706,1.009440,31.07325,-4.30351,-40.97507,4,4,4,4,4,4,4,4,4,4,4,4,4,4,4,4,4,4,4,4,4,4,4,4,4,4,4,4,4,4,4,4,96,0.995,95,4,4,4,4,4,4,4,4,4,4,4,4,4,4,4,4,4,4,4,4,4,4,4,4,4,4,4,4,4,4,4,4,1,43.375,0.433749,0.000,1.000,1,16.426,0.164259,0.000,1.000,1,20.412,0.204119,0.000,1.000,1,43.672,0.436724,0.000,1.000,1,38.971,0.389712,0.000,1.000,1,32.397,0.323967,0.000,1.000,2.928477,3.789016,1.958949,1.199799,0.507381,2.730919,3.509197,2.246044,1.264314,0.481814,2.604002,3.641745,2.131368,1.114335,0.503918,3.233211,4.167392,2.226420,1.221314,0.553590,3.121397,3.922606,2.155991,1.177544,0.570062,3.094805,4.722187,2.205644,1.156871,0.590034,3.007335,3.825912,2.586123,1.208943,0.580576,3.192777,4.189784,2.133125,1.243308,0.582765,2.916651,3.638061,2.492671,1.315104,0.596315,3.155262,4.487838,2.157085,1.238068,0.567845,3.305655,4.049099,2.181088,1.296818,0.598473,3.186872,4.386629,2.174216,1.240915,0.556069,2.904620,4.118083,2.067987,1.230710,0.568313,2.912107,4.636579,2.222666,1.150915,0.532741,2.882442,3.695407,2.072818,0.964359,0.486244,2.691895,4.127133,2.083266,1.141558,0.543272,3.439017,4.502078,2.479715,1.224635,0.576463,2.959426,3.702161,2.154255,1.185834,0.564882,2.608255,3.850796,2.170631,1.303406,0.560525,3.110426,4.096263,2.451769,1.321738,0.557486,3.232678,4.675089,2.442538,1.227218,0.537437,2.918205,3.796809,2.186175,1.211264,0.493232,2.808790,3.542768,1.841644,1.103840,0.539577,3.108117,4.114211,2.057541,1.245507,0.566183,3.088126,4.016419,2.221995,1.275932,0.579092,2.615681,4.000300,2.118763,1.186406,0.563770,2.929203,4.161073,2.035992,1.170335,0.482606,3.061688,3.606313,2.273789,1.102391,0.498005,3.118815,4.194433,2.434057,1.180822,0.535400,2.762862,3.419675,1.934248,1.117752,0.470326,2.754823,3.854234,2.336024,1.177885,0.615816,2.911907,3.846403,2.010365,1.117921,0.471126,neutral,neutral_baseline,good
1783252800.382812,49,0,-1.9583,1.5001,2.2390,1.4512,2.3609,6.6222,5.8211,9.4965,-2.4951,-6.2618,-4.4539,-8.2573,-0.3791,-9.1134,0.4542,-2.3030,3.3371,5.2819,4.7274,9.9427,5.7828,-1.3841,0.3434,-8.4188,-5.2315,-8.6612,-9.6918,-4.4448,-2.4879,-0.2112,11.5220,9.0988,95,4,98,,,,0,49,0,0.999976,0.005282,0.006968,0.007805,0.008996,-0.002442,1.011797,31.07471,-4.30365,-40.97455,4,4,4,4,4,4,4,4,4,4,4,4,4,4,4,4,4,4,4,4,4,4,4,4,4,4,4,4,4,4,4,4,96,0.995,95,4,4,4,4,4,4,4,4,4,4,4,4,4,4,4,4,4,4,4,4,4,4,4,4,4,4,4,4,4,4,4,4,1,37.630,0.376298,0.000,1.000,1,16.082,0.160819,0.000,1.000,1,21.200,0.211997,0.000,1.000,1,42.701,0.427011,0.000,1.000,1,42.235,0.422352,0.000,1.000,1,40.322,0.403221,0.000,1.000,2.955870,3.683967,1.965023,1.076409,0.572434,2.897936,3.796306,2.104737,1.245916,0.559055,2.497849,3.756910,2.256415,1.096274,0.506516,2.950288,4.237391,2.213287,1.331240,0.530037,2.890445,3.970710,2.112343,1.156241,0.547486,3.111068,4.258145,2.136060,1.361848,0.514881,2.828558,4.258602,1.881603,1.326299,0.520923,3.025677,4.103660,2.404693,1.221199,0.586957,3.351211,4.620072,2.356263,1.220970,0.538160,3.075619,4.194495,2.270475,1.343760,0.518955,2.965086,4.309234,2.212477,1.225952,0.587395,3.498227,4.594675,2.247816,1.139070,0.590435,2.770461,3.821302,2.056785,1.259531,0.524674,3.044555,4.345290,2.317927,1.212155,0.573946,3.065566,3.926527,2.039456,1.154701,0.519577,3.190305,3.853916,2.245489,1.329852,0.514418,3.206809,4.679435,2.613942,1.348378,0.602033,2.937949,3.524092,2.048673,1.256616,0.525287,2.898300,3.976949,2.140762,1.146350,0.469086,3.289842,4.277209,2.390071,1.253229,0.612204,3.045734,4.659285,2.469309,1.359197,0.580713,2.428360,3.506712,1.843111,1.126058,0.527000,3.151725,3.585557,1.996820,1.012728,0.599282,3.200424,4.430970,2.205966,1.211117,0.556647,2.660562,3.924299,2.257622,1.255654,0.605074,2.993667,3.782456,2.049455,1.133428,0.599883,2.843758,3.737289,2.260396,1.163300,0.529390,2.744459,4.157277,2.010124,1.171992,0.499289,3.306230,4.151522,2.163377,1.133582,0.536477,2.814605,3.261325,2.133503,1.173128,0.505438,3.242506,4.484031,2.420776,1.288421,0.560240,2.712947,3.694138,1.780092,1.133590,0.470838,neutral,neutral_baseline,good
1783252800.390625,50,0,0.9518,2.9421,4.3568,2.1719,8.0010,6.1834,3.3269,0.2740,-6.1227,-4.0231,-8.6546,-6.7467,-9.4407,-5.9211,0.4018,4.2147,6.5364,11.2325,3.7952,6.0286,-0.8302,3.1215,-4.0614,-3.4022,-4.0603,-8.6546,-5.3458,2.9533,1.6306,6.8029,8.3984,6.9411,95,4,98,,,,0,50,0,0.999975,0.005387,0.007109,0.007955,0.031575,0.014921,1.008100,31.07615,-4.30380,-40.97403,4,4,4,4,4,4,4,4,4,4,4,4,4,4,4,4,4,4,4,4,4,4,4,4,4,4,4,4,4,4,4,4,96,0.995,95,4,4,4,4,4,4,4,4,4,4,4,4,4,4,4,4,4,4,4,4,4,4,4,4,4,4,4,4,4,4,4,4,1,39.378,0.393777,0.000,1.000,1,18.415,0.184151,0.000,1.000,1,22.386,0.223862,0.000,1.000,1,50.174,0.501738,0.000,1.000,1,45.909,0.459089,0.000,1.000,1,39.231,0.392309,0.000,1.000,3.082395,3.795885,2.174266,1.138000,0.499039,3.065507,3.694888,1.978739,1.062980,0.542006,2.904294,3.875902,2.056140,1.017016,0.546902,3.213039,4.212985,2.139122,1.178508,0.587146,2.816240,4.085405,2.186579,1.209547,0.572147,3.324306,4.297330,2.200528,1.250100,0.628430,2.988028,4.349460,1.979736,1.287263,0.508099,2.820684,3.885471,2.122542,1.349969,0.532328,3.250354,4.172198,2.098828,1.302057,0.586966,2.975342,4.545725,2.232017,1.147064,0.624996,3.005496,3.824844,2.184082,1.189804,0.562995,2.976854,4.569787,2.421613,1.265718,0.651726,2.980429,4.028705,2.146832,1.180116,0.581471,2.985590,4.320538,2.164345,1.186436,0.533140,2.559626,3.856602,1.901574,1.184928,0.542845,2.890339,4.100502,2.226084,1.251232,0.507057,3.289824,4.567378,2.319800,1.314261,0.568010,3.340616,4.134364,2.134001,1.275949,0.536247,3.007851,4.103119,2.362278,1.156113,0.605103,3.400497,4.541152,2.473004,1.369651,0.605261,3.240119,4.660135,2.406143,1.349376,0.552948,3.066808,3.837338,2.240899,1.163076,0.513483,2.936993,3.550182,1.839088,1.058054,0.553815,2.945432,3.976718,2.391468,1.271085,0.540500,3.074519,4.002960,2.377761,1.267433,0.533814,2.721582,3.556609,2.234124,1.228700,0.547539,2.660370,3.470748,2.157314,0.944742,0.530084,2.873251,3.834822,2.450088,1.224634,0.546856,2.994528,3.682096,2.059294,1.080625,0.549046,2.555501,3.684901,1.987660,1.148456,0.512562,3.127836,4.190605,2.189999,1.299015,0.581093,3.120365,3.943453,2.058375,1.188037,0.474494,neutral,neutral_baseline,good
1783252800.398438,51,0,1.2781,1.1025,7.7867,7.4685,1.7319,4.2260,-0.9931,-8.0484,-8.5931,-10.2051,-4.6320,-7.7972,-2.0091,0.6390,8.9268,6.1829,11.8119,9.5252,6.2725,4.2927,3.9944,-2.2578,-8.5075,-9.9352,-5.1843,-2.1286,-3.6333,-0.0525,3.8310,4.8544,9.7423,7.4139,95,4,98,,,,0,51,0,0.999974,0.005492,0.007249,0.008105,0.011926,-0.004171,1.008142,31.07760,-4.30396,-40.97352,4,4,4,4,4,4,4,4,4,4,4,4,4,4,4,4,4,4,4,4,4,4,4,4,4,4,4,4,4,4,4,4,96,0.995,95,4,4,4,4,4,4,4,4,4,4,4,4,4,4,4,4,4,4,4,4,4,4,4,4,4,4,4,4,4,4,4,4,1,39.972,0.399716,0.000,1.000,1,20.561,0.205609,0.000,1.000,1,21.998,0.219980,0.000,1.000,1,47.224,0.472244,0.000,1.000,1,40.245,0.402448,0.000,1.000,1,40.855,0.408550,0.000,1.000,2.961807,3.859429,2.220356,1.114025,0.479095,2.593591,4.115783,1.910705,1.157337,0.516371,2.757169,3.981262,2.217103,1.063322,0.514373,3.117106,3.766902,2.347110,1.272292,0.563959,3.215975,3.541283,2.263644,1.142623,0.507031,3.309212,4.195745,2.256055,1.397814,0.536278,2.744533,3.756011,2.203001,1.179313,0.538736,2.911172,3.871961,2.305526,1.100087,0.585391,3.117758,4.507691,2.384082,1.304541,0.589071,2.784027,4.380444,2.331841,1.366364,0.559782,2.899225,4.370277,2.154563,1.287589,0.520010,3.196235,4.389301,2.332456,1.263449,0.619376,2.601334,3.734056,1.942966,1.113826,0.514915,3.156638,4.047414,2.338907,1.318020,0.614131,2.759343,3.071361,2.095950,1.202383,0.476809,2.837319,4.088029,2.224419,1.221040,0.558157,2.839226,4.481580,2.279164,1.451636,0.647654,2.927745,4.242361,2.074472,1.209895,0.557670,3.107408,3.597921,2.439527,1.206235,0.580037,3.150308,4.289263,2.338578,1.292804,0.581526,3.343501,4.866399,2.147434,1.230011,0.522518,2.765624,3.712782,2.115777,1.087640,0.457283,2.639792,3.826151,2.039140,1.257603,0.564903,3.069325,4.281248,2.345078,1.348430,0.593796,3.059031,3.892541,2.151485,1.230310,0.537381,2.794941,3.996215,1.963110,1.116323,0.608661,2.450014,3.954817,2.088213,1.066246,0.539339,2.731653,3.979370,2.139204,1.174162,0.537811,3.132625,4.201560,2.399193,1.169265,0.551448,2.870556,3.841812,1.852565,1.101209,0.528743,3.501315,3.788254,2.468952,1.168844,0.594076,2.776192,3.557976,2.005325,1.140230,0.537322,neutral,neutral_baseline,good
1783252800.406250,52,0,3.2360,6.9929,1.4270,1.3380,-3.0403,-2.2526,-4.9280,-6.3861,-9.1623,-6.6963,-10.8192,-2.1921,0.0259,7.6441,8.3608,11.2460,14.6534,11.7448,4.6484,-2.0055,-2.1175,-8.0198,-9.8719,-9.9669,-8.9355,-2.9249,3.4104,6.5548,5.2383,3.1116,1.8125,4.3406,95,4,98,,,,0,52,0,0.999973,0.005597,0.007389,0.008254,0.007585,0.009936,1.011209,31.07903,-4.30411,-40.97300,4,4,4,4,4,4,4,4,4,4,4,4,4,4,4,4,4,4,4,4,4,4,4,4,4,4,4,4,4,4,4,4,96,0.995,95,4,4,4,4,4,4,4,4,4,4,4,4,4,4,4,4,4,4,4,4,4,4,4,4,4,4,4,4,4,4,4,4,1,44.821,0.448211,0.000,1.000,1,13.513,0.135126,0.000,1.000,1,20.511,0.205105,0.000,1.000,1,45.939,0.459388,0.000,1.000,1,39.891,0.398907,0.000,1.000,1,39.023,0.390233,0.000,1.000,2.679224,3.653374,2.172361,1.060179,0.526150,2.922813,3.652746,2.044739,1.062839,0.526111,2.644430,3.455027,2.119968,1.132404,0.526586,2.763649,3.683341,2.167447,1.189111,0.559438,2.930145,3.862054,1.934384,1.274104,0.568429,3.444568,3.997730,2.131163,1.231116,0.548028,2.932280,3.979820,2.236697,1.043868,0.526870,3.128683,4.554144,2.365910,1.198855,0.577521,3.474111,4.293128,2.312119,1.448088,0.591910,3.367063,4.437887,2.273139,1.289001,0.580719,3.207506,4.133790,2.158075,1.226972,0.582049,3.269055,3.913002,2.511060,1.376630,0.586522,3.020811,4.266561,2.253981,1.184461,0.506781,3.432763,4.157118,2.201159,1.208213,0.560354,2.511459,3.850848,2.218537,1.100994,0.540305,2.908521,3.925231,2.147930,1.225822,0.536026,3.492254,4.072680,2.376304,1.452542,0.639748,2.758447,3.827898,2.294934,1.130908,0.540471,2.984900,3.699705,2.167158,1.118661,0.570470,3.315991,4.394239,2.493938,1.271717,0.592191,3.393265,3.939381,2.275235,1.214286,0.644259,2.880728,3.726391,2.177897,1.240249,0.491106,2.817447,3.942014,2.192897,1.017162,0.523235,2.957951,4.034829,2.270520,1.176304,0.553221,3.236281,4.234619,2.356092,1.163054,0.551000,3.222967,3.948543,2.172052,1.054760,0.514193,2.764981,3.627339,1.969046,1.101792,0.478599,3.302690,3.360689,2.218092,1.197108,0.531304,2.852534,4.032254,2.135381,1.207304,0.533556,2.364698,3.928384,2.160347,1.127474,0.535268,3.469352,3.804288,2.342025,1.193859,0.570588,2.722824,3.926333,1.958905,1.254367,0.492139,neutral,neutral_baseline,good
1783252800.414062,53,0,1.0993,2.2466,1.3769,-0.0746,-3.3096,-6.8102,-7.6200,-11.2697,-10.1122,-6.9505,-1.5401,-2.6422,8.5582,13.8389,9.8184,11.6593,7.0750,-0.6644,-1.5904,-2.8937,-8.8113,-10.1515,-9.6311,-6.0404,-4.9123,1.0317,6.9918,4.0571,6.9196,9.5174,5.9135,3.1368,95,4,98,,,,0,53,0,0.999972,0.005701,0.007529,0.008403,0.022207,0.004118,1.009335,31.08047,-4.30427,-40.97248,4,4,4,4,4,4,4,4,4,4,4,4,4,4,4,4,4,4,4,4,4,4,4,4,4,4,4,4,4,4,4,4,96,0.995,95,4,4,4,4,4,4,4,4,4,4,4,4,4,4,4,4,4,4,4,4,4,4,4,4,4,4,4,4,4,4,4,4,1,38.816,0.388163,0.000,1.000,1,14.622,0.146217,0.000,1.000,1,20.059,0.200586,0.000,1.000,1,50.352,0.503520,0.000,1.000,1,43.011,0.430107,0.000,1.000,1,36.329,0.363295,0.000,1.000,2.729305,4.042623,1.983040,1.153654,0.471350,2.747222,3.861337,2.094150,1.117491,0.490349,2.767518,3.801161,2.081264,1.024763,0.511280,2.914645,4.151016,2.078348,1.208840,0.625089,3.135440,3.684156,2.088201,1.188578,0.561811,2.608368,4.606490,2.458956,1.294445,0.597268,3.064048,3.790058,2.199724,1.167311,0.506612,3.072510,4.004122,2.159908,1.197853,0.565939,3.000814,4.139565,2.207759,1.326130,0.565679,3.429407,3.760663,2.299783,1.390296,0.515233,3.408775,3.948920,2.195717,1.094380,0.528013,3.125667,4.372687,2.144646,1.206472,0.574805,2.922128,3.970532,2.063387,1.237281,0.514774,2.825016,4.187593,2.433438,1.410294,0.564918,2.731984,3.842121,2.060613,1.114239,0.479921,3.022129,4.130035,2.163805,1.234411,0.557293,3.202346,4.863227,2.327006,1.272530,0.582682,3.144515,4.276638,2.214313,1.176217,0.585351,3.278120,3.858746,2.360313,1.058372,0.587434,3.203816,3.987886,2.362677,1.374129,0.546627,3.227522,4.211049,2.647308,1.312836,0.621160,3.030706,3.822412,2.009609,1.008174,0.543175,3.035758,3.857530,2.112646,1.135777,0.430088,2.934553,4.222376,2.433642,1.371734,0.571270,3.172476,3.930354,2.183617,1.076295,0.494941,2.732529,3.379644,2.134302,1.070499,0.576899,2.775377,3.668303,2.123320,1.051312,0.512586,2.879992,3.760248,2.202277,1.208081,0.578055,3.161020,4.382877,2.221154,1.203521,0.549294,2.929885,3.545898,2.169208,1.082193,0.471826,3.075125,4.251765,2.512360,1.333055,0.598955,2.978445,4.068279,1.989671,1.120756,0.487788,neutral,neutral_baseline,good
1783252800.421875,54,0,4.0085,4.6692,1.6125,-2.7364,-1.9037,-9.0945,-5.7185,-7.3826,-4.1603,-2.0572,7.0407,8.4503,10.5000,12.1528,9.1984,8.6440,4.6515,2.5718,-5.8888,-8.3171,-12.3646,-13.0202,-11.9374,-4.5369,-2.3229,6.8823,3.7215,9.6469,8.5515,5.6978,4.5782,-2.0792,95,4,98,,,,0,54,0,0.999971,0.005806,0.007668,0.008551,0.010883,0.008228,1.009413,31.08189,-4.30443,-40.97197,4,4,4,4,4,4,4,4,4,4,4,4,4,4,4,4,4,4,4,4,4,4,4,4,4,4,4,4,4,4,4,4,96,0.995,95,4,4,4,4,4,4,4,4,4,4,4,4,4,4,4,4,4,4,4,4,4,4,4,4,4,4,4,4,4,4,4,4,1,40.582,0.405815,0.000,1.000,1,20.451,0.204512,0.000,1.000,1,16.649,0.166490,0.000,1.000,1,46.810,0.468104,0.000,1.000,1,44.526,0.445257,0.000,1.000,1,34.082,0.340820,0.000,1.000,2.803821,3.775394,2.009759,1.132175,0.491767,2.769564,3.759904,2.197402,1.190064,0.522011,2.857373,3.514622,1.972610,1.045451,0.536639,3.358194,4.184269,2.069239,1.122755,0.599599,2.964418,3.766939,2.329041,1.308815,0.584106,3.092079,4.487610,2.333028,1.281009,0.594386,2.772827,3.715904,2.103332,1.073659,0.578215,3.085827,4.357112,2.157667,1.330577,0.538266,3.655481,4.541671,2.162712,1.343268,0.557714,2.920988,4.495731,2.493638,1.263105,0.630797,3.117094,4.557266,2.124472,1.403560,0.546677,3.371833,4.928920,2.353190,1.242478,0.543423,3.331853,4.123911,2.138009,1.190063,0.481725,2.981033,4.156408,2.341840,1.235712,0.587601,2.715504,3.892928,2.105575,1.133012,0.528280,2.952512,4.282449,2.229593,1.121035,0.510196,3.238546,3.899396,2.395795,1.231472,0.515048,2.780235,3.537610,2.098967,1.062070,0.553662,3.007887,3.950652,2.097776,1.204158,0.473068,3.340023,3.900780,2.226654,1.318234,0.624857,3.304671,4.256459,2.165109,1.301739,0.635643,2.822307,3.525003,1.933539,1.227548,0.474555,2.631090,4.026838,1.970550,1.152689,0.530633,3.125229,4.358964,2.151627,1.322059,0.539467,3.145669,3.757327,2.420937,1.412944,0.582769,2.861805,4.007001,2.065487,1.059590,0.528615,2.819516,3.698421,2.003925,1.200530,0.471786,3.110195,3.956192,2.052997,1.150515,0.505788,3.081663,4.267893,2.183189,1.217400,0.526199,2.764562,4.017812,1.861712,1.038199,0.481107,3.222252,3.995482,2.342441,1.195691,0.573162,2.876673,3.089562,1.916073,1.096339,0.500493,neutral,neutral_baseline,good
1783252800.429688,55,0,4.3073,0.4784,5.5498,-3.9638,-6.0253,-4.9463,-9.9861,-5.1641,-1.0494,2.2430,7.3107,6.2335,9.6940,11.4448,3.2451,1.4955,-0.8919,-8.7810,-6.0824,-13.2221,-11.2252,-8.2840,-3.4508,-0.7174,8.3951,6.4481,8.5050,13.3960,8.2609,4.1519,1.6483,0.8066,95,4,98,,,,0,55,0,0.999970,0.005910,0.007808,0.008699,0.023647,0.003894,1.006482,31.08332,-4.30460,-40.97145,4,4,4,4,4,4,4,4,4,4,4,4,4,4,4,4,4,4,4,4,4,4,4,4,4,4,4,4,4,4,4,4,96,0.995,95,4,4,4,4,4,4,4,4,4,4,4,4,4,4,4,4,4,4,4,4,4,4,4,4,4,4,4,4,4,4,4,4,1,41.768,0.417677,0.000,1.000,1,25.400,0.254004,0.000,1.000,1,20.101,0.201006,0.000,1.000,1,44.066,0.440656,0.000,1.000,1,42.970,0.429696,0.000,1.000,1,34.580,0.345799,0.000,1.000,2.790068,3.477480,2.014703,1.131907,0.503450,2.880523,4.067102,2.036839,1.173792,0.495113,2.839565,3.685814,2.215509,1.060345,0.502591,3.094384,4.281820,2.223741,1.142796,0.506499,3.055030,3.726961,2.231527,1.213671,0.540188,3.325642,3.724574,2.296652,1.271190,0.642487,2.815580,4.132700,2.177757,1.106861,0.540983,2.768505,4.058441,2.466201,1.107348,0.520997,3.109086,4.051382,2.305928,1.278304,0.566338,3.266291,4.248369,2.547163,1.352402,0.584595,3.082331,4.147590,2.233554,1.254306,0.551364,3.501940,4.434675,2.185366,1.237228,0.564329,2.630009,4.271046,2.275231,1.181882,0.519397,3.255569,3.724686,2.319259,1.264201,0.617536,2.752044,3.596779,2.299468,1.151530,0.558413,2.891768,3.721919,2.112683,1.230677,0.629747,3.105087,4.442004,2.272487,1.391637,0.637921,2.987651,4.032131,2.261849,0.964367,0.584044,3.429426,4.035840,2.026631,1.154121,0.549122,3.638590,4.513143,2.493704,1.303122,0.575016,3.325355,5.058630,2.271786,1.261985,0.620982,3.048613,3.715555,1.931426,1.027111,0.541899,2.613674,3.899453,2.012754,1.183072,0.566259,3.312381,4.505221,2.199067,1.192633,0.602103,2.791349,4.406713,2.104690,1.233082,0.580954,2.784798,4.073846,2.130938,1.161829,0.581050,2.708609,3.954030,2.181947,1.250882,0.480583,3.129591,4.182433,2.146831,1.118225,0.507940,3.187195,4.290133,2.398053,1.209150,0.545519,2.378489,3.627502,2.119819,1.042901,0.494739,3.318221,4.351219,2.307969,1.108510,0.555182,2.598975,3.979619,1.853423,1.142830,0.533177,neutral,neutral_baseline,good
1783252800.437500,56,0,5.7710,0.2357,2.9618,-7.4372,-7.9795,-5.3384,-4.3096,-3.7716,-0.8846,4.9541,1.1318,3.7019,9.4749,-1.3958,0.0308,-3.0577,-8.7589,-11.0558,-9.3182,-10.2164,-12.8087,-0.8924,2.8644,6.4177,7.0842,5.9711,14.7037,7.1854,6.1794,1.1207,-3.6113,-1.6909,95,4,98,,,,0,56,0,0.999968,0.006014,0.007948,0.008846,0.026667,0.019203,1.006890,31.08474,-4.30477,-40.97094,4,4,4,4,4,4,4,4,4,4,4,4,4,4,4,4,4,4,4,4,4,4,4,4,4,4,4,4,4,4,4,4,96,0.995,95,4,4,4,4,4,4,4,4,4,4,4,4,4,4,4,4,4,4,4,4,4,4,4,4,4,4,4,4,4,4,4,4,1,40.348,0.403479,0.000,1.000,1,21.645,0.216450,0.000,1.000,1,21.239,0.212394,0.000,1.000,1,45.502,0.455020,0.000,1.000,1,38.756,0.387562,0.000,1.000,1,35.082,0.350823,0.000,1.000,3.000420,3.776395,1.946355,1.108545,0.479559,2.708121,3.558921,2.112648,1.152035,0.511261,3.081867,3.698641,1.973542,1.142338,0.535707,2.856357,4.558418,2.280801,1.181154,0.603369,3.104346,4.397807,2.294735,1.130286,0.543687,3.153429,4.429174,2.089549,1.310873,0.565902,2.739922,3.612539,2.046388,1.218427,0.563919,3.124182,4.356642,2.193925,1.283498,0.585616,3.138468,4.042988,2.211104,1.211371,0.593136,3.203212,3.890464,2.428810,1.337041,0.551811,3.248981,4.266231,2.270904,1.197836,0.605991,3.187821,4.683854,2.337658,1.026126,0.547132,3.076947,4.024098,2.260561,1.253136,0.591611,3.021220,4.342728,2.371334,1.172736,0.587038,2.993437,3.968126,2.298712,1.288353,0.522493,2.857143,4.089722,2.173062,1.232402,0.549062,2.879761,4.144602,2.250150,1.121109,0.609145,3.221248,3.670426,2.284280,1.074432,0.516044,2.939232,4.047460,2.353418,1.157385,0.551237,3.171634,4.358650,2.186253,1.251127,0.583838,2.816096,4.360234,2.342230,1.229341,0.576934,2.791792,4.103823,1.988869,1.030282,0.515212,3.071531,3.689179,2.072851,1.059148,0.490961,3.174979,4.185929,2.278397,1.206369,0.597382,2.946170,4.263209,2.290850,1.146176,0.540765,2.743785,4.010083,2.191957,1.122395,0.528053,2.719407,3.806038,2.089394,1.148215,0.550213,3.003291,4.211669,2.013768,1.143853,0.552572,2.958598,4.352395,2.068255,1.255188,0.611484,2.640180,3.543307,2.242622,1.111819,0.480798,3.031924,4.351978,2.468103,1.079364,0.572330,2.669591,4.120401,2.033519,1.162253,0.483939,neutral,neutral_baseline,good
1783252800.445312,57,0,0.1858,-9.4220,-3.9052,-5.7938,-9.8099,-10.1950,1.7865,-1.9795,3.6074,8.7823,8.9300,5.6382,10.8398,-1.2554,-0.6417,-7.1023,-8.5081,-8.2437,-12.1545,-4.5660,1.5350,1.6250,9.4853,10.9023,11.2606,6.3904,4.1633,3.3759,-0.1533,-4.2716,-11.2872,-5.5570,95,4,98,,,,0,57,0,0.999967,0.006118,0.008087,0.008992,0.008035,0.020762,1.024055,31.08615,-4.30494,-40.97042,4,4,4,4,4,4,4,4,4,4,4,4,4,4,4,4,4,4,4,4,4,4,4,4,4,4,4,4,4,4,4,4,96,0.995,95,4,4,4,4,4,4,4,4,4,4,4,4,4,4,4,4,4,4,4,4,4,4,4,4,4,4,4,4,4,4,4,4,1,46.443,0.464428,0.000,1.000,1,18.399,0.183985,0.000,1.000,1,21.877,0.218769,0.000,1.000,1,41.608,0.416079,0.000,1.000,1,40.123,0.401226,0.000,1.000,1,44.596,0.445957,0.000,1.000,2.487034,3.830324,2.041049,1.161479,0.501460,2.950998,3.745257,1.928670,1.065547,0.529996,2.527130,3.882491,1.768113,1.207895,0.474707,3.338156,4.511537,2.217273,1.343393,0.569792,3.032722,4.310372,2.135818,1.250073,0.517569,3.464208,4.067816,2.477417,1.281355,0.602721,2.610326,3.938288,2.246931,1.217058,0.525702,3.282139,4.074462,2.117640,1.259769,0.565239,3.020866,3.910114,2.466068,1.223321,0.573578,3.474532,4.203402,2.404419,1.246612,0.567673,2.787633,4.504823,2.309042,1.254568,0.563317,3.034782,4.315374,2.206515,1.307475,0.604026,2.903144,4.068029,2.237613,1.203281,0.489559,2.954468,4.104033,2.435610,1.233343,0.574035,2.823265,3.668967,2.107628,1.022004,0.492258,3.256754,4.129686,2.076179,1.209170,0.525090,3.005447,4.344074,2.252068,1.386954,0.581805,2.808936,3.917565,2.127098,1.228628,0.561405,2.797162,4.112679,2.323279,1.209965,0.576032,3.085328,4.547029,2.365802,1.371332,0.595971,3.306649,3.841105,2.166228,1.287105,0.549472,2.596762,3.179261,1.921326,1.136364,0.476321,2.912729,3.337051,2.302550,1.205806,0.440910,2.702779,4.102115,2.022598,1.175247,0.574791,2.710411,4.249775,2.239781,1.122458,0.607133,3.073838,3.791781,2.305609,1.137619,0.486261,2.769443,3.754395,2.041920,1.117109,0.516422,2.929620,3.985664,2.306630,1.181270,0.565790,2.954136,3.845546,2.030224,1.239371,0.560553,2.563057,3.425783,2.237627,1.137522,0.496512,3.180722,4.046114,2.332286,1.280769,0.525900,2.579866,3.746384,1.883136,1.165517,0.500501,neutral,neutral_baseline,good
1783252800.453125,58,0,-5.2256,-6.3835,-9.5927,-8.2983,-10.3986,-4.4101,0.5162,2.4978,5.7970,9.6423,10.7948,5.2493,4.8750,-2.3194,-7.7974,-5.2052,-7.9093,-9.5089,-7.1174,-0.4477,3.2167,8.2414,8.4753,7.5266,9.8047,9.5188,0.8044,-3.9550,-5.7133,-8.8681,-11.3022,-6.4724,95,4,98,,,,0,58,0,0.999966,0.006222,0.008226,0.009138,0.016995,0.002785,1.017963,31.08756,-4.30511,-40.96991,4,4,4,4,4,4,4,4,4,4,4,4,4,4,4,4,4,4,4,4,4,4,4,4,4,4,4,4,4,4,4,4,96,0.995,95,4,4,4,4,4,4,4,4,4,4,4,4,4,4,4,4,4,4,4,4,4,4,4,4,4,4,4,4,4,4,4,4,1,49.604,0.496038,0.000,1.000,1,19.569,0.195694,0.000,1.000,1,18.596,0.185959,0.000,1.000,1,45.802,0.458022,0.000,1.000,1,42.060,0.420604,0.000,1.000,1,38.552,0.385519,0.000,1.000,2.821012,3.829103,1.946455,1.165768,0.493563,3.118576,3.610728,1.844644,1.178943,0.477067,3.408003,3.969485,2.120793,1.050683,0.530031,3.212043,4.035635,2.180433,1.176428,0.579260,3.065865,3.835209,2.145104,1.245886,0.584670,3.166115,4.124968,2.408190,1.120338,0.561709,2.816641,3.829787,2.210909,1.262869,0.610556,3.393366,4.038440,2.301526,1.194288,0.579287,3.115538,4.394457,2.470948,1.234626,0.628761,3.343783,4.179199,2.251806,1.408313,0.553302,3.407803,4.581690,2.310689,1.247958,0.557668,3.018267,4.514073,2.268092,1.274588,0.662299,2.972341,4.502210,2.364527,1.235785,0.562299,3.458628,4.075736,2.198399,1.228850,0.528798,2.670263,3.658606,2.193977,1.155234,0.506890,2.843819,3.729671,1.998823,1.101583,0.485295,3.261008,4.390202,2.283685,1.294358,0.607984,3.054918,3.856556,2.204036,1.190378,0.482957,3.172637,4.083072,2.229334,1.226396,0.586844,2.958023,4.881965,2.265968,1.200533,0.522774,3.018424,4.280812,2.275007,1.181870,0.611852,2.455770,3.483632,2.315431,1.151358,0.506160,2.850605,3.800022,2.139142,1.137318,0.522570,3.101612,3.954666,2.174727,1.314721,0.532199,3.088352,3.782320,2.072061,1.156955,0.545775,3.016121,4.271311,2.109460,1.174620,0.532801,3.083000,3.914304,2.002206,1.160447,0.498626,3.033845,3.692590,1.988750,1.153019,0.528310,2.884748,3.952541,2.215933,1.142675,0.591182,2.864536,3.681290,2.058042,1.185022,0.539286,3.315106,4.068938,2.589137,1.235885,0.614359,2.839990,3.685753,2.129078,1.049960,0.449985,neutral,neutral_baseline,good
1783252800.460938,59,0,-5.6621,-9.4383,-10.9942,-7.9368,-6.6710,3.4876,4.5085,5.7792,12.6901,13.0519,12.4628,0.7079,0.3691,-4.0821,-4.5900,-4.5894,-8.2462,-6.1495,-1.4643,2.9991,7.3688,2.7849,3.5748,5.7250,1.8258,3.2415,-4.4526,-4.5574,-8.7616,-1.1633,-7.0575,-4.4677,95,4,98,,,,0,59,0,0.999965,0.006325,0.008365,0.009283,0.033665,0.026496,1.009574,31.08896,-4.30529,-40.96939,4,4,4,4,4,4,4,4,4,4,4,4,4,4,4,4,4,4,4,4,4,4,4,4,4,4,4,4,4,4,4,4,96,0.995,95,4,4,4,4,4,4,4,4,4,4,4,4,4,4,4,4,4,4,4,4,4,4,4,4,4,4,4,4,4,4,4,4,1,41.532,0.415316,0.000,1.000,1,19.127,0.191268,0.000,1.000,1,20.918,0.209183,0.000,1.000,1,45.832,0.458316,0.000,1.000,1,40.830,0.408302,0.000,1.000,1,42.041,0.420413,0.000,1.000,2.672166,4.228101,1.827890,1.015074,0.546053,2.879803,4.014814,2.246534,1.137885,0.460423,2.888663,3.644021,2.071533,1.014893,0.492473,3.145978,4.140269,2.206466,1.285513,0.556564,3.034802,3.875327,2.152883,1.014815,0.563719,3.327076,4.012266,2.109516,1.301659,0.580446,2.932491,4.053622,2.071516,1.127389,0.528654,2.964089,4.417607,2.429414,1.211358,0.571370,3.595432,4.166294,2.271356,1.323027,0.617170,3.202814,4.387087,2.315441,1.186704,0.599603,3.270865,3.828603,2.313809,1.108470,0.565259,3.291876,4.619616,2.346256,1.222069,0.567792,3.113017,3.659884,2.324750,1.019324,0.497601,3.221644,4.261652,2.187960,1.228904,0.540685,2.814534,4.023823,1.859181,1.188866,0.529218,2.927707,4.256269,2.291522,1.177948,0.575878,2.976923,4.083172,2.555104,1.368618,0.578111,2.717214,4.033010,2.045732,1.014879,0.529430,2.784982,4.167705,1.977926,1.117472,0.584227,3.131755,4.593333,2.510319,1.207726,0.627710,3.368913,4.118695,2.166337,1.359960,0.551652,3.041802,3.907773,1.924231,0.961956,0.502821,2.908523,3.463222,2.097378,1.027638,0.555950,3.107821,4.679209,2.300347,1.362746,0.606978,3.164941,3.716854,2.311448,1.182145,0.575674,2.815056,4.128172,2.156946,1.164412,0.546705,2.301748,3.911057,2.034867,1.238753,0.526584,3.258837,3.751536,2.139600,1.131814,0.560846,3.171602,3.612668,2.297563,1.161110,0.515003,2.597812,3.790015,1.963834,1.126907,0.497347,3.112171,3.857428,2.254298,1.345930,0.592595,2.920960,3.662158,2.222100,1.037115,0.552472,neutral,neutral_baseline,good
1783252800.468750,60,0,-7.5772,-13.0173,-5.9278,-4.6501,3.2481,7.6028,12.5141,9.2387,7.4614,7.8027,3.3306,0.7606,-3.5480,-7.9911,-5.4647,-6.5446,-4.8808,-5.5815,-0.7148,6.7162,2.4785,5.1820,5.9646,2.3508,4.5617,-3.9042,-3.2246,-7.1638,-6.3539,-4.1759,1.5418,1.6906,95,4,98,,,,0,60,0,0.999964,0.006429,0.008504,0.009428,0.027120,0.012413,1.009560,31.09035,-4.30547,-40.96888,4,4,4,4,4,4,4,4,4,4,4,4,4,4,4,4,4,4,4,4,4,4,4,4,4,4,4,4,4,4,4,4,96,0.995,95,4,4,4,4,4,4,4,4,4,4,4,4,4,4,4,4,4,4,4,4,4,4,4,4,4,4,4,4,4,4,4,4,1,41.134,0.411337,0.000,1.000,1,14.142,0.141418,0.000,1.000,1,21.035,0.210346,0.000,1.000,1,47.736,0.477363,0.000,1.000,1,40.674,0.406739,0.000,1.000,1,39.417,0.394173,0.000,1.000,3.059202,3.764545,2.085494,1.127645,0.522931,2.572116,3.478268,1.931490,1.170891,0.487506,2.699036,3.862173,1.900154,1.010968,0.462081,3.370468,4.037462,2.147200,1.026258,0.571160,2.833779,3.604522,2.378305,1.243742,0.532554,2.860956,4.708965,2.499044,1.375785,0.605107,2.953619,3.832599,2.158145,1.309812,0.536816,2.887012,4.117516,2.175816,1.363539,0.524811,2.995696,4.167211,2.135475,1.063661,0.549367,2.971493,4.363232,2.545495,1.322320,0.552048,3.071537,4.234660,2.225852,1.139583,0.546578,3.368581,4.353727,2.402160,1.248843,0.581751,2.874938,3.852579,1.987043,1.280974,0.520967,3.049079,3.850243,2.179389,1.068683,0.591607,2.807549,3.489285,2.112029,1.099478,0.491871,2.608303,3.708034,2.219487,1.160530,0.490573,3.145902,4.278609,2.374914,1.193029,0.554439,2.877927,4.003918,2.327786,1.159773,0.486535,2.911604,3.933939,2.076365,1.089651,0.510856,3.254667,4.416277,2.251173,1.208505,0.598247,3.259111,4.585681,2.287375,1.353217,0.576140,2.581802,3.921089,2.125080,1.166520,0.536834,2.907463,3.634053,1.820634,1.083895,0.516625,2.960525,4.192800,2.440217,1.217798,0.532359,3.327753,4.041377,2.245763,1.063203,0.503280,3.125384,4.036818,2.338999,1.345768,0.540515,2.795618,3.691710,2.071604,1.190988,0.490825,3.246942,3.495689,2.242961,1.277872,0.553131,3.149097,3.766663,2.447738,1.297187,0.532473,2.467011,3.498283,1.971487,0.980305,0.517560,3.255021,4.237554,2.284857,1.354729,0.589450,3.151564,3.556206,2.068485,1.054266,0.500590,neutral,neutral_baseline,good
1783252800.476562,61,0,-6.9486,-5.4461,-0.0377,4.3125,4.7863,3.1864,6.6177,16.6885,6.3445,8.1099,-0.8064,-6.1233,-5.8993,-7.2798,-7.6097,-9.2820,-2.9713,-1.0712,6.6384,5.4956,8.0114,1.7714,7.9609,5.2354,-3.4537,0.0741,-6.2382,-3.1584,-3.2024,-3.6038,2.0732,3.2442,95,4,98,,,,0,61,0,0.999963,0.006532,0.008643,0.009572,0.026385,0.001115,1.008716,31.09175,-4.30565,-40.96836,4,4,4,4,4,4,4,4,4,4,4,4,4,4,4,4,4,4,4,4,4,4,4,4,4,4,4,4,4,4,4,4,96,0.995,95,4,4,4,4,4,4,4,4,4,4,4,4,4,4,4,4,4,4,4,4,4,4,4,4,4,4,4,4,4,4,4,4,1,40.411,0.404110,0.000,1.000,1,20.824,0.208243,0.000,1.000,1,21.552,0.215516,0.000,1.000,1,47.978,0.479783,0.000,1.000,1,39.312,0.393122,0.000,1.000,1,39.419,0.394189,0.000,1.000,2.986307,3.676862,2.019926,1.138654,0.531179,2.830681,3.471753,2.003275,1.054934,0.607602,2.806726,3.315750,1.983986,1.030621,0.579053,3.181616,3.973835,2.416778,1.301130,0.537423,2.782113,3.654482,2.136024,1.182002,0.537038,3.272768,4.290321,2.305060,1.333172,0.515941,2.951236,3.667342,2.230407,1.248440,0.521406,2.711472,4.626732,2.466909,1.331413,0.534559,3.297630,4.318820,2.387307,1.378059,0.662087,3.261204,4.398772,2.568599,1.294105,0.588484,3.086729,4.537345,2.438959,1.041362,0.625100,3.172419,3.930382,2.541597,1.321430,0.592356,2.938539,4.258176,2.250052,1.123053,0.479402,2.940323,4.014911,2.207224,1.327714,0.529791,2.782165,4.100236,1.956476,1.162782,0.505077,3.304812,4.020197,2.013918,1.093041,0.510941,2.982518,4.533983,2.161974,1.323208,0.598588,3.179317,4.288526,2.334671,1.128225,0.539057,2.767440,4.458850,2.167628,1.294269,0.573735,3.119819,4.064505,2.321769,1.247317,0.579757,3.463025,4.593662,2.605242,1.155299,0.548032,2.731201,4.244147,2.341895,1.087365,0.515775,2.861649,4.181331,2.151307,1.232670,0.524793,2.938002,3.891271,2.152651,1.288458,0.597704,3.480705,4.234238,2.257868,1.179182,0.569429,3.117770,3.430720,2.042437,1.091973,0.611096,2.935084,3.632224,2.105612,1.210981,0.499142,3.031599,3.933436,2.221402,1.205606,0.563555,2.927645,3.827521,2.260328,1.193857,0.557425,2.986701,3.593424,2.016371,1.135068,0.507712,3.079598,3.971581,2.126816,1.240374,0.617725,3.107962,3.608246,2.080416,1.146406,0.521260,neutral,neutral_baseline,good
1783252800.484375,62,0,-8.0839,0.1172,3.9792,2.5876,11.0077,12.3861,8.3521,5.6996,7.2060,0.8286,-0.3715,-11.9809,-11.9146,-12.1178,-10.5598,-7.0141,-1.3092,-1.3380,3.4792,5.0997,9.1662,4.7106,3.8515,-0.6092,-4.2391,-3.5422,-0.7026,1.1032,3.1909,8.0589,9.0042,4.4623,95,4,98,,,,0,62,0,0.999961,0.006635,0.008782,0.009715,0.016592,0.011139,1.013353,31.09313,-4.30584,-40.96785,4,4,4,4,4,4,4,4,4,4,4,4,4,4,4,4,4,4,4,4,4,4,4,4,4,4,4,4,4,4,4,4,96,0.995,95,4,4,4,4,4,4,4,4,4,4,4,4,4,4,4,4,4,4,4,4,4,4,4,4,4,4,4,4,4,4,4,4,1,41.589,0.415887,0.000,1.000,1,15.086,0.150857,0.000,1.000,1,21.880,0.218798,0.000,1.000,1,44.166,0.441657,0.000,1.000,1,40.437,0.404365,0.000,1.000,1,34.987,0.349870,0.000,1.000,3.006691,3.435615,2.304160,1.066056,0.532328,2.800918,3.516853,1.977814,1.169472,0.502605,2.918066,3.667140,1.949159,1.116594,0.527090,3.192321,4.555102,2.146455,1.139873,0.596308,2.836942,3.979345,2.043632,1.156895,0.526432,3.213162,4.301757,2.246660,1.210034,0.608390,2.701825,3.903262,2.147321,1.205883,0.584713,3.202447,4.338340,2.188606,1.235285,0.519372,3.286252,3.959462,2.470745,1.254812,0.640931,3.115575,4.234170,2.159089,1.365644,0.601930,3.243956,3.602484,2.300716,1.341981,0.618924,3.020184,4.812122,2.172375,1.199023,0.624386,2.744999,3.930370,2.096000,1.312096,0.540778,3.445371,4.292766,2.160282,1.388268,0.574205,2.912434,3.859514,2.299383,1.031377,0.568541,2.644915,3.687201,1.950497,1.189356,0.533598,3.305812,3.779974,2.245314,1.333903,0.620136,2.691609,3.841926,2.238221,1.247026,0.446736,3.065350,3.768787,1.914222,1.291425,0.537020,3.326644,4.488797,2.349851,1.238816,0.561577,3.328232,4.292166,2.371958,1.226512,0.526650,2.998660,3.604280,2.159237,1.248064,0.585919,2.743947,3.330911,1.962697,1.268748,0.512041,3.154633,4.141712,2.205720,1.295857,0.624479,3.531603,4.179140,2.053592,1.288710,0.554783,2.864255,3.396032,2.330767,1.235674,0.546012,2.768097,3.909284,1.970029,1.182508,0.565197,3.019970,4.137965,1.888638,1.167106,0.473398,3.062078,4.218264,2.258258,1.186782,0.590821,2.738989,3.736534,2.040701,1.000317,0.498087,3.176021,4.081089,2.291033,1.367318,0.571958,2.766036,3.648819,1.837461,1.205842,0.501673,neutral,neutral_baseline,good
1783252800.492188,63,0,-1.9919,-0.2682,2.0444,6.0791,13.5740,11.7220,3.0854,0.7632,-0.5883,-2.3699,-10.6468,-13.4298,-11.1139,-8.4471,1.2243,0.7705,3.1726,5.4072,5.9533,6.3531,5.8610,5.0930,-3.5321,-0.8521,-2.3627,-4.1764,-1.2400,0.7174,-2.9923,2.7422,2.7736,6.9773,95,4,98,,,,0,63,0,0.999960,0.006738,0.008920,0.009858,0.019089,0.017552,1.006285,31.09451,-4.30603,-40.96733,4,4,4,4,4,4,4,4,4,4,4,4,4,4,4,4,4,4,4,4,4,4,4,4,4,4,4,4,4,4,4,4,96,0.995,95,4,4,4,4,4,4,4,4,4,4,4,4,4,4,4,4,4,4,4,4,4,4,4,4,4,4,4,4,4,4,4,4,1,44.861,0.448614,0.000,1.000,1,21.829,0.218288,0.000,1.000,1,22.832,0.228321,0.000,1.000,1,43.904,0.439038,0.000,1.000,1,43.987,0.439865,0.000,1.000,1,35.777,0.357772,0.000,1.000,2.889003,3.832445,2.045249,1.085117,0.516879,2.751442,4.226821,2.235095,1.248298,0.518521,2.774381,3.762187,2.124425,1.135441,0.473560,3.024835,4.320963,2.625122,1.188062,0.548273,2.906783,4.306898,2.208864,1.169058,0.545994,3.174123,4.281353,2.395670,1.320340,0.612419,3.242653,3.897356,2.162989,1.161003,0.555618,3.253886,4.284410,2.271156,1.175220,0.534462,3.001846,4.065322,2.302539,1.352316,0.609546,2.938707,3.924376,2.321835,1.345628,0.584952,3.064945,3.994612,2.360597,1.251207,0.556553,2.934243,4.309416,2.294108,1.290924,0.530990,3.218434,3.934521,2.293907,1.220902,0.563387,3.014129,3.979975,2.088652,1.294239,0.579523,2.920083,3.552575,2.061813,1.051038,0.464506,2.929603,3.564651,2.592651,1.205882,0.576869,3.393701,4.356906,2.207403,1.306749,0.651103,2.771619,4.162960,2.123025,1.233745,0.516049,3.156466,4.268612,2.152668,1.195752,0.562787,3.328440,4.627585,2.333660,1.269501,0.590100,3.272382,3.902045,2.434493,1.370964,0.592954,2.864396,3.628952,2.094555,1.111021,0.518071,2.708857,3.881687,2.219326,1.104677,0.522190,3.273263,4.041290,2.104705,1.266283,0.555113,3.126439,4.067577,2.294989,1.218688,0.544535,3.151871,3.917686,2.270917,1.308622,0.523986,2.772426,3.745960,2.024534,1.155193,0.480716,2.772438,3.850962,2.206875,1.227934,0.563849,2.985675,3.615158,2.312160,1.162366,0.568809,2.772358,3.492679,2.082763,1.128359,0.536638,3.194432,4.714928,2.195140,1.417400,0.638441,2.718568,3.418180,1.976260,1.086191,0.525084,neutral,neutral_baseline,good
1783252800.500000,64,0,1.5369,5.3900,2.3004,3.2990,8.2772,8.9838,2.5367,2.6778,-8.5648,-8.3013,-6.6362,-8.4759,-2.9457,-0.3969,0.5689,4.2432,4.1418,8.7567,12.8363,1.9791,2.8493,2.8211,-1.6680,-8.3258,-4.5122,-2.0963,-1.3730,-0.7644,1.5037,5.6374,-0.4508,4.4965,95,4,98,,,,0,64,0,0.999959,0.006840,0.009059,0.010000,0.013550,0.010464,1.011721,31.09589,-4.30622,-40.96682,4,4,4,4,4,4,4,4,4,4,4,4,4,4,4,4,4,4,4,4,4,4,4,4,4,4,4,4,4,4,4,4,96,0.995,95,4,4,4,4,4,4,4,4,4,4,4,4,4,4,4,4,4,4,4,4,4,4,4,4,4,4,4,4,4,4,4,4,1,45.100,0.451004,0.000,1.000,1,22.319,0.223189,0.000,1.000,1,20.613,0.206125,0.000,1.000,1,41.387,0.413868,0.000,1.000,1,39.873,0.398729,0.000,1.000,1,35.099,0.350991,0.000,1.000,2.484259,3.669403,2.033415,1.117388,0.467046,2.925015,4.143308,2.025127,1.246187,0.466626,2.911057,3.862889,2.036570,1.116601,0.512940,2.881059,3.743599,2.377705,1.263604,0.577334,2.917745,3.749654,2.060994,1.088813,0.514197,3.271188,4.330722,2.277155,1.378208,0.558300,3.002582,4.373370,2.415625,1.290874,0.591016,2.935117,4.061568,2.189415,1.350744,0.523378,3.101987,4.092104,2.224084,1.206828,0.643044,3.374462,4.339325,2.193413,1.248070,0.599360,3.019810,4.055410,2.174976,1.249966,0.566210,3.334131,4.518657,2.441590,1.258866,0.589202,2.457170,3.776147,2.259789,1.171407,0.499192,2.886040,4.054140,2.190154,1.183471,0.604804,3.082734,3.859836,1.945060,1.240586,0.562683,2.918654,4.076037,2.045744,1.100145,0.595311,3.340955,4.305708,2.402967,1.299114,0.615732,3.131387,4.290855,2.033018,1.170742,0.538491,2.706422,4.364437,2.206235,1.082711,0.547214,3.119672,3.959319,2.527694,1.305077,0.598342,3.444097,4.662741,2.355609,1.215407,0.569908,2.875714,3.646978,2.084990,1.198888,0.556149,2.680146,3.706471,2.224827,1.088990,0.516149,3.136765,4.401643,2.184406,1.281000,0.560174,3.153846,4.068948,2.276878,1.139649,0.531708,2.790444,3.944490,2.194542,1.207826,0.562972,2.534747,3.831811,1.991265,1.017389,0.490643,3.104785,3.653652,2.362021,1.102720,0.537822,3.086322,3.831900,2.105827,1.257414,0.540317,2.640696,3.698939,2.057976,1.154973,0.492306,3.345670,4.128817,2.094975,1.188597,0.587134,2.777358,3.192438,1.867192,1.118440,0.520120,neutral,neutral_baseline,good
1783252800.507812,65,0,-1.1052,6.6397,7.1479,7.6037,5.8663,3.5516,-0.7724,-2.4234,-6.7920,-5.2026,-7.1597,-5.6869,-7.7781,4.2035,6.8606,3.5573,2.9251,7.0752,2.4746,1.1326,2.2479,-4.0708,-4.6949,-4.4814,-3.5003,-8.1813,1.0688,6.8034,1.6616,4.7262,3.4659,3.4784,95,4,98,,,,0,65,0,0.999958,0.006943,0.009197,0.010141,0.013989,0.023534,1.003092,31.09725,-4.30641,-40.96631,4,4,4,4,4,4,4,4,4,4,4,4,4,4,4,4,4,4,4,4,4,4,4,4,4,4,4,4,4,4,4,4,96,0.995,95,4,4,4,4,4,4,4,4,4,4,4,4,4,4,4,4,4,4,4,4,4,4,4,4,4,4,4,4,4,4,4,4,1,43.499,0.434986,0.000,1.000,1,20.028,0.200283,0.000,1.000,1,20.507,0.205067,0.000,1.000,1,43.220,0.432200,0.000,1.000,1,43.854,0.438536,0.000,1.000,1,36.420,0.364198,0.000,1.000,2.818081,3.812171,2.029016,1.119849,0.509872,2.713109,3.588555,2.143027,1.199497,0.525258,2.667222,3.719848,2.288751,1.118948,0.464762,2.672829,4.354496,2.095437,1.214344,0.538754,2.944676,4.317427,2.262787,1.178848,0.523075,2.831603,4.278377,2.310367,1.123212,0.551413,2.714385,3.830538,2.234652,1.080154,0.543884,2.952700,4.342836,2.346430,1.282442,0.530681,2.898336,4.641107,2.310643,1.180225,0.562661,3.470444,4.011765,2.465248,1.134722,0.663642,3.071143,3.942293,2.111946,1.087677,0.545472,3.022431,4.369377,2.330703,1.278293,0.605409,3.150874,3.747536,1.992953,1.196939,0.507754,2.751230,3.832783,2.532087,1.283741,0.567295,2.692764,4.032549,2.062507,0.997157,0.441185,2.710162,4.015766,1.913794,1.066323,0.572733,3.653031,3.759212,2.197130,1.262941,0.566385,2.864360,3.369895,2.049763,1.163443,0.487650,3.022078,3.696678,2.066867,1.310225,0.491347,3.520136,3.795482,2.307395,1.292917,0.618370,2.929651,4.497059,2.502989,1.347191,0.522375,2.885390,3.839724,2.000437,1.236775,0.512460,2.742444,3.761373,2.100068,1.149992,0.539593,3.017752,3.699885,2.383789,1.191995,0.557023,3.075664,4.030769,2.311009,1.231195,0.583863,3.257330,4.128601,2.223930,1.260611,0.534771,2.687641,3.902672,2.015570,1.064004,0.496254,3.052601,3.678655,2.256401,1.091735,0.551247,3.246090,4.128541,2.345376,1.229093,0.608530,2.835268,3.854282,1.949978,1.084538,0.507201,3.052946,3.877556,2.092174,1.423148,0.569717,2.770236,3.938962,2.063638,1.169734,0.488174,neutral,neutral_baseline,good
1783252800.515625,66,0,4.7217,7.6692,7.7280,3.0649,6.6147,-0.6248,-2.7667,-7.1745,-5.8088,-6.0559,-5.6321,2.9217,3.1848,3.5062,6.2754,7.0138,9.0301,6.7600,1.2487,-8.6026,-7.9023,-5.2144,-9.7296,-3.6150,-6.5826,3.9015,1.8299,2.7842,0.1196,0.3757,-4.8553,-1.2068,95,4,98,,,,0,66,0,0.999956,0.007045,0.009335,0.010282,0.017029,0.014588,1.011373,31.09862,-4.30661,-40.96579,4,4,4,4,4,4,4,4,4,4,4,4,4,4,4,4,4,4,4,4,4,4,4,4,4,4,4,4,4,4,4,4,96,0.995,95,4,4,4,4,4,4,4,4,4,4,4,4,4,4,4,4,4,4,4,4,4,4,4,4,4,4,4,4,4,4,4,4,1,45.127,0.451268,0.000,1.000,1,20.074,0.200741,0.000,1.000,1,21.877,0.218769,0.000,1.000,1,46.824,0.468244,0.000,1.000,1,39.534,0.395338,0.000,1.000,1,38.689,0.386889,0.000,1.000,2.826029,3.831932,1.848864,1.226428,0.487883,2.928043,3.805020,1.970261,1.216523,0.530468,2.668684,3.366569,2.093900,1.133095,0.499939,3.251484,4.385960,2.406177,1.192252,0.530926,3.039895,3.951628,2.156501,1.081590,0.537521,3.091332,4.111341,2.199924,1.270347,0.543647,2.909337,4.137411,2.222508,1.253794,0.535691,2.766738,4.466894,2.510994,1.158577,0.584369,3.265828,3.909317,2.248710,1.032204,0.623563,3.116217,4.439716,2.591410,1.344433,0.605103,3.232385,3.912140,2.206890,1.246886,0.575056,3.188235,4.225895,2.574766,1.328500,0.625636,3.093268,3.872162,2.135641,1.197531,0.524182,3.432274,3.907146,2.306545,1.197116,0.531120,2.855016,3.947851,2.143049,1.073174,0.488978,2.956969,3.774938,2.251738,1.229677,0.543871,3.166321,3.536435,2.327498,1.235456,0.579895,2.931425,3.451378,2.085059,1.207984,0.535225,3.037622,3.528960,2.291718,1.193313,0.537843,2.987373,3.741624,2.195766,1.345145,0.625269,2.960359,4.508651,2.483775,1.319194,0.514767,2.622328,3.426525,2.139797,1.192982,0.499702,3.108229,3.714310,2.084048,1.155887,0.523115,3.138227,3.991287,2.161208,1.168585,0.531222,3.185699,4.268450,1.961339,1.193327,0.599996,2.903846,4.147723,2.330361,1.162900,0.495454,3.015881,3.594424,1.872915,1.198334,0.492718,2.851489,3.703343,2.125686,1.196051,0.515550,3.053718,3.715225,2.211284,1.216575,0.584312,2.767349,3.896708,1.937028,1.109375,0.566172,2.920717,3.987356,2.258781,1.211267,0.638393,2.597494,3.664650,2.018291,1.176456,0.479222,neutral,neutral_baseline,good
1783252800.523438,67,0,5.5901,10.8184,7.5773,5.8957,-0.0657,-2.5254,-6.6424,-8.0798,-6.4671,-3.3802,-5.0004,2.8503,7.0073,7.4637,2.5684,5.0876,5.8812,-0.3323,-5.0655,-7.2302,-8.4103,-5.2510,-0.5653,-1.2757,5.0297,2.5806,4.7225,3.3890,2.3638,5.8581,-1.9791,-2.8261,95,4,98,,,,0,67,0,0.999955,0.007147,0.009473,0.010422,0.018385,0.016985,1.025819,31.09997,-4.30681,-40.96528,4,4,4,4,4,4,4,4,4,4,4,4,4,4,4,4,4,4,4,4,4,4,4,4,4,4,4,4,4,4,4,4,96,0.995,95,4,4,4,4,4,4,4,4,4,4,4,4,4,4,4,4,4,4,4,4,4,4,4,4,4,4,4,4,4,4,4,4,1,45.444,0.454440,0.000,1.000,1,17.762,0.177624,0.000,1.000,1,24.273,0.242727,0.000,1.000,1,45.779,0.457789,0.000,1.000,1,40.421,0.404207,0.000,1.000,1,42.159,0.421588,0.000,1.000,2.842833,3.836931,1.756100,1.214414,0.488822,2.716948,3.681079,2.113030,1.157186,0.544749,2.784633,3.619073,2.085415,1.062954,0.484332,3.013115,4.193264,1.941731,1.203411,0.539386,3.156031,3.774828,2.301692,1.194760,0.527028,3.042144,4.034229,2.352358,1.187391,0.546897,2.953090,4.269542,2.223601,1.156251,0.518792,3.054759,4.229587,2.522860,1.266323,0.549396,2.834373,3.828176,2.531881,1.343536,0.612121,3.202026,4.181485,2.368657,1.319833,0.570108,2.949793,4.112522,2.285367,1.268545,0.579773,3.284391,4.140264,2.516433,1.216923,0.565533,2.941019,4.001542,2.319931,1.223615,0.486509,3.216696,3.887861,2.405137,1.175500,0.599112,2.777944,4.230301,1.852918,1.136624,0.490933,2.899463,3.573514,2.144342,1.219479,0.498479,3.012083,4.584528,2.186210,1.217986,0.545907,3.137366,3.950878,2.250925,1.125153,0.549470,2.944147,4.136116,2.063918,1.143269,0.621489,3.264079,4.275932,2.560993,1.146878,0.604561,3.060748,4.412463,2.223862,1.338982,0.573478,2.430238,3.868225,2.098005,1.125567,0.541031,3.019052,3.762789,2.191495,1.246160,0.492274,2.860671,4.249968,1.999762,1.291908,0.556198,3.061967,3.969540,2.292644,1.206352,0.556748,2.922968,4.454309,2.328108,1.133799,0.553681,2.877718,3.583056,2.124328,1.092607,0.497885,3.177409,3.981104,2.240296,1.289383,0.561125,3.141319,3.469249,2.310434,1.201482,0.481841,2.668119,3.844588,1.988220,1.130242,0.491960,3.132902,4.107643,2.514808,1.342730,0.585107,2.844077,3.325243,2.077183,1.100405,0.490013,neutral,neutral_baseline,good
1783252800.531250,68,0,12.6109,8.6090,11.2259,2.6629,-1.2446,-7.7126,-3.6189,-6.3993,-4.2628,-2.7424,0.8923,2.3633,6.8264,7.4770,4.5388,-1.7966,-1.6200,-1.5323,-4.1632,-3.8136,-3.7796,1.8573,0.9722,2.6155,5.4059,6.2962,1.3143,4.9319,0.0967,-3.9023,-6.4949,-6.0414,95,4,98,,,,0,68,0,0.999954,0.007249,0.009610,0.010561,-0.001632,0.006790,1.018216,31.10132,-4.30701,-40.96477,4,4,4,4,4,4,4,4,4,4,4,4,4,4,4,4,4,4,4,4,4,4,4,4,4,4,4,4,4,4,4,4,96,0.995,95,4,4,4,4,4,4,4,4,4,4,4,4,4,4,4,4,4,4,4,4,4,4,4,4,4,4,4,4,4,4,4,4,1,42.168,0.421677,0.000,1.000,1,15.846,0.158462,0.000,1.000,1,18.533,0.185334,0.000,1.000,1,45.966,0.459657,0.000,1.000,1,36.810,0.368103,0.000,1.000,1,36.452,0.364521,0.000,1.000,2.801273,3.502933,2.070071,1.146315,0.498316,2.695321,3.642032,2.022207,1.218857,0.492505,2.850929,3.553999,2.104314,1.110433,0.512406,2.814666,4.210672,2.402335,1.339187,0.574157,2.690883,3.851678,2.094744,1.191867,0.552017,3.177204,4.465384,2.153866,1.266246,0.507202,3.058738,3.730871,2.215323,1.356131,0.571304,3.447129,3.807491,2.268052,1.267727,0.537184,3.230719,4.097651,2.216117,1.217384,0.565742,3.003598,4.274361,2.625132,1.226438,0.558128,3.076970,4.265245,2.524982,1.336952,0.650395,3.378671,4.579621,2.339086,1.294986,0.594072,3.129610,4.129504,2.161832,1.191781,0.501483,2.999919,4.005735,2.437500,1.272383,0.596458,2.954223,3.386123,2.089523,1.245618,0.530417,2.890757,3.595348,2.449801,1.243930,0.564094,3.146075,4.149669,2.234399,1.278785,0.563372,3.164900,4.299065,2.247518,1.206546,0.528118,3.010744,3.778710,2.491208,1.223124,0.586032,2.883469,4.496471,2.445456,1.356628,0.583207,3.621443,4.354527,2.343134,1.316030,0.564337,2.730000,3.731073,1.707724,1.153992,0.543682,2.736772,3.988924,2.139427,1.206525,0.492798,3.409419,4.011962,2.340175,1.206413,0.494312,2.916663,4.159481,2.129601,1.176311,0.524707,2.810823,3.577884,2.016478,1.133515,0.565730,2.518774,3.734217,2.272674,1.067766,0.521668,3.119024,3.897150,2.582134,1.153908,0.587662,3.123663,4.121593,2.135816,1.260227,0.520362,2.853034,3.586414,2.175866,1.094583,0.518976,3.218693,3.966578,2.274087,1.255519,0.541078,2.733275,3.768284,2.101765,1.171494,0.517368,neutral,neutral_baseline,good
1783252800.539062,69,0,8.8316,3.8003,6.4785,-6.7429,-4.0562,-6.1902,-5.7285,-0.9913,-3.2427,-0.1462,2.3821,5.0662,1.5949,6.2466,0.6576,-4.4549,0.5153,-4.0692,0.0386,-1.4341,1.1118,1.1738,6.7408,6.9942,6.9078,5.4104,2.7152,-2.8397,-3.9102,-0.2102,-3.5149,-5.7387,95,4,98,,,,0,69,0,0.999952,0.007350,0.009748,0.010700,0.007911,0.010508,1.013054,31.10267,-4.30722,-40.96426,4,4,4,4,4,4,4,4,4,4,4,4,4,4,4,4,4,4,4,4,4,4,4,4,4,4,4,4,4,4,4,4,96,0.995,95,4,4,4,4,4,4,4,4,4,4,4,4,4,4,4,4,4,4,4,4,4,4,4,4,4,4,4,4,4,4,4,4,1,43.585,0.435850,0.000,1.000,1,20.199,0.201989,0.000,1.000,1,23.374,0.233741,0.000,1.000,1,45.752,0.457525,0.000,1.000,1,39.156,0.391556,0.000,1.000,1,34.693,0.346929,0.000,1.000,2.690007,4.000907,2.328391,1.167230,0.514226,2.869836,3.185866,1.889415,1.036345,0.480445,2.802196,3.814590,1.729698,1.239877,0.538996,3.207047,3.847737,2.130201,1.250811,0.535849,3.204287,4.102782,2.173691,1.294610,0.541814,3.066000,3.893810,2.176336,1.403373,0.590429,2.839978,3.657405,2.231196,1.129439,0.519081,3.102971,4.079542,2.148588,1.263815,0.546996,3.354506,4.232888,2.291527,1.326598,0.597054,3.314104,4.599733,2.454475,1.316781,0.602430,2.954464,4.114939,2.445465,1.277303,0.542923,2.960832,4.205112,2.194884,1.356670,0.620738,3.127174,3.788100,1.883232,1.081435,0.544326,3.316320,4.290844,2.298732,1.254582,0.582277,3.153815,3.857390,2.072732,1.174791,0.472873,2.923294,3.599090,2.262152,1.151090,0.550583,2.989315,4.894032,2.255137,1.321036,0.630561,2.804755,3.883756,2.126005,1.203832,0.457188,2.801890,4.112635,2.259559,1.189130,0.564514,3.099527,3.749344,2.127991,1.379836,0.554688,2.907811,4.475026,2.192136,1.188692,0.596089,2.636929,3.977326,2.048969,1.151855,0.479312,2.864903,3.967961,1.963495,1.038082,0.480203,3.046282,4.668343,1.965933,1.144619,0.529762,2.642110,4.308640,2.285098,1.144596,0.551624,2.759379,3.585137,2.132359,1.253912,0.554512,2.594315,3.893413,2.082742,1.042927,0.562573,2.695337,4.253832,2.093180,1.199522,0.574696,2.879796,3.919823,2.174537,1.320165,0.582266,2.817137,3.858291,1.991462,1.107284,0.548692,3.596995,4.351962,2.175356,1.282500,0.497844,2.944584,3.745525,1.936475,1.139379,0.471968,neutral,neutral_baseline,good
1783252800.546875,70,0,1.9476,1.7196,0.3643,-8.4125,-10.2051,-10.5062,-7.9438,-5.0660,0.3062,1.3770,2.4816,2.6917,5.4245,3.9124,4.0396,-1.1317,-3.5220,0.5934,-0.0798,4.1201,5.7859,6.2444,6.0917,5.3385,6.9296,4.5517,-1.8746,-1.2219,-8.5653,-10.7896,-6.6428,-6.9353,95,4,98,,,,0,70,0,0.999951,0.007452,0.009885,0.010838,0.020698,0.013087,1.017881,31.10400,-4.30743,-40.96374,4,4,4,4,4,4,4,4,4,4,4,4,4,4,4,4,4,4,4,4,4,4,4,4,4,4,4,4,4,4,4,4,96,0.995,95,4,4,4,4,4,4,4,4,4,4,4,4,4,4,4,4,4,4,4,4,4,4,4,4,4,4,4,4,4,4,4,4,1,42.116,0.421159,0.000,1.000,1,15.968,0.159680,0.000,1.000,1,20.182,0.201820,0.000,1.000,1,52.486,0.524861,0.000,1.000,1,43.988,0.439880,0.000,1.000,1,42.434,0.424336,0.000,1.000,2.591455,3.939629,2.076618,1.153285,0.464213,3.242333,3.571324,2.177913,1.180272,0.557008,2.961340,3.733506,1.894463,1.177309,0.538435,3.038188,4.169121,2.268319,1.154344,0.542906,3.056965,4.336631,2.115205,1.277162,0.522444,3.461342,4.111893,2.388876,1.255930,0.553658,3.163911,3.917730,2.106661,1.313005,0.543601,3.011822,4.333418,2.106164,1.325773,0.603398,3.330638,4.322269,2.250699,1.316717,0.631644,3.271516,3.875667,2.772671,1.389252,0.598684,3.316707,4.312385,2.156294,1.230142,0.526536,3.113143,4.124401,2.490463,1.299114,0.618281,2.921703,4.432989,2.116593,1.124015,0.508189,3.371135,3.589641,2.320378,1.221210,0.596134,2.638873,3.667803,2.051374,1.183800,0.546050,3.199456,3.881371,2.042755,1.249721,0.594630,3.298809,4.207877,2.476498,1.317995,0.564556,2.954989,3.829620,2.037033,1.338860,0.551125,3.086738,3.875884,2.238636,1.153262,0.575230,3.403394,4.398898,2.448952,1.307096,0.583054,3.232035,4.483334,2.326781,1.240416,0.516524,2.996629,3.593177,2.115341,1.064935,0.531355,2.903972,3.534009,2.300088,1.150922,0.538275,3.093051,3.900548,2.195173,1.359299,0.519635,2.980767,4.351629,2.048148,1.129062,0.546143,2.927005,3.789358,2.082371,1.173324,0.590050,2.618970,4.203806,2.115595,1.029977,0.533098,2.974913,4.053307,2.477399,1.265849,0.533428,3.003670,3.794267,2.258061,1.160999,0.591181,2.768793,4.015533,1.842917,1.070905,0.527498,3.201856,3.999440,2.162355,1.329476,0.540359,2.881718,3.704230,2.009034,1.067295,0.565656,neutral,neutral_baseline,good
1783252800.554688,71,0,-2.3163,-12.3478,-8.1021,-5.9338,-8.4934,-7.3164,0.7290,-0.0234,1.1737,4.0459,5.4604,6.1378,7.3167,2.7515,2.5484,-3.1086,0.0214,-6.0730,-2.9409,1.4315,5.3609,5.2111,3.1526,-0.4977,1.8752,-9.8439,-5.8096,-9.4118,-7.9280,-7.9766,-4.1573,-0.3637,95,4,98,,,,0,71,0,0.999950,0.007553,0.010023,0.010975,0.029434,0.018658,1.019417,31.10534,-4.30764,-40.96323,4,4,4,4,4,4,4,4,4,4,4,4,4,4,4,4,4,4,4,4,4,4,4,4,4,4,4,4,4,4,4,4,96,0.995,95,4,4,4,4,4,4,4,4,4,4,4,4,4,4,4,4,4,4,4,4,4,4,4,4,4,4,4,4,4,4,4,4,1,43.507,0.435067,0.000,1.000,1,19.554,0.195541,0.000,1.000,1,25.156,0.251565,0.000,1.000,1,45.976,0.459764,0.000,1.000,1,40.579,0.405785,0.000,1.000,1,35.256,0.352557,0.000,1.000,2.910233,3.891544,2.233110,1.109714,0.490272,2.610113,3.791900,2.057393,1.168264,0.532067,2.929572,3.967117,2.082430,0.975762,0.492776,3.217794,3.868339,2.065904,1.173978,0.567012,2.903025,3.856199,2.027848,1.308719,0.577371,2.927778,3.579369,2.327014,1.204485,0.586503,2.887477,4.035189,2.236686,1.060428,0.546568,2.886834,4.187293,2.347577,1.231707,0.598225,3.337700,4.648959,2.106365,1.298794,0.620763,3.309902,4.239601,2.460500,1.336886,0.658740,3.301040,3.535482,2.217802,1.303139,0.542556,3.230800,4.327092,2.142394,1.108563,0.653521,2.678662,3.781580,2.200844,1.210103,0.517717,3.218583,4.556142,2.442750,1.181769,0.567961,2.779935,3.820193,2.132708,1.123524,0.537981,2.837067,3.909414,2.461112,1.291661,0.508263,2.832373,4.035649,2.540805,1.238672,0.594126,2.914257,4.089176,2.109234,1.133591,0.496791,2.974767,3.972758,2.209852,1.225598,0.527652,3.497293,4.252537,2.594539,1.184353,0.559707,2.956806,3.687028,2.219718,1.248100,0.549376,2.949563,3.871371,1.976168,1.155062,0.488874,2.842050,3.494972,1.943471,1.135227,0.474877,2.943011,4.480458,2.409105,1.237238,0.626048,3.102742,4.308329,2.288791,1.219297,0.520677,2.540117,3.857860,2.213526,1.189651,0.524010,2.894816,3.817021,2.154979,1.081888,0.555308,2.969563,4.366609,2.010737,1.328599,0.588234,2.989209,3.998309,2.237137,1.319356,0.557592,2.394718,3.733535,2.185078,1.109004,0.529720,3.158060,3.786228,2.449132,1.218491,0.637974,2.751118,3.764584,1.991731,1.058306,0.506498,neutral,neutral_baseline,good
1783252800.562500,72,0,-4.7065,-7.0732,-9.9118,-12.7892,-5.0689,-5.2354,3.4007,7.7159,9.2994,6.1896,4.9316,2.4356,2.2509,-2.4913,-0.9742,-2.6464,-1.8064,-2.6495,0.4029,3.1917,0.0258,4.3066,5.8678,0.4250,-3.5529,-8.1748,-7.4662,-12.3241,-5.5710,-6.4890,-2.1721,-0.5286,95,4,98,,,,0,72,0,0.999948,0.007654,0.010160,0.011111,0.023272,0.016496,1.014159,31.10666,-4.30786,-40.96272,4,4,4,4,4,4,4,4,4,4,4,4,4,4,4,4,4,4,4,4,4,4,4,4,4,4,4,4,4,4,4,4,96,0.995,95,4,4,4,4,4,4,4,4,4,4,4,4,4,4,4,4,4,4,4,4,4,4,4,4,4,4,4,4,4,4,4,4,1,43.627,0.436270,0.000,1.000,1,21.219,0.212195,0.000,1.000,1,25.325,0.253254,0.000,1.000,1,45.115,0.451148,0.000,1.000,1,41.543,0.415434,0.000,1.000,1,39.573,0.395734,0.000,1.000,2.886885,3.567076,2.144128,1.119865,0.501261,2.770744,3.426347,2.190668,1.076850,0.552976,2.635658,3.972119,1.989474,1.070918,0.536220,3.165095,3.776283,2.185666,1.176224,0.539309,3.019896,4.114641,2.067263,1.154841,0.588363,3.444485,3.989071,2.351478,1.214260,0.559370,3.280977,3.878534,2.201753,1.082599,0.518612,3.159562,4.214060,2.271323,1.154385,0.598678,3.001653,3.966318,2.467112,1.244438,0.522575,3.340720,4.353645,2.546039,1.192656,0.592031,3.107332,4.256736,2.104902,1.300699,0.577625,3.393091,4.410726,2.430918,1.309406,0.522218,2.815440,4.146786,2.178125,1.186019,0.519390,3.188171,3.780761,2.350773,1.268964,0.537716,2.894556,3.713606,2.038479,1.137412,0.484556,2.685156,3.221379,2.120035,1.181351,0.541891,3.228822,4.271584,2.338353,1.297240,0.583148,2.785197,4.238799,2.198119,1.079096,0.552457,3.043023,4.084277,2.171833,1.212814,0.507339,2.957906,4.579076,2.338176,1.172013,0.564866,2.629964,4.107908,2.533567,1.301503,0.545064,2.753848,3.897398,2.127946,1.186105,0.538443,3.033718,3.594811,2.050935,1.017571,0.511700,3.247913,4.433481,2.190152,1.318321,0.590472,3.095505,4.316666,2.271455,1.316952,0.566319,3.124633,3.983606,2.192520,1.260027,0.530386,2.921311,3.444996,2.029737,1.044054,0.533337,2.994330,4.115599,2.177697,1.245242,0.526273,3.295464,3.767925,2.424514,1.236676,0.527891,3.046362,3.812515,2.017680,1.100549,0.519828,3.329714,4.388865,2.165670,1.159369,0.535106,2.996006,3.719857,1.839396,0.987655,0.524247,neutral,neutral_baseline,good
1783252800.570312,73,0,-6.3065,-4.4799,-4.7344,-2.2099,-0.1718,-1.2001,7.9638,8.6457,8.6635,4.8871,2.8130,-1.2020,-3.6934,-3.0466,-5.8000,-1.1432,-3.2428,2.5315,0.5282,0.0372,6.2543,1.4087,0.1169,-2.4569,-3.3233,-2.9185,-5.2947,-7.1874,-4.4176,2.2493,7.5741,6.2652,95,4,98,,,,0,73,0,0.999947,0.007754,0.010297,0.011247,0.007826,0.005976,1.015433,31.10798,-4.30808,-40.96221,4,4,4,4,4,4,4,4,4,4,4,4,4,4,4,4,4,4,4,4,4,4,4,4,4,4,4,4,4,4,4,4,96,0.995,95,4,4,4,4,4,4,4,4,4,4,4,4,4,4,4,4,4,4,4,4,4,4,4,4,4,4,4,4,4,4,4,4,1,43.171,0.431715,0.000,1.000,1,21.658,0.216580,0.000,1.000,1,20.559,0.205588,0.000,1.000,1,43.707,0.437075,0.000,1.000,1,40.577,0.405771,0.000,1.000,1,36.024,0.360244,0.000,1.000,2.865631,3.967006,2.086447,1.105374,0.559867,2.607232,3.610610,2.419097,1.084085,0.537937,2.765321,3.314004,2.051397,1.091389,0.488871,3.122046,3.962409,2.125150,1.193839,0.533043,3.368654,3.849236,2.245092,1.199165,0.523354,3.276532,4.149695,2.416180,1.133465,0.546853,2.586279,3.965067,2.219806,1.079753,0.519254,3.293005,4.000375,2.285689,1.313766,0.568137,3.405997,4.210223,2.367318,1.254040,0.581998,3.176527,4.267116,2.320740,1.324915,0.570532,3.155071,3.978732,2.246137,1.150521,0.570826,3.059762,4.093814,2.541584,1.233170,0.600084,2.964311,3.968170,2.280049,1.218236,0.483549,3.068544,4.229511,2.118936,1.207964,0.557402,2.632830,3.599917,2.105288,1.178094,0.496566,2.999926,3.957469,2.398420,1.233850,0.493447,3.642860,4.144591,2.237390,1.231089,0.593118,2.757675,3.685018,2.227693,1.093759,0.533935,2.648271,3.827822,2.205394,1.188174,0.571844,3.515229,4.315535,2.338672,1.380113,0.622690,3.266243,4.339602,2.077998,1.176210,0.586020,2.950217,3.374555,2.077307,1.110249,0.535997,2.917787,3.761890,2.056934,1.063509,0.562731,3.051670,4.115120,2.359363,1.228948,0.541224,3.194263,4.137284,2.296309,1.234858,0.501718,2.936900,3.914346,2.349665,1.205676,0.580273,2.471611,3.777067,1.867768,1.056824,0.495386,3.047245,3.886262,1.881685,1.128035,0.523391,3.234171,4.191846,2.168550,1.287399,0.625485,3.004976,3.573546,1.818710,1.094396,0.547511,2.880372,4.417793,2.397155,1.163175,0.581403,2.616600,3.464740,2.033370,0.998104,0.528129,neutral,neutral_baseline,good
1783252800.578125,74,0,-1.0505,-3.0492,-1.4099,0.9737,2.7487,4.1877,7.1645,5.6357,6.6234,0.9466,-0.8960,-1.6257,-4.6774,-6.4222,-4.2475,-3.0165,1.5235,4.6307,2.2392,8.2179,4.9037,2.6084,0.1545,1.7768,-8.1566,-2.2872,-6.5832,-2.7189,-1.8377,3.1974,9.1808,7.4892,95,4,98,,,,0,74,0,0.999946,0.007855,0.010433,0.011382,0.003265,0.003383,1.001116,31.10929,-4.30830,-40.96170,4,4,4,4,4,4,4,4,4,4,4,4,4,4,4,4,4,4,4,4,4,4,4,4,4,4,4,4,4,4,4,4,96,0.995,95,4,4,4,4,4,4,4,4,4,4,4,4,4,4,4,4,4,4,4,4,4,4,4,4,4,4,4,4,4,4,4,4,1,38.109,0.381087,0.000,1.000,1,20.079,0.200794,0.000,1.000,1,19.260,0.192601,0.000,1.000,1,47.273,0.472733,0.000,1.000,1,40.781,0.407811,0.000,1.000,1,38.008,0.380077,0.000,1.000,3.037825,3.957363,1.730025,1.145334,0.491513,2.860669,4.229050,2.252036,1.075648,0.488173,2.734139,3.761335,2.197398,1.080097,0.496503,3.185703,4.200844,2.223824,1.205034,0.575750,2.796845,4.299826,2.184235,1.249879,0.558679,2.746388,3.923018,2.269210,1.175229,0.573596,3.313865,3.720381,2.293388,1.041597,0.513210,2.888918,4.325527,2.386127,1.106465,0.536098,2.894664,3.989338,2.158873,1.275351,0.533105,3.253092,3.796871,2.512104,1.340921,0.629555,3.297885,3.755564,2.141967,1.180624,0.550361,3.042360,4.166796,2.379451,1.117186,0.528268,2.780615,4.240718,1.886838,1.190488,0.524051,3.299468,3.775277,2.327598,1.376111,0.577798,2.656116,3.247790,1.954237,1.222903,0.534227,3.132460,3.924885,2.238119,1.247271,0.501679,3.280170,4.589630,2.238102,1.315510,0.613533,2.388026,3.597260,2.159151,1.259196,0.512151,3.223530,4.274888,2.087373,1.265296,0.524196,3.053739,3.978440,2.596265,1.291069,0.584031,3.203523,4.105551,2.457392,1.163768,0.499731,2.963372,3.549603,2.015936,1.121331,0.528954,2.553543,3.458665,2.195798,1.096756,0.514707,3.002118,3.968665,2.067064,1.188232,0.531775,3.258549,4.211055,2.189763,1.095007,0.535203,3.264159,4.245633,2.357338,1.112991,0.557951,2.650951,3.453090,2.281453,1.208467,0.551357,3.019396,3.747201,2.295460,1.272312,0.557189,2.702802,4.002926,2.526317,1.307156,0.509973,2.935742,4.043149,2.229922,1.117461,0.470448,3.117714,4.394992,2.227199,1.293543,0.575493,2.927288,3.658062,2.042137,1.131869,0.521405,neutral,neutral_baseline,good
1783252800.585938,75,0,-0.5982,-0.3729,-4.5459,7.7309,4.3796,3.4662,4.1149,1.2524,-1.3320,-3.6998,-5.7824,-6.1722,-6.6750,-5.5914,-0.9010,0.0533,2.6740,3.3320,4.8438,4.0679,3.8226,-0.0254,-4.4818,-5.0677,-5.5298,-8.1373,-3.3198,-0.5821,4.6734,5.7001,5.5776,10.1105,95,4,98,,,,0,75,0,0.999944,0.007955,0.010570,0.011516,0.025603,0.017615,1.006907,31.11060,-4.30852,-40.96119,4,4,4,4,4,4,4,4,4,4,4,4,4,4,4,4,4,4,4,4,4,4,4,4,4,4,4,4,4,4,4,4,96,0.995,95,4,4,4,4,4,4,4,4,4,4,4,4,4,4,4,4,4,4,4,4,4,4,4,4,4,4,4,4,4,4,4,4,1,41.190,0.411898,0.000,1.000,1,17.772,0.177724,0.000,1.000,1,20.047,0.200469,0.000,1.000,1,45.704,0.457045,0.000,1.000,1,43.874,0.438743,0.000,1.000,1,36.194,0.361940,0.000,1.000,3.012108,3.324234,2.392175,1.044447,0.453398,2.677322,4.139408,2.167256,1.292232,0.530203,2.705097,3.531868,2.106540,1.097477,0.494168,3.066006,4.436810,2.461352,1.111569,0.618203,3.107384,4.495870,2.072728,1.242916,0.581189,3.045644,4.418595,2.743384,1.350279,0.546910,3.084663,4.054794,2.125539,1.230689,0.494040,3.285269,4.377154,2.272966,1.155991,0.580778,3.380769,4.225422,2.400187,1.356392,0.620289,3.073921,4.181463,2.544781,1.283804,0.570320,2.993164,4.021723,2.305295,1.171437,0.617470,3.281982,4.060872,2.385875,1.354419,0.596979,2.773448,3.479772,2.006931,1.215465,0.595915,2.942170,4.143889,2.127039,1.082425,0.565681,3.122194,3.975742,1.914780,1.027002,0.552518,2.766459,3.930528,2.081396,1.193450,0.569828,3.344403,4.276853,2.144990,1.254831,0.534194,2.925466,3.746730,2.076036,1.047188,0.560352,3.147996,3.776095,2.375354,1.098625,0.570192,3.447439,4.224569,2.368754,1.291970,0.642334,3.227704,4.236699,2.379217,1.175700,0.577295,2.612413,3.411744,1.684673,1.015006,0.524442,2.506518,4.087474,2.090310,1.203132,0.523053,2.942453,4.119030,2.108723,1.308475,0.558556,3.345428,4.293844,2.311690,1.310595,0.548696,3.083560,4.347137,2.183111,1.189442,0.543429,2.530618,4.289958,2.215412,1.075147,0.496299,3.047899,4.298559,2.277299,1.221861,0.543297,2.910119,3.983396,2.123216,1.271574,0.552657,2.766456,3.400108,1.934145,1.108938,0.544398,3.018160,4.053707,2.277773,1.251504,0.615094,3.057730,3.878215,2.052694,1.194060,0.515528,neutral,neutral_baseline,good
1783252800.593750,76,0,-3.9067,-5.2342,-6.1283,0.1999,-0.4850,-0.0189,-1.3165,-1.4030,0.1025,-1.2681,-7.7505,-1.4387,-6.4904,-0.4380,1.7032,4.0049,4.3219,8.5011,1.8688,4.8599,3.5974,-5.0961,-7.9636,-6.2853,-4.5590,-0.1797,-3.9314,3.1084,6.3518,11.1480,7.3613,5.9591,95,4,98,,,,0,76,0,0.999943,0.008055,0.010706,0.011650,0.014638,0.005530,1.016704,31.11189,-4.30875,-40.96067,4,4,4,4,4,4,4,4,4,4,4,4,4,4,4,4,4,4,4,4,4,4,4,4,4,4,4,4,4,4,4,4,96,0.995,95,4,4,4,4,4,4,4,4,4,4,4,4,4,4,4,4,4,4,4,4,4,4,4,4,4,4,4,4,4,4,4,4,1,36.776,0.367759,0.000,1.000,1,22.332,0.223324,0.000,1.000,1,22.459,0.224585,0.000,1.000,1,48.974,0.489745,0.000,1.000,1,40.607,0.406066,0.000,1.000,1,36.681,0.366807,0.000,1.000,2.802679,3.968412,2.221098,1.204195,0.501207,2.817042,3.653185,2.135266,1.082902,0.487746,2.674040,3.684559,1.811803,1.007231,0.497481,3.303933,4.057157,2.132763,1.098788,0.522652,3.195353,4.251399,2.063811,1.278074,0.507736,2.903097,4.440698,2.225608,1.327287,0.625268,3.055978,4.242496,2.439760,1.250194,0.597251,3.210826,4.004695,2.358205,1.331947,0.539024,3.244463,4.567688,2.548097,1.241378,0.571689,3.237846,4.939071,2.272537,1.174981,0.627551,2.777295,4.139119,2.147590,1.302166,0.542327,3.389854,4.056220,2.450885,1.321732,0.580655,3.172908,4.007130,2.091443,1.171448,0.482128,3.228694,4.097950,2.417737,1.223589,0.593037,2.815897,3.933320,2.050631,1.113250,0.493102,2.701494,3.655615,2.336233,1.246364,0.547298,3.193728,4.242931,2.234819,1.401261,0.599964,2.474960,3.808847,2.288404,1.135566,0.561203,3.007454,3.628989,2.209379,1.219982,0.527625,3.279209,4.585776,2.490326,1.353240,0.538398,3.167393,4.360841,2.306273,1.187308,0.588991,2.979401,3.792199,1.997036,1.029358,0.509607,2.883199,3.864152,2.007203,1.113174,0.545884,2.886265,4.117839,2.200724,1.247416,0.553445,2.869045,4.394458,2.068667,1.077156,0.567440,2.861142,3.962210,1.964097,1.259484,0.628541,2.905456,3.670998,2.278639,1.082787,0.469038,3.332567,4.360702,2.203408,1.178250,0.526456,3.220407,3.634492,2.025948,1.294515,0.592124,2.735640,3.738448,2.041640,1.082121,0.487964,3.157861,4.515041,2.494577,1.108632,0.563769,2.706597,3.792586,2.097965,1.150600,0.526792,neutral,neutral_baseline,good
1783252800.601562,77,0,-6.9406,-1.3383,1.5637,0.1340,5.7483,-3.6578,-1.1464,-5.3365,-3.2183,-4.8213,-2.0212,-3.6965,1.4758,2.2009,10.3075,6.6233,5.2331,4.4233,5.9498,3.6921,-5.3983,-8.9670,-5.2357,-9.7365,-7.5739,1.0993,5.2213,9.8607,3.4474,8.9558,4.6747,3.9634,95,4,98,,,,0,77,0,0.999941,0.008155,0.010843,0.011782,0.023276,0.019555,1.003877,31.11319,-4.30898,-40.96016,4,4,4,4,4,4,4,4,4,4,4,4,4,4,4,4,4,4,4,4,4,4,4,4,4,4,4,4,4,4,4,4,96,0.995,95,4,4,4,4,4,4,4,4,4,4,4,4,4,4,4,4,4,4,4,4,4,4,4,4,4,4,4,4,4,4,4,4,1,47.442,0.474416,0.000,1.000,1,20.304,0.203039,0.000,1.000,1,19.851,0.198506,0.000,1.000,1,47.404,0.474037,0.000,1.000,1,40.015,0.400148,0.000,1.000,1,37.655,0.376553,0.000,1.000,2.924814,3.752409,2.266527,1.036766,0.546272,2.567554,3.841737,2.046121,1.197077,0.521222,2.873080,3.716222,1.922755,1.042770,0.512434,3.116518,3.897601,2.476021,1.145209,0.552258,2.492125,3.587898,2.040624,1.202440,0.608057,2.672236,4.228910,2.447948,1.201545,0.546639,3.238625,3.884193,2.204125,1.204025,0.522388,3.291352,4.153818,2.207418,1.214476,0.589895,3.425045,4.184388,2.375104,1.234924,0.523999,3.132298,4.290704,2.275372,1.339097,0.600989,3.257685,4.418917,2.343395,1.218821,0.584544,3.287932,4.358062,2.339289,1.276253,0.611372,3.055284,4.188274,2.104155,1.166302,0.551307,3.305638,4.058578,2.283612,1.122536,0.589101,2.995033,3.630659,1.991795,1.236920,0.491585,3.092657,3.650069,2.144385,1.271117,0.474959,3.105513,4.623413,2.122441,1.282117,0.572994,2.738991,4.114502,2.035929,1.153838,0.501270,2.885357,3.945256,2.133243,1.210992,0.537156,3.199190,4.182751,2.250087,1.302881,0.529015,3.434942,4.080382,2.679726,1.234398,0.611869,2.718035,3.849239,2.183940,1.029513,0.493229,2.817712,3.315311,2.275821,1.104400,0.534179,2.785955,3.754318,2.131865,1.224003,0.599500,3.049491,4.199791,2.110545,1.122768,0.558868,3.229340,4.118797,2.140728,1.139575,0.539108,2.616067,3.840025,1.918814,1.027642,0.526412,2.908700,4.062454,2.093587,1.284784,0.533542,3.051210,4.268237,2.331361,1.106642,0.519749,2.621362,3.829210,2.170682,1.178230,0.457961,3.023680,4.241637,2.323654,1.279805,0.599297,2.806139,3.886827,1.946997,1.028708,0.500630,neutral,neutral_baseline,good
1783252800.609375,78,0,1.6877,3.3961,4.4183,1.3498,-1.0509,-1.3805,0.0432,-3.7676,-0.4496,1.3363,-0.4610,0.9441,5.4280,4.4401,9.0804,2.4459,3.6883,1.3509,-0.7194,-7.3308,-12.1355,-11.3921,-4.8744,-9.2650,-6.5666,0.3855,2.7276,6.8799,10.2001,12.5893,5.5918,0.3767,95,4,98,,,,0,78,0,0.999940,0.008254,0.010979,0.011914,0.014497,0.009223,1.010057,31.11447,-4.30921,-40.95965,4,4,4,4,4,4,4,4,4,4,4,4,4,4,4,4,4,4,4,4,4,4,4,4,4,4,4,4,4,4,4,4,96,0.995,95,4,4,4,4,4,4,4,4,4,4,4,4,4,4,4,4,4,4,4,4,4,4,4,4,4,4,4,4,4,4,4,4,1,41.218,0.412178,0.000,1.000,1,23.545,0.235449,0.000,1.000,1,22.901,0.229008,0.000,1.000,1,46.154,0.461538,0.000,1.000,1,32.453,0.324534,0.000,1.000,1,39.316,0.393163,0.000,1.000,2.725198,3.751256,2.186111,1.222256,0.499424,2.971195,3.375019,2.028028,1.120853,0.574665,2.890863,3.763276,2.097730,1.085725,0.442200,3.064863,4.012666,2.332020,1.292520,0.566924,2.709498,3.804289,2.133273,1.258499,0.553356,2.863159,4.229655,2.290054,1.204756,0.557275,2.918413,4.242044,2.200802,1.149593,0.553377,3.055896,4.105246,2.366943,1.241390,0.591645,3.232293,4.366808,2.424473,1.366010,0.622791,3.162803,4.031960,2.163632,1.315262,0.637694,3.120533,4.048667,2.170425,1.271620,0.579124,3.267500,4.363101,2.497845,1.358070,0.530862,2.997502,3.594792,1.882915,1.172255,0.458607,3.208948,4.497093,2.286730,1.229498,0.540019,2.759840,3.638322,2.213924,1.095428,0.491351,3.133080,3.577226,2.140557,1.129980,0.534992,3.071714,4.475653,2.436362,1.320608,0.539781,2.837642,3.783126,2.121771,1.170030,0.486502,2.557031,4.109448,2.284287,1.293098,0.594804,2.935485,4.031236,2.089654,1.422615,0.571943,2.824865,4.630060,2.428375,1.196244,0.531397,2.838356,4.033772,1.988622,1.093609,0.498108,2.651274,3.887219,2.087871,1.169128,0.517406,3.007973,4.303303,2.152990,1.265614,0.537899,3.154471,4.200335,2.185807,1.386650,0.570520,3.233399,3.724774,2.591815,1.233179,0.580403,2.709414,3.626116,2.096981,1.122892,0.545880,3.221091,4.113642,2.391047,1.241309,0.583257,3.018791,4.117158,2.224026,1.230250,0.578828,2.747924,4.045247,2.141660,1.082471,0.508255,3.509250,4.358042,2.113635,1.220346,0.555634,2.729745,3.508722,2.026522,1.139538,0.457111,neutral,neutral_baseline,good
1783252800.617188,79,0,-0.8239,1.6079,5.7063,6.0830,-0.5794,-4.2516,1.7206,-3.0939,-1.3817,-4.1643,2.9660,6.4666,5.9022,5.3266,6.7012,3.8949,3.3387,0.3277,-4.1083,-9.7083,-8.0208,-7.3177,-4.9685,-2.3610,-2.6425,5.4588,9.2937,16.1972,11.0639,8.4925,0.7731,1.5401,95,4,98,,,,0,79,0,0.999938,0.008353,0.011114,0.012045,0.024413,0.009915,1.011448,31.11575,-4.30945,-40.95914,4,4,4,4,4,4,4,4,4,4,4,4,4,4,4,4,4,4,4,4,4,4,4,4,4,4,4,4,4,4,4,4,96,0.995,95,4,4,4,4,4,4,4,4,4,4,4,4,4,4,4,4,4,4,4,4,4,4,4,4,4,4,4,4,4,4,4,4,1,44.719,0.447188,0.000,1.000,1,21.697,0.216972,0.000,1.000,1,18.235,0.182354,0.000,1.000,1,45.305,0.453046,0.000,1.000,1,42.556,0.425559,0.000,1.000,1,35.693,0.356928,0.000,1.000,2.748752,3.828268,2.278426,1.156735,0.568813,2.797163,3.640867,2.101496,1.208260,0.529729,2.767060,3.930047,2.032664,1.131999,0.565222,3.145740,3.856978,2.352892,1.204880,0.584613,3.032177,3.854905,2.189410,1.183361,0.530300,3.085676,3.876282,2.264148,1.204535,0.603035,2.872726,4.074682,2.263486,1.205570,0.571402,3.130550,3.926900,2.047213,1.273871,0.606369,3.390151,3.751185,2.246761,1.301969,0.554197,3.303476,4.352207,2.316506,1.210402,0.569949,3.173999,3.719751,2.193289,1.217635,0.590405,3.159031,4.048678,2.389078,1.224132,0.624547,2.913739,3.458316,2.291203,1.190543,0.524123,3.042594,4.167621,2.319991,1.194581,0.535380,2.449423,3.639433,2.262942,1.180750,0.523509,2.559974,3.746611,2.055171,1.214289,0.532825,3.300748,4.304202,2.377113,1.269459,0.559817,2.772145,3.941148,2.029072,1.223966,0.480407,3.159788,3.892685,1.884332,1.064256,0.518830,2.972111,4.352603,2.512095,1.217925,0.524713,3.003680,4.463757,2.296486,1.349224,0.571823,2.834671,3.749174,2.139282,1.185975,0.520850,2.827493,3.951553,2.133278,1.189474,0.541544,3.308606,4.402980,2.186098,1.135051,0.531891,3.548315,3.628010,2.205334,1.218887,0.539138,2.612953,4.125408,2.318382,1.304214,0.545819,2.967865,3.751809,1.815263,1.101130,0.492047,2.969224,4.064344,2.221340,1.256763,0.590370,3.390817,4.161407,2.205213,1.202034,0.633572,2.630697,4.104668,1.974377,1.128040,0.559197,3.134472,3.851064,2.060940,1.164940,0.581448,2.585333,3.749163,2.073379,1.273219,0.494855,neutral,neutral_baseline,good
1783252800.625000,80,0,5.0436,2.0555,-0.8249,-3.0387,1.9214,-3.9179,-1.5734,-7.7104,3.8244,-0.6780,4.4384,3.3655,8.2658,8.2241,-1.8723,1.4989,-5.5102,-4.6417,-6.3966,-11.4467,-11.5739,-4.7406,-1.9210,3.3334,9.6676,14.6508,11.7732,11.6904,5.2957,4.3592,3.1926,-2.4468,95,4,98,,,,0,80,0,0.999937,0.008452,0.011250,0.012175,0.023998,0.003005,1.021070,31.11702,-4.30969,-40.95863,4,4,4,4,4,4,4,4,4,4,4,4,4,4,4,4,4,4,4,4,4,4,4,4,4,4,4,4,4,4,4,4,96,0.995,95,4,4,4,4,4,4,4,4,4,4,4,4,4,4,4,4,4,4,4,4,4,4,4,4,4,4,4,4,4,4,4,4,1,44.863,0.448630,0.000,1.000,1,22.180,0.221797,0.000,1.000,1,23.112,0.231124,0.000,1.000,1,47.414,0.474138,0.000,1.000,1,41.886,0.418863,0.000,1.000,1,42.048,0.420483,0.000,1.000,2.679802,3.449223,1.964540,1.078615,0.501650,2.921458,3.714714,2.065080,1.069261,0.564547,2.676581,3.872233,1.879290,1.123824,0.509293,2.859206,4.350697,2.212945,1.342654,0.565183,2.815833,3.954301,2.230397,1.282818,0.521862,3.199639,4.359208,2.462377,1.181360,0.545165,2.940788,3.916374,2.242772,1.285636,0.531488,3.301723,3.886113,2.238579,1.214221,0.527819,2.893594,4.624801,2.249588,1.258776,0.634172,3.120632,4.436735,2.350308,1.398081,0.630649,3.067211,4.012912,2.270934,1.307258,0.559566,3.267208,4.327803,2.464169,1.264563,0.587581,2.577515,3.627837,2.216750,1.219089,0.558769,2.831515,3.972558,2.323426,1.342486,0.533650,2.800291,3.435340,1.914414,1.170806,0.539293,2.374678,3.960697,2.130851,1.085313,0.502233,3.136375,4.239504,2.332532,1.275299,0.615606,3.013369,3.599010,2.136948,1.049118,0.498515,3.234093,3.641317,2.056996,1.345723,0.549165,3.162413,4.124573,2.384799,1.391594,0.608680,3.074965,4.318947,2.328826,1.270229,0.628064,2.906761,3.821596,2.052788,1.100603,0.543795,3.161443,3.754232,2.188006,1.158163,0.533632,3.165549,4.168833,2.311576,1.223464,0.554497,3.077433,3.822246,2.170255,1.326829,0.578112,2.604384,4.050516,2.195520,1.075672,0.567608,2.874658,3.348195,1.991640,1.055609,0.481944,3.278819,3.893395,2.297066,1.139833,0.535634,3.039585,4.258823,2.299699,0.986894,0.550320,2.871893,3.313257,1.853223,1.014130,0.460608,2.806210,3.843015,2.242266,1.120742,0.559256,2.765647,4.284818,1.892123,1.161141,0.441229,neutral,neutral_baseline,good
1783252800.632812,81,0,7.3552,1.7476,2.2052,-1.0911,-4.7338,-6.1460,-3.1905,-4.7430,2.4512,4.3667,6.1607,4.5124,1.2620,6.8987,1.9291,-5.1266,-5.5853,-8.8826,-11.0125,-8.2823,-6.7712,0.4436,4.5046,7.7766,10.0943,13.3208,7.8454,8.0059,-1.5548,-1.4009,-4.3344,-12.9058,95,4,98,,,,0,81,0,0.999935,0.008551,0.011386,0.012305,0.026459,0.016254,1.019325,31.11828,-4.30993,-40.95812,4,4,4,4,4,4,4,4,4,4,4,4,4,4,4,4,4,4,4,4,4,4,4,4,4,4,4,4,4,4,4,4,96,0.995,95,4,4,4,4,4,4,4,4,4,4,4,4,4,4,4,4,4,4,4,4,4,4,4,4,4,4,4,4,4,4,4,4,1,43.012,0.430116,0.000,1.000,1,21.570,0.215700,0.000,1.000,1,23.868,0.238685,0.000,1.000,1,47.152,0.471518,0.000,1.000,1,44.360,0.443601,0.000,1.000,1,40.182,0.401821,0.000,1.000,2.758733,3.633482,2.185636,1.200273,0.503963,2.790812,3.730755,2.201655,1.040447,0.565398,2.822756,3.329296,1.904134,1.080271,0.496726,3.034393,4.090749,2.123616,1.341590,0.561452,2.930010,4.234358,2.054443,1.291326,0.512756,3.465234,3.779277,2.191417,1.228425,0.602038,3.057787,4.411960,2.211167,1.183762,0.594379,3.400414,3.866179,2.474947,1.345025,0.531344,3.276901,4.139896,2.157349,1.339196,0.620431,3.295302,4.128827,2.536953,1.295506,0.603915,2.940674,3.702340,2.270415,1.252956,0.568796,3.323284,4.685111,2.275737,1.130680,0.614762,2.832687,3.620760,1.950798,1.229067,0.507771,3.007158,4.296364,2.346757,1.242894,0.558394,2.524540,4.227753,1.771418,1.133441,0.484248,2.856975,3.805338,2.156196,1.173076,0.443064,3.449163,4.334621,2.226854,1.284156,0.565527,2.378490,4.195988,2.314385,1.203921,0.569792,3.182563,3.907466,2.205138,1.188529,0.561568,2.984824,4.502500,2.327796,1.268785,0.604135,3.210221,4.148129,2.294499,1.102438,0.623780,2.849102,3.758699,2.244703,1.065047,0.512895,2.713974,4.040119,1.927036,1.211982,0.559088,3.102323,4.384749,2.193359,1.174702,0.575382,2.877368,4.026208,2.346270,1.278467,0.556430,2.787378,4.165095,2.113835,1.202839,0.469289,3.021199,3.806315,1.945496,1.137160,0.480047,3.193993,3.929408,2.263192,1.248803,0.614283,3.405914,4.470020,2.370234,1.322827,0.507660,2.891552,3.456432,1.919292,1.219942,0.506346,2.879656,3.856766,2.422914,1.293115,0.582506,2.483842,3.691549,2.127046,1.036212,0.467600,neutral,neutral_baseline,good
1783252800.640625,82,0,1.3522,-0.8550,-1.5690,-8.1733,-7.8316,-5.1374,-1.7569,-0.2366,0.8034,0.7383,10.4003,7.8563,2.7228,0.4856,-1.2561,-3.7241,-8.4495,-4.4675,-3.3115,-3.3683,0.1680,2.1367,7.0417,7.1733,12.8456,12.0445,6.6704,6.3905,-2.9790,-7.8128,-7.3450,-15.3739,95,4,98,,,,0,82,0,0.999934,0.008649,0.011521,0.012433,0.022917,-0.003360,1.004803,31.11954,-4.31017,-40.95762,4,4,4,4,4,4,4,4,4,4,4,4,4,4,4,4,4,4,4,4,4,4,4,4,4,4,4,4,4,4,4,4,96,0.995,95,4,4,4,4,4,4,4,4,4,4,4,4,4,4,4,4,4,4,4,4,4,4,4,4,4,4,4,4,4,4,4,4,1,42.810,0.428097,0.000,1.000,1,16.921,0.169209,0.000,1.000,1,22.894,0.228936,0.000,1.000,1,44.939,0.449386,0.000,1.000,1,46.457,0.464567,0.000,1.000,1,40.439,0.404393,0.000,1.000,2.712652,3.873620,2.170131,1.285102,0.482408,2.830712,4.031505,2.124966,1.095886,0.492459,2.727929,3.957875,2.092159,1.125935,0.552875,3.001321,4.028505,2.135992,1.100242,0.571302,2.747391,4.021193,2.379017,1.248768,0.579485,2.852693,4.166345,2.452325,1.164479,0.588430,2.781991,3.717918,2.280625,1.159187,0.548638,3.348389,3.923479,2.699453,1.340878,0.556076,3.435314,4.467319,2.468245,1.268485,0.625276,3.353134,4.498805,2.429163,1.299909,0.585955,2.788311,4.038979,2.092611,1.211774,0.582160,3.477619,3.969308,2.220766,1.189874,0.596411,3.007987,3.767084,2.101406,1.359537,0.517476,3.011480,3.925542,2.098232,1.339182,0.615701,2.767462,4.064878,2.069809,1.115930,0.520464,2.550750,3.617459,2.158099,1.190426,0.533754,3.199996,4.375480,2.664888,1.410609,0.597865,2.759272,4.028145,2.336538,1.260393,0.486521,2.989413,3.857395,2.052840,1.227327,0.514572,3.158636,4.265392,2.433517,1.304144,0.539535,3.424669,4.103376,2.635382,1.281083,0.627254,2.998697,3.568010,2.006739,1.090553,0.500325,2.840445,3.555384,2.099809,1.138466,0.459771,2.956323,3.918364,2.125853,1.348682,0.502368,2.850062,4.058527,2.188910,1.252532,0.610297,3.342257,4.051119,2.132408,1.226702,0.508798,3.004489,4.222783,1.934270,1.051512,0.492542,3.034012,4.024308,2.148690,1.129319,0.598716,3.021914,3.996855,2.278541,1.333603,0.566649,2.921565,3.637300,2.098584,1.134791,0.565617,2.630094,4.203901,2.405168,1.284827,0.533427,2.946814,3.863149,2.169333,1.063344,0.511219,neutral,neutral_baseline,good
1783252800.648438,83,0,-5.3470,-5.6593,-7.1269,-6.9793,-10.7771,-7.0767,0.4123,2.2303,6.9610,4.3288,7.0606,5.2876,2.5570,-3.3873,-6.1950,-9.2244,-7.9470,-9.7206,-5.7763,-2.0999,1.7026,2.4695,7.8748,6.4358,4.5165,5.4140,0.9426,-2.9752,-10.2578,-13.4416,-7.3084,-14.4499,95,4,98,,,,0,83,0,0.999932,0.008748,0.011656,0.012561,0.012670,0.019962,1.015521,31.12079,-4.31042,-40.95711,4,4,4,4,4,4,4,4,4,4,4,4,4,4,4,4,4,4,4,4,4,4,4,4,4,4,4,4,4,4,4,4,96,0.995,95,4,4,4,4,4,4,4,4,4,4,4,4,4,4,4,4,4,4,4,4,4,4,4,4,4,4,4,4,4,4,4,4,1,47.383,0.473834,0.000,1.000,1,23.463,0.234634,0.000,1.000,1,24.657,0.246567,0.000,1.000,1,50.010,0.500097,0.000,1.000,1,41.396,0.413957,0.000,1.000,1,36.842,0.368421,0.000,1.000,2.985980,3.532662,1.877697,1.077950,0.523699,2.872261,4.079721,2.064344,1.301712,0.524371,2.889006,3.555310,2.055804,1.124596,0.479719,3.070043,3.800645,2.529980,1.134152,0.564558,2.930519,3.660281,2.274538,1.247622,0.504345,2.930757,4.477154,2.410740,1.299227,0.535832,2.957003,4.328170,1.940449,1.107879,0.531722,3.178018,4.555567,2.552130,1.202241,0.613765,2.870636,4.418580,2.579084,1.166430,0.582253,3.544261,4.294097,2.444746,1.324273,0.563009,2.973326,4.309455,2.281597,1.157193,0.558720,3.081679,4.317792,2.267440,1.312522,0.555125,3.030283,3.544362,2.331216,1.171894,0.560904,3.205494,4.653935,2.163500,1.097089,0.619466,2.731378,3.833180,2.245892,1.237983,0.502389,2.918051,4.018049,2.264505,1.106697,0.576169,3.235743,4.282932,2.515606,1.342309,0.654042,2.789776,4.008795,2.302662,1.148480,0.508109,3.126988,4.194357,1.965983,1.309050,0.602953,3.023493,4.035179,2.446057,1.337854,0.594618,2.906409,4.088350,2.389504,1.261093,0.498164,2.576454,3.377433,1.888090,1.136284,0.500046,2.874494,3.705198,2.106605,1.163872,0.559296,2.824882,4.103375,2.465327,1.218615,0.544918,2.920208,3.971763,2.272145,1.217768,0.529332,3.070203,4.605220,2.233346,1.196984,0.601966,2.851040,3.699827,1.824355,1.109019,0.484506,2.943030,3.887895,2.435143,1.260614,0.583796,2.828467,4.159345,2.009351,1.162870,0.547683,2.846897,3.708484,2.361663,1.127004,0.481698,3.075884,3.540416,2.337616,1.163985,0.597980,2.907744,3.818788,1.816684,1.228775,0.538848,neutral,neutral_baseline,good
1783252800.656250,84,0,-5.9361,-8.1773,-7.3646,-5.1476,-5.0652,3.0374,2.8572,6.2008,10.2954,11.8085,5.6303,10.7707,1.2880,-7.4742,-9.4832,-7.1572,-6.7719,-7.4485,-1.9070,-0.0365,2.1322,6.7307,7.6783,10.2930,7.1260,1.4392,-2.2004,-3.8789,-0.6915,-10.0612,-3.5938,-8.6741,95,4,98,,,,0,84,0,0.999930,0.008846,0.011791,0.012688,0.009836,0.009025,1.019547,31.12203,-4.31067,-40.95660,4,4,4,4,4,4,4,4,4,4,4,4,4,4,4,4,4,4,4,4,4,4,4,4,4,4,4,4,4,4,4,4,96,0.995,95,4,4,4,4,4,4,4,4,4,4,4,4,4,4,4,4,4,4,4,4,4,4,4,4,4,4,4,4,4,4,4,4,1,42.761,0.427611,0.000,1.000,1,19.984,0.199839,0.000,1.000,1,26.783,0.267825,0.000,1.000,1,47.246,0.472459,0.000,1.000,1,37.832,0.378318,0.000,1.000,1,40.699,0.406993,0.000,1.000,2.705344,3.841258,2.117163,1.101225,0.551230,2.717323,3.858098,2.199937,1.158581,0.500558,2.656162,3.536267,2.117425,1.116227,0.524903,3.138770,3.747767,2.104819,1.194777,0.556778,2.920008,3.634566,2.212516,1.189200,0.502395,2.807619,3.859204,2.338851,1.268739,0.621398,3.189775,4.107350,2.182754,1.216289,0.550439,3.058891,4.362345,2.492964,1.213052,0.625071,3.304493,4.300787,2.377164,1.266730,0.554334,3.267953,4.783272,2.570387,1.242989,0.611700,3.085095,4.138625,2.221106,1.262884,0.582070,3.045891,4.653463,2.071010,1.209006,0.601718,2.933377,3.493086,2.239135,1.183077,0.524665,3.233500,4.289678,2.281066,1.206387,0.639380,2.538585,3.599780,1.929874,1.132732,0.566148,2.863409,3.821744,2.059255,1.328494,0.476809,3.247559,4.167220,2.106805,1.197077,0.602634,3.143513,3.708244,2.021058,1.122937,0.553672,3.028336,4.007811,2.155215,1.274078,0.553013,3.434549,4.143555,2.566999,1.246470,0.635986,3.200387,4.220028,2.325390,1.167225,0.649814,2.906836,3.543247,1.849054,1.107616,0.510309,2.784276,3.487013,2.040726,1.282366,0.479949,3.192861,4.024844,2.010474,1.109729,0.585652,2.985679,4.049292,2.121496,1.145388,0.585930,3.108823,4.188480,2.245756,1.213013,0.592805,2.730681,3.423691,1.955973,1.055320,0.528958,3.293808,3.776621,2.359127,1.234938,0.543273,2.866697,4.460910,2.310006,1.233330,0.601786,2.773895,4.071153,1.989933,0.955816,0.492538,2.918348,4.087974,2.468393,1.321182,0.565450,2.763755,3.698712,1.907320,1.108464,0.516602,neutral,neutral_baseline,good
1783252800.664062,85,0,-7.5720,-7.0413,-3.0482,-4.8618,-1.5511,7.1547,9.3040,8.6771,11.1203,8.9827,3.1750,2.1759,-2.6926,-7.6797,-9.0712,-7.4419,-2.2085,-4.7743,-1.5654,4.2940,4.6602,8.6823,6.8390,5.3186,1.3334,3.3001,-3.8953,-10.6996,-6.1235,-6.7956,-3.6612,0.0671,95,4,98,,,,0,85,0,0.999929,0.008943,0.011926,0.012814,0.009991,0.017331,1.010761,31.12326,-4.31092,-40.95609,4,4,4,4,4,4,4,4,4,4,4,4,4,4,4,4,4,4,4,4,4,4,4,4,4,4,4,4,4,4,4,4,96,0.995,95,4,4,4,4,4,4,4,4,4,4,4,4,4,4,4,4,4,4,4,4,4,4,4,4,4,4,4,4,4,4,4,4,1,43.279,0.432789,0.000,1.000,1,20.647,0.206472,0.000,1.000,1,22.097,0.220970,0.000,1.000,1,45.599,0.455992,0.000,1.000,1,39.840,0.398400,0.000,1.000,1,40.317,0.403167,0.000,1.000,3.104640,4.190872,2.051147,1.240025,0.590626,2.745969,3.429483,2.144976,1.226231,0.521092,2.941966,3.654884,2.175694,1.001796,0.541017,3.154403,3.824287,2.142109,1.221820,0.563831,3.135154,3.957864,2.074928,1.071555,0.571459,2.751935,4.317503,2.393929,1.219897,0.571040,2.811542,4.073071,2.381192,1.217844,0.587196,3.136140,4.373513,2.367259,1.316317,0.621129,3.090312,4.223507,2.028812,1.363000,0.638760,3.433268,4.285198,2.284132,1.190464,0.654971,3.075868,3.748780,2.399678,1.148283,0.538186,2.950161,3.835696,2.427050,1.218215,0.581957,2.742917,4.071117,2.270677,1.203250,0.510269,3.423579,4.075990,2.154105,1.244350,0.560000,2.799393,3.773334,2.460455,1.205537,0.509805,3.002469,3.448749,2.072271,1.119358,0.517196,3.052219,4.235664,2.528779,1.260200,0.526240,2.711547,3.921157,2.026126,1.216070,0.524092,3.083653,4.045095,2.125251,1.199027,0.551800,3.063408,4.539253,2.388587,1.199834,0.553757,2.919875,3.891993,2.357292,1.382123,0.597330,2.884196,3.661141,2.177097,1.103298,0.530190,3.040133,4.075996,2.028692,1.133972,0.453752,3.239897,3.826247,2.359103,1.214166,0.559414,3.205477,4.278604,2.255655,1.212333,0.557724,3.063304,4.352075,2.126631,1.210254,0.568518,2.738528,3.449803,2.075505,1.083478,0.525702,2.912255,3.995460,2.167517,1.209261,0.534051,3.212633,4.221761,2.353103,1.245977,0.580266,3.042575,3.829361,1.953801,1.133811,0.492180,3.222240,3.922491,2.108005,1.377293,0.607976,2.878264,3.739433,2.059596,1.143633,0.508888,neutral,neutral_baseline,good
1783252800.671875,86,0,-7.1251,-4.9860,2.0665,0.1117,5.9174,5.8561,7.3876,11.6089,7.7535,1.8242,-1.6536,-9.1624,-6.3186,-8.2868,-11.3921,-3.9192,-5.1496,-5.0019,6.2741,8.3898,10.7892,11.6345,7.4062,1.9841,1.8960,-1.7473,-8.4902,-6.9413,-8.2968,-4.5788,2.0583,-1.2580,95,4,98,,,,0,86,0,0.999927,0.009041,0.012060,0.012939,0.027386,0.004166,1.014777,31.12449,-4.31118,-40.95558,4,4,4,4,4,4,4,4,4,4,4,4,4,4,4,4,4,4,4,4,4,4,4,4,4,4,4,4,4,4,4,4,96,0.995,95,4,4,4,4,4,4,4,4,4,4,4,4,4,4,4,4,4,4,4,4,4,4,4,4,4,4,4,4,4,4,4,4,1,37.967,0.379675,0.000,1.000,1,16.347,0.163473,0.000,1.000,1,23.830,0.238296,0.000,1.000,1,47.177,0.471770,0.000,1.000,1,40.782,0.407821,0.000,1.000,1,36.735,0.367354,0.000,1.000,2.836032,3.673706,2.170702,1.112936,0.574088,2.841639,4.131600,1.965148,1.165964,0.569569,2.729398,3.568880,1.977042,1.115460,0.537412,3.286766,4.052232,2.113697,1.265808,0.568513,3.088620,4.341602,2.411435,1.248235,0.570255,3.202091,4.303241,2.226937,1.270873,0.587533,2.863043,3.802245,2.037948,1.199228,0.570470,2.978310,3.740269,2.074597,1.112908,0.535651,3.159309,4.901807,2.321823,1.189321,0.548859,3.331724,4.248025,2.378121,1.359845,0.599045,2.956194,3.737910,2.099079,1.205878,0.576818,3.101090,4.393773,2.570619,1.417938,0.666767,2.864910,4.004327,2.108378,1.141365,0.538602,3.004446,4.146139,2.293566,1.304940,0.599968,2.563822,3.804040,2.139986,1.206838,0.469831,2.718986,3.814725,1.979284,1.236016,0.506006,3.391259,4.229801,2.056906,1.236489,0.581663,2.800334,4.079845,1.890637,1.080774,0.537802,2.872432,4.083434,1.924177,1.088380,0.491200,3.085449,4.378970,2.220230,1.332846,0.604004,3.026965,4.544350,2.250208,1.075194,0.580654,2.883303,3.763472,2.027977,1.137875,0.493102,2.985969,3.312899,2.028728,0.999840,0.490849,3.398683,3.824794,2.198673,1.239200,0.523962,3.282436,3.857390,2.151755,1.298435,0.538554,2.730966,4.291438,2.314378,1.332218,0.554005,2.961018,3.823976,2.029422,1.039740,0.545190,3.150235,3.996662,1.975731,1.314748,0.525805,3.702278,4.442442,2.199002,1.181980,0.551045,3.122510,3.416333,2.097889,1.069155,0.503081,3.270226,4.147408,2.244598,1.200952,0.562729,2.776533,3.525065,2.203169,1.080310,0.543567,neutral,neutral_baseline,good
1783252800.679688,87,0,-2.9559,-1.3831,1.0637,9.6851,6.0368,9.9489,7.3184,7.2420,3.2988,-3.8884,-7.4485,-8.4586,-12.5871,-9.7985,-6.5077,-2.3549,0.1314,7.2796,7.1004,14.2403,7.8370,7.9460,9.5932,-1.4817,-6.1256,-3.0382,-6.1751,-7.5190,-5.8199,-4.5395,-2.4195,6.8231,95,4,98,,,,0,87,0,0.999926,0.009138,0.012194,0.013063,0.021534,0.013663,1.002862,31.12571,-4.31144,-40.95507,4,4,4,4,4,4,4,4,4,4,4,4,4,4,4,4,4,4,4,4,4,4,4,4,4,4,4,4,4,4,4,4,96,0.995,95,4,4,4,4,4,4,4,4,4,4,4,4,4,4,4,4,4,4,4,4,4,4,4,4,4,4,4,4,4,4,4,4,1,44.001,0.440015,0.000,1.000,1,17.639,0.176392,0.000,1.000,1,18.661,0.186606,0.000,1.000,1,47.177,0.471775,0.000,1.000,1,39.007,0.390068,0.000,1.000,1,38.062,0.380623,0.000,1.000,2.800901,3.932203,2.030529,1.146789,0.560862,2.719714,4.171055,2.151775,1.101499,0.467734,2.911049,3.209355,2.281862,1.162948,0.476649,3.217643,3.990990,2.183107,1.250521,0.557325,3.080592,3.895546,2.286708,1.248965,0.531198,3.371605,4.281047,2.265835,1.311200,0.577113,3.282109,3.939363,2.419491,1.317448,0.555255,2.907251,4.108906,2.258567,1.419517,0.572107,3.248120,4.438217,2.257826,1.233173,0.622571,3.509252,4.495761,2.573914,1.253002,0.579160,2.970371,3.560419,2.243165,1.144277,0.537606,2.687783,3.910923,2.564607,1.241366,0.561651,2.901808,3.995600,1.981242,1.064889,0.483983,3.240330,4.295456,2.456880,1.251871,0.574053,2.723531,3.995812,1.997831,1.004143,0.549409,2.627793,3.880935,2.210668,1.082657,0.546926,3.447952,4.259543,2.408594,1.306544,0.603436,2.883711,3.976633,2.281184,1.164961,0.514448,2.904477,4.008950,2.286283,1.147871,0.583264,3.303290,4.297668,2.381231,1.154521,0.514041,3.308643,4.210779,2.532530,1.243245,0.567034,2.699439,4.075403,2.166084,1.046725,0.458497,2.604464,3.943030,2.071346,1.275297,0.529130,2.819968,3.848993,2.416077,1.243237,0.571038,3.147972,3.999453,2.189382,1.170451,0.625651,2.890696,3.672643,2.197823,1.205848,0.524411,2.931203,3.699801,2.277978,1.103095,0.464784,2.894674,3.827562,2.034309,1.233139,0.535935,3.258804,4.037860,2.076670,1.326457,0.485394,2.445866,3.817924,2.231087,1.162153,0.500572,3.385888,3.896223,2.045439,1.266482,0.617616,2.858604,3.509275,2.005860,1.073292,0.473915,neutral,neutral_baseline,good
1783252800.687500,88,0,-0.6093,2.0344,1.8100,6.5691,11.2630,2.0871,5.1182,-2.5573,-3.3243,-6.7172,-10.8955,-12.5730,-12.0826,-5.6642,1.0463,3.4090,5.5556,8.3808,12.8944,8.6112,8.1274,5.6206,0.0116,-7.9566,-4.5296,-7.5025,-11.9177,-7.9222,0.1407,-1.5699,0.7138,6.0748,95,4,98,,,,0,88,0,0.999924,0.009235,0.012328,0.013187,0.019420,0.005801,1.002352,31.12692,-4.31170,-40.95457,4,4,4,4,4,4,4,4,4,4,4,4,4,4,4,4,4,4,4,4,4,4,4,4,4,4,4,4,4,4,4,4,96,0.995,95,4,4,4,4,4,4,4,4,4,4,4,4,4,4,4,4,4,4,4,4,4,4,4,4,4,4,4,4,4,4,4,4,1,40.994,0.409942,0.000,1.000,1,17.808,0.178085,0.000,1.000,1,23.468,0.234680,0.000,1.000,1,52.042,0.520415,0.000,1.000,1,41.873,0.418729,0.000,1.000,1,42.610,0.426103,0.000,1.000,3.000086,3.670770,2.043788,1.103493,0.558426,2.783165,3.915959,2.087211,1.140998,0.538441,2.857230,3.562571,2.053290,1.196558,0.510166,2.974718,3.940317,2.208369,1.177524,0.526064,3.414177,3.653882,2.112728,1.046508,0.586387,2.930586,4.335477,2.203840,1.187022,0.533842,2.923042,4.047242,2.286660,1.121869,0.554493,3.362965,4.349192,2.311276,1.215824,0.545574,2.972648,4.916518,2.415915,1.216633,0.502537,3.018253,4.247417,2.243660,1.273270,0.637743,2.663820,4.371245,2.142413,1.299585,0.523775,3.139431,4.348448,2.527929,1.340511,0.571080,2.988709,4.184354,2.065088,1.177977,0.485732,3.179330,4.303016,2.369135,1.266386,0.635626,2.990292,3.842799,1.948149,0.984829,0.591483,2.713573,3.755060,2.247582,1.118568,0.529481,3.224112,4.019240,2.458190,1.240417,0.611423,2.796150,3.640461,1.984769,1.208776,0.469778,2.786013,4.094203,2.171025,1.233708,0.522314,3.005648,4.549344,2.596842,1.301068,0.616703,3.213529,3.994045,2.499820,1.248649,0.583594,2.746047,3.100461,1.881229,1.074125,0.541186,2.809032,4.051949,2.204721,1.118826,0.509012,2.978899,3.867227,2.272014,1.316167,0.509920,2.861557,4.125496,2.327340,1.231399,0.570727,2.906986,4.100930,2.088416,1.408432,0.579873,2.593835,3.970078,1.950916,1.030213,0.494601,2.919780,4.223334,2.330052,1.169940,0.526649,3.140774,4.012014,2.350027,1.367638,0.519746,2.800649,3.547605,2.054681,1.148134,0.548049,2.964465,3.706651,2.480345,1.141957,0.541558,2.773363,4.026540,2.085927,1.062937,0.485465,neutral,neutral_baseline,good
1783252800.695312,89,0,-0.0336,6.4644,1.9274,6.5879,9.6895,3.1250,-1.7106,-3.6046,-6.5140,-6.5289,-9.0261,-11.7485,-4.3462,-7.6500,3.6634,10.8566,9.9890,7.3487,9.8681,3.1731,3.3295,-0.7997,-2.9344,-7.6756,-9.1946,-6.4685,-9.0807,-1.4221,2.0651,4.3666,6.0577,6.9296,95,4,98,,,,0,89,0,0.999922,0.009331,0.012462,0.013309,0.021914,0.016528,1.010392,31.12813,-4.31197,-40.95406,4,4,4,4,4,4,4,4,4,4,4,4,4,4,4,4,4,4,4,4,4,4,4,4,4,4,4,4,4,4,4,4,96,0.995,95,4,4,4,4,4,4,4,4,4,4,4,4,4,4,4,4,4,4,4,4,4,4,4,4,4,4,4,4,4,4,4,4,1,44.511,0.445115,0.000,1.000,1,22.570,0.225701,0.000,1.000,1,21.785,0.217848,0.000,1.000,1,43.920,0.439197,0.000,1.000,1,38.000,0.379999,0.000,1.000,1,39.837,0.398374,0.000,1.000,2.909207,3.712492,2.093520,1.161478,0.517177,3.032494,3.628163,2.364184,1.197284,0.557682,2.479251,3.514291,2.149912,1.188474,0.496029,3.097338,4.322006,2.357518,1.068886,0.569434,3.159833,3.795773,2.138861,1.179145,0.512019,2.988558,4.501360,1.988021,1.172855,0.559359,3.155267,3.506517,1.963880,1.095142,0.550356,3.317980,4.128770,2.405022,1.221260,0.605984,3.326934,4.371240,2.222091,1.264277,0.610550,3.126065,4.508622,2.615743,1.356944,0.637171,3.255623,4.386316,2.264609,1.283449,0.567533,3.349806,4.202236,2.303798,1.278322,0.619541,2.708323,3.720434,2.038473,1.038745,0.482688,3.352483,4.218619,2.271773,1.314167,0.475893,2.696089,3.511704,2.222286,1.087725,0.513029,3.173260,3.980349,2.099791,1.165584,0.516616,3.116704,4.056460,2.411223,1.275323,0.583275,3.437103,3.708910,2.349322,1.202048,0.537798,3.107377,3.578310,2.285051,1.191481,0.570613,2.932766,4.181838,2.462796,1.322164,0.634462,3.131998,3.808150,2.331461,1.218273,0.656218,3.172783,3.586214,1.973520,1.134008,0.521399,2.422877,4.213767,2.147540,1.278331,0.525862,3.146626,4.020591,2.364095,1.309396,0.574738,2.928207,3.802838,1.917499,1.253718,0.618929,3.037776,4.191140,2.327931,1.112598,0.517316,2.634424,4.137759,2.128418,1.129294,0.501891,3.058572,4.157189,2.180811,1.217015,0.595993,3.121986,3.656961,2.274586,1.247861,0.554814,3.179073,3.759427,2.020814,1.050129,0.505870,3.435473,4.010878,2.376582,1.123025,0.577179,2.745978,3.554880,2.045248,1.165633,0.552580,neutral,neutral_baseline,good
1783252800.703125,90,0,0.9508,10.4430,11.6296,9.1827,5.0059,-2.4848,-1.0265,0.7745,-11.3619,-7.3563,-3.2241,-1.9440,-3.9284,-0.2272,5.8553,11.2039,13.9010,12.1548,2.6217,-0.3662,-1.2120,-6.3614,-10.8584,-7.6281,-14.8347,-8.3698,-1.6249,2.9690,1.4790,3.5289,6.5640,4.6646,95,4,98,,,,0,90,0,0.999921,0.009428,0.012596,0.013431,0.026046,0.017577,1.017315,31.12932,-4.31223,-40.95355,4,4,4,4,4,4,4,4,4,4,4,4,4,4,4,4,4,4,4,4,4,4,4,4,4,4,4,4,4,4,4,4,96,0.995,95,4,4,4,4,4,4,4,4,4,4,4,4,4,4,4,4,4,4,4,4,4,4,4,4,4,4,4,4,4,4,4,4,1,40.147,0.401472,0.000,1.000,1,18.347,0.183474,0.000,1.000,1,19.001,0.190007,0.000,1.000,1,46.388,0.463880,0.000,1.000,1,39.252,0.392515,0.000,1.000,1,39.194,0.391944,0.000,1.000,3.057997,3.769301,1.789298,1.045911,0.527321,2.574581,3.923485,2.164752,1.162037,0.532413,2.811984,3.940975,2.068212,1.123278,0.504261,2.849663,3.375494,1.985621,1.164550,0.552893,2.957641,4.590609,2.029537,1.333380,0.582055,3.257609,3.938506,2.200853,1.121424,0.613708,2.915020,3.827841,2.352628,1.165890,0.535617,2.985654,4.457037,2.276493,1.096440,0.588354,3.266610,4.531454,2.627619,1.404484,0.568735,3.234418,4.642494,2.383967,1.308332,0.605543,2.937804,4.138571,2.267397,1.159934,0.507825,3.144894,4.748419,2.065509,1.397467,0.629475,2.732938,4.137191,2.118742,1.218461,0.611088,3.085440,4.450117,2.325942,1.248438,0.534182,2.851495,3.505426,2.084289,1.115329,0.545129,2.990706,3.867689,2.229102,1.081277,0.502163,3.394756,4.103961,2.530538,1.329190,0.576603,2.802868,3.603250,1.921552,1.049566,0.493311,3.170003,4.169258,2.523113,1.154606,0.536172,3.183945,4.389490,2.464715,1.227480,0.587090,3.063160,4.135673,2.387984,1.130296,0.617031,2.735080,3.776383,2.059477,1.077064,0.486328,2.670343,3.923092,2.061572,1.135860,0.535074,3.419149,3.748340,2.224384,1.156865,0.570202,3.147499,4.042128,2.007324,1.144026,0.573857,2.734409,4.108773,2.288415,1.267346,0.577462,2.539363,3.417813,1.775619,1.172789,0.516772,2.944014,4.181425,2.020871,1.196802,0.538625,3.055394,4.141994,2.321923,1.162272,0.517674,2.936915,3.787524,1.822996,1.094527,0.509488,3.012398,4.200106,2.233934,1.266568,0.559175,2.898245,3.341833,1.953922,1.144282,0.473330,neutral,neutral_baseline,good
1783252800.710938,91,0,2.1475,8.0043,6.1207,9.7942,2.3528,-6.7726,-4.8941,-6.3710,-7.5728,-7.5549,-6.8540,-3.7922,4.4451,7.2956,8.6504,8.3547,9.1320,5.3001,1.3679,-2.2573,-7.8630,-3.8116,-12.0030,-12.1080,-5.9340,-7.1543,1.8312,0.1418,5.9061,10.5112,5.3411,3.3196,95,4,98,,,,0,91,0,0.999919,0.009524,0.012729,0.013552,0.035840,0.008399,1.004407,31.13051,-4.31250,-40.95305,4,4,4,4,4,4,4,4,4,4,4,4,4,4,4,4,4,4,4,4,4,4,4,4,4,4,4,4,4,4,4,4,96,0.995,95,4,4,4,4,4,4,4,4,4,4,4,4,4,4,4,4,4,4,4,4,4,4,4,4,4,4,4,4,4,4,4,4,1,45.259,0.452587,0.000,1.000,1,21.110,0.211103,0.000,1.000,1,22.737,0.227370,0.000,1.000,1,47.817,0.478171,0.000,1.000,1,42.752,0.427520,0.000,1.000,1,42.405,0.424051,0.000,1.000,2.815535,3.568994,2.124656,1.163663,0.534506,2.989281,3.979581,2.134385,1.077805,0.498551,2.783677,3.577295,1.993509,0.949088,0.540257,2.899903,4.335032,2.009292,1.328496,0.588520,2.697917,4.171657,2.061261,1.262047,0.579640,3.093853,4.113469,2.227383,1.307803,0.616185,3.192553,4.218577,2.466260,1.258678,0.547126,3.161174,4.132859,2.227193,1.265023,0.576259,3.505259,4.114675,2.264717,1.271962,0.531661,3.474036,4.678246,2.376781,1.271161,0.612812,3.024743,4.318477,2.232003,1.320075,0.591759,3.074483,4.365337,2.448011,1.285200,0.561317,2.938061,3.459578,2.244657,1.183273,0.496034,3.100454,4.376819,2.096251,1.393377,0.548527,2.951969,4.068819,2.293860,1.051642,0.457142,2.881983,3.625683,1.883298,1.190621,0.584877,2.965508,4.548078,2.169991,1.289855,0.660982,2.587468,4.176020,2.006308,1.159136,0.509350,2.886036,4.073906,1.886969,1.146504,0.622416,3.492679,4.364679,2.516028,1.280987,0.558559,3.209694,4.569910,2.465883,1.323327,0.488568,2.752644,3.616785,2.098853,1.101411,0.459658,3.035526,3.908334,2.038785,1.029755,0.529398,3.003630,4.287095,2.167648,1.127654,0.584750,2.791437,4.181405,2.092076,1.276313,0.624050,3.032481,3.915068,2.198089,1.174606,0.531623,2.804716,3.393409,1.905521,1.124898,0.480169,3.125262,3.906063,2.211340,1.281004,0.546661,3.243868,3.828969,2.150607,1.217469,0.553990,2.718485,3.434128,1.721897,1.139961,0.498894,2.977079,4.305849,2.417409,1.224500,0.555539,2.827958,3.878427,1.908606,1.152893,0.521105,neutral,neutral_baseline,good
1783252800.718750,92,0,11.3339,13.9613,4.5694,2.7344,2.5420,-1.0618,-9.4724,-10.7524,-8.9004,-7.2145,-5.8282,0.6887,6.8883,10.1021,9.4602,7.1695,0.4600,1.9895,-5.2028,-3.8386,-6.7626,-8.1537,-10.1383,-2.9966,-4.0816,2.9546,2.3459,6.0940,6.0690,9.6945,3.8071,3.4551,95,4,98,,,,0,92,0,0.999917,0.009620,0.012863,0.013672,0.012298,0.001347,1.012841,31.13169,-4.31278,-40.95254,4,4,4,4,4,4,4,4,4,4,4,4,4,4,4,4,4,4,4,4,4,4,4,4,4,4,4,4,4,4,4,4,96,0.995,95,4,4,4,4,4,4,4,4,4,4,4,4,4,4,4,4,4,4,4,4,4,4,4,4,4,4,4,4,4,4,4,4,1,43.862,0.438619,0.000,1.000,1,14.812,0.148121,0.000,1.000,1,21.053,0.210530,0.000,1.000,1,47.863,0.478634,0.000,1.000,1,36.721,0.367213,0.000,1.000,1,41.426,0.414256,0.000,1.000,2.981062,3.748038,2.230223,1.201821,0.513811,2.675114,3.988769,2.116617,1.112400,0.483948,2.955712,3.511214,2.004354,1.056863,0.555371,3.144365,4.318686,2.304765,1.067339,0.543355,3.117164,4.388848,1.878985,1.227984,0.569076,2.932751,4.216716,2.237720,1.343993,0.631738,3.148954,4.153829,2.362132,1.206086,0.593696,3.145103,4.184184,2.435280,1.189095,0.595321,3.476730,4.567128,2.396591,1.236575,0.550596,3.256141,4.659822,2.106372,1.318068,0.592358,2.929504,3.620000,2.523589,1.209497,0.571561,3.493294,4.114232,2.361094,1.255471,0.593097,3.138224,3.773057,1.904491,1.077559,0.553027,3.317643,3.944577,2.290002,1.246588,0.608343,2.825092,3.731835,2.250031,1.147659,0.503416,2.684166,3.954538,2.332158,0.978663,0.491282,3.339210,4.017205,2.369463,1.291123,0.586098,3.028193,4.022103,1.958673,1.204529,0.543932,3.038193,4.025376,2.073509,1.235926,0.542505,3.219678,4.789142,2.203605,1.456861,0.612698,3.356815,4.505845,2.366793,1.171457,0.506224,2.417253,3.515552,2.084016,1.051238,0.505982,2.902725,4.058818,2.264784,1.254585,0.570011,2.866843,3.853894,2.096687,1.214829,0.534217,3.066231,4.161347,2.179688,1.155699,0.533925,3.074284,4.360117,2.137184,1.141746,0.591836,2.810531,3.480858,2.049577,1.012024,0.496808,2.907048,4.314778,2.118689,1.169452,0.604361,3.281432,4.133477,2.358659,1.373375,0.568033,2.945087,3.709875,2.048249,1.076680,0.544131,3.417907,4.220904,2.256270,1.241505,0.536703,2.542402,3.232362,2.065704,1.093704,0.499059,neutral,neutral_baseline,good
1783252800.726562,93,0,8.5163,12.4034,3.8774,-0.9773,-5.8773,-5.2687,-6.3075,-13.2432,-9.2299,-5.2862,0.9560,0.9604,9.0028,5.7356,6.4827,3.3562,1.1898,-2.0355,-6.1328,-6.4598,-8.5121,-11.0274,0.9001,-0.9687,5.3635,6.4528,7.3119,6.1699,5.6907,2.8996,-1.0874,-3.4479,95,4,98,,,,0,93,0,0.999916,0.009715,0.012996,0.013791,0.023258,0.001741,1.016487,31.13286,-4.31305,-40.95203,4,4,4,4,4,4,4,4,4,4,4,4,4,4,4,4,4,4,4,4,4,4,4,4,4,4,4,4,4,4,4,4,96,0.995,95,4,4,4,4,4,4,4,4,4,4,4,4,4,4,4,4,4,4,4,4,4,4,4,4,4,4,4,4,4,4,4,4,1,39.137,0.391372,0.000,1.000,1,20.077,0.200769,0.000,1.000,1,19.810,0.198103,0.000,1.000,1,44.526,0.445263,0.000,1.000,1,43.019,0.430192,0.000,1.000,1,41.404,0.414038,0.000,1.000,2.580208,3.743045,2.089337,1.110112,0.532625,2.673496,3.691422,2.179567,1.174008,0.485617,2.803200,3.853986,2.090937,1.078225,0.488497,3.194626,3.850884,2.189704,1.241238,0.568862,3.296997,4.239639,2.177936,1.158536,0.507920,2.783526,4.411308,2.264985,1.327537,0.579737,2.910820,3.994762,2.257892,1.194139,0.564233,2.938183,4.159601,2.309803,1.295870,0.544005,3.184412,4.367671,2.419679,1.360988,0.578144,3.397306,3.999377,2.096776,1.282290,0.552609,3.087728,3.746685,2.347159,1.260889,0.579679,3.292388,4.014491,2.338563,1.327715,0.550843,2.865375,3.595325,2.059272,1.181508,0.543832,2.911153,4.393157,2.354415,1.277164,0.610356,2.667073,3.654521,2.231696,1.081149,0.448084,3.079300,3.671707,2.260019,1.044170,0.503017,3.199993,4.196274,2.195217,1.274182,0.546777,2.911610,3.678498,2.095904,1.251756,0.507607,3.166517,4.350544,2.082992,1.189581,0.482433,3.110582,4.325162,2.424999,1.236824,0.661678,3.193974,4.013336,2.324889,1.103540,0.553769,2.539920,3.491978,1.969108,0.983249,0.485201,3.019692,3.381746,2.002368,1.238406,0.501938,3.191764,4.391532,2.136475,1.218257,0.543462,3.134409,4.221769,2.024026,1.146443,0.497750,2.775646,4.288572,2.005796,1.234256,0.528417,2.543958,3.619006,2.146051,1.069449,0.513091,3.035759,3.877180,2.369577,1.150944,0.635890,3.388131,3.911933,2.323451,1.106905,0.576696,2.999897,3.938554,1.953444,1.060304,0.538911,3.373458,4.350103,2.221992,1.205990,0.513515,2.755609,3.743871,1.975718,1.147486,0.517306,neutral,neutral_baseline,good
1783252800.734375,94,0,11.3270,4.2179,-2.3133,-5.6568,-6.1967,-12.8641,-10.9497,-9.8167,-4.9745,-5.1794,5.8370,2.4425,3.5940,5.9183,7.8673,1.4069,-1.6300,-3.6126,-1.5670,-1.2505,-1.5153,-4.0196,0.9181,7.0765,8.6705,8.0098,3.8293,5.9524,0.6808,-6.2963,-8.4824,-4.8550,95,4,98,,,,0,94,0,0.999914,0.009810,0.013129,0.013909,0.021343,-0.003711,1.017907,31.13402,-4.31333,-40.95153,4,4,4,4,4,4,4,4,4,4,4,4,4,4,4,4,4,4,4,4,4,4,4,4,4,4,4,4,4,4,4,4,96,0.995,95,4,4,4,4,4,4,4,4,4,4,4,4,4,4,4,4,4,4,4,4,4,4,4,4,4,4,4,4,4,4,4,4,1,46.856,0.468555,0.000,1.000,1,23.433,0.234326,0.000,1.000,1,21.853,0.218526,0.000,1.000,1,47.675,0.476745,0.000,1.000,1,42.623,0.426227,0.000,1.000,1,39.023,0.390234,0.000,1.000,2.847186,4.085680,2.057177,1.263443,0.451637,2.772507,4.121675,2.071699,1.175923,0.522759,2.712341,3.933736,2.078465,1.158790,0.457915,3.188559,3.713905,2.322452,1.221764,0.572434,2.917062,3.993404,2.128068,1.269137,0.567002,3.004330,3.734603,2.148030,1.246282,0.508359,3.254682,4.355276,2.313111,1.110942,0.551350,3.029438,4.124209,2.317461,1.363543,0.563191,2.953559,3.611550,2.249928,1.431665,0.579118,3.067461,4.419007,2.522409,1.270803,0.594364,3.273711,4.301881,2.020132,1.210238,0.590357,3.234987,4.436811,2.368116,1.242044,0.571800,3.048488,3.812269,2.079193,1.207349,0.556394,3.160695,4.485940,2.045455,1.298488,0.542132,2.809981,3.835003,1.975097,1.295917,0.526343,2.822733,4.110332,2.042992,1.189365,0.573199,3.362311,4.255135,2.392575,1.525591,0.675270,2.471856,3.975164,2.056011,1.117468,0.471155,2.948357,4.246441,2.149828,1.189582,0.644096,3.217433,4.205765,2.236820,1.182948,0.644802,3.566066,4.362130,2.325980,1.196847,0.598127,2.954950,3.590727,2.172215,1.166003,0.493515,2.690995,3.517021,2.067306,1.041679,0.493733,3.223476,3.875216,2.172808,1.194719,0.526441,3.015849,4.036468,1.912834,1.269492,0.516361,3.016762,4.010483,2.289118,1.285290,0.556357,2.639563,3.513398,1.945885,1.102193,0.535052,3.107927,4.001021,2.149232,1.077069,0.558459,2.859280,4.221798,2.218821,1.153906,0.568276,2.837637,3.717795,2.280796,1.099848,0.602197,2.976188,4.249692,2.058016,1.318096,0.516650,2.805631,3.309145,2.125358,1.116505,0.515382,neutral,neutral_baseline,good
1783252800.742188,95,0,6.0012,-2.4977,-6.3430,-12.9721,-11.5834,-15.4076,-7.8499,-3.7788,-1.3099,3.8935,9.7584,9.4279,6.6736,8.3446,3.9672,0.8069,-5.0810,-4.9803,-5.9930,-3.1902,-3.6609,1.4345,-3.0977,4.7269,3.5377,4.2451,2.6573,-0.7418,-1.4937,-2.9781,-5.2340,-6.1375,95,4,98,,,,0,95,0,0.999912,0.009905,0.013261,0.014026,0.015863,0.019567,1.005622,31.13518,-4.31361,-40.95102,4,4,4,4,4,4,4,4,4,4,4,4,4,4,4,4,4,4,4,4,4,4,4,4,4,4,4,4,4,4,4,4,96,0.995,95,4,4,4,4,4,4,4,4,4,4,4,4,4,4,4,4,4,4,4,4,4,4,4,4,4,4,4,4,4,4,4,4,1,40.277,0.402768,0.000,1.000,1,16.768,0.167678,0.000,1.000,1,19.628,0.196280,0.000,1.000,1,48.536,0.485359,0.000,1.000,1,45.555,0.455555,0.000,1.000,1,39.543,0.395425,0.000,1.000,2.914729,3.846459,2.027452,1.046779,0.537831,2.745098,3.690999,2.068677,1.061887,0.564222,2.887905,3.412852,2.154006,1.131880,0.495724,2.955113,3.923967,2.152077,1.204381,0.510345,2.788113,4.100889,2.203689,1.127567,0.551050,2.577663,4.362339,2.146816,1.257043,0.590660,3.211229,4.165390,2.195243,1.248191,0.547955,3.291986,4.477423,2.181639,1.277000,0.612374,3.495898,4.587909,2.444469,1.301618,0.561403,3.374604,4.245470,2.281345,1.250697,0.596407,2.785690,4.232536,2.356498,1.351628,0.556979,3.206465,3.855315,2.185526,1.279707,0.653649,2.799791,3.903622,2.036269,1.132124,0.568461,3.083775,4.478844,2.318470,1.244579,0.571954,2.966828,3.911633,1.985346,1.250728,0.531599,2.871312,3.530587,2.153919,1.249660,0.556186,3.443539,4.375576,2.409495,1.325869,0.559508,2.837178,4.105451,2.150606,1.227394,0.497309,2.907686,4.036159,2.462359,1.230675,0.524017,3.557510,4.281510,2.093837,1.339265,0.457120,3.253163,4.318466,2.448733,1.082605,0.576409,2.775946,3.690065,2.124822,1.283012,0.536372,2.992811,3.470570,2.038937,1.260725,0.540938,2.943801,4.227964,2.357992,1.269834,0.554765,3.062949,4.326054,2.209804,1.164063,0.543339,2.600423,3.992616,2.042808,1.163723,0.612642,2.828775,3.456857,2.105152,1.192662,0.513390,3.135199,3.889664,2.121082,1.345836,0.596472,3.015831,4.138163,2.020521,1.265232,0.565045,2.775353,3.867897,2.049958,1.244557,0.496934,2.962642,4.386499,2.309233,1.257205,0.605365,2.893865,4.103228,2.217687,0.958429,0.490229,neutral,neutral_baseline,good
1783252800.750000,96,0,1.8052,-3.8110,-11.9668,-11.6968,-10.4790,-10.1787,-6.6207,-1.4517,2.5184,9.9062,5.6407,12.4238,12.0306,4.6925,3.3473,-0.1423,0.6888,-6.0794,-7.8400,-4.4279,-2.7660,0.2115,1.8510,0.0271,-1.3398,-4.5947,0.3955,-2.9440,-2.1761,-4.2329,-3.1332,-3.0774,95,4,98,,,,0,96,0,0.999910,0.010000,0.013394,0.014142,0.017669,0.008737,1.006864,31.13633,-4.31390,-40.95052,4,4,4,4,4,4,4,4,4,4,4,4,4,4,4,4,4,4,4,4,4,4,4,4,4,4,4,4,4,4,4,4,96,0.995,95,4,4,4,4,4,4,4,4,4,4,4,4,4,4,4,4,4,4,4,4,4,4,4,4,4,4,4,4,4,4,4,4,1,45.687,0.456868,0.000,1.000,1,19.876,0.198764,0.000,1.000,1,15.567,0.155673,0.000,1.000,1,47.056,0.470560,0.000,1.000,1,35.430,0.354296,0.000,1.000,1,40.386,0.403864,0.000,1.000,3.086761,3.801943,2.033797,1.164818,0.551251,2.888737,4.100055,1.999354,1.141628,0.533150,2.744221,3.766404,2.096493,1.170551,0.499316,2.990636,4.164403,2.202014,1.193492,0.569812,3.069681,4.022589,2.064032,1.248387,0.547615,3.509232,4.193450,2.372889,1.243817,0.572300,3.088663,4.325056,2.237118,1.210741,0.582331,3.106941,3.949867,2.314267,1.296481,0.619162,3.221679,3.884461,2.250466,1.325089,0.589266,3.490694,4.630022,2.723926,1.322456,0.613967,2.864737,4.017433,2.020057,1.220236,0.535176,2.721754,4.238977,2.311123,1.165380,0.521283,2.819039,3.782781,1.905115,1.100766,0.506532,2.853022,4.093252,2.180628,1.475660,0.656409,2.737899,4.009598,1.981241,1.092348,0.527839,2.880109,3.912001,2.315920,1.091061,0.565218,3.195841,4.236176,2.274420,1.320170,0.604185,3.095881,3.347559,2.160243,1.166720,0.548183,2.918540,3.872544,2.074456,1.171896,0.573551,2.843529,4.215143,2.436628,1.250447,0.602249,3.142950,4.188347,2.589815,1.337459,0.582541,2.717256,3.843092,2.007371,1.117489,0.476459,3.233169,3.680804,2.039527,1.051718,0.500582,3.133682,3.817259,2.232345,1.222584,0.568353,3.043718,4.293486,2.062532,1.245019,0.503377,2.948401,4.008332,1.919366,1.203053,0.531748,2.608946,3.385323,1.914445,1.146027,0.504819,3.102904,3.949583,2.064786,1.193733,0.578168,3.152840,4.061150,2.332479,1.259687,0.641073,2.741140,3.638943,1.948179,1.278783,0.533447,3.715309,4.351000,2.291922,1.261264,0.582714,2.815082,3.143963,1.920733,1.085095,0.461952,neutral,neutral_baseline,good
1783252800.757812,97,0,-6.3518,-4.9301,-10.9045,-7.5009,-13.2357,-3.1212,1.9608,3.0749,4.3021,10.7820,10.2748,6.1611,4.5660,2.7573,-2.4798,-5.0094,-7.1467,-9.8327,-6.5809,-3.6470,-0.3632,0.8503,-1.4132,5.8928,8.0669,2.8712,1.2316,-0.5686,-4.4250,-3.1785,0.4710,0.8121,95,4,98,,,,0,97,0,0.999909,0.010094,0.013526,0.014257,0.014649,0.000083,1.013776,31.13747,-4.31419,-40.95001,4,4,4,4,4,4,4,4,4,4,4,4,4,4,4,4,4,4,4,4,4,4,4,4,4,4,4,4,4,4,4,4,96,0.995,95,4,4,4,4,4,4,4,4,4,4,4,4,4,4,4,4,4,4,4,4,4,4,4,4,4,4,4,4,4,4,4,4,1,40.727,0.407271,0.000,1.000,1,19.412,0.194124,0.000,1.000,1,21.391,0.213911,0.000,1.000,1,44.593,0.445929,0.000,1.000,1,43.463,0.434632,0.000,1.000,1,34.541,0.345410,0.000,1.000,3.110133,3.620014,2.023182,1.247772,0.551490,2.836990,3.874659,2.163413,0.956329,0.559509,2.843820,3.530814,2.036570,1.090736,0.486349,2.894036,4.291505,2.211572,1.198546,0.504879,3.109561,4.413672,2.144455,1.213025,0.559037,3.344084,3.887669,2.353278,1.204446,0.580752,3.311418,3.886897,2.219755,1.173164,0.475467,3.270375,3.617129,2.562366,1.114024,0.573713,3.160468,4.043250,2.227915,1.382386,0.573002,3.301971,4.823151,2.670945,1.398774,0.579912,2.417323,4.309024,2.290541,1.140274,0.567451,3.044528,4.012418,2.208867,1.318862,0.534870,2.659589,3.680857,2.087450,1.165143,0.542436,3.136732,3.904830,2.300172,1.196687,0.580735,2.940681,3.951504,2.251488,1.050871,0.515491,3.015210,3.506155,2.210487,1.122091,0.540018,3.300023,4.385791,2.411645,1.214515,0.592320,3.159470,3.701936,2.203117,1.112931,0.518620,3.289279,3.969472,2.202042,1.269361,0.578647,2.868417,4.537446,2.449206,1.215027,0.580818,2.940690,4.119809,2.309636,1.266278,0.567412,2.666036,3.747226,2.213882,1.127727,0.473318,3.068317,3.505428,2.075085,1.062427,0.515405,3.326275,3.270593,2.109176,1.082889,0.588452,3.353757,4.062289,2.374043,0.995046,0.559370,3.125140,4.187071,2.140327,1.178339,0.532580,2.806223,3.560891,2.072657,1.083426,0.486740,3.118249,4.025119,2.056914,1.386367,0.557116,3.007422,4.126118,2.233419,1.087718,0.491476,3.144385,3.775825,2.106185,1.115586,0.502079,2.776457,4.295692,2.062230,1.127927,0.583675,2.782066,3.595316,2.306962,1.141113,0.571937,neutral,neutral_baseline,good
1783252800.765625,98,0,-7.7746,-7.8559,-4.7452,-3.2842,-2.3244,-1.6222,1.8941,8.8970,5.4870,10.7350,8.9472,4.8359,-5.5694,-0.9880,-6.7205,-13.9653,-8.8224,-8.6582,-2.7771,-0.7683,1.2045,3.6036,0.9010,-1.0166,-1.8049,-4.0176,-2.9685,-0.1966,-0.4118,-0.0115,2.8320,6.8967,95,4,98,,,,0,98,0,0.999907,0.010188,0.013658,0.014372,0.021416,0.017214,1.014617,31.13860,-4.31448,-40.94951,4,4,4,4,4,4,4,4,4,4,4,4,4,4,4,4,4,4,4,4,4,4,4,4,4,4,4,4,4,4,4,4,96,0.995,95,4,4,4,4,4,4,4,4,4,4,4,4,4,4,4,4,4,4,4,4,4,4,4,4,4,4,4,4,4,4,4,4,1,42.873,0.428734,0.000,1.000,1,22.213,0.222130,0.000,1.000,1,19.895,0.198953,0.000,1.000,1,44.252,0.442525,0.000,1.000,1,37.131,0.371310,0.000,1.000,1,39.182,0.391820,0.000,1.000,2.863261,3.987504,2.208971,1.153266,0.475467,2.458964,3.930986,2.124641,1.156129,0.519696,2.685311,3.229298,1.803884,1.183145,0.559103,2.840553,3.563744,1.869594,1.089418,0.550596,3.239952,4.155483,2.282066,1.183963,0.575568,2.921607,4.224476,2.468642,1.121123,0.630373,3.043179,3.691626,2.163130,1.196987,0.524188,2.925242,4.609334,2.287758,1.260861,0.547950,2.982522,4.164805,2.602484,1.390846,0.643864,3.349293,4.281012,2.437315,1.225604,0.702860,3.140102,3.680170,2.068897,1.069514,0.530555,3.144485,4.589261,2.566295,1.281576,0.566103,2.727912,3.509110,2.183414,1.153634,0.588725,3.306965,4.079943,2.309096,1.105885,0.597090,2.983262,3.781365,1.861328,1.247135,0.489224,2.863054,3.847890,2.188316,1.128978,0.469367,3.644438,4.675257,2.316071,1.312009,0.518571,3.061168,4.205998,2.051716,1.048492,0.480963,2.779637,3.862095,2.169522,1.264409,0.524198,3.166424,4.250817,2.512919,1.199868,0.528518,2.957160,4.301588,2.206723,1.270292,0.599049,2.728049,3.757860,1.917434,1.117939,0.521703,2.662062,3.675395,2.168769,1.134208,0.502308,2.796258,3.516976,2.266146,1.162079,0.536984,2.980318,3.802340,2.421288,1.244372,0.532778,2.888042,4.040150,2.375885,1.208193,0.574191,2.571878,3.196329,2.173191,1.087191,0.528838,2.872945,4.380580,2.276784,1.193493,0.542576,3.073257,3.852067,2.319116,1.251746,0.550206,2.574642,3.543536,2.008054,1.126496,0.504468,3.187591,4.356326,2.122339,1.252764,0.507040,2.644610,3.717718,1.971946,1.129617,0.513444,neutral,neutral_baseline,good
1783252800.773438,99,0,-9.8887,-7.9570,-13.3905,-2.4548,-1.8340,2.8053,6.9057,5.8421,8.9077,6.2333,1.6173,-0.9094,-7.7481,-10.1631,-4.2735,-6.6073,-7.2838,2.7036,1.3518,-0.1625,5.5255,5.6284,6.6908,1.3527,1.6232,-0.0897,-2.2670,-6.4207,0.9062,2.8253,0.7788,3.5128,95,4,98,,,,0,99,0,0.999905,0.010282,0.013789,0.014485,0.027648,0.008436,1.016721,31.13972,-4.31477,-40.94901,4,4,4,4,4,4,4,4,4,4,4,4,4,4,4,4,4,4,4,4,4,4,4,4,4,4,4,4,4,4,4,4,96,0.995,95,4,4,4,4,4,4,4,4,4,4,4,4,4,4,4,4,4,4,4,4,4,4,4,4,4,4,4,4,4,4,4,4,1,41.326,0.413258,0.000,1.000,1,18.540,0.185397,0.000,1.000,1,21.724,0.217240,0.000,1.000,1,43.918,0.439181,0.000,1.000,1,34.460,0.344596,0.000,1.000,1,38.164,0.381637,0.000,1.000,2.953218,3.730995,1.996198,1.140768,0.556956,2.917249,3.822105,2.120372,1.108241,0.500427,2.810599,3.922722,2.234023,1.155818,0.513450,3.160972,3.912612,1.861128,1.140442,0.570639,3.190265,4.292813,2.255235,1.299686,0.544532,2.755215,3.940380,2.189002,1.232825,0.561577,2.996752,4.581862,2.090543,1.201626,0.546701,3.047083,4.053188,2.085918,1.271483,0.551648,3.191811,4.337016,2.093925,1.263996,0.595284,3.018807,3.939364,2.263750,1.361453,0.584975,3.119044,3.802179,2.201601,1.210910,0.567853,3.418946,4.093165,2.454374,1.256628,0.538562,3.023572,3.649043,2.056171,1.194438,0.515248,3.183045,4.187883,2.281098,1.306632,0.541108,2.932114,3.937928,2.134021,1.214304,0.543685,2.711782,3.853909,2.150291,1.223734,0.594700,3.291521,4.412497,2.393438,1.147466,0.618375,2.654780,3.518501,2.118355,1.181727,0.523971,3.192600,4.402815,2.373945,1.338243,0.536520,3.272972,4.347464,2.196634,1.245685,0.576420,3.200039,4.319102,2.154656,1.309418,0.597504,3.086691,3.717807,2.058900,1.137490,0.536474,3.083094,3.750243,2.048396,1.137214,0.550156,2.984907,3.921973,2.108229,1.213426,0.540331,2.655710,3.865421,1.941489,1.246992,0.555038,2.621023,4.075144,2.171223,1.282377,0.538939,2.832867,3.237860,1.917030,0.962868,0.502795,3.147466,4.224295,2.454651,1.278025,0.623568,3.001369,4.251182,2.457966,1.326480,0.582342,2.931498,3.168039,2.184672,1.132526,0.514694,3.145316,4.453019,2.263789,1.116548,0.563534,2.812315,3.903960,1.909798,0.956233,0.447974,neutral,neutral_baseline,good
1783252800.781250,100,0,-9.8872,-3.3944,-3.5202,2.5399,5.1987,7.7368,8.9620,5.4237,2.6756,0.6304,-1.1668,-5.5118,-8.0254,-4.8834,1.3977,-0.6837,-2.1931,2.0353,6.9916,7.8840,3.3676,5.1828,0.9228,0.5971,-0.5937,-6.0249,-5.6769,4.3929,-1.7508,1.0337,3.6980,1.0380,95,4,98,,,,0,100,0,0.999903,0.010375,0.013921,0.014597,not_a_number,0.009079,1.007453,31.14083,-4.31507,-40.94850,4,4,4,4,4,4,4,4,4,4,4,4,4,4,4,4,4,4,4,4,4,4,4,4,4,4,4,4,4,4,4,4,96,0.995,95,4,4,4,4,4,4,4,4,4,4,4,4,4,4,4,4,4,4,4,4,4,4,4,4,4,4,4,4,4,4,4,4,1,43.302,0.433024,0.000,1.000,1,19.355,0.193549,0.000,1.000,1,21.591,0.215914,0.000,1.000,1,46.323,0.463233,0.000,1.000,1,33.454,0.334539,0.000,1.000,1,39.522,0.395218,0.000,1.000,2.535018,3.892777,2.108444,1.256054,0.529026,3.215727,4.175715,2.198144,1.070505,0.553151,3.005808,3.995019,1.904862,1.232738,0.484550,3.005046,4.063778,2.191400,1.294399,0.573325,3.060299,4.223663,2.150289,1.230416,0.577123,3.215014,4.142599,2.250401,1.257677,0.595886,2.664148,4.118966,2.108480,1.248138,0.553195,3.256390,4.086686,2.248717,1.319527,0.563556,2.813876,4.329408,2.502131,1.188875,0.588671,2.959028,4.168716,2.398241,1.344104,0.597244,2.885297,4.247207,2.420202,1.166812,0.562463,3.138413,4.225384,2.191765,1.247262,0.578212,2.658333,3.758187,2.055490,1.208696,0.478102,3.156218,4.096560,2.348324,1.244058,0.589264,2.586094,3.432604,2.275061,1.074637,0.497675,2.954922,3.795492,2.113326,1.229703,0.538239,3.447969,4.225838,2.501948,1.385448,0.658944,2.699722,4.036082,2.227858,1.075830,0.464412,2.873581,3.656182,2.550259,1.244606,0.566167,3.099186,4.273179,2.337401,1.349713,0.583072,3.349497,4.678195,2.222633,1.253553,0.609212,2.672438,3.464016,2.112320,1.083118,0.560754,3.093349,3.678552,1.850286,1.080162,0.541304,3.005915,3.946846,2.131242,1.182375,0.548204,2.779644,3.945159,2.468459,1.194624,0.571618,3.014052,3.959111,2.127938,1.078359,0.538092,2.885393,3.647457,2.224331,1.164278,0.538832,3.138170,4.152650,2.311088,1.139126,0.486395,3.246272,3.998063,2.289592,1.042842,0.587284,2.621565,4.019530,2.111612,1.096864,0.548901,3.231727,4.087025,2.174020,1.260352,0.540058,3.026605,3.517562,1.857147,1.045681,0.531290,neutral,neutral_baseline,good
1783252800.789062,101,0,-8.6905,-8.4208,-2.9144,-1.8881,5.5388,6.2884,3.9542,4.4235,3.3415,0.5142,-0.4241,-6.8211,-5.4759,-5.5378,1.5745,3.6614,4.7441,4.7608,2.2989,6.9288,2.4635,1.9913,-3.8302,-8.7189,-5.3586,-5.1739,-6.3913,0.5039,-1.2162,5.7279,4.1948,0.1388,95,4,98,,,,0,101,0,0.999901,0.010468,0.014052,0.014709,0.025063,0.016366,1.022929,31.14194,-4.31536,-40.94800,4,4,4,4,4,4,4,4,4,4,4,4,4,4,4,4,4,4,4,4,4,4,4,4,4,4,4,4,4,4,4,4,96,0.995,95,4,4,4,4,4,4,4,4,4,4,4,4,4,4,4,4,4,4,4,4,4,4,4,4,4,4,4,4,4,4,4,4,1,46.385,0.463854,0.000,1.000,1,19.763,0.197630,0.000,1.000,1,20.391,0.203906,0.000,1.000,1,47.201,0.472014,0.000,1.000,1,40.118,0.401184,0.000,1.000,1,38.659,0.386587,0.000,1.000,2.828631,3.976904,2.152755,1.009892,0.525031,2.799347,3.706121,2.064968,1.171526,0.542981,2.596240,3.979097,1.913211,1.091175,0.526087,2.597719,3.665010,2.323885,1.278175,0.547473,2.922554,3.994435,2.243005,1.063718,0.547387,3.036344,4.549270,2.192981,1.241923,0.595733,2.978509,4.353327,2.029592,1.142135,0.517835,2.986103,3.832735,2.475869,1.224304,0.585118,3.097253,4.410575,2.423296,1.225525,0.638284,2.815100,4.207046,2.445771,1.429912,0.621108,2.978809,3.962636,2.205955,1.228186,0.548884,3.078313,4.256314,2.446884,1.295091,0.624874,2.967336,3.972691,2.053065,1.155110,0.500402,3.054667,4.286267,2.316054,1.433767,0.561118,2.992622,4.033748,2.228425,1.163950,0.468117,3.100268,3.823760,1.867332,1.325205,0.555482,3.370142,4.128943,2.408466,1.388021,0.598297,2.861938,3.679698,2.065538,1.173829,0.548661,3.321302,4.288852,2.082369,1.092707,0.545728,3.043726,4.323054,2.247222,1.252914,0.581831,3.399788,4.074888,2.302899,1.295840,0.561566,2.805555,3.724377,2.084185,1.024849,0.560940,2.779688,4.321937,2.130367,1.188601,0.460290,3.071810,3.729748,2.177982,1.058552,0.585502,3.348972,4.093681,2.225864,1.252855,0.537864,3.279496,4.233153,2.254916,1.188683,0.561717,2.698676,3.871523,1.900044,1.102713,0.565725,3.029602,3.709880,2.231365,1.236641,0.582339,3.256672,4.599624,2.250463,1.290500,0.547389,3.090123,3.991012,2.135004,1.139407,0.544708,3.164800,3.700285,2.138538,1.239854,0.566936,2.975102,3.812808,2.022823,1.184193,0.468849,neutral,neutral_baseline,good
1783252800.796875,102,0,-7.5192,-1.2354,1.9880,3.1592,5.3696,6.0012,4.4894,1.4703,-3.6819,-2.2473,-3.5581,0.2663,-2.1403,-0.4837,0.2040,6.2157,2.1311,9.2422,-2.4333,1.9510,-0.3400,-1.8577,-6.2895,-4.3402,-6.1028,-3.9407,0.1005,-1.0599,5.0962,8.8769,5.5200,6.7861,95,4,98,,,,0,102,0,0.999899,0.010561,0.014183,0.014819,0.014309,0.021450,1.008519,31.14304,-4.31567,-40.94750,4,4,4,4,4,4,4,4,4,4,4,4,4,4,4,4,4,4,4,4,4,4,4,4,4,4,4,4,4,4,4,4,96,0.995,95,4,4,4,4,4,4,4,4,4,4,4,4,4,4,4,4,4,4,4,4,4,4,4,4,4,4,4,4,4,4,4,4,1,40.373,0.403735,0.000,1.000,1,18.694,0.186942,0.000,1.000,1,24.094,0.240943,0.000,1.000,1,49.366,0.493656,0.000,1.000,1,40.614,0.406137,0.000,1.000,1,38.994,0.389940,0.000,1.000,3.058786,3.650872,2.179702,1.075507,0.517259,2.674690,3.458957,2.175573,1.111688,0.495927,2.855526,3.586184,1.915346,1.112526,0.544353,3.167134,3.419754,2.375291,1.242527,0.560080,2.983181,3.843078,2.341727,1.199493,0.551012,3.289200,4.232256,2.346099,1.219164,0.571007,3.012925,3.829556,2.213241,1.180058,0.510762,3.255137,3.997585,2.290028,1.316833,0.517739,3.428999,4.831862,2.423557,1.295658,0.616617,3.215902,4.587782,2.276324,1.291986,0.552832,3.155095,3.971998,2.174545,1.107015,0.578598,3.229307,4.125558,2.395258,1.242861,0.593163,3.031448,4.142531,1.887742,1.073322,0.483525,2.912438,3.924429,2.123932,1.295364,0.556757,2.921724,3.849383,1.915988,1.156001,0.517216,2.755003,3.854787,2.011926,1.177879,0.544972,2.961099,4.135895,2.105204,1.206032,0.592625,2.640685,4.048796,1.943591,1.351000,0.523191,3.070015,3.948978,2.126468,1.302723,0.604344,3.133833,4.125941,2.208023,1.184654,0.584221,2.835553,3.962814,2.275344,1.259431,0.570252,2.686706,3.782790,2.073815,1.117225,0.510983,2.645432,4.303104,2.041989,1.193116,0.528250,3.085061,3.703056,2.215230,1.113949,0.512839,2.819494,3.725907,2.132186,1.218844,0.563744,3.196592,4.358750,2.449653,1.187610,0.559975,2.649445,3.997917,2.138124,1.180217,0.490011,3.104233,3.860267,2.215500,1.288283,0.554373,3.144990,4.067659,2.094876,1.197752,0.521899,2.890663,3.742789,2.108850,0.959140,0.486571,3.630717,4.093022,2.256760,1.213818,0.625880,2.627468,3.532884,2.141141,1.114856,0.523995,neutral,neutral_baseline,good
1783252800.804688,103,0,1.3251,3.3427,2.9809,9.2032,7.5498,5.1415,3.1109,3.1785,-1.0624,0.8576,-5.2701,-3.2071,3.4145,2.4276,-0.9794,4.2535,-0.5178,2.3364,-1.1898,-3.0532,-6.3543,-11.4604,-5.8439,-1.9128,-2.8335,2.1827,3.0044,6.4269,8.8066,9.6741,3.5921,5.4552,95,4,98,,,,0,103,0,0.999898,0.010654,0.014314,0.014928,0.009260,0.009979,1.013669,31.14412,-4.31597,-40.94700,4,4,4,4,4,4,4,4,4,4,4,4,4,4,4,4,4,4,4,4,4,4,4,4,4,4,4,4,4,4,4,4,96,0.995,95,4,4,4,4,4,4,4,4,4,4,4,4,4,4,4,4,4,4,4,4,4,4,4,4,4,4,4,4,4,4,4,4,1,42.336,0.423364,0.000,1.000,1,17.906,0.179062,0.000,1.000,1,22.243,0.222431,0.000,1.000,1,40.876,0.408757,0.000,1.000,1,38.518,0.385184,0.000,1.000,1,34.944,0.349443,0.000,1.000,2.829118,3.746073,2.405698,1.150444,0.529003,2.788388,4.122482,2.163651,1.203088,0.563654,3.088815,3.800042,2.065902,1.180129,0.470463,2.943340,4.485348,1.997151,1.237449,0.557149,3.101600,4.168099,2.386600,1.184165,0.523519,2.838263,4.367431,2.044389,1.156144,0.641095,3.018118,4.009168,2.323005,1.284236,0.530147,3.076122,3.879287,2.237345,1.203900,0.584845,3.433913,4.439016,2.193081,1.336016,0.626749,3.408477,4.720763,2.200854,1.336772,0.629087,2.971789,4.022080,2.266534,1.206572,0.595275,3.182907,3.861552,2.367214,1.343667,0.473390,2.642002,3.987205,2.179147,1.109697,0.537101,3.493579,3.941957,2.453015,1.220537,0.554710,2.555518,3.771225,2.092728,1.149658,0.548940,3.121374,3.729684,2.281859,1.115600,0.503643,3.134824,4.107590,2.351391,1.303403,0.662243,3.078839,4.069325,2.065985,1.147707,0.545899,3.236718,3.879686,2.023774,1.290293,0.549644,3.017401,3.901519,2.478004,1.431500,0.578805,3.105331,4.442506,2.472185,1.357571,0.574668,2.723674,3.481903,2.179685,1.037743,0.523960,3.059183,3.965030,1.994067,1.173359,0.571099,2.899283,4.474952,2.148707,1.225301,0.526126,3.150488,3.795733,2.271648,1.252065,0.541897,2.841781,3.756244,2.228939,1.195876,0.608844,2.242774,4.130211,2.116123,1.095804,0.537683,3.081558,3.640658,2.279709,1.288211,0.550458,3.017807,4.069334,2.120877,1.193629,0.493937,2.856623,4.133137,1.893504,1.142676,0.524604,3.087255,4.467687,2.209435,1.268273,0.527782,2.882537,3.908814,2.032783,1.169382,0.520722,neutral,neutral_baseline,good
1783252800.812500,104,0,6.5997,5.2986,10.6752,13.0718,1.6352,9.3394,6.4004,-4.7018,-4.0521,-5.1526,-0.5285,-3.7984,2.7254,0.3728,3.1257,6.1884,0.4839,-5.9591,-5.6365,-3.3486,-6.8230,-8.5471,-2.1326,3.6453,-0.0261,6.1075,7.8620,12.0301,14.2475,8.1298,4.7611,-6.0565,95,4,98,,,,0,104,0,0.999896,0.010746,0.014444,0.015037,0.020751,0.003214,1.017261,31.14520,-4.31628,-40.94649,4,4,4,4,4,4,4,4,4,4,4,4,4,4,4,4,4,4,4,4,4,4,4,4,4,4,4,4,4,4,4,4,96,0.995,95,4,4,4,4,4,4,4,4,4,4,4,4,4,4,4,4,4,4,4,4,4,4,4,4,4,4,4,4,4,4,4,4,1,46.380,0.463797,0.000,1.000,1,21.041,0.210408,0.000,1.000,1,25.415,0.254145,0.000,1.000,1,53.083,0.530829,0.000,1.000,1,45.359,0.453589,0.000,1.000,1,38.967,0.389669,0.000,1.000,2.897964,3.983213,2.044278,1.331832,0.553817,2.747092,3.329185,2.213219,1.225656,0.526633,2.698210,3.775643,1.831400,1.035442,0.455552,3.195194,3.711305,2.111271,1.178232,0.565460,3.122258,4.159162,2.083634,1.275263,0.595963,3.000850,4.092544,2.127978,1.188135,0.527967,2.767191,3.945055,2.281189,1.254251,0.479892,3.433340,4.629009,2.141212,1.439947,0.572346,3.167684,4.389635,2.478658,1.299381,0.636137,3.034191,4.344119,2.176156,1.207251,0.573749,2.897689,4.194324,2.121813,1.278263,0.527409,3.478005,4.141478,2.652188,1.161569,0.678786,2.974989,3.628540,2.216030,1.167855,0.516455,3.082736,4.053551,2.456594,1.231223,0.565893,2.916918,3.536267,2.080441,1.188869,0.524366,2.901665,3.314995,1.966368,1.054793,0.527750,3.219838,4.325575,2.711954,1.255936,0.594707,2.930619,3.962856,2.176843,1.166674,0.510953,2.904565,4.019757,2.240614,1.130234,0.558071,3.107575,4.128277,2.441262,1.257359,0.580428,3.233178,3.874007,2.219140,1.303165,0.574051,2.652362,3.958642,2.114604,1.030452,0.525816,2.923208,3.674610,2.115986,1.205702,0.533524,3.055414,4.176045,2.301911,1.196614,0.509588,3.067007,4.183641,2.196302,1.127234,0.564003,3.221726,3.987314,2.294563,1.253281,0.632561,2.736461,3.945976,1.906475,1.049886,0.512503,3.081684,3.723969,2.271322,1.115423,0.607651,3.063426,4.545773,1.980510,1.338414,0.597130,2.920872,3.729305,1.957927,1.113831,0.513879,3.277730,4.195200,2.263882,1.275617,0.527557,2.754600,3.689508,1.910301,1.193685,0.498725,neutral,neutral_baseline,good
1783252800.820312,105,0,2.7624,6.4573,12.3846,5.9623,7.3277,-2.5667,-5.2088,-4.5558,-1.5347,-3.9639,-3.4686,-3.9439,0.8570,2.2275,2.1459,1.2726,4.1824,-0.3243,-3.9775,-3.9962,-5.3570,-2.9626,0.3465,3.4012,2.8976,9.2961,6.2962,10.3817,9.8854,3.7013,-2.0499,-9.4506,95,4,98,,,,0,105,0,0.999894,0.010838,0.014575,0.015144,0.028484,0.007755,1.005219,31.14627,-4.31659,-40.94599,4,4,4,4,4,4,4,4,4,4,4,4,4,4,4,4,4,4,4,4,4,4,4,4,4,4,4,4,4,4,4,4,96,0.995,95,4,4,4,4,4,4,4,4,4,4,4,4,4,4,4,4,4,4,4,4,4,4,4,4,4,4,4,4,4,4,4,4,1,46.387,0.463869,0.000,1.000,1,20.224,0.202236,0.000,1.000,1,24.179,0.241788,0.000,1.000,1,44.890,0.448896,0.000,1.000,1,36.567,0.365671,0.000,1.000,1,43.078,0.430784,0.000,1.000,2.691611,3.578312,2.244522,1.159946,0.509570,2.850307,3.696519,2.264357,1.053779,0.598693,2.572468,3.908743,2.003146,1.060421,0.512410,3.119664,3.967696,2.126065,1.241092,0.556053,3.194026,4.035369,2.322777,1.146411,0.546370,3.091833,4.156908,2.125557,1.352117,0.581701,2.875111,3.882711,2.406584,1.197096,0.606230,3.234117,4.504893,2.463297,1.385603,0.616096,3.340468,3.968501,2.643563,1.268091,0.611317,3.300004,4.407584,2.312061,1.267838,0.604149,2.919552,4.156289,2.173429,1.216220,0.566032,3.315641,4.252721,2.376245,1.197135,0.558332,2.812391,4.063076,1.950052,0.959511,0.541869,3.292268,3.984876,2.225523,1.350819,0.581293,2.836655,4.192441,2.050096,1.256517,0.537562,2.850417,3.346975,2.048589,1.167987,0.455467,3.301128,4.253186,2.375312,1.231109,0.591988,2.545745,3.487742,2.011968,1.082458,0.510092,3.127830,3.630726,2.301024,1.215699,0.536330,3.230968,4.107378,2.137889,1.324605,0.562601,3.254366,4.182867,2.141674,1.343474,0.572175,2.851084,3.409761,2.043351,1.063266,0.514236,2.741784,3.984052,1.996123,1.260492,0.519899,3.025679,3.788275,2.280564,1.218804,0.549272,2.948369,3.494373,2.353929,1.250571,0.548334,3.063617,3.935655,2.210828,1.277869,0.523111,2.353214,3.328062,2.216555,1.146565,0.496608,2.962818,4.273962,2.367360,1.157123,0.600753,3.127625,3.865945,2.171335,1.302642,0.548991,2.752280,4.012945,2.186555,1.155361,0.546106,3.375320,4.246575,2.203483,1.254662,0.598203,2.728499,3.781896,1.894050,1.087648,0.531687,neutral,neutral_baseline,good
1783252800.828125,106,0,10.2028,0.2598,3.5509,0.9852,-3.2046,-0.3934,-3.8375,-6.6242,-5.6864,-1.0925,-2.2087,1.1203,5.8509,3.3548,1.6275,-2.5897,-2.5804,-1.0564,-2.6198,1.4330,0.2566,-3.1186,1.3438,7.7352,10.3999,6.1252,6.8492,3.2743,-2.3083,-3.6496,-8.7250,-8.0553,95,4,98,,,,0,106,0,0.999892,0.010929,0.014705,0.015251,0.040255,0.007763,1.005792,31.14733,-4.31690,-40.94549,4,4,4,4,4,4,4,4,4,4,4,4,4,4,4,4,4,4,4,4,4,4,4,4,4,4,4,4,4,4,4,4,96,0.995,95,4,4,4,4,4,4,4,4,4,4,4,4,4,4,4,4,4,4,4,4,4,4,4,4,4,4,4,4,4,4,4,4,1,45.975,0.459750,0.000,1.000,1,20.649,0.206486,0.000,1.000,1,19.677,0.196771,0.000,1.000,1,44.080,0.440798,0.000,1.000,1,42.758,0.427576,0.000,1.000,1,38.059,0.380589,0.000,1.000,3.206715,3.971791,2.218731,1.161589,0.524689,2.978303,4.225359,2.247865,1.182124,0.557588,2.787370,3.686655,2.034870,1.010867,0.522553,2.939843,3.910729,2.135338,1.197197,0.521536,3.120385,3.975468,2.248578,1.255577,0.576375,3.217114,4.208439,2.200334,1.308392,0.561912,3.327985,4.443601,2.188445,1.195021,0.569066,3.272782,3.855864,2.474847,1.258289,0.632267,3.325423,4.724925,2.593160,1.385912,0.615121,2.987196,4.265585,2.080083,1.415594,0.657444,2.856721,3.851257,2.245414,1.124563,0.608420,3.033743,4.146610,2.227715,1.353395,0.573229,3.119263,3.539585,2.139803,1.250281,0.527178,3.278292,4.265874,2.329399,1.390511,0.540709,2.903269,3.801325,1.952463,1.150922,0.530847,2.725642,3.588683,2.188605,1.225815,0.503724,3.298053,4.494889,2.619035,1.256609,0.548643,2.564924,3.871659,2.209308,1.211590,0.541760,2.926430,4.531305,2.297912,1.273624,0.543782,3.179731,3.739674,2.581301,1.196388,0.531168,3.216051,4.066761,2.261330,1.303916,0.611549,2.799689,4.203216,2.134382,1.196444,0.537143,2.691190,3.998045,2.136563,1.187904,0.565108,2.986767,4.728359,2.360988,1.236250,0.556576,3.309657,3.790300,2.182588,1.210705,0.575300,2.908794,3.776555,1.953580,1.192669,0.607677,2.781766,3.594758,2.123025,1.217372,0.536916,3.007274,3.938458,2.003246,1.320978,0.524215,3.177059,4.013873,2.100919,1.298988,0.652096,2.834499,3.779213,2.179295,1.025760,0.539165,3.080719,4.364393,2.462003,1.142419,0.586687,2.826715,3.199617,1.887897,1.107426,0.520219,neutral,neutral_baseline,good
1783252800.835938,107,0,10.8315,-0.4890,2.2298,-2.9138,-5.6250,-10.8111,-2.6299,-4.7087,-2.9056,0.4134,2.5062,3.4473,4.2527,3.1987,2.3348,-1.4935,-3.3732,-5.7444,-3.7370,-3.2165,-1.0256,4.1233,1.9568,7.4832,5.3291,11.1740,5.1405,-0.9354,-0.9172,-6.3895,-12.7664,-11.0557,95,4,98,,,,0,107,0,0.999890,0.011020,0.014834,0.015356,0.009585,-0.001538,1.017700,31.14839,-4.31722,-40.94499,4,4,4,4,4,4,4,4,4,4,4,4,4,4,4,4,4,4,4,4,4,4,4,4,4,4,4,4,4,4,4,4,96,0.995,95,4,4,4,4,4,4,4,4,4,4,4,4,4,4,4,4,4,4,4,4,4,4,4,4,4,4,4,4,4,4,4,4,1,39.566,0.395664,0.000,1.000,1,23.632,0.236322,0.000,1.000,1,22.950,0.229499,0.000,1.000,1,44.284,0.442839,0.000,1.000,1,44.084,0.440835,0.000,1.000,1,43.563,0.435629,0.000,1.000,2.883486,4.071895,2.173641,1.055430,0.489498,3.140077,3.923025,1.990769,1.203000,0.520787,2.706174,3.724899,1.938429,1.080739,0.469859,2.844564,4.060798,2.347233,1.215235,0.590975,3.078557,3.694158,2.229884,1.078031,0.541294,2.747421,4.041055,2.235541,1.142140,0.535841,2.825275,4.201914,2.147380,1.173996,0.531900,3.514768,3.845981,2.176677,1.302747,0.642529,3.254760,4.023667,2.378754,1.329112,0.598912,3.494487,4.412125,2.334071,1.395239,0.627354,2.630229,3.699934,2.005939,1.174075,0.509648,2.798761,4.100225,2.410232,1.309552,0.567260,3.127831,3.853299,2.156111,1.213611,0.519743,2.601461,4.315946,2.266709,1.301014,0.623630,2.501550,3.738221,2.209836,1.129425,0.561415,2.512567,3.938599,2.207134,1.066158,0.533865,2.862527,4.344479,2.401607,1.201568,0.609494,2.813953,3.504248,2.154950,1.131039,0.516090,2.774442,3.513344,2.199093,1.287660,0.607347,3.239271,4.367612,2.302613,1.243446,0.532752,3.039245,4.356747,2.307164,1.161072,0.509337,2.691001,3.683082,2.056150,1.072589,0.474223,2.784589,3.540727,1.904477,1.100581,0.544418,3.242736,3.987553,2.203867,1.079472,0.497442,3.091694,4.184052,2.376676,1.289456,0.611213,3.180946,3.850490,2.297768,1.240020,0.569349,2.609830,4.116801,2.008923,1.006624,0.486889,3.125683,3.501713,2.233615,1.278485,0.548395,3.109858,3.909838,2.216577,1.244623,0.595440,2.797666,3.744933,2.077393,1.208242,0.530166,2.920965,4.492725,2.123087,1.283121,0.601416,2.946231,3.537425,2.122274,1.068680,0.527522,neutral,neutral_baseline,good
1783252800.843750,108,0,4.8585,3.7992,-1.7026,-6.2347,-5.0513,-8.1972,-5.1995,-0.2366,5.1369,8.2282,6.6383,8.6669,12.0086,-2.4177,3.8513,-2.4269,-2.0955,-8.8136,-1.1213,-4.6896,-4.9406,5.6530,5.1207,6.8123,2.1617,-0.1845,-1.1562,1.1421,-10.3200,-10.0599,-8.0866,-4.5227,95,4,98,,,,0,108,0,0.999888,0.011111,0.014964,0.015460,0.017715,0.007976,1.009270,31.14943,-4.31754,-40.94449,4,4,4,4,4,4,4,4,4,4,4,4,4,4,4,4,4,4,4,4,4,4,4,4,4,4,4,4,4,4,4,4,96,0.995,95,4,4,4,4,4,4,4,4,4,4,4,4,4,4,4,4,4,4,4,4,4,4,4,4,4,4,4,4,4,4,4,4,1,41.524,0.415240,0.000,1.000,1,22.879,0.228795,0.000,1.000,1,22.167,0.221671,0.000,1.000,1,49.403,0.494030,0.000,1.000,1,38.544,0.385444,0.000,1.000,1,40.382,0.403815,0.000,1.000,3.129039,4.233275,2.128183,1.068487,0.482930,2.682885,3.879845,2.243369,1.045577,0.495397,2.672457,3.788265,1.931531,1.134137,0.525729,3.032705,4.214036,2.188587,1.206849,0.543839,3.094447,4.175379,2.448630,1.137674,0.594065,3.022708,4.401022,2.442421,1.226077,0.517966,3.048400,4.092294,2.333852,1.284001,0.561937,3.316857,3.842229,2.516710,1.297094,0.560964,3.271455,4.145373,2.287963,1.206946,0.538537,3.375071,4.370392,2.640037,1.387264,0.545010,2.808689,3.888524,2.284080,1.202604,0.542636,3.207560,4.401285,2.369261,1.268061,0.575337,2.607653,3.537475,2.126325,1.053275,0.535251,3.254573,4.185638,2.260585,1.350987,0.555735,2.941123,4.075036,2.028320,1.155032,0.530206,2.588560,3.764612,2.157065,1.093447,0.484198,2.932040,4.163256,2.131632,1.278830,0.639479,2.995168,4.093059,2.161595,1.324073,0.478140,3.173768,3.863968,2.363240,1.192492,0.503270,3.248128,4.424989,1.993434,1.280540,0.594079,3.504416,3.831724,2.383700,1.223724,0.591852,2.561968,3.514878,1.913615,1.028434,0.447698,3.232630,3.360239,2.062021,1.158816,0.492434,2.838275,3.983384,2.269223,1.251260,0.528470,3.112865,3.856624,2.360988,1.182282,0.543855,2.953223,4.128012,2.377290,1.305588,0.565450,2.951567,3.440099,2.073163,0.942803,0.466389,3.143564,3.943925,2.158266,1.132094,0.618101,3.185966,4.167430,2.136123,1.311737,0.507972,2.773553,3.458490,1.896990,1.162987,0.464526,2.981157,4.444416,2.248462,1.227773,0.554044,2.804398,3.457214,1.992218,1.145114,0.416115,neutral,neutral_baseline,good
1783252800.851562,109,0,-1.2908,0.1288,-5.7388,-4.4981,-3.7280,-3.0476,1.5640,1.2583,5.3281,9.0928,7.0997,7.2541,2.6330,-6.6758,1.0448,-5.8862,-10.0600,-3.1563,0.9398,0.4237,4.9094,2.8002,6.2150,0.9270,2.9404,4.1737,-4.1020,-7.5227,-7.5739,-11.9093,-9.3146,-1.5235,95,4,98,,,,0,109,0,0.999886,0.011202,0.015093,0.015563,0.035831,0.008055,1.006983,31.15046,-4.31786,-40.94399,4,4,4,4,4,4,4,4,4,4,4,4,4,4,4,4,4,4,4,4,4,4,4,4,4,4,4,4,4,4,4,4,96,0.995,95,4,4,4,4,4,4,4,4,4,4,4,4,4,4,4,4,4,4,4,4,4,4,4,4,4,4,4,4,4,4,4,4,1,42.009,0.420085,0.000,1.000,1,17.868,0.178677,0.000,1.000,1,25.894,0.258941,0.000,1.000,1,49.231,0.492313,0.000,1.000,1,40.143,0.401426,0.000,1.000,1,39.109,0.391094,0.000,1.000,2.602697,3.674982,1.988631,1.142549,0.498167,2.637916,3.718065,2.108145,1.188298,0.485387,2.393191,3.716005,1.867674,1.176582,0.514165,2.976008,4.175538,2.288090,1.250047,0.575263,3.187764,4.310064,2.095245,1.283711,0.561861,3.235921,4.019408,2.071930,1.299219,0.525676,2.890182,3.895269,2.437837,1.252010,0.596105,3.226661,3.882742,2.369337,1.352540,0.534101,3.654236,3.646866,2.411965,1.356854,0.530941,3.354960,3.921230,2.458280,1.310494,0.525970,2.785303,3.569687,2.285027,1.232291,0.513996,2.936450,4.226277,2.159764,1.317669,0.558700,2.730375,3.594211,1.957993,1.074521,0.521752,2.937587,4.171526,2.212240,1.336336,0.589696,2.762742,3.832299,2.220515,1.141892,0.515079,3.044033,4.300691,2.187059,1.175583,0.535188,3.279802,4.689294,2.355321,1.317781,0.505639,3.166162,4.056195,2.213363,1.018313,0.569871,2.976808,4.042695,2.420700,1.243234,0.585124,3.004246,4.117546,2.323130,1.299491,0.560055,3.483587,4.120997,2.217411,1.207880,0.550003,2.756303,3.974638,2.005102,1.066813,0.572234,3.200133,3.813683,1.891530,1.215546,0.583909,2.892301,4.135115,2.227410,1.236247,0.569098,3.027705,4.257266,2.050909,1.071746,0.499014,3.394934,3.808659,2.391158,1.304739,0.620805,2.647661,3.403289,2.043689,1.185325,0.558145,2.972116,4.080428,2.270548,1.189945,0.552922,2.718516,3.943866,2.178223,1.153330,0.594900,2.824388,3.814693,2.121781,1.198662,0.478153,3.243656,4.213652,2.253033,1.143532,0.513611,2.612831,3.925195,2.044664,1.118712,0.530372,neutral,neutral_baseline,good
1783252800.859375,110,0,-2.9219,-0.2860,-2.6258,-0.3523,2.6753,4.7502,1.2159,4.1829,2.6764,0.5071,-1.1707,0.2471,-0.2973,-7.7095,-10.2084,-6.7454,-9.6979,1.4261,0.5546,2.7008,4.7853,5.3150,3.8031,4.1294,7.0500,-3.4178,-1.3656,-4.6760,-8.5091,-4.8093,-7.7339,0.4928,95,4,98,,,,0,110,0,0.999884,0.011292,0.015222,0.015666,0.028713,0.009247,1.016559,31.15149,-4.31818,-40.94349,4,4,4,4,4,4,4,4,4,4,4,4,4,4,4,4,4,4,4,4,4,4,4,4,4,4,4,4,4,4,4,4,96,0.995,95,4,4,4,4,4,4,4,4,4,4,4,4,4,4,4,4,4,4,4,4,4,4,4,4,4,4,4,4,4,4,4,4,1,42.005,0.420048,0.000,1.000,1,16.819,0.168190,0.000,1.000,1,21.768,0.217678,0.000,1.000,1,54.783,0.547835,0.000,1.000,1,42.892,0.428917,0.000,1.000,1,36.199,0.361993,0.000,1.000,2.732635,4.009061,2.205414,1.032506,0.435829,3.174372,3.771798,2.185341,1.160090,0.572138,2.704481,4.040956,1.985517,1.019157,0.486181,2.737077,4.272866,2.394308,1.294708,0.516125,3.150385,4.354143,2.391056,1.295026,0.556769,3.096523,4.111813,2.488704,1.232715,0.589528,2.973932,4.272012,1.955216,1.314024,0.607721,3.366310,4.498631,2.431964,1.258955,0.572256,3.195122,4.441394,2.307119,1.214589,0.605284,3.276365,4.585228,2.228387,1.395016,0.653047,3.183699,3.819555,2.111901,1.156018,0.527342,3.021619,4.309272,2.388714,1.265965,0.578762,3.197603,3.991346,2.137429,1.092086,0.542243,3.244178,4.128850,2.415233,1.137066,0.607081,2.990965,3.722722,2.118135,1.170772,0.568692,2.891115,3.601125,2.198124,1.105523,0.502474,3.125332,4.186991,2.333926,1.344179,0.643260,2.607517,4.143734,2.136511,1.089987,0.545171,3.084478,4.337458,2.050830,1.244988,0.531704,3.452490,4.123981,2.281586,1.281949,0.572609,3.018880,4.804967,2.166165,1.290044,0.499260,2.758349,3.967199,1.952138,1.111363,0.525659,2.816076,4.102664,2.114514,1.155771,0.551534,2.981925,4.205756,2.033837,1.275369,0.590472,3.121736,3.861457,2.427141,1.212689,0.558871,3.027389,4.489690,2.079579,1.242577,0.534204,2.688655,4.103679,2.124836,1.117521,0.507360,2.988891,4.229052,2.092436,1.221732,0.577210,3.181417,4.006700,2.048056,1.218801,0.570482,2.793280,3.495163,2.125803,1.125203,0.522144,3.161636,4.191533,2.290898,1.245989,0.604487,2.560884,3.843467,2.044041,1.100313,0.509734,neutral,neutral_baseline,good
1783252800.867188,111,0,-2.3213,-2.7412,-1.3966,-1.9524,-1.5338,2.4960,6.5299,3.4372,6.0708,4.7905,-0.4421,-4.8463,-7.4420,-5.6141,-11.9293,-7.5741,-4.8677,1.0019,3.6609,9.0858,8.6192,8.8972,6.4850,5.0602,-0.1723,1.6853,-4.8792,-10.1399,-6.3841,-8.4802,-6.0629,3.0438,95,4,98,,,,0,111,0,0.999882,0.011382,0.015351,0.015767,0.017772,-0.001768,1.024903,31.15250,-4.31851,-40.94299,4,4,4,4,4,4,4,4,4,4,4,4,4,4,4,4,4,4,4,4,4,4,4,4,4,4,4,4,4,4,4,4,96,0.995,95,4,4,4,4,4,4,4,4,4,4,4,4,4,4,4,4,4,4,4,4,4,4,4,4,4,4,4,4,4,4,4,4,1,45.575,0.455749,0.000,1.000,1,23.133,0.231328,0.000,1.000,1,25.185,0.251852,0.000,1.000,1,49.050,0.490501,0.000,1.000,1,44.081,0.440807,0.000,1.000,1,39.993,0.399926,0.000,1.000,3.030480,3.891071,2.106924,1.266858,0.523025,2.870163,4.077803,2.101250,1.190304,0.515291,2.754904,3.559333,2.067711,1.131249,0.596975,3.111212,4.051157,2.546522,1.265473,0.582376,3.221018,4.136798,2.203218,1.193053,0.535257,2.866867,4.207385,2.277978,1.237026,0.539565,3.005048,4.230054,2.314752,1.251420,0.568984,3.275492,3.731840,2.581888,1.280293,0.561301,3.208863,4.103191,2.437132,1.220614,0.587370,3.338084,4.216943,2.533784,1.253687,0.655267,2.836851,3.817363,2.290270,1.194996,0.512242,3.129501,4.146757,2.533478,1.245108,0.531103,2.743153,4.001873,1.915961,1.172134,0.479226,2.898329,4.242259,2.528654,1.166129,0.565764,2.970120,4.079252,2.129425,1.223627,0.533092,2.704359,3.908575,2.206441,1.206848,0.516277,3.052669,4.755286,2.348901,1.427048,0.577782,2.921273,3.918088,1.847324,1.047798,0.520847,2.916641,4.170551,2.212616,1.347438,0.541928,3.249013,4.419556,2.132006,1.341407,0.636247,3.223556,3.588176,2.428879,1.223036,0.566789,2.524033,3.538283,2.161017,1.073667,0.462271,2.638693,4.059371,2.236650,1.091744,0.568923,2.791164,4.068487,2.260373,1.294943,0.517644,2.673048,4.327189,2.223407,1.220378,0.527988,3.067336,3.728532,2.287804,1.384720,0.526071,2.759008,3.409202,2.043522,1.158410,0.530292,2.995291,3.793173,2.189577,1.121971,0.580734,3.437143,4.223448,2.150142,1.303360,0.559893,3.013341,3.571871,1.943257,1.133418,0.466304,3.102506,4.017480,2.484222,1.317605,0.547223,2.587405,4.058949,2.178561,1.060557,0.504170,neutral,neutral_baseline,good
1783252800.875000,112,0,-3.1773,-2.2595,3.2234,1.1145,-0.2126,3.7804,2.0862,2.8238,0.5633,-2.5255,-2.6132,-5.6385,-10.9165,-6.4428,-9.2598,-3.3390,0.8448,5.6659,8.8015,7.3499,15.2195,12.4013,6.4247,-0.8395,-3.2981,-3.7994,-8.7176,-11.4149,-5.0422,0.3280,3.2320,1.0926,95,4,98,,,,0,112,0,0.999880,0.011471,0.015479,0.015867,0.029786,0.004395,1.007691,31.15351,-4.31884,-40.94249,4,4,4,4,4,4,4,4,4,4,4,4,4,4,4,4,4,4,4,4,4,4,4,4,4,4,4,4,4,4,4,4,96,0.995,95,4,4,4,4,4,4,4,4,4,4,4,4,4,4,4,4,4,4,4,4,4,4,4,4,4,4,4,4,4,4,4,4,1,46.075,0.460753,0.000,1.000,1,18.141,0.181415,0.000,1.000,1,23.681,0.236808,0.000,1.000,1,47.981,0.479807,0.000,1.000,1,40.757,0.407574,0.000,1.000,1,40.626,0.406262,0.000,1.000,2.945195,4.262723,2.009731,1.028205,0.493047,3.058642,3.863703,1.980699,1.117926,0.477704,2.308431,3.924977,2.135315,1.085108,0.477580,2.929463,4.230866,2.081841,1.138740,0.530739,2.885587,4.202890,2.176787,1.173828,0.599579,3.536204,4.237965,2.359676,1.276398,0.566516,3.009333,3.753107,2.362438,1.167678,0.548520,2.892677,4.007511,2.411628,1.294533,0.577255,3.377973,3.922593,2.396479,1.346661,0.546354,3.321722,4.697940,2.311467,1.288307,0.637900,3.046502,4.029914,2.087862,1.168429,0.465670,3.288678,3.970869,2.316339,1.286194,0.575970,3.070803,3.834215,2.105391,1.121852,0.568411,2.934873,4.026699,2.330358,1.244353,0.552956,3.228710,4.115611,2.353664,1.206215,0.562055,3.103085,3.505037,2.208604,1.111033,0.515766,3.225607,4.836055,2.311706,1.248942,0.577839,3.118599,4.255793,2.106343,1.089852,0.581642,2.790736,4.008151,2.337118,1.235207,0.569360,3.111885,4.280789,2.451145,1.289645,0.591728,3.134892,4.491933,2.034239,1.394911,0.621897,2.715319,3.747921,2.040734,1.076651,0.503118,2.815139,3.691648,2.118376,1.225644,0.566262,2.847945,3.873032,2.200040,1.181990,0.593661,3.273952,3.964447,2.175740,1.277889,0.539302,3.077884,3.970329,2.298212,1.242204,0.495494,2.697393,3.650638,2.090737,1.004007,0.511517,3.087607,3.738922,2.388268,1.205117,0.520629,3.101786,4.081151,2.424127,1.202603,0.555637,2.847680,3.685131,2.203588,1.093027,0.507662,3.024421,4.236997,2.255235,1.179777,0.552293,2.760936,3.807560,1.880401,1.214806,0.525968,neutral,neutral_baseline,good
1783252800.882812,113,0,-2.9412,-1.0153,-1.5169,4.4713,3.7771,-0.2011,3.9272,-1.3412,-0.2487,-4.5262,-4.1651,-6.1578,-4.5948,-4.0755,-3.6408,2.9794,8.0908,11.4759,12.8664,5.6350,7.7887,5.8168,-2.6449,-9.7529,-10.3332,-11.3116,-7.2782,-5.6564,-5.5329,-2.1708,2.3185,10.2879,95,4,98,,,,0,113,0,0.999878,0.011560,0.015608,0.015966,0.017120,0.006778,1.014625,31.15451,-4.31917,-40.94199,4,4,4,4,4,4,4,4,4,4,4,4,4,4,4,4,4,4,4,4,4,4,4,4,4,4,4,4,4,4,4,4,96,0.995,95,4,4,4,4,4,4,4,4,4,4,4,4,4,4,4,4,4,4,4,4,4,4,4,4,4,4,4,4,4,4,4,4,1,49.574,0.495737,0.000,1.000,1,24.288,0.242878,0.000,1.000,1,20.885,0.208852,0.000,1.000,1,44.406,0.444063,0.000,1.000,1,35.939,0.359393,0.000,1.000,1,41.357,0.413574,0.000,1.000,2.989516,3.770575,2.018118,1.216696,0.576192,2.665499,3.981421,2.282921,1.189310,0.538821,2.529953,3.892421,1.949609,1.152712,0.502651,3.343056,3.625115,2.213724,1.314644,0.578613,2.970461,3.910619,2.246637,1.215233,0.576564,2.881537,4.357330,2.221280,1.241900,0.573878,2.992855,3.819332,2.337520,1.081349,0.607748,3.176738,4.327794,2.193162,1.176181,0.550836,3.574473,4.266868,2.427547,1.314977,0.616824,3.409367,4.469234,2.522284,1.351156,0.615256,3.007899,3.836669,2.206639,1.281795,0.563841,3.359859,4.123272,2.471480,1.107964,0.588552,2.695523,3.771159,1.960495,1.084890,0.547910,3.201180,4.638394,2.381806,1.256660,0.628590,3.011860,3.997624,2.156363,1.048710,0.556244,2.792720,4.245559,2.139006,1.148689,0.502946,3.695895,4.192118,2.452504,1.275333,0.564228,2.675037,3.831239,2.086176,1.192989,0.512218,2.779012,3.631359,2.140608,1.287199,0.604922,3.110786,4.007458,2.326783,1.322124,0.606979,3.166449,4.144877,2.244315,1.356762,0.622074,2.624668,3.596939,2.118071,1.004160,0.466660,3.092816,4.128094,2.120965,1.123766,0.514660,2.857493,3.571306,2.104560,1.156960,0.612381,3.013337,4.020029,2.319937,1.235382,0.503998,2.967895,4.243089,2.252903,1.105966,0.638476,2.521659,3.559930,2.421753,1.139938,0.467548,3.107320,4.174407,2.289496,1.240429,0.608481,3.071115,3.763573,2.284681,1.413992,0.575042,3.102998,3.745324,2.065193,1.166797,0.482917,3.478357,3.966094,2.299008,1.136033,0.545055,3.026599,3.509661,1.997354,1.008161,0.483368,neutral,neutral_baseline,good
1783252800.890625,114,0,-1.5955,-3.9642,-1.9039,4.6400,3.0219,1.2309,3.7397,2.1945,-3.5791,-5.2988,-5.3583,-5.1739,-4.7719,2.2519,4.0455,11.3009,5.9256,14.2023,11.1190,7.3323,0.8990,-2.5184,-6.7134,-6.9009,-8.8426,-9.6676,-9.6333,-4.6565,0.5463,5.2530,7.3326,12.0672,95,4,98,,,,0,114,0,0.999876,0.011649,0.015736,0.016064,0.009333,0.011162,1.007336,31.15549,-4.31950,-40.94149,4,4,4,4,4,4,4,4,4,4,4,4,4,4,4,4,4,4,4,4,4,4,4,4,4,4,4,4,4,4,4,4,96,0.995,95,4,4,4,4,4,4,4,4,4,4,4,4,4,4,4,4,4,4,4,4,4,4,4,4,4,4,4,4,4,4,4,4,1,39.845,0.398449,0.000,1.000,1,18.992,0.189922,0.000,1.000,1,23.623,0.236226,0.000,1.000,1,47.032,0.470317,0.000,1.000,1,38.687,0.386867,0.000,1.000,1,41.453,0.414529,0.000,1.000,2.805847,3.873518,2.106066,1.146520,0.549400,2.874202,3.354624,2.167552,1.207521,0.537623,2.762172,3.985501,2.116695,1.066789,0.551472,2.744868,4.447353,2.133631,1.211610,0.518138,3.021032,3.952381,2.570816,1.287147,0.545727,3.200443,3.833478,2.200689,1.262552,0.583779,3.228249,4.102123,2.468207,1.229434,0.578635,3.251455,3.863622,2.303631,1.315380,0.584060,3.305590,3.930740,2.119168,1.339658,0.618464,3.277329,4.334496,2.467352,1.202388,0.533673,3.220750,3.852329,2.018909,1.160660,0.551264,3.109445,4.328189,2.350120,1.286788,0.564410,3.019080,3.426788,2.036880,1.194777,0.506482,3.178959,4.387104,2.168285,1.326477,0.476370,2.971651,4.014514,2.120938,1.200901,0.550731,2.969966,3.837103,2.180892,1.064175,0.496480,3.239527,4.410351,2.115950,1.340330,0.594907,2.631012,3.972179,2.249296,1.168371,0.509617,2.956516,3.866083,2.134661,1.122721,0.563832,3.412072,4.192014,2.376742,1.347233,0.567151,3.212847,4.480033,2.513907,1.170569,0.614235,2.727494,3.938831,1.911209,1.100203,0.532527,2.860288,3.807548,1.952615,1.048312,0.482500,2.999274,4.164137,2.223014,1.078058,0.563566,2.964378,4.030746,2.517917,1.144346,0.516054,3.251315,3.921755,2.347988,1.252221,0.546685,3.026199,3.811804,1.915167,1.112565,0.491900,2.968087,4.468185,2.302615,1.317580,0.624554,2.898601,3.833482,1.961870,1.177066,0.587406,2.780401,3.812312,2.140316,1.202141,0.545260,2.963917,4.412294,2.426807,1.249046,0.576943,2.716108,3.496208,1.905994,1.084477,0.549539,neutral,neutral_baseline,good
1783252800.898438,115,0,1.5312,3.6995,5.0304,6.5910,5.5551,0.2053,1.1698,-1.5700,-4.6437,-7.6059,-7.4870,-5.7142,0.2343,3.8374,7.2821,5.2304,9.3079,7.0558,4.4824,3.8108,-0.2708,-9.9985,-11.0579,-14.4062,-10.9055,-6.7652,-3.8224,1.2817,7.4426,9.0227,11.0702,14.0485,95,4,98,,,,0,115,0,0.999874,0.011738,0.015863,0.016161,0.020445,-0.002561,1.016285,31.15647,-4.31984,-40.94100,4,4,4,4,4,4,4,4,4,4,4,4,4,4,4,4,4,4,4,4,4,4,4,4,4,4,4,4,4,4,4,4,96,0.995,95,4,4,4,4,4,4,4,4,4,4,4,4,4,4,4,4,4,4,4,4,4,4,4,4,4,4,4,4,4,4,4,4,1,46.328,0.463282,0.000,1.000,1,17.836,0.178364,0.000,1.000,1,16.299,0.162994,0.000,1.000,1,45.318,0.453180,0.000,1.000,1,42.716,0.427164,0.000,1.000,1,41.105,0.411048,0.000,1.000,2.851448,3.704180,2.112150,1.219583,0.509433,2.717843,3.620923,2.239029,1.211289,0.555758,3.016527,3.604021,2.166781,1.163177,0.519951,3.234743,3.704486,2.271400,1.238767,0.525541,3.112208,4.364778,2.301014,1.231381,0.549908,3.448148,4.280594,2.033200,1.271895,0.595131,3.005260,4.326484,2.424927,1.110694,0.582766,3.041283,4.331299,2.175236,1.335604,0.580504,2.947308,4.848235,2.505154,1.242512,0.618454,2.989150,4.150364,2.594649,1.134050,0.529709,2.964091,4.224938,2.145453,1.263020,0.576351,3.436193,3.837479,2.200283,1.263289,0.569181,2.774193,3.871329,2.220917,1.143355,0.550731,3.352522,4.085110,2.479749,1.250831,0.596319,2.914000,3.782973,2.060977,1.172976,0.498535,2.909797,3.495237,2.099721,1.147772,0.550197,3.447367,4.357772,2.394795,1.236807,0.645254,2.612718,4.070435,2.164107,1.097199,0.582830,2.838904,3.637819,2.334426,1.341657,0.550064,3.350927,3.714520,2.217671,1.362805,0.554223,3.136470,4.157596,2.615494,1.148204,0.569008,2.581800,3.839044,1.945124,1.141865,0.487754,2.782281,3.640822,2.172160,1.252171,0.515960,2.961715,3.624491,2.240542,1.386214,0.514552,3.058729,4.108261,1.983111,1.229982,0.551866,3.108847,3.728573,2.155712,1.175365,0.609327,2.631962,3.823075,2.024777,1.095593,0.520771,3.301624,3.849472,2.012056,1.250940,0.500742,3.104297,4.170302,2.356243,1.264753,0.577330,2.740827,3.968939,1.863432,1.218094,0.488298,2.861763,4.072378,2.242393,1.304278,0.562752,3.189376,3.537417,2.002770,1.105619,0.474355,neutral,neutral_baseline,good
1783252800.906250,116,0,1.0927,7.3003,11.4972,7.0717,7.8219,7.3246,-4.3591,-5.3140,-6.9171,-9.9719,-5.7810,-4.5424,3.3428,1.6667,6.8497,13.4633,10.9573,1.1799,0.1795,-3.9479,-1.8877,-10.5215,-11.4804,-5.5352,-1.5259,-0.2805,5.0274,9.9371,10.2153,10.1016,8.6805,6.9267,95,4,98,,,,0,116,0,0.999872,0.011826,0.015991,0.016257,0.028969,0.007761,1.014873,31.15744,-4.32018,-40.94050,4,4,4,4,4,4,4,4,4,4,4,4,4,4,4,4,4,4,4,4,4,4,4,4,4,4,4,4,4,4,4,4,96,0.995,95,4,4,4,4,4,4,4,4,4,4,4,4,4,4,4,4,4,4,4,4,4,4,4,4,4,4,4,4,4,4,4,4,1,43.549,0.435493,0.000,1.000,1,21.363,0.213625,0.000,1.000,1,23.030,0.230296,0.000,1.000,1,44.413,0.444130,0.000,1.000,1,43.406,0.434062,0.000,1.000,1,40.327,0.403274,0.000,1.000,2.683769,3.723415,1.934185,1.288826,0.554094,2.935216,4.130832,1.939074,1.150593,0.528915,2.716955,3.678880,2.070516,1.093996,0.529940,3.142337,4.061143,2.275102,1.149565,0.521508,2.737900,4.204140,2.420942,1.293929,0.585173,3.109876,4.310858,2.188542,1.310335,0.579644,3.301484,4.629643,2.265996,1.159620,0.557749,3.156131,4.352682,2.410472,1.199560,0.580797,3.311978,4.367157,2.349576,1.395725,0.551284,3.130626,4.099466,2.203645,1.221814,0.579301,2.879022,3.890244,2.047797,1.257281,0.569859,2.731040,4.636529,2.157226,1.246511,0.613893,2.964156,3.904983,1.980756,1.071136,0.562794,2.895620,4.182448,2.355524,1.293453,0.620027,2.689489,3.992616,2.034399,1.203446,0.527236,2.910122,3.999724,1.928424,1.118075,0.492834,3.338315,4.466150,2.486620,1.257948,0.613769,2.854595,4.133995,2.109638,1.059298,0.516353,3.236803,4.019606,2.192589,1.317915,0.531513,3.109184,4.247929,2.229110,1.169924,0.571226,3.334689,3.857115,2.245079,1.291158,0.636447,2.767083,3.660463,2.053647,1.046790,0.537904,3.162510,4.022786,2.312398,1.076070,0.547441,2.892391,3.820374,2.295630,1.219018,0.544539,2.911443,3.759932,2.422937,1.148459,0.565433,3.164972,4.190324,2.293115,1.145773,0.588086,3.106934,3.407195,1.992549,0.969493,0.517856,3.202332,3.786193,2.252374,1.171479,0.603706,2.850340,4.583693,2.213838,1.083397,0.587116,2.916258,3.746471,2.186198,1.078968,0.530316,3.151975,4.063827,2.061050,1.274212,0.553526,2.772368,3.604358,1.977594,1.114224,0.557234,neutral,neutral_baseline,good
1783252800.914062,117,0,9.6675,7.6147,4.9355,5.6698,4.4026,-8.0382,-5.5970,-5.6217,-8.6559,-9.3199,-7.8910,-1.1273,0.9428,2.1572,8.4202,9.3744,1.2143,6.3466,-5.7428,-7.4684,-11.4474,-11.6008,-7.6067,-5.7109,-3.5181,3.8650,4.8987,7.9585,11.2705,6.3141,4.0177,-1.0088,95,4,98,,,,0,117,0,0.999870,0.011914,0.016118,0.016352,0.028663,0.008683,1.024429,31.15840,-4.32053,-40.94000,4,4,4,4,4,4,4,4,4,4,4,4,4,4,4,4,4,4,4,4,4,4,4,4,4,4,4,4,4,4,4,4,96,0.995,95,4,4,4,4,4,4,4,4,4,4,4,4,4,4,4,4,4,4,4,4,4,4,4,4,4,4,4,4,4,4,4,4,1,47.066,0.470663,0.000,1.000,1,19.978,0.199781,0.000,1.000,1,20.637,0.206371,0.000,1.000,1,47.733,0.477325,0.000,1.000,1,42.543,0.425427,0.000,1.000,1,37.813,0.378133,0.000,1.000,3.060619,4.122090,2.071315,1.096951,0.538792,2.654443,3.998704,2.099974,1.205035,0.494687,2.769365,3.517026,2.010867,1.096955,0.552541,3.009568,3.788155,2.193554,1.222610,0.550040,2.797927,4.096183,2.465687,1.329666,0.534624,3.344331,4.177710,2.284684,1.188917,0.492187,3.020257,4.110222,2.377771,1.239308,0.511340,3.063056,3.996315,2.092902,1.356987,0.556854,3.511847,3.866752,2.403227,1.356191,0.535713,3.225189,3.974403,2.611039,1.265917,0.583960,2.790887,3.848930,2.264003,1.218739,0.548355,3.536508,3.922910,2.295208,1.156069,0.524722,2.794487,3.646798,2.232616,1.255795,0.607818,3.512658,4.095308,2.331205,1.226277,0.551565,3.020167,4.079567,2.062796,1.237375,0.524552,3.206380,4.354277,1.872404,1.103852,0.522572,3.594569,4.327588,2.289344,1.178416,0.589977,2.819971,3.742703,2.114767,1.101896,0.571301,3.100316,3.872290,2.098215,1.174124,0.548981,3.245907,4.501377,2.521486,1.165842,0.604289,3.087000,3.670258,2.269520,1.207367,0.582191,3.116752,3.957386,1.806210,1.028473,0.539237,2.950509,3.722621,2.398000,1.169366,0.538626,2.990357,4.381384,2.258688,1.166846,0.538674,2.890805,4.004836,2.490942,1.193005,0.569471,2.880406,4.368088,2.290048,1.276993,0.558369,2.721468,3.515275,1.898888,1.223170,0.491202,2.992312,3.940837,2.072923,1.244882,0.636785,3.050827,3.823144,2.238751,1.265180,0.576895,2.668161,3.464514,2.042821,1.010947,0.515906,3.139477,4.204144,2.147279,1.163152,0.507237,3.149414,3.694870,1.922018,1.005492,0.518261,neutral,neutral_baseline,good
1783252800.921875,118,0,7.7144,9.0429,5.6547,-0.3991,-4.5769,-8.5932,-5.3928,-17.3731,-5.6646,-4.1693,-2.2630,2.9536,7.0713,6.6296,10.0825,4.4163,6.2446,-2.2045,-5.9545,-8.4738,-6.0285,-4.7609,-0.5458,-1.3304,4.6873,8.5374,9.7383,18.3005,7.6315,2.6110,5.0274,-2.2640,95,4,98,,,,0,118,0,0.999868,0.012001,0.016245,0.016445,0.009923,0.008901,1.002631,31.15935,-4.32087,-40.93950,4,4,4,4,4,4,4,4,4,4,4,4,4,4,4,4,4,4,4,4,4,4,4,4,4,4,4,4,4,4,4,4,96,0.995,95,4,4,4,4,4,4,4,4,4,4,4,4,4,4,4,4,4,4,4,4,4,4,4,4,4,4,4,4,4,4,4,4,1,44.305,0.443045,0.000,1.000,1,16.793,0.167932,0.000,1.000,1,21.479,0.214793,0.000,1.000,1,47.526,0.475260,0.000,1.000,1,40.698,0.406978,0.000,1.000,1,35.167,0.351673,0.000,1.000,2.833518,3.969014,2.407456,1.080406,0.546657,2.811042,3.671823,2.280731,1.210836,0.570948,2.562323,3.947172,2.259620,1.123011,0.522054,2.801584,4.077001,1.979465,1.178456,0.595295,3.081967,4.202385,2.427399,1.288065,0.578666,3.120035,3.962298,2.070399,1.196848,0.539594,2.802099,4.091426,2.244428,1.199738,0.604449,3.265030,3.929278,2.426651,1.312378,0.553682,3.074365,4.436128,2.470136,1.219157,0.566786,3.169420,4.633208,2.445070,1.387753,0.636507,2.916188,3.740886,2.450042,1.336518,0.506610,3.052608,4.597811,2.557640,1.369755,0.544627,2.975412,3.539811,2.007493,1.175012,0.517184,3.543094,4.101172,2.416976,1.218221,0.618383,3.012366,3.958975,2.152846,1.241696,0.525035,3.184596,3.910691,2.064491,1.154834,0.518196,3.118516,4.269778,2.596668,1.375427,0.672590,2.515850,3.618182,2.006684,1.200985,0.543839,3.103129,4.217073,2.253204,1.237300,0.577672,3.122269,4.038034,2.265535,1.233655,0.509282,3.118869,4.376047,2.323895,1.075385,0.535202,2.569514,3.868619,1.802743,1.285830,0.537754,3.182800,3.725678,2.170391,1.223065,0.558419,2.693305,4.291048,2.500277,1.203609,0.540552,2.944056,4.083334,2.255872,1.221350,0.573256,3.037327,3.952733,2.192873,1.133131,0.536548,2.904612,3.767538,1.859990,1.207812,0.504891,2.885314,4.533361,2.156049,1.100777,0.563638,2.964845,4.766186,2.174656,1.198043,0.598815,2.871993,3.522470,2.197761,1.155825,0.565569,2.888270,3.963527,2.342222,1.277847,0.554810,2.732083,3.753350,1.930921,1.152413,0.470391,neutral,neutral_baseline,good
1783252800.929688,119,0,4.0520,2.9638,-3.9961,-4.5877,-10.0222,-10.4947,-12.2034,-7.4378,-2.4698,-0.0652,2.6908,10.2090,9.1298,7.4487,7.2785,6.0288,2.6816,-6.1781,-6.4399,-9.5999,-6.2131,-5.9837,-0.7880,4.5263,1.3986,4.0512,8.1026,9.3603,3.8190,-1.2283,-4.5727,-5.7992,95,4,98,,,,0,119,0,0.999866,0.012088,0.016372,0.016538,0.005925,0.004998,1.006356,31.16029,-4.32122,-40.93901,4,4,4,4,4,4,4,4,4,4,4,4,4,4,4,4,4,4,4,4,4,4,4,4,4,4,4,4,4,4,4,4,96,0.995,95,4,4,4,4,4,4,4,4,4,4,4,4,4,4,4,4,4,4,4,4,4,4,4,4,4,4,4,4,4,4,4,4,1,44.580,0.445802,0.000,1.000,1,24.262,0.242618,0.000,1.000,1,21.633,0.216330,0.000,1.000,1,48.524,0.485236,0.000,1.000,1,44.276,0.442761,0.000,1.000,1,39.246,0.392459,0.000,1.000,2.766708,3.740837,2.007082,1.143903,0.535564,2.589757,3.827017,2.164165,1.176038,0.530634,2.821456,3.838206,1.833054,1.129208,0.539901,2.979858,3.858920,2.464567,1.194042,0.489453,2.804451,3.929699,1.964080,1.278916,0.543051,3.078942,4.307171,2.232713,1.118796,0.506044,2.821530,3.523442,2.419808,1.228274,0.596359,3.213467,3.830197,2.708384,1.287593,0.588839,3.430430,4.601059,2.811989,1.299042,0.614479,3.257984,4.112888,2.328942,1.206464,0.655674,3.097261,4.163278,2.159351,1.295571,0.533305,3.012759,4.225895,2.456140,1.333297,0.529369,2.962462,4.172187,2.078514,1.107613,0.550588,3.395170,4.056178,2.278832,1.323620,0.556638,2.972966,4.097247,2.109285,1.246003,0.547693,2.705892,3.933418,2.257389,1.155641,0.528409,3.149524,4.459371,2.455880,1.411204,0.576548,2.961610,3.964995,2.060229,1.146448,0.436057,3.165705,3.648852,2.120925,1.156167,0.555537,3.201453,3.890754,2.028551,1.214034,0.601418,3.138412,4.001551,2.264675,1.258863,0.576227,2.673958,3.850076,2.242663,1.067029,0.516819,2.735641,3.942289,2.193733,1.157800,0.554709,3.050558,3.355905,2.229040,1.164601,0.490095,2.964343,3.557694,2.175009,1.220827,0.544609,3.019192,4.078943,2.314260,1.331453,0.554181,2.741317,3.707492,1.995578,1.089230,0.495096,3.030382,4.174603,2.159699,1.238844,0.537776,3.000872,4.014297,2.495494,1.305698,0.600698,2.786384,3.985214,2.105047,1.067772,0.492898,3.285754,4.453114,2.434335,1.170071,0.542108,2.819957,3.860442,1.746880,1.148812,0.500077,neutral,neutral_baseline,good
1783252800.937500,120,0,1.9069,-7.2257,-9.3367,-9.5930,-8.1908,-10.2555,-10.5108,1.5392,-0.6205,2.9090,11.7513,12.2127,12.1913,6.6573,1.9255,4.3863,-2.7447,-5.8825,-9.1000,-9.9479,-6.9769,-0.8887,0.2785,0.6968,2.3883,7.2650,9.3983,5.0802,0.3301,-2.1405,-5.6217,-4.6261,95,4,98,,,,0,120,0,0.999864,0.012175,0.016498,0.016629,0.024911,-0.002635,1.012159,31.16122,-4.32157,-40.93851,4,4,4,4,4,4,4,4,4,4,4,4,4,4,4,4,4,4,4,4,4,4,4,4,4,4,4,4,4,4,4,4,96,0.995,95,4,4,4,4,4,4,4,4,4,4,4,4,4,4,4,4,4,4,4,4,4,4,4,4,4,4,4,4,4,4,4,4,1,40.189,0.401888,0.000,1.000,1,19.708,0.197080,0.000,1.000,1,26.845,0.268446,0.000,1.000,1,42.800,0.428001,0.000,1.000,1,45.656,0.456561,0.000,1.000,1,40.268,0.402678,0.000,1.000,2.921969,3.785843,2.063672,1.238383,0.526900,3.080564,4.088819,2.068671,1.223258,0.524792,2.687273,3.567446,1.904595,1.205141,0.553236,3.281828,3.849820,2.252922,1.160679,0.552504,3.141237,3.752218,2.338200,1.247219,0.567551,2.938227,4.090793,2.194025,1.199206,0.541886,2.988417,3.998294,2.225912,1.203463,0.583194,2.858157,4.346970,2.355885,1.283274,0.610202,3.405991,4.295213,2.370260,1.247492,0.566404,3.016558,4.117916,2.357855,1.221491,0.603003,3.096833,3.943241,2.193724,1.194933,0.543879,3.162061,3.935634,2.333020,1.200201,0.526794,2.853728,4.079249,1.951815,1.115104,0.548509,3.419902,4.354930,2.177710,1.270004,0.562291,2.974897,3.896821,2.024835,1.071260,0.500178,2.893429,4.018027,2.016861,1.042442,0.518176,3.310127,4.284606,2.298231,1.319444,0.550793,2.901059,3.845166,2.092999,1.224327,0.534652,3.148753,4.476651,2.315185,1.270628,0.576813,3.070892,4.257663,2.267895,1.292512,0.608977,3.267230,3.949059,2.259005,1.254540,0.582921,2.658449,3.638397,1.996503,0.969146,0.489140,2.710715,3.808845,1.945710,1.182090,0.591397,2.985998,4.262972,2.149155,1.160980,0.578662,2.891315,3.963915,2.304292,1.305301,0.548446,2.933755,3.971792,2.093680,1.233446,0.568944,2.773103,3.800875,2.094145,1.081556,0.454707,3.462976,3.973703,2.109264,1.247137,0.558126,3.304741,4.291733,2.057893,1.182898,0.515546,2.794714,3.917254,1.935017,1.157779,0.534012,3.114281,4.174375,2.030200,1.133469,0.521003,2.719292,3.844216,1.917129,1.173228,0.525533,neutral,neutral_baseline,good
1783252800.945312,121,0,-0.2700,-7.9765,-4.0955,-11.3612,-10.0459,-7.7622,-2.0051,-1.0106,8.2262,13.4094,14.6505,8.7287,8.7519,6.3431,1.8899,-6.9890,-9.6889,-8.6161,-8.3052,-5.5321,-9.8962,-2.6172,3.3500,7.7563,6.9982,6.5035,5.4732,-3.0287,-2.5604,-5.5937,-4.5316,-3.2048,95,4,98,,,,0,121,0,0.999862,0.012261,0.016624,0.016720,0.016826,0.010870,1.021436,31.16214,-4.32193,-40.93802,4,4,4,4,4,4,4,4,4,4,4,4,4,4,4,4,4,4,4,4,4,4,4,4,4,4,4,4,4,4,4,4,96,0.995,95,4,4,4,4,4,4,4,4,4,4,4,4,4,4,4,4,4,4,4,4,4,4,4,4,4,4,4,4,4,4,4,4,1,47.481,0.474813,0.000,1.000,1,17.820,0.178200,0.000,1.000,1,21.090,0.210898,0.000,1.000,1,49.055,0.490547,0.000,1.000,1,43.585,0.435849,0.000,1.000,1,40.559,0.405590,0.000,1.000,2.766942,4.009012,2.039589,1.161277,0.536748,3.042047,3.827163,2.081393,1.043028,0.546236,2.721033,3.557792,1.969512,1.048421,0.500259,3.088839,3.372856,1.939671,1.182630,0.521673,3.193807,4.000233,2.349922,1.236233,0.546023,3.280586,3.790532,2.178522,1.365550,0.518256,3.115557,4.392788,2.266985,1.174246,0.603702,3.222216,3.895379,2.348267,1.222991,0.555602,3.283742,4.798788,2.386847,1.190867,0.628911,3.675037,4.394749,2.156454,1.332171,0.588386,2.839993,3.741139,2.284541,1.209123,0.545843,3.198344,4.241428,2.271788,1.247160,0.521640,2.782070,3.747346,2.023116,1.148346,0.541177,3.361931,4.188766,2.328739,1.191206,0.574372,2.447078,3.517124,2.091612,1.173069,0.544922,2.707925,3.495176,2.140813,1.165049,0.472586,3.035630,3.912636,2.260469,1.305143,0.556448,2.687006,3.918560,2.111649,1.159558,0.510490,3.172599,4.228789,2.393652,1.123231,0.593803,3.117331,4.149970,2.121632,1.218273,0.570536,3.589371,3.934429,2.149602,1.288240,0.538600,2.577019,4.017314,1.975752,1.063853,0.519065,3.015060,3.858578,2.268526,1.211821,0.561726,2.946199,3.692384,2.368100,1.182696,0.489273,3.157409,4.148561,2.104396,1.155024,0.577103,2.954047,4.487194,2.385420,1.261463,0.626357,2.703770,3.373740,2.056494,1.090704,0.433981,2.981933,4.050165,2.186211,1.263153,0.622801,2.930769,4.172099,2.205372,1.253331,0.564970,2.746517,3.475599,2.228866,1.111018,0.490562,3.324484,4.414071,2.415850,1.274941,0.536436,2.740224,4.100498,2.079437,1.071511,0.544713,neutral,neutral_baseline,good
1783252800.953125,122,0,-1.4447,-5.6581,-6.6071,-5.2702,-5.8622,1.5036,2.0034,8.4979,8.0974,6.0968,11.1628,5.9672,0.6799,-3.4106,-6.0561,-10.8941,-13.3269,-10.7487,-9.1019,-8.4698,2.2810,7.7032,7.0650,2.4393,10.9998,8.5410,6.1601,1.6303,-2.4046,-5.9246,-3.2240,-3.4875,95,4,98,,,,0,122,0,0.999860,0.012347,0.016750,0.016809,0.015307,-0.019681,1.018684,31.16305,-4.32228,-40.93752,4,4,4,4,4,4,4,4,4,4,4,4,4,4,4,4,4,4,4,4,4,4,4,4,4,4,4,4,4,4,4,4,96,0.995,95,4,4,4,4,4,4,4,4,4,4,4,4,4,4,4,4,4,4,4,4,4,4,4,4,4,4,4,4,4,4,4,4,1,43.085,0.430845,0.000,1.000,1,17.080,0.170798,0.000,1.000,1,21.797,0.217973,0.000,1.000,1,49.197,0.491968,0.000,1.000,1,46.973,0.469732,0.000,1.000,1,42.928,0.429281,0.000,1.000,2.412904,3.803614,2.001583,1.264699,0.543195,2.721308,4.052173,2.120119,1.213856,0.554918,2.525569,3.501177,1.989843,1.159741,0.523235,3.004016,3.634802,2.398038,1.192551,0.511143,3.102963,3.973599,2.146103,1.249223,0.559836,2.825282,3.893203,2.153743,1.370005,0.529271,2.970060,3.717524,2.032296,1.436927,0.582191,2.888151,3.913030,2.287224,1.191334,0.534756,2.921986,4.011595,2.671161,1.364324,0.575618,3.167953,4.315032,2.475482,1.488151,0.512260,3.041295,3.694222,2.217587,1.239188,0.571625,3.152532,4.378970,2.603476,1.263615,0.556624,3.075204,3.565769,1.922635,1.165678,0.516488,2.889442,3.891052,2.386752,1.225824,0.596356,2.733508,3.993697,2.084315,1.165975,0.559252,2.904708,3.731938,1.910754,1.110031,0.512086,3.382915,4.120202,2.741094,1.339034,0.573676,2.719960,3.495056,2.140445,1.183283,0.540009,2.780727,4.423617,2.258602,1.163825,0.574244,3.193942,4.105207,2.213555,1.173064,0.520829,2.690983,3.999079,2.350038,1.177012,0.544391,2.916876,3.838945,2.079284,1.182117,0.489005,2.542873,3.667771,2.149759,1.178358,0.516782,3.250819,3.341457,2.101048,1.094756,0.482765,2.946847,3.881957,2.208312,1.286868,0.510705,3.189514,4.119067,2.111276,1.295598,0.581109,2.960034,3.742207,2.023695,1.152470,0.500370,2.935133,4.253521,1.975363,1.141137,0.544088,3.183597,4.287363,2.405910,1.260467,0.607484,2.774988,3.749201,2.298496,1.188086,0.525423,2.950064,3.883250,2.019751,1.261502,0.505535,2.716471,3.851762,1.978863,1.077399,0.538397,neutral,neutral_baseline,good
1783252800.960938,123,0,-5.5820,-5.3376,-3.2790,-5.3142,-0.2455,3.3651,2.3362,6.8768,9.3249,9.0583,7.9428,-1.9029,1.8033,-7.0034,-12.4033,-9.7493,-11.7326,-5.4730,-3.5495,1.9208,0.1464,8.3060,10.5888,6.3169,5.8201,2.9372,-0.1522,-2.2173,-3.2847,-4.5043,-1.2358,-0.2321,95,4,98,,,,0,123,0,0.999858,0.012433,0.016876,0.016897,0.007557,-0.009789,1.027532,31.16395,-4.32264,-40.93703,4,4,4,4,4,4,4,4,4,4,4,4,4,4,4,4,4,4,4,4,4,4,4,4,4,4,4,4,4,4,4,4,96,0.995,95,4,4,4,4,4,4,4,4,4,4,4,4,4,4,4,4,4,4,4,4,4,4,4,4,4,4,4,4,4,4,4,4,1,45.831,0.458315,0.000,1.000,1,16.871,0.168711,0.000,1.000,1,25.875,0.258754,0.000,1.000,1,44.927,0.449272,0.000,1.000,1,45.120,0.451197,0.000,1.000,1,39.460,0.394602,0.000,1.000,3.186638,3.509042,2.269965,1.044663,0.532299,3.085722,4.258718,1.981216,1.106145,0.545407,2.729823,3.772775,2.106045,1.053546,0.538802,3.017703,4.044279,2.022838,1.305669,0.544798,3.120116,3.879589,2.356816,1.294406,0.487066,3.185110,4.488945,2.228975,1.169105,0.540234,2.730983,4.532643,2.088509,1.270024,0.542866,3.087291,4.636425,2.356047,1.128544,0.601485,2.985104,3.898878,2.470684,1.230948,0.657564,3.359593,3.910060,2.160981,1.470758,0.638555,3.010421,4.232407,2.264421,1.017796,0.575597,3.043558,4.022162,2.428510,1.200853,0.601879,2.727921,4.082564,2.262667,1.187557,0.515405,3.200265,4.486915,2.425968,1.246962,0.626859,2.883574,3.724823,2.109622,1.207211,0.574857,2.791282,3.633547,1.981072,1.123476,0.520305,3.679140,4.232540,2.235573,1.448193,0.556118,2.605787,3.489631,2.190382,1.149168,0.499139,3.038967,4.155913,2.353169,1.118738,0.560945,3.244956,4.080801,2.273915,1.296797,0.536223,3.211042,4.365751,2.184135,1.272418,0.591222,2.780287,4.096106,2.108516,1.157134,0.477147,3.348587,3.245469,2.057510,1.179569,0.489104,3.197986,3.533864,2.152447,1.102458,0.503244,2.964069,4.292731,1.975753,1.132144,0.508395,3.199873,4.323007,2.293959,1.197665,0.590981,3.077099,3.733057,2.074552,1.108521,0.509286,2.872685,3.799719,2.165057,1.343366,0.593687,3.125198,4.164041,2.211794,1.415337,0.586457,2.770274,4.034476,1.941425,1.057322,0.531087,3.069391,4.010699,2.273786,1.290529,0.611281,3.081080,3.681043,1.941270,1.087131,0.529783,neutral,neutral_baseline,good
1783252800.968750,124,0,-8.9084,-9.2177,-9.6429,-3.4624,0.4373,0.2609,7.4249,11.4719,7.1641,4.1905,2.2447,0.1852,-8.8972,-7.8241,-7.2651,-13.8179,-8.2904,-2.1389,3.6043,7.5380,7.9820,11.8767,6.3696,7.4008,1.2338,-4.4974,-7.3531,-0.8636,-7.4020,-3.9683,0.2397,-0.1853,95,4,98,,,,0,124,0,0.999855,0.012518,0.017001,0.016984,0.031433,-0.007155,1.005512,31.16484,-4.32301,-40.93653,4,4,4,4,4,4,4,4,4,4,4,4,4,4,4,4,4,4,4,4,4,4,4,4,4,4,4,4,4,4,4,4,96,0.995,95,4,4,4,4,4,4,4,4,4,4,4,4,4,4,4,4,4,4,4,4,4,4,4,4,4,4,4,4,4,4,4,4,1,40.896,0.408960,0.000,1.000,1,19.441,0.194407,0.000,1.000,1,24.628,0.246281,0.000,1.000,1,47.070,0.470698,0.000,1.000,1,39.320,0.393203,0.000,1.000,1,39.424,0.394242,0.000,1.000,3.045341,3.884016,2.233730,1.098558,0.531874,2.614910,3.635776,1.995543,1.187091,0.530908,3.072810,4.048215,2.061131,1.109307,0.536666,2.784612,4.078305,2.432693,1.207125,0.607649,3.123836,3.893123,2.312615,1.200084,0.597392,3.089046,4.186163,2.185014,1.301550,0.577162,3.379698,4.400408,2.318198,1.254192,0.516050,3.540338,4.387686,2.316392,1.137413,0.560698,3.362246,4.116238,2.365584,1.277316,0.619333,3.260336,5.060410,2.440830,1.188250,0.570312,3.023746,4.451129,2.089166,1.209360,0.530013,2.668609,4.547494,2.085293,1.128102,0.570499,2.815621,3.957398,2.057576,1.398959,0.542845,3.177363,4.147700,2.311243,1.133583,0.533162,2.755264,3.714529,2.231333,1.255227,0.555485,2.660028,3.617344,2.061513,1.007566,0.534026,3.236651,4.753988,2.553580,1.166735,0.593108,2.469077,3.955443,2.042234,1.151864,0.516346,2.865471,3.998775,2.279641,1.162238,0.524971,2.848267,4.142717,2.263466,1.332555,0.543118,3.031500,3.914084,2.097735,1.134483,0.621076,2.754214,3.644431,1.980076,1.130154,0.437208,3.176205,3.834761,2.117148,1.145011,0.523002,2.906778,3.587453,2.167713,1.178913,0.564436,3.212740,3.430809,2.178163,1.222600,0.520548,3.218109,3.779895,2.151265,1.174693,0.573960,2.730342,3.760136,2.040699,1.162758,0.479990,2.958986,4.243704,2.156429,1.367331,0.573483,3.377392,4.409518,2.378848,1.249099,0.543010,2.835892,3.986159,2.065820,1.172243,0.537988,3.296534,4.076995,2.271529,1.345280,0.520539,2.895852,3.990036,2.054904,1.030889,0.510896,neutral,neutral_baseline,good
1783252800.976562,125,0,-7.0600,-3.1009,-2.1818,-2.7423,-0.8446,4.3497,9.0288,9.6597,3.6010,1.9649,0.2304,0.4965,-8.6606,-5.2399,-5.9701,-2.8372,-1.3985,1.1034,7.4414,10.8493,8.2465,6.2242,9.8476,-1.2684,3.7702,-0.2113,-7.7483,-7.5159,-4.5016,-1.4523,0.6828,-1.7476,95,4,98,,,,0,125,0,0.999853,0.012603,0.017126,0.017070,0.030722,0.003144,1.012166,31.16572,-4.32337,-40.93604,4,4,4,4,4,4,4,4,4,4,4,4,4,4,4,4,4,4,4,4,4,4,4,4,4,4,4,4,4,4,4,4,96,0.995,95,4,4,4,4,4,4,4,4,4,4,4,4,4,4,4,4,4,4,4,4,4,4,4,4,4,4,4,4,4,4,4,4,1,41.847,0.418469,0.000,1.000,1,18.734,0.187342,0.000,1.000,1,25.081,0.250810,0.000,1.000,1,43.815,0.438152,0.000,1.000,1,43.086,0.430865,0.000,1.000,1,40.430,0.404304,0.000,1.000,3.390162,3.865142,2.018205,1.272856,0.578392,2.508741,4.071818,2.221351,1.164195,0.512625,2.378290,3.559250,2.096672,1.132099,0.432574,2.870192,4.364799,2.320011,1.195054,0.490006,3.541578,4.069222,2.349631,1.251953,0.543772,3.156868,3.884052,1.880158,1.300974,0.627716,3.274855,4.300279,2.150467,1.289297,0.614085,2.740655,4.525298,2.115150,1.270563,0.567668,3.387222,4.396223,2.278300,1.301597,0.605298,3.284721,4.301625,2.315555,1.296213,0.626023,2.853238,3.772207,2.357602,1.041479,0.538669,3.172827,4.366517,2.334335,1.330749,0.575320,3.067902,3.973587,2.217795,1.077190,0.544848,3.058006,4.082565,2.257133,1.281374,0.553263,2.627283,4.119154,1.936787,1.209985,0.500178,3.315074,3.654262,2.288117,1.133439,0.500619,3.149689,4.242475,2.636879,1.238339,0.567401,2.749211,3.968325,2.118253,1.217887,0.541855,3.064491,3.983651,2.198133,1.246134,0.552143,2.951956,3.924199,2.128967,1.271799,0.579555,3.133552,3.688114,2.242109,1.162413,0.607128,2.942656,3.923809,2.174034,1.074474,0.515783,3.083495,3.400888,2.161277,1.185826,0.543727,2.805086,3.852651,2.109744,1.210987,0.482004,2.801528,3.849495,2.267619,1.253111,0.516756,2.914455,4.216105,2.051662,1.229009,0.558376,2.679309,3.631661,2.078081,1.015319,0.546026,2.972485,3.682759,2.264805,1.152116,0.551623,3.102417,4.038173,2.642125,1.290061,0.534200,2.527329,3.773804,2.201442,1.103050,0.522686,3.142332,3.789874,2.316045,1.209840,0.545009,2.875612,3.821270,2.204319,1.201072,0.519255,neutral,neutral_baseline,good
1783252800.984375,126,0,-14.9330,-6.3781,-4.1335,-0.3654,8.4082,11.2184,8.1909,6.9933,2.5104,1.6824,1.0163,-5.2274,-6.2438,-8.3479,-6.5763,-0.1662,1.3376,8.0259,2.9814,9.0738,5.3067,0.7874,-1.4622,0.6966,-0.3296,-6.0909,-11.3275,-10.6097,-5.2857,-1.8519,-1.3102,5.6395,95,4,98,,,,0,126,0,0.999851,0.012688,0.017251,0.017155,0.017071,0.005355,1.007571,31.16659,-4.32374,-40.93555,4,4,4,4,4,4,4,4,4,4,4,4,4,4,4,4,4,4,4,4,4,4,4,4,4,4,4,4,4,4,4,4,96,0.995,95,4,4,4,4,4,4,4,4,4,4,4,4,4,4,4,4,4,4,4,4,4,4,4,4,4,4,4,4,4,4,4,4,1,45.996,0.459956,0.000,1.000,1,16.981,0.169808,0.000,1.000,1,25.323,0.253228,0.000,1.000,1,47.328,0.473278,0.000,1.000,1,44.883,0.448833,0.000,1.000,1,34.130,0.341304,0.000,1.000,2.829834,3.427194,2.224169,1.100590,0.573302,3.110680,3.705992,2.155583,1.138634,0.470829,3.031938,3.584470,2.058381,1.220078,0.480886,3.033536,3.958756,2.340680,1.249110,0.553407,3.244641,4.348829,2.181944,1.137420,0.537139,2.702057,4.246575,2.249197,1.122957,0.562600,3.107846,3.901293,2.455676,1.211957,0.497546,2.846848,4.187272,2.357811,1.151088,0.504091,3.056804,4.108701,2.318725,1.182933,0.560987,3.218542,4.790536,2.333499,1.102248,0.597989,3.148299,3.651452,2.104595,1.315260,0.487391,3.014032,4.259102,2.456890,1.282934,0.570288,2.750206,3.750829,1.936575,1.153737,0.497836,2.955418,4.227029,2.404025,1.188071,0.592438,2.578390,3.700972,2.301726,1.249524,0.587145,2.668613,4.031514,1.984700,1.049438,0.533056,3.157852,4.662214,2.250080,1.402774,0.558912,2.929529,3.885935,2.083506,1.181832,0.485886,3.160091,3.932083,2.394667,1.177586,0.640820,2.763039,4.419792,2.186489,1.181518,0.546055,3.002300,4.023022,2.446304,1.190621,0.576138,2.733294,3.874402,1.927310,1.077490,0.531367,2.985053,4.042589,2.418440,1.134482,0.559286,2.994932,3.738187,1.965090,1.066846,0.530674,2.762592,3.689642,2.135700,1.152575,0.626122,3.316024,4.237451,2.386221,1.216620,0.622752,2.513980,3.506135,2.071706,1.184697,0.540879,3.263592,4.329706,2.150673,1.232438,0.571300,3.391425,4.045555,2.394588,1.268580,0.515320,2.520464,3.984698,1.985606,1.091967,0.503468,2.982512,3.988913,1.951282,1.398834,0.587090,2.647082,3.895645,2.120002,1.220549,0.490897,neutral,neutral_baseline,good
1783252800.992188,127,0,-4.8946,2.8599,4.4761,6.0591,12.2356,9.1273,7.3846,5.2426,2.8785,-2.8457,-2.1845,-6.8764,-8.8126,-5.7725,-3.4881,-1.3488,5.9501,2.8348,4.7155,4.7636,6.1922,0.5795,-3.0079,-7.5112,-8.7488,-5.8285,-4.3981,-0.3603,6.1363,2.3848,4.4789,8.1624,95,4,98,,,,0,127,0,0.999849,0.012772,0.017375,0.017238,0.003031,-0.003797,1.015624,31.16744,-4.32411,-40.93505,4,4,4,4,4,4,4,4,4,4,4,4,4,4,4,4,4,4,4,4,4,4,4,4,4,4,4,4,4,4,4,4,96,0.995,95,4,4,4,4,4,4,4,4,4,4,4,4,4,4,4,4,4,4,4,4,4,4,4,4,4,4,4,4,4,4,4,4,1,44.597,0.445968,0.000,1.000,1,16.811,0.168115,0.000,1.000,1,18.395,0.183951,0.000,1.000,1,49.182,0.491821,0.000,1.000,1,43.578,0.435776,0.000,1.000,1,41.156,0.411556,0.000,1.000,2.895419,4.118590,2.228138,1.168449,0.551257,3.051904,3.690443,2.041865,1.262934,0.474879,2.839968,3.484804,1.983249,1.031619,0.532807,3.003887,4.088205,2.453109,1.218489,0.520099,2.997776,4.049822,2.178685,1.122241,0.577548,2.906164,3.756659,2.308335,1.169602,0.505589,3.040594,4.156570,2.532573,1.212602,0.649058,3.027972,4.163914,2.067837,1.208368,0.542947,2.872000,4.130010,2.298393,1.217396,0.624353,3.066099,4.448782,2.420496,1.320794,0.619159,3.116097,3.861269,2.013744,1.194439,0.534180,3.304638,3.840051,2.352523,1.318672,0.516070,2.870594,3.699793,2.111500,1.048773,0.507058,3.149446,3.967576,2.332093,1.254304,0.593567,2.669081,3.721179,2.063881,1.281423,0.517903,2.774396,3.810586,2.135370,1.216931,0.498573,3.383545,4.713049,2.386637,1.202265,0.561520,2.639128,3.540555,2.100461,1.073726,0.532252,2.910270,4.578725,2.128687,1.238735,0.548781,3.366066,3.929749,2.116222,1.207641,0.549948,3.320408,4.136252,2.132273,1.264830,0.554183,2.907235,3.182491,1.908839,1.085726,0.449708,2.884618,4.196384,2.250925,1.114899,0.579648,2.866553,3.907235,2.228682,1.205954,0.584322,2.400441,4.099674,2.135760,1.153222,0.586405,2.994135,3.628516,2.318850,1.241133,0.517538,2.741637,4.006613,2.099506,1.016187,0.494253,2.877089,4.375785,2.542479,1.145308,0.571906,3.065247,4.250943,2.190804,1.345702,0.570415,2.653456,4.032622,2.177192,1.186927,0.501092,3.120522,4.432348,2.398579,1.342679,0.475409,2.665695,3.660641,2.045396,1.122964,0.456719,neutral,neutral_baseline,good
1783252801.000000,0,0,1.0603,0.1961,5.3944,11.3291,12.4556,7.4541,2.5189,1.9130,-3.4364,-4.7685,-5.0433,-9.5260,-3.2888,-5.5451,0.6526,3.3612,5.0184,6.2588,3.5785,-2.3259,-2.1988,-4.9527,-5.5102,-2.5915,-4.5992,1.8292,2.5778,2.5054,4.3221,3.9919,9.3990,3.8197,95,4,98,,,,0,0,0,0.999847,0.012855,0.017499,0.017321,0.001105,0.002484,1.015789,31.16829,-4.32448,-40.93456,4,4,4,4,4,4,4,4,4,4,4,4,4,4,4,4,4,4,4,4,4,4,4,4,4,4,4,4,4,4,4,4,96,0.995,95,4,4,4,4,4,4,4,4,4,4,4,4,4,4,4,4,4,4,4,4,4,4,4,4,4,4,4,4,4,4,4,4,1,42.068,0.420678,0.000,1.000,1,18.955,0.189547,0.000,1.000,1,24.845,0.248447,0.000,1.000,1,46.026,0.460259,0.000,1.000,1,38.591,0.385914,0.000,1.000,1,42.783,0.427829,0.000,1.000,2.902703,3.993766,2.429877,1.080799,0.572573,3.098728,3.939441,2.220404,1.285340,0.543839,2.803609,3.493362,2.176481,1.095480,0.499509,3.188073,4.180544,2.301057,1.152977,0.548205,2.936354,4.405449,2.292589,1.217124,0.544111,2.901378,4.038830,2.480380,1.314824,0.591759,3.333302,3.806736,2.442338,1.239212,0.606921,3.253008,3.923219,2.139171,1.313893,0.570366,3.335967,3.330625,2.631169,1.214812,0.632001,3.092714,4.569075,2.237750,1.345370,0.575705,2.981479,3.757521,2.142217,1.224163,0.553222,3.229697,3.721843,2.292441,1.145244,0.592004,2.885065,3.383774,1.913070,1.105018,0.553599,3.090805,4.577755,2.088341,1.336740,0.611320,2.839181,3.791527,1.933222,1.061416,0.561610,3.147465,3.410976,2.043007,1.307948,0.537544,3.552959,4.698988,2.340628,1.207446,0.526186,2.778752,3.635643,1.963755,1.206328,0.541984,2.880863,4.366098,2.464690,1.032044,0.556451,2.869796,4.668938,2.239516,1.200092,0.564087,2.782449,4.530139,2.216853,1.261062,0.554099,2.480029,3.666029,1.803071,1.204098,0.550245,3.102742,3.605576,1.850320,1.176090,0.514978,2.932192,4.284487,2.133255,1.219416,0.488779,3.234134,3.581151,2.049232,1.058926,0.524732,3.178498,4.280700,2.172182,1.188363,0.620801,2.720474,3.516510,2.053389,1.060028,0.484765,2.988791,4.227181,2.080419,1.327927,0.549808,3.558766,4.272409,2.341152,1.268406,0.533228,3.069414,3.401131,2.043049,1.180132,0.540517,3.001896,4.441959,2.199499,1.253903,0.578632,2.872945,3.402984,2.158800,1.158054,0.436511,neutral,neutral_baseline,good
1783252801.007812,1,0,7.9835,7.6458,12.4444,14.9631,11.8934,5.1398,4.0647,-1.0993,-5.5927,-8.3952,-8.5592,-4.2448,-3.1603,-1.4899,3.3566,3.5971,5.4919,5.5024,3.5776,1.3429,-0.1302,-4.3978,-2.5505,-8.0236,-1.4252,-0.4694,4.7742,5.8751,5.4603,-1.6837,-0.0514,-0.8505,95,4,98,,,,0,1,0,0.999845,0.012939,0.017623,0.017402,0.007612,0.009042,1.018500,31.16913,-4.32486,-40.93407,4,4,4,4,4,4,4,4,4,4,4,4,4,4,4,4,4,4,4,4,4,4,4,4,4,4,4,4,4,4,4,4,96,0.995,95,4,4,4,4,4,4,4,4,4,4,4,4,4,4,4,4,4,4,4,4,4,4,4,4,4,4,4,4,4,4,4,4,1,44.163,0.441631,0.000,1.000,1,17.373,0.173734,0.000,1.000,1,21.631,0.216305,0.000,1.000,1,44.363,0.443633,0.000,1.000,1,38.152,0.381522,0.000,1.000,1,40.160,0.401595,0.000,1.000,2.887234,3.802099,1.855776,1.253243,0.524380,2.911621,3.449916,2.064979,1.146980,0.539993,2.704213,3.933995,2.060965,1.062458,0.515302,3.281368,4.177438,2.378976,1.109796,0.493644,3.071398,4.366936,2.204186,1.325853,0.572657,3.081519,4.000763,2.041136,1.235971,0.610829,2.771053,4.460269,2.308608,1.139937,0.617320,3.122634,4.253168,2.136401,1.280684,0.603002,3.503159,3.471260,2.318001,1.193025,0.585322,3.148729,4.788663,2.495499,1.262609,0.588055,2.775663,4.116035,2.038159,1.143265,0.567522,3.129489,4.324534,2.370679,1.249873,0.618204,2.722972,3.605050,2.242133,1.239648,0.549790,3.131798,4.409388,2.340249,1.164910,0.611040,2.920635,3.587500,2.012726,1.160306,0.532972,2.858463,4.122457,1.863567,1.146937,0.572908,3.144559,4.458014,2.255881,1.294445,0.573484,2.618116,3.980461,2.141784,0.999385,0.540172,3.043846,4.198026,2.144113,1.385076,0.547567,3.210617,4.074877,2.169974,1.291768,0.575197,3.169959,4.197018,2.308459,1.217602,0.593642,2.695097,3.850469,2.081160,1.010670,0.502603,2.850400,3.591852,2.225123,1.168214,0.556477,2.623451,3.673726,2.208950,1.041592,0.544243,2.916817,3.790881,2.079263,1.250175,0.598848,2.865157,4.063399,2.325797,1.328542,0.536507,2.834246,3.684277,1.906633,1.156229,0.511083,3.340133,3.902436,2.217833,1.236859,0.597935,3.122105,4.607568,2.052264,1.296896,0.508866,2.943000,3.729161,2.109329,1.103837,0.537462,2.850650,4.616776,2.412629,1.080853,0.571564,2.590266,3.404969,1.851936,1.157898,0.470566,neutral,neutral_baseline,good
1783252801.015625,2,0,7.4425,11.1952,10.7157,9.7164,2.0725,-1.4469,-2.6741,-11.5301,-11.9112,-6.1560,-15.0287,-5.0240,0.8072,1.7935,4.7266,3.4170,4.6776,6.9135,3.8755,0.2872,0.0242,-4.3925,-0.4406,-5.1169,-5.9942,1.3585,0.8971,8.0913,4.7228,0.5405,2.1290,-2.9121,95,4,98,,,,0,2,0,0.999843,0.013022,0.017746,0.017482,0.024979,-0.012680,1.008644,31.16996,-4.32524,-40.93358,4,4,4,4,4,4,4,4,4,4,4,4,4,4,4,4,4,4,4,4,4,4,4,4,4,4,4,4,4,4,4,4,96,0.995,95,4,4,4,4,4,4,4,4,4,4,4,4,4,4,4,4,4,4,4,4,4,4,4,4,4,4,4,4,4,4,4,4,1,46.325,0.463250,0.000,1.000,1,23.254,0.232538,0.000,1.000,1,18.911,0.189108,0.000,1.000,1,45.718,0.457176,0.000,1.000,1,42.433,0.424327,0.000,1.000,1,42.032,0.420319,0.000,1.000,3.038591,4.147201,2.129933,1.138513,0.566842,2.841319,4.256021,2.011897,1.203322,0.477549,2.743148,3.813135,2.125664,1.056620,0.495072,2.728994,4.416915,2.071605,1.072487,0.502115,2.959234,4.089887,2.465466,1.165077,0.559313,2.749127,4.307512,2.110067,1.289379,0.497895,2.841094,4.484051,2.197911,1.189050,0.577929,3.322243,4.446455,2.303991,1.269944,0.588953,3.025323,4.045913,2.428712,1.221761,0.570171,3.245284,4.144022,2.131294,1.238149,0.609521,3.050481,3.787771,2.180707,1.177153,0.486370,2.856278,4.285030,2.571593,1.339653,0.577571,2.326532,3.983135,2.188195,1.094856,0.529103,3.241898,4.001595,2.538951,1.252841,0.596396,3.014922,3.924138,2.329485,1.168901,0.523708,2.979427,4.022938,2.163232,1.110824,0.479605,3.475216,4.533651,2.100624,1.392854,0.518220,2.478667,4.232973,2.072656,1.181835,0.546640,2.988442,4.035844,2.319172,1.182772,0.600293,2.865236,4.429394,2.237839,1.228191,0.546061,3.112702,4.140123,2.244137,1.280014,0.505095,2.741786,3.951754,2.076414,1.051406,0.454362,2.852682,3.824144,2.187357,1.261136,0.523271,2.971214,3.650303,2.242687,1.183218,0.524620,3.075088,4.199634,2.347466,1.094597,0.619685,2.586518,4.525755,2.386611,1.219551,0.577028,2.581028,4.026179,1.794157,1.014679,0.492617,2.905664,4.189874,2.242360,1.212952,0.550379,2.685382,4.281029,2.394756,1.333274,0.593856,2.915613,3.746841,2.359219,1.112721,0.447835,2.879897,4.604131,2.085440,1.239231,0.511192,2.583148,3.624249,1.889188,1.094202,0.539097,neutral,neutral_baseline,good
1783252801.023438,3,0,7.9203,10.2278,10.9137,6.9623,0.7443,-4.2974,-11.4892,-9.4327,-10.9577,-6.2270,-6.6923,-1.5976,0.9582,4.8031,9.2666,6.8465,9.1009,-0.2249,-0.4673,-2.0076,-2.3227,-1.5739,-0.7269,-1.5203,1.9152,2.8113,2.1784,6.1804,0.8625,-2.7599,-8.6130,-2.9899,95,4,98,,,,0,3,0,0.999840,0.013104,0.017870,0.017561,0.015252,-0.005914,1.013925,31.17078,-4.32562,-40.93309,4,4,4,4,4,4,4,4,4,4,4,4,4,4,4,4,4,4,4,4,4,4,4,4,4,4,4,4,4,4,4,4,96,0.995,95,4,4,4,4,4,4,4,4,4,4,4,4,4,4,4,4,4,4,4,4,4,4,4,4,4,4,4,4,4,4,4,4,1,44.678,0.446778,0.000,1.000,1,19.496,0.194956,0.000,1.000,1,21.332,0.213318,0.000,1.000,1,49.698,0.496978,0.000,1.000,1,45.048,0.450477,0.000,1.000,1,43.602,0.436023,0.000,1.000,3.234833,4.080906,2.121385,1.237691,0.554135,2.805557,3.859729,1.914590,1.121853,0.560093,2.688721,3.468462,1.991089,1.228363,0.513083,3.230462,4.207429,2.217950,1.186202,0.513968,2.661280,3.955312,2.269102,1.244382,0.604718,3.008972,3.544671,2.250902,1.202041,0.538002,2.823238,4.033256,2.044500,1.292059,0.585377,3.060482,4.400279,2.328622,1.334849,0.615249,3.202156,4.691944,2.250254,1.395016,0.564314,3.090776,4.383665,2.399892,1.360573,0.617496,2.684602,3.643142,2.094444,1.183853,0.518497,2.999525,4.086042,2.267016,1.271675,0.555133,2.805766,3.567140,2.090924,1.238597,0.552585,3.150917,4.456190,2.342497,1.245766,0.566345,2.756607,3.917052,2.285582,1.296006,0.488293,3.197119,3.627694,1.988151,1.117201,0.533588,3.118646,4.395954,2.253289,1.244466,0.589580,2.931600,4.171409,2.103256,1.052148,0.582246,2.963722,4.572229,2.609100,1.227054,0.589762,3.035899,4.328892,2.047036,1.208425,0.561320,3.289600,4.402011,2.114144,1.236452,0.563825,2.663610,3.369264,1.778525,1.248387,0.492602,2.896464,3.716675,2.258810,1.131465,0.543298,2.753572,4.067399,2.095437,1.201739,0.566652,2.838590,3.775829,2.070652,1.322090,0.521463,3.069660,4.347013,2.239682,1.166703,0.569699,2.543836,3.874553,1.933664,1.235723,0.535454,2.884147,4.283334,2.099714,1.119999,0.540242,3.206381,4.760434,2.185454,1.170778,0.603633,2.992180,4.189347,1.852623,1.065379,0.487637,3.030027,4.056857,2.429537,1.266855,0.521662,2.785335,4.003266,2.207228,1.021320,0.533136,neutral,neutral_baseline,good
1783252801.031250,4,0,12.2186,4.6854,3.6962,-0.1520,-4.7910,-7.2391,-11.7194,-6.3780,-1.8810,-1.1489,0.7746,2.5350,9.9944,1.6097,10.0783,3.0028,3.4957,1.2439,-1.1694,-3.8251,-7.8173,-1.1179,-4.9699,4.4547,1.9539,8.8826,0.1575,2.7381,-1.3026,-9.8534,-8.5515,-9.2620,95,4,98,,,,0,4,0,0.999838,0.013187,0.017993,0.017638,0.022449,0.008370,1.016317,31.17159,-4.32600,-40.93260,4,4,4,4,4,4,4,4,4,4,4,4,4,4,4,4,4,4,4,4,4,4,4,4,4,4,4,4,4,4,4,4,96,0.995,95,4,4,4,4,4,4,4,4,4,4,4,4,4,4,4,4,4,4,4,4,4,4,4,4,4,4,4,4,4,4,4,4,1,50.654,0.506538,0.000,1.000,1,14.250,0.142495,0.000,1.000,1,17.162,0.171616,0.000,1.000,1,46.166,0.461665,0.000,1.000,1,46.257,0.462574,0.000,1.000,1,41.501,0.415009,0.000,1.000,3.112026,3.600588,1.953618,1.264707,0.523882,2.835460,4.105358,1.968281,1.220937,0.547985,2.477208,3.866602,2.084187,1.114847,0.502375,3.039931,4.149561,2.344182,1.118605,0.485476,3.154622,4.083018,2.273254,1.225965,0.546945,2.830409,3.945922,2.182343,1.120907,0.500647,3.231147,3.701613,2.412210,1.195324,0.542786,2.980062,4.344251,2.460678,1.176379,0.563796,3.493557,4.864590,2.475965,1.320165,0.617067,3.055727,4.495796,2.513648,1.391131,0.629070,3.018801,4.340921,2.089285,1.169087,0.582424,2.999846,4.005521,2.305364,1.343008,0.547521,2.759039,3.999164,1.913303,1.068103,0.463965,3.266649,3.878478,2.412769,1.353360,0.574223,2.767851,4.027979,2.366183,1.181058,0.521620,2.836594,3.818462,1.976042,1.138591,0.519535,3.654796,4.283294,2.334138,1.376974,0.590548,2.916157,3.858610,2.037842,1.206586,0.517960,3.346544,3.956645,2.240596,1.251929,0.547454,3.123841,4.382856,2.260322,1.271883,0.595784,3.157013,4.228676,2.329635,1.361510,0.580592,2.657269,3.835780,1.884998,1.087575,0.531357,2.503578,3.802574,2.582624,1.204422,0.540546,3.206554,3.664906,2.019747,1.026749,0.530732,2.990421,3.816559,2.119984,1.232974,0.481606,3.175571,4.244615,2.273343,1.214830,0.524697,2.777746,3.315946,1.903395,1.151463,0.461778,3.386058,3.762034,2.131201,1.332780,0.561666,2.982667,4.756864,2.227723,1.360599,0.568609,2.914874,3.730421,2.006240,1.015978,0.509286,3.248672,4.477865,2.452532,1.172274,0.569466,2.992173,3.607178,2.094510,1.145532,0.508449,neutral,neutral_baseline,good
1783252801.039062,5,0,10.4021,-0.9514,1.1023,-0.6474,-2.5869,-9.5413,-10.8785,-7.1485,-5.5302,1.8459,3.3190,10.3625,11.0099,8.8463,3.9376,1.7314,-1.3831,-2.5834,-3.0434,-6.8861,-4.2537,-0.0366,-2.8309,-0.2557,3.9777,3.6259,-0.9711,-3.1553,-7.3501,-10.2358,-3.1575,-8.8463,95,4,98,,,,0,5,0,0.999836,0.013268,0.018115,0.017715,0.014054,-0.002885,1.011787,31.17239,-4.32639,-40.93211,4,4,4,4,4,4,4,4,4,4,4,4,4,4,4,4,4,4,4,4,4,4,4,4,4,4,4,4,4,4,4,4,96,0.995,95,4,4,4,4,4,4,4,4,4,4,4,4,4,4,4,4,4,4,4,4,4,4,4,4,4,4,4,4,4,4,4,4,1,45.623,0.456234,0.000,1.000,1,20.793,0.207927,0.000,1.000,1,21.932,0.219324,0.000,1.000,1,42.763,0.427626,0.000,1.000,1,44.201,0.442007,0.000,1.000,1,36.531,0.365307,0.000,1.000,2.754213,3.732070,1.988772,1.160070,0.570038,3.053519,4.296357,2.194342,1.248239,0.506331,2.672451,3.796253,1.905014,1.096536,0.459409,2.932147,3.918421,2.105228,1.205702,0.512604,2.867189,4.273861,2.453728,1.229812,0.548068,2.897745,4.477446,2.226926,1.177764,0.554642,2.862376,4.154873,2.593618,1.248040,0.561381,3.083732,4.621280,2.343602,1.169029,0.567866,3.385794,4.238998,2.425071,1.335952,0.602144,3.435983,4.629159,2.394551,1.278156,0.538227,3.161277,3.981047,2.285556,1.200589,0.477085,3.248383,4.172397,2.102102,1.317157,0.568438,2.730665,3.610242,2.041502,1.215429,0.462942,3.405637,4.238274,2.501881,1.108033,0.552212,2.765033,4.083743,2.031760,1.200400,0.554617,2.715956,3.668161,2.077939,1.075144,0.531930,3.516512,4.427503,2.450183,1.157371,0.601913,2.968583,3.860045,2.050726,1.222502,0.531887,2.857152,4.237852,2.394106,1.328428,0.593374,3.285124,4.406939,2.248290,1.248101,0.547061,3.150869,3.766044,2.181837,1.251598,0.563851,2.692509,3.398877,2.029092,1.194192,0.539462,2.962217,3.795888,2.109164,1.245436,0.570583,3.230812,4.144761,2.311189,1.222807,0.564217,3.013004,3.734232,2.205026,1.182242,0.516529,3.292910,4.883279,2.347407,1.213782,0.516395,2.580947,3.536727,2.084584,1.228205,0.478707,3.204928,3.835296,2.243208,1.222068,0.580052,3.173160,4.358471,2.336889,1.198890,0.517882,2.809623,3.862974,2.107090,1.185974,0.534650,3.135947,4.241008,2.597867,1.137306,0.468775,2.789076,3.646207,2.156821,0.952023,0.474790,neutral,neutral_baseline,good
1783252801.046875,6,0,-2.3904,4.8553,-4.3748,-3.3130,-8.5381,-5.3557,-2.9246,0.4476,0.3400,3.1532,6.8786,7.1112,5.2029,-1.2920,0.7480,-2.8051,-5.1771,-4.5244,-3.5667,-4.7152,-3.9747,4.2432,-1.5467,5.3128,4.9503,1.4357,1.8060,-1.4397,-4.9702,-5.1790,-4.5522,3.6385,95,4,98,,,,0,6,0,0.999834,0.013350,0.018238,0.017790,0.017095,-0.003791,1.021311,31.17317,-4.32678,-40.93162,4,4,4,4,4,4,4,4,4,4,4,4,4,4,4,4,4,4,4,4,4,4,4,4,4,4,4,4,4,4,4,4,96,0.995,95,4,4,4,4,4,4,4,4,4,4,4,4,4,4,4,4,4,4,4,4,4,4,4,4,4,4,4,4,4,4,4,4,1,39.890,0.398902,0.000,1.000,1,20.780,0.207799,0.000,1.000,1,21.905,0.219053,0.000,1.000,1,46.224,0.462243,0.000,1.000,1,42.262,0.422623,0.000,1.000,1,38.643,0.386430,0.000,1.000,2.896472,4.023576,2.293482,1.078982,0.538304,2.946159,3.625242,2.012614,1.106675,0.519675,2.839916,3.793869,2.061860,1.061078,0.524143,2.638698,3.789155,2.228535,1.131177,0.550050,3.173314,4.175005,2.163876,1.182035,0.557249,2.872427,3.997357,2.219086,1.165214,0.522577,3.136953,4.094376,2.301812,1.367338,0.543356,3.486805,3.850002,2.421351,1.286195,0.564123,2.987921,4.535340,2.076671,1.319130,0.546059,3.241453,4.657219,2.435478,1.296967,0.586764,3.351611,4.039655,1.903623,1.071672,0.517768,3.278591,3.749851,2.345354,1.147423,0.563710,2.501088,3.531685,2.200086,1.015873,0.480451,3.164577,3.999130,2.111612,1.234718,0.562815,3.366343,3.909660,2.191765,1.265667,0.564984,2.746292,3.760094,2.227292,1.027372,0.500510,3.114092,4.543659,2.334122,1.399679,0.622412,2.961811,4.038753,1.918245,1.161885,0.545388,3.089766,4.343706,2.295035,1.357479,0.566527,3.200998,3.713791,2.405295,1.197674,0.552554,3.442084,3.982797,2.306325,1.279539,0.572712,2.816728,3.488343,2.106084,1.075998,0.433613,2.988596,4.012019,2.234428,1.261451,0.528847,2.993963,3.675329,2.149364,1.227785,0.587702,2.620871,3.894673,2.338549,1.038671,0.504474,3.071755,4.113335,2.359910,1.215306,0.585243,2.834452,3.669218,1.576625,1.093862,0.524959,2.761420,3.653249,2.496367,1.295392,0.586517,3.158625,4.211021,2.156069,1.261424,0.589515,2.827403,3.756945,1.791650,1.155314,0.526768,3.325887,4.119512,2.242342,1.146260,0.551607,2.682303,3.884892,2.117436,1.139258,0.483151,neutral,neutral_baseline,good
1783252801.054688,7,0,3.7255,-1.3012,-2.8072,-10.7246,-2.6789,-6.2354,0.7523,2.9985,1.6046,2.2145,1.7391,0.8732,0.3547,-2.0095,-3.3214,-2.0551,-5.5526,-5.6776,-1.8501,5.8317,2.4261,2.0624,6.2956,5.0114,0.4738,4.7082,-3.3035,-3.5700,-2.2388,-6.5521,-3.7897,0.5355,95,4,98,,,,0,7,0,0.999831,0.013431,0.018360,0.017864,0.019074,0.002052,1.013062,31.17395,-4.32717,-40.93113,4,4,4,4,4,4,4,4,4,4,4,4,4,4,4,4,4,4,4,4,4,4,4,4,4,4,4,4,4,4,4,4,96,0.995,95,4,4,4,4,4,4,4,4,4,4,4,4,4,4,4,4,4,4,4,4,4,4,4,4,4,4,4,4,4,4,4,4,1,42.653,0.426534,0.000,1.000,1,19.635,0.196353,0.000,1.000,1,23.872,0.238721,0.000,1.000,1,45.058,0.450585,0.000,1.000,1,38.073,0.380734,0.000,1.000,1,37.961,0.379613,0.000,1.000,3.192061,3.256865,2.136963,1.183394,0.557859,2.855524,3.741758,2.439629,1.191633,0.508539,2.615010,3.557068,2.041338,1.154535,0.493619,2.815560,3.703148,2.106062,1.157827,0.511326,3.213356,4.053337,2.420151,1.227996,0.539498,2.741176,4.028652,2.108736,1.343238,0.520671,3.096259,3.905646,2.203929,1.143095,0.586608,3.438257,4.435840,2.330548,1.249772,0.596941,3.221350,4.019837,2.423906,1.244666,0.618049,3.234237,4.118035,2.325076,1.141269,0.628421,2.913449,4.196810,2.107665,1.017161,0.557417,3.401927,3.932947,2.234179,1.098691,0.559231,2.951449,3.737385,1.893277,1.036642,0.501581,3.035102,4.151900,2.360757,1.206974,0.482812,3.056208,3.846708,2.162054,1.202714,0.542272,2.449875,3.358191,2.258949,1.072185,0.530834,3.155309,4.275096,2.560598,1.191538,0.575885,2.847470,3.853617,2.030037,1.140698,0.523512,3.009179,3.807673,2.023857,1.123348,0.548042,3.216072,4.092333,2.369596,1.148166,0.541329,3.028615,4.184296,2.173788,1.440923,0.550553,2.635984,4.129578,2.031823,1.064537,0.492995,2.815584,3.668981,2.173317,1.141261,0.504320,2.898129,4.222787,2.109308,1.213624,0.562790,2.669489,3.643628,2.185172,1.182536,0.568151,3.004392,4.191877,2.279407,1.399367,0.607714,2.863517,3.383127,2.024161,1.076508,0.500542,3.153401,4.415156,2.342554,1.255869,0.590887,3.142962,4.629617,2.189585,1.195540,0.586605,2.917080,3.822602,2.136509,1.139013,0.486830,2.979249,3.929803,2.354469,1.132492,0.527519,2.919224,4.005864,2.086979,1.246273,0.486455,neutral,neutral_baseline,good
1783252801.062500,8,0,1.1004,-8.3057,-7.1673,-5.4889,-3.6791,-2.9196,-0.3365,3.7695,5.6068,5.5804,4.4231,-1.0917,-4.7332,-6.6445,-9.6289,-1.9674,-4.7008,0.8081,-0.9856,6.2633,7.0321,7.5107,8.9923,3.4541,0.9974,-2.8366,-4.7463,-5.2876,-6.4483,-6.8889,-2.2538,4.4829,95,4,98,,,,0,8,0,0.999829,0.013511,0.018481,0.017937,0.024141,0.003983,1.017264,31.17471,-4.32757,-40.93064,4,4,4,4,4,4,4,4,4,4,4,4,4,4,4,4,4,4,4,4,4,4,4,4,4,4,4,4,4,4,4,4,96,0.995,95,4,4,4,4,4,4,4,4,4,4,4,4,4,4,4,4,4,4,4,4,4,4,4,4,4,4,4,4,4,4,4,4,1,43.576,0.435764,0.000,1.000,1,21.451,0.214513,0.000,1.000,1,22.152,0.221516,0.000,1.000,1,46.765,0.467652,0.000,1.000,1,43.097,0.430974,0.000,1.000,1,37.482,0.374822,0.000,1.000,2.749820,3.762147,2.181539,1.251123,0.512863,3.233537,4.079484,2.122596,1.173805,0.536655,2.885498,3.615988,2.007789,1.063745,0.497755,3.010822,4.117246,2.195378,1.091969,0.573857,2.917162,3.898432,2.352668,1.294531,0.586462,2.882383,3.897142,2.216552,1.358934,0.499236,2.942779,4.201379,2.341800,1.276952,0.609724,3.206534,4.063938,2.297636,1.221617,0.647248,3.152199,4.309450,2.222292,1.266414,0.550657,2.845107,4.294331,2.416874,1.275138,0.599010,2.819084,4.096110,2.185852,1.109084,0.515277,3.014861,4.409705,2.385959,1.277874,0.556466,2.608293,3.581148,1.910703,1.149832,0.450466,3.158960,4.114467,2.184076,1.288460,0.569236,2.853867,3.830693,2.188890,1.232997,0.577230,2.808429,3.991402,2.079194,1.171329,0.462807,3.450645,4.572591,2.345373,1.338720,0.596598,2.762005,3.937389,2.058190,1.128603,0.497543,2.972010,3.886358,2.146528,1.109438,0.570384,3.020816,3.496595,2.305955,1.196445,0.615454,2.661490,4.275578,2.184663,1.188880,0.606234,2.702481,3.582957,2.006010,1.052534,0.515562,2.955028,3.583451,1.803004,1.244274,0.527629,2.984233,4.204745,2.229421,1.229759,0.574122,2.890087,3.822346,2.182559,1.117282,0.570249,3.077103,3.975800,2.329781,1.364035,0.535587,2.718302,3.734546,2.015735,1.201309,0.490855,2.992041,4.050685,2.263135,1.341914,0.591032,3.311711,4.666002,2.246052,1.277025,0.592105,3.060408,3.591390,2.014811,1.138509,0.540733,3.218636,3.914939,1.862661,1.222682,0.530550,2.705318,3.803989,2.015323,1.108120,0.463730,neutral,neutral_baseline,good
1783252801.070312,9,0,-8.2325,-8.0332,-7.3859,-10.4077,-2.7662,2.2704,2.6288,4.2443,5.5805,-2.8713,2.5162,-3.0712,-4.6524,-1.4712,0.1271,-2.7292,2.6971,3.1920,5.2622,12.1018,5.7183,6.8614,3.2022,-1.4971,-0.9817,-6.6843,-6.7232,-9.1792,-5.2617,-2.9797,0.4460,-3.0148,95,4,98,,,,0,9,0,0.999827,0.013592,0.018603,0.018009,0.026542,0.003328,1.016269,31.17547,-4.32796,-40.93015,4,4,4,4,4,4,4,4,4,4,4,4,4,4,4,4,4,4,4,4,4,4,4,4,4,4,4,4,4,4,4,4,96,0.995,95,4,4,4,4,4,4,4,4,4,4,4,4,4,4,4,4,4,4,4,4,4,4,4,4,4,4,4,4,4,4,4,4,1,47.887,0.478875,0.000,1.000,1,20.855,0.208546,0.000,1.000,1,21.684,0.216840,0.000,1.000,1,46.835,0.468348,0.000,1.000,1,44.939,0.449387,0.000,1.000,1,37.766,0.377660,0.000,1.000,2.776720,3.461631,2.089719,1.133756,0.479853,3.009057,3.312021,1.981588,1.173835,0.518393,2.806927,3.675099,1.835699,1.023767,0.501928,2.819302,3.474765,2.286573,1.113699,0.553259,2.813024,3.980539,2.232430,1.289626,0.583275,2.934372,4.024528,2.332240,1.285207,0.546232,2.958595,4.198851,2.234533,1.241000,0.539943,3.150876,4.230504,2.166783,1.379030,0.619413,3.400525,4.463832,2.587611,1.440822,0.603801,3.134748,4.454651,2.376693,1.355815,0.612779,2.926020,3.960976,1.975313,1.094633,0.471986,2.765641,3.795670,2.390690,1.248413,0.552424,2.962194,3.462551,1.937576,1.205227,0.512359,3.099944,4.349211,2.172364,1.365338,0.598416,2.442036,3.697605,2.034797,1.089640,0.542874,3.205061,3.731533,1.762881,1.164176,0.496450,3.358863,4.313200,2.220864,1.428186,0.604533,2.977569,3.779259,2.018903,1.230712,0.490379,3.158778,3.924942,2.166301,1.107340,0.515248,3.174447,3.996245,2.251289,1.272918,0.573253,2.891322,4.246672,2.378881,1.249407,0.567078,3.186690,3.768282,1.882140,1.106367,0.502589,2.935417,3.635100,2.215158,1.105781,0.555128,2.612976,3.735218,2.415031,1.271305,0.629012,3.022483,4.500276,2.061999,1.271400,0.524374,3.380854,3.994329,2.218724,1.176318,0.620561,2.595080,3.587357,1.869538,1.134461,0.519001,3.083482,3.939725,2.051290,1.369220,0.562874,3.199649,4.590940,2.318733,1.175389,0.614429,2.830380,3.817542,2.314866,1.133281,0.512635,2.866385,4.254942,2.489683,1.198507,0.600555,2.724227,3.742850,2.011287,1.112520,0.444937,neutral,neutral_baseline,good
1783252801.078125,10,0,-11.3081,-13.2257,-4.5241,0.0463,0.0805,5.1198,0.9885,2.1192,5.8589,1.5701,-0.6854,0.8573,-2.4908,-3.4465,-4.0144,1.2462,0.3147,5.3663,7.2402,10.0948,6.3010,0.5682,1.2923,-7.9327,-8.2858,-13.4832,-12.6521,-8.4661,-8.2319,1.7053,5.6183,6.6064,95,4,98,,,,0,10,0,0.999825,0.013671,0.018724,0.018080,0.026971,0.009842,1.009980,31.17621,-4.32836,-40.92966,4,4,4,4,4,4,4,4,4,4,4,4,4,4,4,4,4,4,4,4,4,4,4,4,4,4,4,4,4,4,4,4,96,0.995,95,4,4,4,4,4,4,4,4,4,4,4,4,4,4,4,4,4,4,4,4,4,4,4,4,4,4,4,4,4,4,4,4,1,46.085,0.460851,0.000,1.000,1,24.049,0.240489,0.000,1.000,1,23.195,0.231955,0.000,1.000,1,47.884,0.478836,0.000,1.000,1,40.480,0.404804,0.000,1.000,1,38.036,0.380364,0.000,1.000,2.664355,4.159979,2.014705,1.199344,0.524203,2.758408,4.151902,2.385011,1.121657,0.497883,2.752658,3.991782,2.158149,1.104609,0.529674,2.780827,3.810155,2.164129,1.286460,0.542071,3.079035,4.307089,2.271320,1.149936,0.542634,3.394033,3.996635,2.412766,1.179129,0.549744,3.236648,3.607780,2.336950,1.156767,0.509324,3.163672,4.378638,2.495097,1.259681,0.528680,3.057866,4.309992,2.296707,1.181777,0.530649,3.207797,4.501807,2.406145,1.149978,0.610827,2.934904,3.490094,2.346930,1.169856,0.514340,2.738911,3.873246,2.325189,1.341498,0.546474,3.032363,3.693086,1.914586,1.246260,0.536620,3.126456,3.943945,2.194063,1.318305,0.569802,3.117640,3.959782,2.334815,1.120199,0.578131,2.842736,3.681190,1.964798,1.137825,0.560281,2.705154,4.185371,2.226767,1.346720,0.586919,3.069651,3.756612,2.225196,1.188967,0.441421,3.192676,4.588591,2.439514,1.205739,0.550290,2.959406,3.843474,2.440382,1.243823,0.578477,3.347686,4.239225,2.350518,1.226677,0.540195,3.117446,3.721101,1.888198,1.151857,0.465628,3.293142,3.701978,2.335554,1.163336,0.513636,2.980730,3.319290,2.332052,1.129620,0.522050,3.011028,3.720757,2.183640,1.145219,0.513217,3.284027,4.359909,2.370691,1.320293,0.584805,2.790125,3.801099,2.093125,1.049161,0.508029,3.137283,3.911357,2.368111,1.249039,0.546891,3.293575,3.950691,1.927899,1.467666,0.603389,3.036935,3.873642,2.052375,1.150897,0.501612,3.118772,4.453820,2.138892,1.096089,0.534283,2.792306,3.587978,2.112190,1.178123,0.507629,neutral,neutral_baseline,good
1783252801.085938,11,0,-3.9026,-2.7871,-1.0221,-3.9796,3.2276,5.4076,0.1114,2.8567,4.8698,-3.9623,1.8916,-1.4189,-0.7911,2.6699,0.4606,1.0820,1.8256,4.1638,6.6019,-0.2167,2.0564,-3.3108,-6.3810,-9.0820,-7.4304,-8.0192,-8.3155,-2.9142,3.3180,3.0361,11.4045,7.8187,95,4,98,,,,0,11,0,0.999822,0.013751,0.018845,0.018149,0.017035,-0.010996,1.013293,31.17695,-4.32876,-40.92917,4,4,4,4,4,4,4,4,4,4,4,4,4,4,4,4,4,4,4,4,4,4,4,4,4,4,4,4,4,4,4,4,96,0.995,95,4,4,4,4,4,4,4,4,4,4,4,4,4,4,4,4,4,4,4,4,4,4,4,4,4,4,4,4,4,4,4,4,1,44.585,0.445853,0.000,1.000,1,17.846,0.178457,0.000,1.000,1,22.383,0.223831,0.000,1.000,1,45.143,0.451426,0.000,1.000,1,43.567,0.435669,0.000,1.000,1,41.838,0.418381,0.000,1.000,3.156517,3.876199,2.065419,1.138438,0.540491,2.884945,3.545054,2.122276,1.203033,0.507612,2.593348,3.918229,2.058590,1.073962,0.569437,2.844455,3.777441,2.121947,1.158904,0.521489,2.929846,4.032865,2.254472,1.251914,0.614005,3.231169,4.392884,2.273627,1.229766,0.553615,3.012003,3.517778,2.233341,1.196960,0.609824,3.285943,4.321194,2.462698,1.359879,0.594208,3.122116,4.339402,2.441652,1.327217,0.639494,3.364146,4.147308,2.154916,1.338137,0.550485,2.714304,3.578425,2.149152,1.133493,0.587877,2.947253,4.045431,2.234222,1.273003,0.549457,2.723278,3.779555,2.101639,1.119343,0.554773,3.282774,4.493696,2.233908,1.231527,0.555218,2.891258,4.156001,2.246243,1.190099,0.501821,2.750332,3.305606,2.002644,1.163778,0.454098,3.301868,4.280032,2.403834,1.338155,0.557796,2.552705,3.762306,2.041366,1.330903,0.567681,2.880826,4.281057,2.376662,1.258273,0.536819,3.202217,3.919452,2.274078,1.238285,0.542051,2.802919,4.400181,2.094672,1.298800,0.604886,2.781346,3.763892,1.940570,1.156050,0.541400,3.508584,3.456227,2.210066,1.240866,0.502145,2.994097,3.914592,2.304607,1.220238,0.524432,2.636818,4.069570,2.121177,1.121315,0.523343,3.285187,4.140062,2.225579,1.200456,0.575076,2.613623,3.508332,1.761697,1.146805,0.489108,3.064737,3.690227,2.235769,1.324972,0.613392,3.268903,4.407469,2.270882,1.144741,0.579050,2.733639,3.810683,2.104311,1.173190,0.560087,2.774514,3.594223,2.358718,1.230930,0.548757,2.564814,3.839089,2.035443,1.044277,0.434601,neutral,neutral_baseline,good
1783252801.093750,12,0,-5.9556,-0.0905,-3.2824,5.0624,7.4877,2.7388,6.7041,5.2918,0.8414,-0.4637,-0.9537,0.7302,-2.3163,2.8945,-2.7867,9.0256,3.5026,2.3148,4.7261,-4.0943,-0.6164,-4.8145,-5.4348,-9.5841,-7.9274,-4.4912,-6.2712,5.7601,7.8076,10.6259,7.5293,10.0750,95,4,98,,,,0,12,0,0.999820,0.013830,0.018965,0.018217,-0.000464,0.008202,1.015504,31.17767,-4.32917,-40.92869,4,4,4,4,4,4,4,4,4,4,4,4,4,4,4,4,4,4,4,4,4,4,4,4,4,4,4,4,4,4,4,4,96,0.995,95,4,4,4,4,4,4,4,4,4,4,4,4,4,4,4,4,4,4,4,4,4,4,4,4,4,4,4,4,4,4,4,4,1,44.823,0.448232,0.000,1.000,1,16.316,0.163161,0.000,1.000,1,22.367,0.223669,0.000,1.000,1,46.769,0.467694,0.000,1.000,1,41.074,0.410745,0.000,1.000,1,40.306,0.403060,0.000,1.000,2.874871,3.941867,2.281716,1.106644,0.527696,2.768153,3.985698,2.089512,1.075001,0.533297,2.835320,4.257534,2.139575,1.234793,0.545447,2.930061,3.910278,2.133745,1.153653,0.570399,3.243155,3.870762,2.438209,1.262004,0.568549,2.951217,4.214820,2.027321,1.233638,0.578866,3.039921,4.065925,2.193800,1.434573,0.618511,3.393643,4.752237,2.046412,1.310318,0.596632,3.024252,4.085000,2.202500,1.207397,0.535321,3.167471,4.479363,2.272692,1.255299,0.664568,2.547613,3.911406,2.053463,1.178158,0.508380,2.894252,4.386874,2.107369,1.159783,0.558843,2.732279,3.716807,2.192877,1.217666,0.552359,3.238050,4.472375,2.577162,1.231029,0.595783,2.866188,4.026117,2.098102,1.053125,0.551382,2.728306,3.655678,1.946533,1.152948,0.517743,2.918456,4.370415,2.159460,1.204455,0.607946,2.806509,3.277197,2.070232,1.121902,0.489271,3.064701,4.176640,2.024723,1.141810,0.579818,3.272276,4.204996,2.210052,1.355125,0.555101,3.095211,4.088244,2.461448,1.190067,0.566573,2.823558,3.498489,1.943556,1.135573,0.533324,2.974829,3.897751,2.263158,1.086797,0.520155,2.831981,3.971217,2.084674,1.211514,0.559396,3.085534,3.824255,2.120766,1.254374,0.571210,3.367468,4.263546,2.125821,1.321041,0.605766,2.848139,3.483840,2.092155,1.020070,0.503176,3.260439,4.122915,2.285200,1.282841,0.570655,3.508364,3.952875,2.398976,1.296836,0.640373,2.613614,3.924167,1.989690,1.061107,0.528142,3.019267,4.080629,1.950601,1.301634,0.609923,2.754533,3.894851,2.169911,1.091849,0.511245,neutral,neutral_baseline,good
1783252801.101562,13,0,0.1291,4.2438,3.4064,8.2148,1.6014,-1.0006,1.2135,-5.2782,-2.6879,-1.8397,-7.5755,-2.9150,-0.7948,0.9646,0.8965,6.0287,3.7636,2.4701,-1.7085,-2.7577,-5.2406,-6.5229,-6.1704,-7.7323,-3.4510,-0.8334,-1.0101,5.2834,4.1421,12.2175,9.3388,4.2590,95,4,98,,,,0,13,0,0.999818,0.013908,0.019085,0.018284,0.016196,-0.011441,1.012491,31.17838,-4.32958,-40.92820,4,4,4,4,4,4,4,4,4,4,4,4,4,4,4,4,4,4,4,4,4,4,4,4,4,4,4,4,4,4,4,4,96,0.995,95,4,4,4,4,4,4,4,4,4,4,4,4,4,4,4,4,4,4,4,4,4,4,4,4,4,4,4,4,4,4,4,4,1,44.742,0.447420,0.000,1.000,1,17.773,0.177726,0.000,1.000,1,24.832,0.248316,0.000,1.000,1,50.630,0.506296,0.000,1.000,1,43.057,0.430571,0.000,1.000,1,42.380,0.423798,0.000,1.000,3.104259,3.819921,2.285278,1.130939,0.505621,2.771150,3.655415,2.111744,1.114548,0.542158,2.707707,3.842423,1.933435,1.124173,0.529946,2.993342,4.152286,2.268880,1.286002,0.536222,2.849480,3.945337,2.373790,1.473707,0.613334,2.897290,4.301135,2.193520,1.192551,0.528398,3.649752,4.089780,2.181738,1.211664,0.600606,3.059641,4.412809,2.360840,1.242123,0.682127,3.200626,4.527241,2.255679,1.245475,0.601392,3.062869,4.714187,2.576490,1.374346,0.589289,2.964793,3.791433,2.347497,1.290772,0.545600,3.052163,4.394488,2.219810,1.203516,0.542842,2.819530,3.816109,2.031735,1.173065,0.505114,3.270808,4.515482,2.493358,1.262439,0.612064,2.973767,4.152858,2.042757,1.058155,0.580990,2.681535,3.830909,2.042882,1.044150,0.540144,3.191983,4.596561,2.478842,1.237687,0.634805,2.588230,4.009884,2.174823,1.154310,0.563535,2.738399,4.156711,2.124565,1.208877,0.568591,3.043394,4.056327,2.307916,1.220026,0.541420,2.941677,3.928606,2.142127,1.234367,0.550211,2.877027,3.725086,1.981090,1.140035,0.498241,3.092538,3.626595,2.180610,1.206604,0.603445,2.785436,3.621872,2.127741,1.154698,0.541657,3.231096,3.710161,2.054122,1.127608,0.576694,2.979482,4.141993,2.187636,1.195999,0.567850,2.688024,3.425151,1.966677,1.237729,0.501674,3.147795,4.284785,2.318072,1.177014,0.512383,2.787464,4.080175,2.075457,1.295443,0.579145,2.764738,3.811704,1.821697,1.166709,0.558408,2.892926,4.224862,2.164046,1.338258,0.606869,2.650654,3.577063,2.012230,1.204943,0.491532,neutral,neutral_baseline,good
1783252801.109375,14,0,3.5873,3.3334,7.1296,6.8156,2.2665,0.4961,-2.6472,-4.5824,-3.1426,-5.9389,-8.7221,-3.6817,-0.0550,3.7814,4.8702,2.6849,3.1728,0.1982,-0.5852,-0.5818,-9.0452,-2.6983,-5.6069,-9.5873,-0.5324,1.5253,6.3314,12.2017,11.6779,12.1983,8.5121,-2.9019,95,4,98,,,,0,14,0,0.999816,0.013987,0.019205,0.018350,0.001135,0.001586,1.012535,31.17908,-4.32999,-40.92772,4,4,4,4,4,4,4,4,4,4,4,4,4,4,4,4,4,4,4,4,4,4,4,4,4,4,4,4,4,4,4,4,96,0.995,95,4,4,4,4,4,4,4,4,4,4,4,4,4,4,4,4,4,4,4,4,4,4,4,4,4,4,4,4,4,4,4,4,1,43.083,0.430825,0.000,1.000,1,18.821,0.188212,0.000,1.000,1,23.918,0.239176,0.000,1.000,1,44.873,0.448726,0.000,1.000,1,44.524,0.445235,0.000,1.000,1,41.104,0.411037,0.000,1.000,3.342882,3.936172,2.060230,1.086554,0.492109,3.009651,4.098304,2.275233,1.137724,0.561234,2.693765,3.780852,2.110886,1.122592,0.426986,2.854000,4.095077,2.281300,1.126197,0.530127,2.814313,4.188426,2.450062,1.082712,0.591803,2.985485,4.064221,2.335325,1.259941,0.597164,3.058162,4.357820,2.236830,1.148313,0.543907,3.329033,4.073612,2.284796,1.236374,0.538980,3.453680,4.494511,2.274963,1.494912,0.599416,3.185918,4.696910,2.563112,1.217964,0.540008,3.053848,4.007385,2.346193,1.153550,0.528864,3.043742,3.944967,2.171461,1.198378,0.517392,2.875073,4.084150,2.100279,1.092015,0.525364,3.135472,4.089408,2.243995,1.416429,0.574390,2.804177,4.010333,2.237267,1.157309,0.538055,2.678509,3.691043,2.127972,1.140515,0.512453,3.101484,4.642703,2.322419,1.333217,0.596776,2.783130,3.495752,2.243227,1.189464,0.530486,3.203919,3.939890,2.408851,1.387920,0.591937,2.468252,3.870481,2.471478,1.266393,0.599042,3.041419,4.187068,2.420998,1.265790,0.549019,2.731821,3.705985,1.936761,1.049414,0.532180,3.191072,4.094761,2.198800,1.102169,0.567551,2.841608,3.719383,2.094228,1.085024,0.561651,2.833624,3.605305,2.155675,1.120994,0.517480,2.835724,4.518674,2.184598,1.336072,0.555577,2.608383,3.392224,1.957687,1.051552,0.514978,2.842265,4.525121,2.429046,1.105785,0.523864,3.060663,4.570249,2.239406,1.363702,0.628645,2.946776,3.750047,2.380368,1.080913,0.569074,2.841281,3.871470,2.101086,1.218399,0.543434,2.725664,3.612065,2.187633,1.146143,0.517965,neutral,neutral_baseline,good
1783252801.117188,15,0,5.7238,6.4127,1.3984,0.4508,-3.7155,-2.5645,-5.4054,-5.8583,-9.6898,-6.5613,-0.8091,0.6099,3.4698,7.4999,9.8169,5.9481,1.8647,1.5331,-3.7221,-6.1964,-10.5440,-6.0137,-0.0479,0.5411,3.8481,11.4952,8.2833,8.0684,11.4811,5.1051,1.5306,-4.2247,95,4,98,,,,0,15,0,0.999813,0.014064,0.019325,0.018414,0.006083,-0.010788,1.003794,31.17977,-4.33040,-40.92723,4,4,4,4,4,4,4,4,4,4,4,4,4,4,4,4,4,4,4,4,4,4,4,4,4,4,4,4,4,4,4,4,96,0.995,95,4,4,4,4,4,4,4,4,4,4,4,4,4,4,4,4,4,4,4,4,4,4,4,4,4,4,4,4,4,4,4,4,1,45.818,0.458175,0.000,1.000,1,20.199,0.201993,0.000,1.000,1,23.716,0.237165,0.000,1.000,1,50.486,0.504858,0.000,1.000,1,44.311,0.443107,0.000,1.000,1,35.110,0.351105,0.000,1.000,2.719498,4.249090,2.226423,1.242494,0.520738,3.141784,3.860888,2.049901,1.212962,0.497562,2.768420,3.813342,2.107269,1.082072,0.522532,3.053089,4.204394,2.157254,1.026942,0.492399,3.126337,3.971001,2.160562,1.421540,0.594923,3.013125,3.812285,2.222476,1.259215,0.565778,3.129395,3.790510,2.171512,1.093732,0.536820,3.289964,4.344288,2.444152,1.297040,0.571236,3.270955,4.356790,2.405088,1.323599,0.585572,3.113733,4.475969,2.424888,1.381985,0.619637,2.914426,3.965310,1.915583,1.055490,0.575629,3.171424,4.037961,2.262886,1.183493,0.592096,2.854157,3.634276,2.186332,1.186295,0.488641,2.856027,4.414158,2.366694,1.256929,0.566874,2.757125,4.099801,2.187028,1.129636,0.520523,2.852333,3.787543,1.811197,1.072115,0.491055,3.760867,4.280034,2.321447,1.178562,0.630680,2.899893,4.085382,2.079370,1.074188,0.454394,3.178462,4.202477,2.043098,1.235679,0.561029,3.256609,4.211989,2.222743,1.216755,0.509466,3.482754,4.205421,2.274169,1.422998,0.565257,2.918046,3.933474,2.048620,1.100930,0.542718,2.953820,3.697267,2.221047,1.100331,0.509090,3.155252,3.615171,2.347660,1.123397,0.543062,3.065152,3.556815,2.181782,1.240209,0.561450,2.865702,4.419635,2.233902,1.336413,0.591619,2.924608,3.388758,2.036711,1.046749,0.544995,2.900703,4.788488,2.221080,1.361086,0.552215,2.992467,4.101230,2.322602,1.236754,0.547874,2.985533,4.136305,2.120522,1.119226,0.595151,3.343476,3.560904,2.079161,1.272967,0.567743,2.701022,3.708875,1.946275,1.092291,0.509635,neutral,neutral_baseline,good
1783252801.125000,16,0,5.5271,4.0540,-0.4720,-2.4897,-1.7468,-5.6211,-4.6859,-6.3416,-0.4427,1.0629,3.6937,8.3166,8.4123,9.0079,6.8961,1.6748,-2.5870,-4.0694,-7.1958,-4.0644,-8.6592,-8.5645,-4.9611,-1.1187,4.9926,9.5520,7.5066,2.1667,2.7738,0.3512,-2.5480,-9.1948,95,4,98,,,,0,16,0,0.999811,0.014142,0.019444,0.018478,-0.000292,-0.005410,1.009074,31.18045,-4.33082,-40.92675,4,4,4,4,4,4,4,4,4,4,4,4,4,4,4,4,4,4,4,4,4,4,4,4,4,4,4,4,4,4,4,4,96,0.995,95,4,4,4,4,4,4,4,4,4,4,4,4,4,4,4,4,4,4,4,4,4,4,4,4,4,4,4,4,4,4,4,4,1,41.040,0.410402,0.000,1.000,1,18.900,0.189005,0.000,1.000,1,23.654,0.236544,0.000,1.000,1,44.902,0.449020,0.000,1.000,1,46.568,0.465680,0.000,1.000,1,40.972,0.409721,0.000,1.000,3.228074,4.373487,1.954150,1.210024,0.456566,3.121590,3.775628,2.261997,1.275224,0.501756,2.860998,3.928757,1.948519,1.041561,0.510039,2.698251,3.777416,2.206090,1.212733,0.561671,3.118301,4.154771,2.379909,1.198938,0.591097,2.744691,4.248911,2.006078,1.199725,0.580372,3.052302,3.911667,2.374424,1.258944,0.573924,3.232516,4.551598,2.300781,1.319898,0.553979,3.307699,4.493366,2.467569,1.265359,0.634111,3.494834,4.603739,2.372753,1.326448,0.552034,3.010481,3.805701,1.952005,1.128379,0.471938,3.304294,4.264988,2.356877,1.281760,0.626374,2.650742,3.820165,2.031347,1.086166,0.514498,3.202835,4.216734,2.285147,1.342061,0.563801,2.809429,3.806342,2.233001,1.169658,0.500116,2.820880,4.023572,2.057369,1.258179,0.527218,2.867792,4.349115,2.529048,1.435388,0.588861,2.927114,4.193334,1.987764,1.041129,0.478372,3.633461,4.270888,2.171102,1.175071,0.588036,3.676911,4.172154,2.306663,1.212329,0.614748,3.022758,4.317279,2.392452,1.269587,0.587179,2.465984,3.623834,1.929812,1.113285,0.515763,2.992312,4.294471,1.890134,1.039606,0.560301,3.011263,4.309081,2.161793,1.238314,0.539365,2.870872,3.514588,2.028033,1.161502,0.531998,3.133345,3.979524,2.488502,1.262878,0.537678,2.684582,3.862248,1.967869,1.079781,0.502884,2.859552,4.337971,2.258122,1.397886,0.569874,3.122467,4.163978,2.485084,1.263064,0.606922,3.177277,3.407856,2.119821,1.132567,0.519708,2.927130,3.727834,2.237261,1.190370,0.513280,2.831532,3.614011,2.093216,1.025486,0.492579,neutral,neutral_baseline,good
1783252801.132812,17,0,2.9778,-0.1854,-4.7956,-4.6768,-3.9976,-1.6746,-1.8403,-3.0213,-2.7552,4.3494,5.5529,6.5550,10.0120,7.0588,3.8101,1.9974,-4.4510,-3.0797,-11.6972,-6.2120,-9.7775,3.3984,3.5033,4.7561,9.0236,4.3267,5.3693,4.3763,-0.5245,-1.4970,-3.8017,-6.0475,95,4,98,,,,0,17,0,0.999809,0.014219,0.019563,0.018540,0.016812,-0.001122,1.016109,31.18112,-4.33123,-40.92626,4,4,4,4,4,4,4,4,4,4,4,4,4,4,4,4,4,4,4,4,4,4,4,4,4,4,4,4,4,4,4,4,96,0.995,95,4,4,4,4,4,4,4,4,4,4,4,4,4,4,4,4,4,4,4,4,4,4,4,4,4,4,4,4,4,4,4,4,1,45.017,0.450170,0.000,1.000,1,21.681,0.216805,0.000,1.000,1,21.580,0.215804,0.000,1.000,1,43.568,0.435683,0.000,1.000,1,41.209,0.412088,0.000,1.000,1,36.225,0.362246,0.000,1.000,2.914840,3.849727,2.171120,1.180812,0.465192,2.789656,4.177190,2.298270,1.152978,0.584555,2.382540,3.868537,2.025110,1.059361,0.546487,2.646605,4.000564,1.845859,1.152564,0.561453,2.989231,3.677720,2.375122,1.345190,0.522464,2.740319,4.051330,2.432639,1.231060,0.497505,3.402475,3.797804,2.304731,1.291071,0.589748,3.411810,4.034076,2.373061,1.207505,0.610392,3.338458,4.312265,2.457681,1.463266,0.566506,3.325008,4.272964,2.529136,1.286264,0.577912,3.111073,4.043275,2.289021,1.253492,0.597542,3.061111,4.543561,2.010929,1.345946,0.554693,2.590870,3.713125,2.242530,1.174137,0.566179,3.208058,4.829728,2.640655,1.329260,0.607724,2.826887,4.020404,2.141235,1.146425,0.572472,2.950473,3.674897,2.063559,1.069382,0.502605,3.133075,4.712224,2.271415,1.459416,0.606764,3.082378,3.787716,1.916726,1.032356,0.503235,2.952857,4.474019,2.312777,1.597094,0.525041,2.664576,3.686635,2.174702,1.226755,0.530105,3.318446,4.237307,2.416249,1.169750,0.556156,2.845902,3.797253,1.994412,1.104668,0.457083,2.895350,3.895884,2.366262,1.151786,0.503446,3.054205,3.625014,2.055448,1.134302,0.507979,3.144616,3.938507,2.015130,1.256793,0.565878,3.664173,4.309799,2.103353,1.224506,0.578612,2.661551,4.028052,1.992220,1.073082,0.543498,3.290937,4.215951,2.198926,1.325969,0.567464,3.316064,3.848231,2.333683,1.251176,0.604472,2.912087,3.752080,2.102407,1.071814,0.488194,2.780683,4.230961,2.241048,1.091061,0.577547,2.726818,4.082308,2.081976,1.137129,0.462159,neutral,neutral_baseline,good
1783252801.140625,18,0,-3.9230,-3.2914,-4.8130,-4.1515,-4.2153,-1.3820,-1.3960,-0.0103,4.9959,4.7953,12.7611,3.9024,7.1007,4.5941,0.6176,-5.1573,-10.4913,-6.0238,-9.4743,-10.3809,-6.7155,1.1908,1.5562,10.0485,12.1357,10.6786,7.2916,4.1787,1.2251,-4.3623,-9.0500,-7.1777,95,4,98,,,,0,18,0,0.999806,0.014295,0.019681,0.018600,0.020173,-0.013902,1.013638,31.18178,-4.33165,-40.92578,4,4,4,4,4,4,4,4,4,4,4,4,4,4,4,4,4,4,4,4,4,4,4,4,4,4,4,4,4,4,4,4,96,0.995,95,4,4,4,4,4,4,4,4,4,4,4,4,4,4,4,4,4,4,4,4,4,4,4,4,4,4,4,4,4,4,4,4,1,46.085,0.460852,0.000,1.000,1,20.928,0.209278,0.000,1.000,1,23.021,0.230209,0.000,1.000,1,49.632,0.496316,0.000,1.000,1,48.217,0.482168,0.000,1.000,1,33.791,0.337909,0.000,1.000,3.266946,3.942850,2.244182,1.214780,0.512199,3.067834,3.864307,2.294162,1.317436,0.560642,2.736801,4.181572,2.049474,1.122593,0.394166,2.631004,3.997603,2.134515,1.288754,0.533789,2.973047,4.397119,2.362782,1.267960,0.584861,2.735226,4.124956,2.174119,1.238981,0.549376,2.985758,4.161851,2.099368,1.268893,0.568166,3.315668,3.804663,2.453974,1.228728,0.619668,3.147158,4.472279,2.335385,1.239175,0.594922,3.338728,4.309322,2.242936,1.279739,0.543686,3.102828,3.922673,2.052855,1.248942,0.579865,3.173597,3.987263,2.228612,1.195110,0.567307,2.699383,4.153154,2.113807,1.100285,0.459463,3.173193,3.869628,2.517082,1.313588,0.570691,2.889164,4.062824,2.447003,1.288995,0.550022,2.926441,3.763357,2.086171,1.239642,0.498078,2.985990,3.855976,2.312962,1.310099,0.621397,2.583276,3.981181,2.165747,1.157492,0.477171,3.125343,4.314982,2.226718,1.249033,0.584906,2.804509,4.066894,2.109105,1.148988,0.560735,3.009517,4.430951,2.213387,1.227254,0.571267,2.990561,3.635889,1.957622,1.226512,0.490027,3.055793,3.982541,2.092104,1.105047,0.574076,2.804723,3.859937,2.090658,1.141920,0.529371,3.075827,3.825223,1.968805,1.073666,0.550612,3.358732,4.121855,2.149299,1.232477,0.585040,3.015544,4.141277,2.303818,1.131258,0.559285,3.352199,4.221269,2.136517,1.175679,0.613427,3.014774,4.039788,2.307827,1.292923,0.631591,2.978642,3.854553,2.007311,1.113268,0.486002,2.894640,4.459738,2.167175,1.231442,0.505676,2.759285,3.580618,2.162610,1.113839,0.543751,neutral,neutral_baseline,good
1783252801.148438,19,0,-2.7252,-5.3957,-3.7989,-3.3171,-5.2024,-8.0018,4.0782,2.0214,7.0475,11.0209,3.6107,1.9057,-0.4406,-3.1696,-4.0237,-12.3169,-8.6602,-10.4465,-7.8614,-5.1909,0.9329,7.4635,11.4087,11.3618,11.3908,5.5233,7.7519,0.3198,-0.0389,-7.5147,-4.6520,-5.3783,95,4,98,,,,0,19,0,0.999804,0.014371,0.019799,0.018660,0.010187,-0.011692,1.006596,31.18242,-4.33208,-40.92529,4,4,4,4,4,4,4,4,4,4,4,4,4,4,4,4,4,4,4,4,4,4,4,4,4,4,4,4,4,4,4,4,96,0.995,95,4,4,4,4,4,4,4,4,4,4,4,4,4,4,4,4,4,4,4,4,4,4,4,4,4,4,4,4,4,4,4,4,1,45.772,0.457719,0.000,1.000,1,18.952,0.189525,0.000,1.000,1,22.955,0.229552,0.000,1.000,1,50.047,0.500471,0.000,1.000,1,40.215,0.402152,0.000,1.000,1,43.712,0.437122,0.000,1.000,2.777850,4.048467,2.091319,1.118390,0.549010,2.967637,3.860878,2.157982,1.257398,0.590085,2.865220,3.708381,2.080595,1.038796,0.521173,3.174762,3.967261,2.352796,1.226116,0.581663,2.992914,3.912920,2.230569,1.105841,0.596343,3.283943,3.972591,2.373556,1.204956,0.577810,3.302395,4.109999,2.089317,1.326962,0.561911,3.181635,4.597314,2.362553,1.171002,0.611444,3.192712,3.892532,2.448779,1.443914,0.611105,3.374040,4.565377,2.301971,1.313594,0.519557,2.843054,3.786670,2.025450,1.182302,0.486366,3.425198,4.766000,2.496330,1.273222,0.509451,2.786382,3.718919,2.081299,1.154284,0.456674,3.423801,4.324212,2.146449,1.157307,0.652131,3.053011,4.040649,2.157887,1.046489,0.531828,2.641888,4.166527,2.006793,1.123001,0.551925,3.348710,4.955626,2.388839,1.377772,0.581697,2.796061,3.813930,1.804472,1.116892,0.499920,3.150641,4.121975,2.206849,1.312600,0.582485,3.053082,4.234177,2.426250,1.332612,0.532367,2.859259,4.240052,2.417277,1.193518,0.570042,2.939221,3.685074,2.119166,1.222093,0.521155,2.695341,3.903457,2.026380,1.174535,0.538797,2.863348,3.916498,2.297833,1.084720,0.517552,2.857701,3.730445,2.246420,1.005663,0.573670,3.478504,3.992269,2.544934,1.185461,0.602280,2.674657,3.602873,2.195569,1.183528,0.494240,2.937215,4.273008,2.133367,1.326398,0.585823,3.326325,4.280781,2.247820,1.363633,0.578963,2.881872,3.709457,2.327180,1.167610,0.558750,2.838622,4.132213,2.202502,1.115007,0.516971,2.485548,3.568807,2.067950,1.153957,0.526632,neutral,neutral_baseline,good
1783252801.156250,20,0,-0.0313,-3.8120,-7.6752,-5.3640,-4.0208,-5.8140,1.0700,4.8263,0.8737,5.8768,6.7150,1.7995,-3.9800,-7.7411,-9.1689,-11.8029,-11.3469,-6.8714,-2.0393,3.8713,3.2921,9.3210,11.7656,11.0447,9.7178,1.7374,-0.1250,-4.3092,-6.5105,-10.0849,-11.1166,-2.3033,95,4,98,,,,0,20,0,0.999802,0.014447,0.019917,0.018718,0.013792,0.005935,1.021120,31.18306,-4.33250,-40.92481,4,4,4,4,4,4,4,4,4,4,4,4,4,4,4,4,4,4,4,4,4,4,4,4,4,4,4,4,4,4,4,4,96,0.995,95,4,4,4,4,4,4,4,4,4,4,4,4,4,4,4,4,4,4,4,4,4,4,4,4,4,4,4,4,4,4,4,4,1,47.147,0.471469,0.000,1.000,1,21.558,0.215583,0.000,1.000,1,22.303,0.223033,0.000,1.000,1,46.351,0.463508,0.000,1.000,1,44.239,0.442392,0.000,1.000,1,33.719,0.337190,0.000,1.000,3.038679,4.112799,2.226219,1.286971,0.557440,2.898097,3.837776,2.110246,1.264516,0.520820,2.721573,3.380774,2.157577,1.013500,0.552833,2.804111,4.158765,2.043506,1.067433,0.485019,2.914001,3.873378,2.202073,1.312908,0.587835,2.986078,3.951371,2.238417,1.210481,0.524218,3.529392,4.007849,2.226830,1.317353,0.625486,3.444331,4.190558,2.298502,1.151636,0.618848,3.165999,3.748500,2.394071,1.361004,0.615997,3.383635,4.599310,2.393691,1.335606,0.595502,2.780733,3.536228,2.405014,1.306046,0.552769,3.304781,3.773742,2.309431,1.242462,0.590116,2.806709,3.811180,2.027992,1.196295,0.499992,3.030245,4.242660,2.438575,1.352030,0.554053,2.897202,4.205375,2.279947,1.335414,0.483824,3.058891,3.527223,2.050946,1.017382,0.474961,2.886162,4.661010,2.366659,1.384162,0.518594,2.635621,3.862320,2.112354,1.143068,0.506487,3.089394,3.952090,2.146030,1.332831,0.539964,3.276881,4.391226,2.206185,1.193835,0.538544,2.767703,4.266666,2.226259,1.265076,0.595699,2.899524,3.494111,1.830282,1.107195,0.527202,3.082421,3.990279,2.209170,1.154302,0.585907,2.741781,3.721435,2.066543,1.068194,0.594828,2.915052,4.169773,1.924129,1.140525,0.492114,2.937503,4.036471,1.938644,1.186239,0.550081,2.877762,3.783457,2.059697,1.148265,0.512472,2.909794,4.286640,2.189401,1.277189,0.611644,3.339697,4.180355,2.312599,1.261416,0.642199,2.836503,3.876058,2.062764,1.144603,0.474954,2.770429,4.014866,2.458463,1.159462,0.546747,2.641074,3.786358,1.985844,1.242331,0.538791,neutral,neutral_baseline,good
1783252801.164062,21,0,-4.5574,-9.7240,-7.7509,-3.6796,-5.3119,2.9128,4.4469,7.8923,2.4619,1.8459,1.6116,-5.5508,-4.7607,-9.9405,-12.5849,-6.2414,-6.5313,-2.8195,1.1099,12.2190,16.2467,13.0301,11.4453,7.5223,3.2605,-3.2401,-7.5253,-6.5195,-13.0403,-8.4111,-8.3704,-1.9935,95,4,98,,,,0,21,0,0.999799,0.014522,0.020035,0.018775,0.000315,-0.007944,1.007788,31.18368,-4.33293,-40.92433,4,4,4,4,4,4,4,4,4,4,4,4,4,4,4,4,4,4,4,4,4,4,4,4,4,4,4,4,4,4,4,4,96,0.995,95,4,4,4,4,4,4,4,4,4,4,4,4,4,4,4,4,4,4,4,4,4,4,4,4,4,4,4,4,4,4,4,4,1,41.935,0.419352,0.000,1.000,1,21.386,0.213861,0.000,1.000,1,24.913,0.249128,0.000,1.000,1,48.738,0.487384,0.000,1.000,1,41.576,0.415763,0.000,1.000,1,40.629,0.406294,0.000,1.000,2.674087,4.218628,2.142695,1.215014,0.572136,2.921395,3.731790,2.179070,1.142407,0.473477,2.618514,4.134457,2.174798,1.196317,0.502158,2.835657,4.098674,1.839288,1.270058,0.562969,2.868379,4.425016,2.139332,1.224282,0.573575,2.868388,3.840846,2.202394,1.347565,0.529718,2.891977,3.950671,2.312810,1.169111,0.559911,3.126954,4.174238,2.412577,1.193562,0.588663,3.215208,4.246867,2.500366,1.324063,0.674298,3.045064,4.425718,2.590471,1.320638,0.609309,2.971402,4.036380,2.281818,1.275297,0.528950,3.119940,3.713616,2.235703,1.133594,0.559669,2.531527,3.476727,2.005236,1.134069,0.525594,3.189555,4.281453,2.334228,1.203389,0.632186,2.959810,4.079871,2.334286,1.236241,0.508550,2.796180,3.576457,2.118841,1.216079,0.504871,3.209416,4.457240,2.508052,1.395025,0.592208,2.792638,3.857732,2.097347,1.163281,0.498413,3.094745,4.557690,2.243858,1.113302,0.561262,3.371780,4.179242,2.160005,1.392842,0.580520,3.280130,3.991311,2.301334,1.348090,0.573318,2.656078,3.816534,1.910734,1.149003,0.471002,2.683613,3.826220,2.086359,1.289340,0.552739,2.970047,4.013756,2.111167,1.236396,0.556032,3.247295,3.722812,2.267942,1.119074,0.488707,3.106669,4.582563,2.219760,1.205257,0.562286,2.594162,4.232416,1.948913,1.165542,0.513182,2.800653,3.987488,2.318939,1.200408,0.605452,3.018028,4.282529,2.442187,1.242152,0.597148,2.966381,3.760166,1.969288,1.188823,0.522663,3.019580,3.277978,2.250876,1.172415,0.533665,3.029421,3.832941,2.111235,1.097682,0.518516,neutral,neutral_baseline,good
1783252801.171875,22,0,-10.5358,-6.0820,-6.0025,-1.8865,2.8581,5.1236,6.7268,9.1080,5.8198,6.5130,1.3838,1.3499,-3.1013,-1.9177,-9.9336,-3.7260,-2.7163,5.0222,8.4924,10.2400,7.9073,8.6703,4.7994,5.6504,-3.5662,-6.7885,-10.1611,-11.5930,-11.7184,-7.2095,-5.7077,-4.0783,95,4,98,,,,0,22,0,0.999797,0.014597,0.020152,0.018831,0.008149,-0.011348,1.008698,31.18430,-4.33336,-40.92385,4,4,4,4,4,4,4,4,4,4,4,4,4,4,4,4,4,4,4,4,4,4,4,4,4,4,4,4,4,4,4,4,96,0.995,95,4,4,4,4,4,4,4,4,4,4,4,4,4,4,4,4,4,4,4,4,4,4,4,4,4,4,4,4,4,4,4,4,1,45.264,0.452643,0.000,1.000,1,17.138,0.171379,0.000,1.000,1,25.024,0.250240,0.000,1.000,1,47.874,0.478736,0.000,1.000,1,43.005,0.430046,0.000,1.000,1,39.648,0.396483,0.000,1.000,2.905998,4.128536,1.988022,1.228707,0.530805,3.064485,3.880014,2.116158,1.150887,0.544462,2.709122,3.881744,1.980187,0.996922,0.475370,2.808727,4.026920,2.111574,1.109171,0.555395,3.058053,3.866053,2.176020,1.109718,0.578819,2.951734,3.819050,2.230007,1.262157,0.546646,3.354718,3.818337,2.340115,1.290606,0.538351,3.476610,4.511925,2.347035,1.146979,0.578651,3.392694,4.073034,2.277455,1.288870,0.549375,3.083487,4.571563,2.326579,1.309312,0.551624,2.879193,4.031385,2.016301,1.027645,0.579675,3.424404,4.105219,2.352458,1.286827,0.532413,2.703422,3.739309,2.197472,1.171221,0.512205,3.497682,4.676206,2.315720,1.271669,0.609679,2.885726,4.007537,2.229937,1.220874,0.519230,2.446653,3.566615,1.966135,1.145070,0.519407,3.328878,4.078621,2.686470,1.281283,0.516470,2.843956,3.968753,1.927401,1.141290,0.509154,2.896427,4.196741,2.283176,1.181860,0.590755,3.401440,4.111367,2.254522,1.238669,0.598395,3.050275,4.086391,2.185065,1.379786,0.562888,3.075539,4.075839,2.065026,1.011431,0.534022,3.111906,4.345766,2.047494,1.036523,0.538509,2.724005,3.830206,2.195004,1.052587,0.551853,3.020597,3.971437,1.972669,1.171017,0.539703,3.012935,4.561427,1.979620,1.035227,0.551815,2.802379,3.711729,1.764127,0.963828,0.552252,3.258060,4.189611,2.222545,1.288192,0.581396,3.298627,4.369938,2.273795,1.192317,0.634298,2.821724,4.308847,2.056153,1.139845,0.501310,3.001127,4.193072,2.106769,1.363084,0.604090,2.790612,3.747237,1.965640,1.140823,0.496231,neutral,neutral_baseline,good
1783252801.179688,23,0,-7.6418,-4.5384,-1.3979,-0.7922,4.7713,8.5964,10.9079,4.8596,1.8896,2.5406,-2.1543,-7.5696,-5.8049,-12.0530,0.2810,-5.1406,1.0179,1.7796,12.4981,10.8784,11.0469,0.9830,1.1689,-1.7072,-7.8688,-8.6168,-11.6690,-10.0477,-8.5105,-5.4657,1.5846,2.1227,95,4,98,,,,0,23,0,0.999795,0.014671,0.020269,0.018885,0.011827,-0.011337,1.011873,31.18490,-4.33379,-40.92337,4,4,4,4,4,4,4,4,4,4,4,4,4,4,4,4,4,4,4,4,4,4,4,4,4,4,4,4,4,4,4,4,96,0.995,95,4,4,4,4,4,4,4,4,4,4,4,4,4,4,4,4,4,4,4,4,4,4,4,4,4,4,4,4,4,4,4,4,1,45.132,0.451319,0.000,1.000,1,24.290,0.242898,0.000,1.000,1,20.501,0.205011,0.000,1.000,1,47.801,0.478006,0.000,1.000,1,42.198,0.421985,0.000,1.000,1,38.958,0.389582,0.000,1.000,2.936399,4.245741,2.082123,1.153314,0.556371,2.739483,4.260696,2.113906,1.192232,0.520821,2.848869,3.274380,2.093997,1.194819,0.564171,2.943557,3.957524,2.088056,1.179100,0.528654,3.232008,4.231827,2.375523,1.285089,0.599555,2.987848,4.091773,2.295382,1.291857,0.546752,3.154333,4.232864,2.469423,1.240810,0.629242,3.409241,4.025165,2.331711,1.307245,0.555299,3.391846,3.881505,2.477078,1.187795,0.661531,3.278132,4.689998,2.347163,1.263622,0.586456,3.116650,3.858552,1.854684,1.137044,0.502366,3.258869,3.867564,2.196653,1.243938,0.602717,3.030550,3.704559,2.030691,1.136389,0.523558,3.323964,4.370827,2.462934,1.271644,0.577583,2.771995,3.915765,1.826867,1.098582,0.596790,2.583591,3.562085,1.964769,1.066126,0.470657,2.951928,4.746647,2.284205,1.311660,0.597789,2.615427,3.857244,2.063001,1.071768,0.555006,3.512162,4.516854,2.241506,1.200087,0.590684,2.806115,4.128434,2.252421,1.310414,0.558273,2.967253,4.362556,2.159075,1.096654,0.552011,2.601085,4.148133,2.131493,1.006160,0.499334,2.530513,4.019262,1.781042,1.177405,0.479738,2.961158,4.163959,2.057193,1.248584,0.466118,3.392604,3.519674,2.052972,1.196650,0.515402,3.116200,4.239309,2.434651,1.303834,0.528396,2.972012,3.432054,1.952530,1.157652,0.522561,3.008085,4.014160,2.411175,1.241421,0.537084,3.153389,4.558879,2.308981,1.349060,0.609502,2.959709,3.583113,1.964516,1.141593,0.562523,3.017088,4.238463,2.399243,1.231169,0.552486,3.061564,3.713135,2.176969,1.104031,0.506712,neutral,neutral_baseline,good
1783252801.187500,24,0,-4.1841,-3.3432,4.4343,4.4359,9.1503,11.6630,6.6796,3.4230,3.4946,-2.8986,-5.9103,-10.4141,-8.0943,-7.1456,-0.4309,-0.1215,2.0203,9.0579,8.9228,10.1051,7.6726,-0.3323,-1.4381,-3.0527,-8.3575,-5.5240,-8.9564,-0.9207,4.3350,4.3074,6.2853,7.4708,95,4,98,,,,0,24,0,0.999792,0.014745,0.020385,0.018939,0.010158,0.001392,1.022858,31.18549,-4.33423,-40.92288,4,4,4,4,4,4,4,4,4,4,4,4,4,4,4,4,4,4,4,4,4,4,4,4,4,4,4,4,4,4,4,4,96,0.995,95,4,4,4,4,4,4,4,4,4,4,4,4,4,4,4,4,4,4,4,4,4,4,4,4,4,4,4,4,4,4,4,4,1,43.004,0.430044,0.000,1.000,1,20.146,0.201455,0.000,1.000,1,22.103,0.221031,0.000,1.000,1,48.315,0.483152,0.000,1.000,1,40.834,0.408342,0.000,1.000,1,41.496,0.414957,0.000,1.000,2.691232,4.039074,2.066333,1.290349,0.555610,3.054032,4.104024,2.181660,1.265961,0.517166,2.644536,3.754412,2.131656,1.067272,0.523974,2.675250,4.046243,2.456604,1.163972,0.507753,3.237668,4.323435,2.306675,1.271231,0.556561,2.682927,4.064489,2.077148,1.172096,0.587442,3.276827,4.232797,2.073527,1.249017,0.543122,3.235652,4.202164,2.429308,1.309640,0.577829,3.243374,4.361006,2.310638,1.344409,0.571265,2.820782,4.759257,2.349253,1.453594,0.543161,2.953519,3.933531,2.219364,1.177980,0.595192,2.954448,4.197726,2.287914,1.297333,0.586634,2.684813,3.674872,1.924995,1.011549,0.482334,3.556645,4.347106,2.221736,1.391749,0.574326,2.860895,4.321908,2.205461,1.250041,0.546487,2.658790,3.709291,2.061221,1.099586,0.566289,3.426175,4.191157,2.167840,1.327310,0.607371,2.952422,4.168595,2.015063,1.141193,0.517816,3.203330,4.259256,2.425277,1.175422,0.608268,2.930089,4.085213,2.162908,1.132331,0.638089,2.998428,4.114849,2.401492,1.223774,0.565438,2.930712,3.549833,2.164045,1.094234,0.514527,2.969899,4.009004,2.037142,1.156793,0.527853,3.097383,3.933987,2.171857,1.171163,0.513719,2.948931,3.561395,2.094820,1.060606,0.553297,2.991780,4.140575,2.389069,1.249807,0.588397,2.631233,3.797829,2.296829,1.078537,0.528001,2.951398,3.701717,2.421378,1.173659,0.530261,3.199008,4.102062,2.264682,1.332476,0.548141,2.939458,3.689563,2.050097,1.095081,0.552626,3.006226,4.266034,2.168445,1.204920,0.523877,2.552576,3.406492,2.403987,1.041945,0.538283,neutral,neutral_baseline,good
1783252801.195312,25,0,-0.2299,2.9293,4.5497,14.1307,10.5527,16.6916,6.0542,0.8890,-4.4285,-9.6629,-11.7494,-6.1648,-8.1338,-6.3403,1.4119,2.6308,5.6816,7.6969,5.9574,7.2255,-0.9037,1.3654,-6.6280,-9.5466,-9.2421,-7.3665,-2.3358,4.3375,2.1102,7.0095,9.1874,9.0164,95,4,98,,,,0,25,0,0.999790,0.014818,0.020501,0.018991,0.002320,-0.004271,1.011183,31.18607,-4.33467,-40.92240,4,4,4,4,4,4,4,4,4,4,4,4,4,4,4,4,4,4,4,4,4,4,4,4,4,4,4,4,4,4,4,4,96,0.995,95,4,4,4,4,4,4,4,4,4,4,4,4,4,4,4,4,4,4,4,4,4,4,4,4,4,4,4,4,4,4,4,4,1,44.135,0.441347,0.000,1.000,1,22.739,0.227386,0.000,1.000,1,21.267,0.212672,0.000,1.000,1,46.072,0.460716,0.000,1.000,1,39.316,0.393163,0.000,1.000,1,43.650,0.436503,0.000,1.000,3.123889,3.575603,2.126799,1.135824,0.549218,3.025598,4.154822,2.027404,1.160391,0.552044,2.921825,3.671404,2.098627,1.114974,0.574110,3.114989,3.927691,2.165053,1.302998,0.532996,3.205196,4.102511,2.382795,1.212181,0.613504,2.792455,4.195977,2.231919,1.362037,0.538360,2.985265,4.407151,2.260812,1.195933,0.534426,3.189663,4.438150,2.183983,1.361199,0.557594,2.920686,4.250819,2.346001,1.418220,0.573386,3.102434,4.192158,2.360788,1.354080,0.558642,2.569209,3.926320,2.195974,1.243559,0.582338,3.409676,4.306275,2.116058,1.255848,0.553782,2.618900,4.121759,1.967046,1.179629,0.481677,3.326122,3.874551,2.317846,1.248103,0.616134,3.006735,3.953180,1.994017,1.172228,0.532043,2.481086,3.428182,1.894876,1.117076,0.551049,3.012757,4.564037,2.231534,1.416671,0.596218,2.606098,3.670289,2.257361,1.220493,0.475175,3.098335,3.858256,2.354403,1.289946,0.547637,3.167069,4.127924,2.382215,1.097760,0.588104,2.938315,3.978272,2.299494,1.135010,0.589571,2.393195,3.546568,2.104973,0.973485,0.502065,2.671046,3.914994,2.090660,1.113904,0.545267,2.768610,3.914076,1.997400,1.084214,0.535082,2.667352,4.227324,1.956718,1.270645,0.550876,3.204403,3.694682,2.372333,1.235123,0.508868,2.763073,3.978348,2.007705,1.096126,0.529136,3.174718,4.039726,2.399373,1.340236,0.566818,3.062645,4.586692,2.068312,1.349727,0.640714,2.728832,4.040290,2.199045,1.183436,0.567841,3.079407,3.678071,2.135507,1.209591,0.537621,2.864190,4.118052,1.872074,1.121904,0.476860,neutral,neutral_baseline,good
1783252801.203125,26,0,5.9534,13.2711,12.7108,10.3739,8.7717,-1.6844,1.8322,-5.9926,-10.4895,-13.6646,-11.0108,-8.3436,-6.0120,1.3087,6.0166,9.0809,8.1494,11.4924,10.9961,1.7884,2.1315,-2.3618,-7.4356,-3.7459,-4.7760,-5.5061,-1.9704,1.0588,7.7359,1.1920,7.8755,-1.7342,95,4,98,,,,0,26,0,0.999787,0.014892,0.020617,0.019041,-0.000530,0.000279,1.014638,31.18663,-4.33511,-40.92192,4,4,4,4,4,4,4,4,4,4,4,4,4,4,4,4,4,4,4,4,4,4,4,4,4,4,4,4,4,4,4,4,96,0.995,95,4,4,4,4,4,4,4,4,4,4,4,4,4,4,4,4,4,4,4,4,4,4,4,4,4,4,4,4,4,4,4,4,1,43.731,0.437308,0.000,1.000,1,15.433,0.154334,0.000,1.000,1,26.799,0.267995,0.000,1.000,1,44.941,0.449407,0.000,1.000,1,38.811,0.388114,0.000,1.000,1,41.715,0.417151,0.000,1.000,2.810814,3.633111,2.155086,1.194026,0.511279,3.480217,3.969881,2.162260,1.149583,0.486344,2.771186,3.842598,2.061433,1.047181,0.513781,2.818086,4.114622,2.103503,1.202175,0.504344,2.943069,4.003584,2.237868,1.100420,0.546929,3.059273,3.691316,2.472710,1.174485,0.535694,2.947790,3.541311,2.236054,1.406300,0.505959,2.945548,4.175928,2.415157,1.289726,0.546490,3.492088,3.988359,2.314167,1.358163,0.612777,3.250222,4.386092,2.334280,1.307200,0.575196,2.839888,3.808584,2.051211,1.183749,0.574789,3.091960,4.435863,2.263265,1.237196,0.552767,2.698435,3.514783,2.008117,1.170138,0.553911,3.447336,4.184594,2.225244,1.222211,0.571429,3.361403,3.543729,2.137625,1.114368,0.559801,2.576094,3.952924,2.023850,1.250904,0.517080,3.252246,4.345732,2.541075,1.347638,0.609209,2.798728,3.513434,2.031979,1.175052,0.510106,2.926650,4.147650,2.319906,1.153996,0.581698,3.113685,3.690947,2.272879,1.132716,0.541908,3.136193,3.810884,2.150045,1.121087,0.558985,2.590136,3.607706,2.083906,1.062514,0.482192,2.889532,3.591597,2.132724,1.120934,0.615696,2.733885,4.096600,2.301348,1.155303,0.526967,2.786113,3.960965,2.029433,1.109417,0.544645,3.277398,4.428439,2.365247,1.249930,0.527481,2.963939,3.705333,1.789662,1.215422,0.485532,3.064516,4.774644,2.177234,1.297340,0.613119,3.165830,4.353786,2.307625,1.316728,0.579569,3.081739,4.159421,2.232061,1.236463,0.478745,2.617919,3.903962,2.128122,1.169361,0.546056,2.874059,3.610505,2.072691,1.184586,0.486311,neutral,neutral_baseline,good
1783252801.210938,27,0,7.5748,13.2058,8.3918,9.1031,3.5812,-4.3790,-6.6539,-7.9424,-13.9068,-12.8249,-6.3915,-3.1331,0.4145,2.8397,10.9531,7.8526,4.9060,6.1915,8.8306,-0.6936,-5.4588,-7.1983,-9.9741,-8.8779,-0.7939,-4.6894,1.1676,8.5867,4.5270,1.6927,6.9255,2.1598,95,4,98,,,,0,27,0,0.999785,0.014964,0.020733,0.019091,0.014146,-0.004733,1.001663,31.18719,-4.33555,-40.92145,4,4,4,4,4,4,4,4,4,4,4,4,4,4,4,4,4,4,4,4,4,4,4,4,4,4,4,4,4,4,4,4,96,0.995,95,4,4,4,4,4,4,4,4,4,4,4,4,4,4,4,4,4,4,4,4,4,4,4,4,4,4,4,4,4,4,4,4,1,43.934,0.439343,0.000,1.000,1,21.984,0.219841,0.000,1.000,1,20.673,0.206726,0.000,1.000,1,46.032,0.460320,0.000,1.000,1,40.540,0.405398,0.000,1.000,1,40.983,0.409828,0.000,1.000,2.787216,3.984316,2.425331,1.294557,0.500147,3.242937,3.982932,2.088350,1.218839,0.548418,2.974196,3.670060,1.909938,1.136395,0.532776,3.009465,4.078003,2.170515,1.143611,0.523330,3.289488,4.117381,2.314531,1.242348,0.554028,3.160674,4.155479,2.265698,1.271271,0.523671,3.195637,4.191961,2.280258,1.295834,0.580542,3.326064,3.805610,2.246679,1.205018,0.594567,3.207144,4.149583,2.505325,1.203840,0.589966,3.176913,4.279251,2.466579,1.289261,0.592221,3.389365,4.047686,2.190045,1.072672,0.586444,3.240422,4.331716,2.292890,1.253112,0.574580,2.785221,3.987937,2.170555,1.022916,0.549757,3.087710,4.308660,2.222554,1.228410,0.570458,2.976493,3.971820,2.242077,1.270111,0.467725,2.987430,3.790560,1.975811,1.187694,0.493523,3.291613,4.521285,2.505673,1.212669,0.517649,2.852334,3.718659,1.995093,1.148240,0.517409,3.030244,4.078030,2.345437,1.221435,0.534689,3.222294,4.002302,2.496044,1.256598,0.600428,3.038743,4.368655,2.335233,1.222838,0.561650,2.828315,3.807459,2.095209,1.117248,0.488002,2.806301,4.037425,2.215522,1.146637,0.545586,2.982028,3.694441,2.196800,1.091876,0.531587,3.028409,4.084503,2.099027,1.199150,0.516850,3.146743,4.334262,2.321622,1.189370,0.543728,2.931685,3.767236,2.018809,1.111989,0.528062,3.006769,4.154117,2.023897,1.215982,0.538132,2.972746,4.251501,2.482217,1.270577,0.593574,2.919875,4.009046,2.295619,1.212959,0.546658,3.179817,3.779290,2.340421,1.025675,0.513344,2.999403,3.558921,1.996458,1.094641,0.488145,neutral,neutral_baseline,good
1783252801.218750,28,0,6.4770,5.8918,1.3816,0.9715,-4.6087,-13.0195,-8.0586,-13.1006,-11.3534,-7.7075,-5.6651,1.8801,6.4765,10.1978,10.3916,10.6666,8.3245,7.6609,0.6794,1.3446,-4.9486,-10.5630,-8.5920,-9.1096,-4.1184,-0.7933,2.9948,3.5483,4.2356,-3.0878,-0.5654,0.1509,95,4,98,,,,0,28,0,0.999783,0.015036,0.020848,0.019139,-0.005984,-0.005224,1.016886,31.18773,-4.33600,-40.92097,4,4,4,4,4,4,4,4,4,4,4,4,4,4,4,4,4,4,4,4,4,4,4,4,4,4,4,4,4,4,4,4,96,0.995,95,4,4,4,4,4,4,4,4,4,4,4,4,4,4,4,4,4,4,4,4,4,4,4,4,4,4,4,4,4,4,4,4,1,46.061,0.460613,0.000,1.000,1,20.991,0.209911,0.000,1.000,1,24.398,0.243977,0.000,1.000,1,45.831,0.458313,0.000,1.000,1,43.494,0.434943,0.000,1.000,1,41.751,0.417512,0.000,1.000,2.940270,3.955165,2.279827,1.164487,0.511614,2.890395,4.190033,2.173697,1.178015,0.571257,2.453552,3.981920,2.179836,1.104700,0.542491,2.672881,3.984359,2.269659,1.261602,0.616719,3.153707,4.150200,2.337157,1.277033,0.543693,2.933612,3.695419,2.018868,1.169688,0.574450,2.769792,4.469059,2.196079,1.170875,0.556684,2.862521,4.439229,2.222116,1.266941,0.615872,3.359205,4.252997,2.389187,1.224000,0.568622,3.199578,3.634068,2.386902,1.236566,0.593878,2.843774,4.080757,2.175328,1.078778,0.578755,3.233569,4.224830,2.267659,1.183683,0.561605,2.740009,3.119536,1.843701,1.053077,0.545326,3.470966,4.345236,2.448409,1.172442,0.620722,2.998966,3.872000,1.987520,1.310841,0.513046,3.024861,3.188711,2.014755,1.160905,0.532867,3.050049,4.050360,2.132337,1.448258,0.588480,2.935196,3.746620,2.064889,1.131380,0.470832,3.056854,3.837249,2.378829,1.233606,0.535216,2.779853,3.882277,2.063447,1.297620,0.627453,3.030457,3.866298,2.057786,1.242560,0.553043,2.577022,3.582348,2.156738,1.022982,0.547119,2.994812,4.094576,2.132750,1.231735,0.504969,3.037979,3.957440,1.922205,1.107987,0.566200,2.989994,4.026185,2.159384,1.234094,0.570384,3.006331,3.896284,2.140199,1.367886,0.546346,2.540170,3.282053,2.078577,1.173418,0.463361,3.361493,4.349861,2.081579,1.274209,0.501387,3.157863,4.495649,2.433722,1.169856,0.604533,2.855662,3.350491,2.109449,1.171889,0.508635,3.018405,3.881208,2.370468,1.104768,0.589772,2.577811,3.079399,2.065228,1.076352,0.474965,neutral,neutral_baseline,good
1783252801.226562,29,0,10.9381,9.1403,-3.3534,-3.0764,-4.3088,-4.2859,-11.8521,-5.6629,-7.9233,-1.2631,-1.7171,7.1537,6.2614,10.5579,11.0718,6.3693,6.3115,-0.1378,-9.1741,-7.4241,-10.9368,-10.4466,-5.9683,-2.7315,0.1578,4.8215,5.9597,3.4806,5.6106,4.1950,-0.9646,-4.0531,95,4,98,,,,0,29,0,0.999780,0.015108,0.020963,0.019186,0.002760,0.013253,1.008734,31.18827,-4.33645,-40.92049,4,4,4,4,4,4,4,4,4,4,4,4,4,4,4,4,4,4,4,4,4,4,4,4,4,4,4,4,4,4,4,4,96,0.995,95,4,4,4,4,4,4,4,4,4,4,4,4,4,4,4,4,4,4,4,4,4,4,4,4,4,4,4,4,4,4,4,4,1,41.078,0.410781,0.000,1.000,1,14.873,0.148733,0.000,1.000,1,20.882,0.208823,0.000,1.000,1,45.322,0.453224,0.000,1.000,1,39.740,0.397400,0.000,1.000,1,39.533,0.395328,0.000,1.000,2.768733,3.749287,2.168987,1.138255,0.547449,2.994440,4.080408,2.210110,1.133686,0.477170,2.582346,3.835086,2.169487,1.208848,0.519346,2.956828,3.606757,2.214170,1.188249,0.561659,3.065795,4.007475,2.497009,1.307705,0.548631,3.026836,3.909226,2.326610,1.290766,0.595600,3.087165,3.882333,2.303421,1.315481,0.554757,3.390446,4.350960,2.424251,1.225463,0.534686,3.382896,4.265808,2.305857,1.294933,0.560181,3.161860,4.520866,2.220364,1.274417,0.625662,2.691430,3.967204,2.166550,1.194640,0.521462,3.039836,3.921164,2.128255,1.142632,0.631506,2.861906,3.458171,2.022718,1.227401,0.530579,3.059087,4.304086,2.152729,1.204668,0.673112,2.883490,3.683265,1.918413,1.197625,0.566221,2.871133,3.841759,2.084594,1.103337,0.538767,3.156849,4.527863,2.151293,1.290903,0.621593,2.866522,3.474105,2.251170,1.233655,0.576747,3.264565,4.453526,2.067455,1.237016,0.589846,3.304914,4.266461,2.138720,1.184505,0.592165,3.181231,3.973885,2.275443,1.262816,0.494707,2.683614,3.835873,1.703217,1.133166,0.470902,2.875631,4.155260,2.173403,1.131661,0.583323,2.791201,3.818246,2.360521,1.266210,0.551988,3.005614,3.890274,1.920678,1.172856,0.489111,3.164882,3.884153,2.504148,1.347890,0.635067,3.084499,3.685557,2.069236,1.029748,0.536342,2.941916,3.712157,2.081096,1.216131,0.553904,3.381589,4.642014,2.255527,1.228938,0.500182,3.029375,3.905472,2.226535,1.058491,0.529460,3.138826,4.139275,1.946858,1.204360,0.542044,2.930256,3.796352,2.054793,1.179193,0.504878,neutral,neutral_baseline,good
1783252801.234375,30,0,9.3386,-0.7563,0.5925,-2.6770,-5.8448,-10.3021,-9.0146,-3.2687,0.8822,6.8903,10.6465,7.7210,8.8998,10.6974,3.5174,5.2737,0.3258,-2.0492,-8.1738,-9.1672,-7.9260,-7.2887,-6.8855,1.0794,2.8990,6.7712,9.5947,1.1812,4.3095,-4.8265,-0.1036,-3.6458,95,4,98,,,,0,30,0,0.999778,0.015179,0.021077,0.019231,0.002202,-0.016974,1.011706,31.18879,-4.33690,-40.92001,4,4,4,4,4,4,4,4,4,4,4,4,4,4,4,4,4,4,4,4,4,4,4,4,4,4,4,4,4,4,4,4,96,0.995,95,4,4,4,4,4,4,4,4,4,4,4,4,4,4,4,4,4,4,4,4,4,4,4,4,4,4,4,4,4,4,4,4,1,44.353,0.443527,0.000,1.000,1,21.569,0.215693,0.000,1.000,1,16.583,0.165826,0.000,1.000,1,39.932,0.399315,0.000,1.000,1,40.942,0.409423,0.000,1.000,1,43.214,0.432145,0.000,1.000,3.032266,3.961098,2.107678,1.197280,0.558519,2.939721,4.344768,2.239213,1.205944,0.559026,2.726214,3.532441,1.932661,1.058554,0.527150,3.136900,3.957557,1.957482,1.202889,0.577371,3.280002,4.330498,2.230801,1.289669,0.620728,2.851777,4.101321,2.229990,1.165737,0.509149,3.498697,4.193867,2.241933,1.345175,0.542793,3.392146,4.062166,2.176701,1.325485,0.560977,2.968300,4.000674,2.320339,1.282064,0.572618,3.317255,3.982211,2.495844,1.417770,0.625807,2.716467,4.026999,2.194189,1.024122,0.502786,3.063261,4.219115,2.267033,1.235425,0.617417,2.958385,4.071376,2.009736,1.050670,0.538232,3.251064,4.407644,2.446653,1.222969,0.633035,3.275630,4.152836,1.956985,1.259500,0.549116,2.876970,3.654603,1.947960,1.066584,0.505204,3.389430,4.084506,2.256534,1.367795,0.583859,2.709785,3.878755,2.192969,1.158770,0.442705,3.225044,4.012475,2.229910,1.131697,0.619928,2.957610,4.397209,2.367480,1.275609,0.613824,2.998305,3.373003,2.045731,1.276957,0.559123,2.809553,3.769637,1.880398,0.989034,0.515108,2.994852,3.893382,2.234328,1.240942,0.562137,3.120877,3.599557,2.202673,1.129318,0.542788,3.027477,3.867440,2.111762,1.264225,0.579662,3.425674,3.771066,2.031629,1.359775,0.558651,2.771529,3.699665,2.236446,1.140855,0.507326,3.130659,4.639285,2.295724,1.192275,0.574554,3.376136,4.378481,2.085571,1.252051,0.583703,2.928174,3.540036,2.100946,1.057298,0.499447,2.809477,3.759264,2.118083,1.102097,0.495599,2.628826,3.803896,1.998431,1.115521,0.448761,neutral,neutral_baseline,good
1783252801.242188,31,0,3.9559,3.1880,-4.8913,-5.4771,-7.1826,-8.5796,-7.1040,-3.6620,4.8162,9.3953,7.8775,6.6294,2.5492,4.3728,2.2350,-4.0817,-9.9862,-7.8898,-12.6292,-13.2582,-5.0617,-2.6810,3.9580,6.2692,5.3017,6.9329,7.1449,5.2051,-0.7729,1.8498,-9.0733,-3.6837,95,4,98,,,,0,31,0,0.999775,0.015250,0.021191,0.019276,0.003938,0.006954,1.028781,31.18930,-4.33735,-40.91953,4,4,4,4,4,4,4,4,4,4,4,4,4,4,4,4,4,4,4,4,4,4,4,4,4,4,4,4,4,4,4,4,96,0.995,95,4,4,4,4,4,4,4,4,4,4,4,4,4,4,4,4,4,4,4,4,4,4,4,4,4,4,4,4,4,4,4,4,1,40.436,0.404358,0.000,1.000,1,21.718,0.217177,0.000,1.000,1,22.196,0.221963,0.000,1.000,1,43.160,0.431600,0.000,1.000,1,40.196,0.401965,0.000,1.000,1,39.044,0.390438,0.000,1.000,3.049276,4.223389,2.301830,1.238333,0.553512,2.755761,4.030868,2.289411,1.221845,0.587937,2.937687,4.070273,1.915258,1.090244,0.572484,2.953420,3.868166,2.094039,1.222174,0.591818,2.876176,4.610302,2.306306,1.196284,0.526685,2.974069,3.927429,2.180597,1.269068,0.568091,3.018894,4.090605,2.370040,1.273837,0.573134,3.517842,4.242769,2.229926,1.374071,0.496592,3.255735,4.319479,2.360279,1.297085,0.519470,3.075482,4.582467,2.264234,1.234984,0.551578,2.951300,3.646878,2.158703,1.086628,0.482716,3.064905,3.735982,2.371934,1.242579,0.642076,2.942012,3.278204,1.947840,1.192396,0.530968,2.996282,4.274097,2.244092,1.364818,0.656355,2.820157,3.839903,2.254177,1.313567,0.545867,2.842914,3.696313,2.095169,1.096314,0.552760,3.308848,4.690628,2.552120,1.374631,0.606958,2.766130,3.519379,1.971916,1.065402,0.552088,3.461668,4.102528,2.166053,1.282924,0.544100,3.271392,4.305502,2.210670,1.255791,0.565768,3.103486,4.605138,2.315397,1.206568,0.561019,2.934213,3.556089,1.801839,1.121722,0.473187,3.008723,3.929924,2.102341,1.041399,0.551848,2.809750,3.678125,2.011143,1.180175,0.542644,3.190087,4.032535,1.954444,1.145980,0.524415,2.816583,3.866817,2.509292,1.193860,0.522588,2.848460,3.526413,2.170012,1.198951,0.522584,3.172887,4.163843,1.957427,1.138272,0.599824,2.826216,4.242282,2.438067,1.298822,0.595396,2.796230,3.969405,2.119656,1.243677,0.534799,2.607247,4.381292,2.337401,1.228021,0.557265,2.489996,3.555359,1.991653,1.119203,0.503291,neutral,neutral_baseline,good
1783252801.250000,32,0,3.2074,-5.2271,-6.5127,-8.2328,-9.1229,-9.0604,-0.3433,-1.6683,0.5833,0.6580,8.8837,8.4829,2.9995,4.9340,-1.0855,-4.9248,-4.0269,-6.4151,-5.1752,-3.7516,-2.3092,0.6122,1.0213,7.9872,7.9293,8.9880,2.1320,3.6134,-7.4397,-2.5531,0.1370,-2.4369,95,4,98,,,,0,32,0,0.999773,0.015320,0.021305,0.019319,0.012914,-0.007142,1.004049,31.18980,-4.33781,-40.91906,4,4,4,4,4,4,4,4,4,4,4,4,4,4,4,4,4,4,4,4,4,4,4,4,4,4,4,4,4,4,4,4,96,0.995,95,4,4,4,4,4,4,4,4,4,4,4,4,4,4,4,4,4,4,4,4,4,4,4,4,4,4,4,4,4,4,4,4,1,41.214,0.412137,0.000,1.000,1,19.975,0.199748,0.000,1.000,1,26.131,0.261315,0.000,1.000,1,46.661,0.466610,0.000,1.000,1,43.356,0.433561,0.000,1.000,1,42.401,0.424009,0.000,1.000,3.006779,4.243343,2.000855,1.165042,0.574349,3.190732,4.082369,2.222821,1.207792,0.527794,2.908690,3.697742,1.879453,1.183335,0.545901,2.942273,3.034954,2.102509,1.127954,0.541436,3.599720,3.728838,2.419473,1.236600,0.556199,3.155814,4.125574,2.243888,1.090455,0.564884,2.885466,4.200571,1.966056,1.138550,0.554962,3.514879,4.022147,2.197906,1.291395,0.558128,3.311122,4.601166,2.441262,1.265734,0.597120,3.297016,3.966516,2.696490,1.396514,0.599006,3.093093,3.780887,2.072194,1.147632,0.568088,3.240887,4.151625,2.151230,1.195054,0.560781,2.628431,3.313861,2.039532,1.047546,0.470376,3.281043,4.127066,2.494890,1.350786,0.573274,2.769549,4.290933,2.141306,1.205274,0.491239,3.028994,3.812451,2.085827,1.060609,0.486572,3.248000,4.225738,2.450830,1.172308,0.567027,2.656090,3.685548,1.950148,1.029061,0.578220,3.209485,4.326949,2.127893,1.261355,0.527953,2.810098,4.213410,2.238753,1.245574,0.528646,3.189940,4.396131,2.016960,1.430964,0.568038,2.732147,3.115324,2.126923,1.132851,0.463415,3.028257,4.090113,2.354421,1.123320,0.583509,2.812100,4.042853,2.150862,1.221379,0.521396,3.191391,4.253034,2.177532,1.256683,0.507708,3.035557,3.920897,2.241127,1.166461,0.482407,2.690834,3.297545,1.895059,1.017593,0.455278,3.459765,4.675385,2.539211,1.356037,0.570891,2.968624,4.478396,2.490390,1.285661,0.579430,2.902564,3.662801,2.127288,1.132678,0.545025,3.083371,3.706031,2.319455,1.145585,0.579376,2.656063,3.266740,1.984688,1.268715,0.556212,neutral,neutral_baseline,good
1783252801.257812,33,0,-2.5887,-8.0588,-7.0351,-12.9924,-8.2261,-5.6823,0.1697,3.1784,4.5336,5.1763,10.8015,5.5533,1.8451,-1.1319,-0.4524,-6.4589,-5.2862,-3.1324,-1.9887,-3.4981,4.4627,5.6435,7.7261,4.9619,4.1234,0.9358,0.7020,-3.4623,-5.4862,-4.8756,-1.6732,-3.6900,95,4,98,,,,0,33,0,0.999771,0.015390,0.021418,0.019360,0.012162,-0.030203,1.005836,31.19028,-4.33827,-40.91858,4,4,4,4,4,4,4,4,4,4,4,4,4,4,4,4,4,4,4,4,4,4,4,4,4,4,4,4,4,4,4,4,96,0.995,95,4,4,4,4,4,4,4,4,4,4,4,4,4,4,4,4,4,4,4,4,4,4,4,4,4,4,4,4,4,4,4,4,1,46.716,0.467165,0.000,1.000,1,17.542,0.175425,0.000,1.000,1,21.949,0.219491,0.000,1.000,1,51.694,0.516936,0.000,1.000,1,40.331,0.403308,0.000,1.000,1,36.347,0.363468,0.000,1.000,2.924033,3.888553,2.200857,1.136467,0.601627,2.928213,3.652929,2.235114,1.175574,0.467482,2.664304,3.630346,2.078445,1.079042,0.485371,2.931014,3.761325,2.117750,1.202446,0.523734,3.292799,4.316489,2.396062,1.243311,0.574478,3.333490,4.328491,2.107478,1.214242,0.536888,3.154177,4.023979,2.255968,1.274021,0.578274,3.156653,4.294416,2.464441,1.290224,0.561696,3.225057,4.171116,2.573175,1.205068,0.585615,3.239978,4.566991,2.025568,1.272428,0.569725,2.951212,3.946743,2.084309,1.128170,0.574328,3.309463,4.076068,2.443364,1.333912,0.604845,2.994841,3.546319,2.071626,1.121658,0.553536,3.406308,4.186780,2.281904,1.302287,0.557079,3.011782,4.018707,2.126489,1.135576,0.522560,2.659147,4.025920,1.974108,1.225173,0.496323,3.144968,4.437173,2.361902,1.334136,0.595152,2.715829,3.786166,2.001787,1.080487,0.471253,2.912624,3.896986,2.209945,1.364585,0.527730,3.218765,3.624876,2.195517,1.203786,0.583163,3.121577,3.264562,2.104808,1.407257,0.548475,2.812307,3.548927,1.935203,1.053478,0.501305,2.713366,3.668076,1.984539,1.030047,0.551932,3.005518,3.969560,2.280927,1.052293,0.499063,2.634740,3.844155,2.326076,1.124923,0.486955,2.850881,4.313989,2.440265,1.163007,0.640796,2.711533,3.684610,1.845694,1.106657,0.545748,3.278117,4.531709,2.133224,1.276642,0.543081,3.264318,3.780249,2.443882,1.234145,0.572580,3.163712,3.598659,2.132496,1.125802,0.599578,2.873564,3.928696,2.172593,1.191334,0.496828,2.914221,3.735421,2.043940,0.988749,0.483870,neutral,neutral_baseline,good
1783252801.265625,34,0,-6.2220,-11.9219,-12.3664,-9.8557,-6.4128,-4.9545,3.4467,0.9448,3.6921,7.3263,6.9243,-1.0224,-4.4318,-4.1337,-1.3901,-6.9981,-5.8416,0.7085,1.1726,3.5077,4.9572,4.5837,5.4677,4.1730,0.4531,-5.2129,-4.2176,-3.4910,-3.4226,-2.5770,-8.4962,-2.2751,95,4,98,,,,0,34,0,0.999768,0.015460,0.021531,0.019401,0.014895,-0.017644,1.014510,31.19076,-4.33873,-40.91811,4,4,4,4,4,4,4,4,4,4,4,4,4,4,4,4,4,4,4,4,4,4,4,4,4,4,4,4,4,4,4,4,96,0.995,95,4,4,4,4,4,4,4,4,4,4,4,4,4,4,4,4,4,4,4,4,4,4,4,4,4,4,4,4,4,4,4,4,1,46.885,0.468855,0.000,1.000,1,20.131,0.201307,0.000,1.000,1,22.770,0.227702,0.000,1.000,1,44.825,0.448255,0.000,1.000,1,41.163,0.411625,0.000,1.000,1,42.580,0.425797,0.000,1.000,3.164255,4.040006,2.136015,1.138717,0.546707,2.844120,3.577094,2.199616,1.253111,0.529540,2.683743,3.563562,1.869299,1.069175,0.498236,2.762836,3.660152,1.822812,1.127246,0.564481,3.050082,4.042255,2.259411,1.322362,0.557156,3.049310,3.726671,2.346014,1.150559,0.545739,2.961426,4.274775,2.115994,1.251095,0.541532,2.952112,3.944160,2.328877,1.130220,0.616271,3.516848,4.273954,2.211779,1.378643,0.555682,3.457834,3.955483,2.306422,1.305868,0.601549,3.236289,4.038173,2.083958,1.207832,0.535010,3.248205,4.037503,2.214201,1.193894,0.533972,2.920179,3.886548,2.004294,1.217218,0.521768,3.372130,4.262230,2.473123,1.254547,0.580192,3.019089,3.790248,2.143574,1.217898,0.551540,2.817928,3.734258,2.215761,1.221664,0.546379,3.457145,4.461954,2.506701,1.223400,0.548941,2.715533,3.910255,2.128902,0.969421,0.587061,3.064679,3.630852,2.407825,1.176340,0.592739,3.050393,4.256251,2.301912,1.337933,0.574125,3.369204,4.429593,1.853991,1.112303,0.577200,2.881993,3.859988,2.187674,1.084261,0.511373,2.732782,4.477791,2.332403,1.193970,0.546998,2.753783,4.052207,2.128920,1.134106,0.547276,3.129967,3.860365,2.558009,0.987555,0.520768,2.829856,3.986914,2.604385,1.220949,0.534937,3.043748,4.116868,2.134856,1.073077,0.508615,3.246660,4.198699,2.131130,1.216199,0.608397,3.264631,4.696296,2.380846,1.297117,0.582290,2.660423,3.556340,1.883340,1.187797,0.544075,2.953357,4.188516,2.310595,1.261874,0.625030,3.037484,3.576323,1.999928,1.110142,0.527788,neutral,neutral_baseline,good
1783252801.273438,35,0,-11.4798,-12.6627,-12.7900,-2.3831,-1.4919,4.7196,2.9303,5.7617,8.1448,7.1700,4.5734,2.8951,-0.7740,0.2886,-3.4745,-8.6312,-1.3966,1.1229,1.4429,-0.4273,1.3147,2.2299,2.1937,-4.6923,-6.0756,-6.7921,-3.7956,-3.4639,-2.7333,1.6869,3.7563,2.1052,95,4,98,,,,0,35,0,0.999766,0.015529,0.021644,0.019440,-0.003966,-0.015310,1.002238,31.19122,-4.33919,-40.91763,4,4,4,4,4,4,4,4,4,4,4,4,4,4,4,4,4,4,4,4,4,4,4,4,4,4,4,4,4,4,4,4,96,0.995,95,4,4,4,4,4,4,4,4,4,4,4,4,4,4,4,4,4,4,4,4,4,4,4,4,4,4,4,4,4,4,4,4,1,45.318,0.453178,0.000,1.000,1,19.742,0.197416,0.000,1.000,1,19.322,0.193222,0.000,1.000,1,50.539,0.505394,0.000,1.000,1,43.639,0.436393,0.000,1.000,1,40.432,0.404317,0.000,1.000,3.382186,4.003342,2.131406,1.182668,0.541529,2.972060,3.511869,1.986215,1.175892,0.544954,3.042737,3.607574,2.102477,1.145449,0.542782,2.927166,3.693397,2.031043,1.110137,0.500444,3.163443,3.956893,2.244658,1.190082,0.619760,2.985950,3.902980,2.172670,1.169032,0.573742,3.226686,3.938005,2.407556,1.208847,0.536693,3.016926,4.403029,2.423979,1.223883,0.603892,3.142784,4.286561,2.384243,1.254474,0.560470,3.703850,4.356087,2.547110,1.298659,0.560883,3.313208,4.029353,2.118315,1.229898,0.582747,3.299442,4.078073,2.337193,1.184425,0.627541,3.026666,3.353652,2.220735,1.192149,0.555878,3.073456,4.503990,2.259086,1.369123,0.582556,3.146101,3.768087,2.272877,1.134756,0.482159,2.776404,4.170942,1.948735,1.197430,0.500508,2.975317,4.425352,2.426873,1.283387,0.540851,2.985243,3.435018,2.119969,1.174170,0.509487,3.302511,4.323068,2.311711,1.350816,0.503275,2.974828,4.146748,2.398252,1.265738,0.570998,2.729890,3.860165,2.420149,1.303472,0.531104,2.956318,3.559884,2.016655,1.252890,0.453128,3.157032,3.933801,2.315467,1.193612,0.533919,3.091329,3.670139,2.058533,1.234997,0.547273,2.734330,3.940913,1.799805,1.061916,0.587135,2.892333,4.225871,2.329941,1.380408,0.563085,3.001051,3.601599,2.093747,1.092645,0.581386,2.989449,4.195114,2.227927,1.148309,0.628622,3.754182,4.195551,2.393324,1.320416,0.643421,2.952331,3.602519,2.167395,1.051726,0.506069,3.098185,4.115565,2.176755,1.156039,0.555108,2.620632,3.986171,2.046684,1.112320,0.508779,neutral,neutral_baseline,good
1783252801.281250,36,0,-6.4740,-12.1501,-3.8150,-1.6577,3.7816,6.9166,9.9388,9.1654,9.3053,3.6997,4.4248,-7.7972,-2.8211,-7.2562,-5.4009,-4.3703,-4.0116,0.3074,3.7256,1.5204,4.2075,-2.1530,1.1539,-7.7909,-3.6059,-9.5194,-1.0585,-1.1063,2.1218,4.6519,0.9420,8.0694,95,4,98,,,,0,36,0,0.999763,0.015597,0.021756,0.019478,0.010507,-0.002607,1.009580,31.19167,-4.33966,-40.91716,4,4,4,4,4,4,4,4,4,4,4,4,4,4,4,4,4,4,4,4,4,4,4,4,4,4,4,4,4,4,4,4,96,0.995,95,4,4,4,4,4,4,4,4,4,4,4,4,4,4,4,4,4,4,4,4,4,4,4,4,4,4,4,4,4,4,4,4,1,49.220,0.492198,0.000,1.000,1,20.955,0.209548,0.000,1.000,1,22.321,0.223209,0.000,1.000,1,46.582,0.465818,0.000,1.000,1,45.456,0.454559,0.000,1.000,1,39.692,0.396922,0.000,1.000,2.708533,4.457563,2.162512,1.172427,0.575766,2.726243,4.090684,2.011427,1.082509,0.515724,2.916479,3.640085,1.915210,1.215857,0.463019,3.109662,3.634914,2.199153,1.033922,0.529495,2.988413,3.967701,2.412247,1.170307,0.592330,2.941644,4.286255,2.149359,1.199277,0.568420,3.328054,4.436730,2.166483,1.252379,0.629673,3.038674,4.107059,2.405486,1.334256,0.587776,3.492886,4.453558,2.417684,1.311253,0.618046,3.480341,3.947837,2.099056,1.269360,0.607919,2.853648,3.816168,2.113881,1.033549,0.545536,3.181326,4.716912,2.239506,1.218779,0.545748,2.396813,3.708309,2.265132,0.985395,0.546431,3.036563,4.318217,2.412843,1.233963,0.586212,2.770050,3.878491,2.054143,1.165829,0.576662,2.693974,3.643226,2.099488,1.134284,0.492941,2.937757,4.047782,2.518517,1.155720,0.595401,2.705885,3.516815,2.163820,0.975693,0.532662,2.858293,3.802995,2.478335,1.178214,0.578429,2.976950,4.038436,2.027203,1.225942,0.535570,3.285489,3.905447,2.187806,1.348931,0.509353,2.905240,3.774034,1.986426,1.195226,0.469496,2.941551,3.724178,2.091425,1.267266,0.543253,2.854923,4.040544,2.192447,1.222879,0.515545,2.693523,3.778148,2.001428,1.085909,0.504424,2.811898,4.077456,2.315836,1.344210,0.580305,2.632962,4.051164,2.108603,1.149005,0.530729,3.254624,4.134562,2.376738,1.263326,0.592023,3.073606,4.347214,2.354862,1.168002,0.446137,2.958320,3.715613,2.245974,1.027132,0.544294,3.053225,4.124529,2.122910,1.265798,0.553768,2.635054,3.707976,1.934231,1.104580,0.527071,neutral,neutral_baseline,good
1783252801.289062,37,0,-5.0342,-1.6105,3.1860,3.9715,9.7143,7.0838,10.5082,7.0067,6.6771,2.0011,-3.4049,-2.7683,-5.0139,-8.6656,-5.6928,-3.7995,-2.2597,4.8327,0.5683,-1.3029,6.3119,4.0689,-4.4323,-8.5354,-1.6808,-3.4505,-1.6221,4.7955,2.1549,4.0366,6.5262,7.4111,95,4,98,,,,0,37,0,0.999761,0.015665,0.021868,0.019514,-0.003647,-0.006577,1.015300,31.19211,-4.34012,-40.91668,4,4,4,4,4,4,4,4,4,4,4,4,4,4,4,4,4,4,4,4,4,4,4,4,4,4,4,4,4,4,4,4,96,0.995,95,4,4,4,4,4,4,4,4,4,4,4,4,4,4,4,4,4,4,4,4,4,4,4,4,4,4,4,4,4,4,4,4,1,42.826,0.428262,0.000,1.000,1,19.882,0.198816,0.000,1.000,1,24.498,0.244978,0.000,1.000,1,46.328,0.463283,0.000,1.000,1,43.399,0.433989,0.000,1.000,1,40.537,0.405366,0.000,1.000,2.792723,3.752298,2.364176,1.272905,0.542847,2.876612,4.315018,1.943802,1.159976,0.579007,2.754265,3.581699,2.114534,1.226633,0.494978,2.698546,4.044861,2.241775,1.135914,0.543016,3.336929,4.119605,2.135238,1.292481,0.612441,2.677736,4.413447,2.269835,1.303392,0.550505,3.465115,3.972115,2.370861,1.158710,0.631096,3.341028,3.923625,2.170011,1.279377,0.519664,3.304931,4.176916,2.526644,1.272163,0.609061,3.289258,4.380541,2.115778,1.225774,0.556906,2.647839,3.491188,2.108692,1.090543,0.557898,2.763600,4.041861,2.108508,1.233505,0.569924,2.659587,3.877311,2.095241,1.234807,0.440800,2.884947,4.104626,2.498586,1.258290,0.646121,2.852888,4.100245,2.151447,1.160253,0.540500,2.917166,3.607365,1.966814,1.203236,0.498452,3.073036,4.269709,2.227239,1.146499,0.660342,2.926908,3.585471,2.035883,1.138632,0.509478,3.127642,4.220281,2.477246,1.224906,0.572469,2.925541,4.117541,2.287718,1.074749,0.521239,2.764907,3.912357,2.351086,1.234221,0.638892,2.772460,3.698589,2.051915,1.050849,0.483236,3.156979,4.132094,2.188392,1.251280,0.515804,2.514574,4.182993,2.310290,1.059817,0.538131,2.733558,3.875338,2.117741,1.228248,0.499014,3.211518,4.001180,2.312932,1.212312,0.614270,2.909074,3.838547,2.244311,1.188632,0.494622,3.183036,4.324729,2.232472,1.279961,0.632512,3.180887,4.112390,2.319039,1.358344,0.601915,2.934501,3.946106,2.148651,1.131860,0.515546,2.985912,4.465081,2.085387,1.127881,0.514952,2.856542,3.880656,1.920401,1.007927,0.468735,neutral,neutral_baseline,good
1783252801.296875,38,0,-7.5863,1.2677,5.9799,4.7921,9.5395,12.7992,1.2022,0.4497,-3.9156,-6.3561,-3.7407,-6.3136,-3.7213,-2.2352,-0.3262,2.6843,-0.2544,1.3197,3.4382,-0.4104,-0.5618,-2.6505,-3.1669,-1.3265,-1.5103,-0.7671,4.3696,4.7772,9.1898,11.7966,5.1025,-0.8932,95,4,98,,,,0,38,0,0.999758,0.015733,0.021980,0.019549,0.003330,-0.013716,1.008857,31.19254,-4.34059,-40.91621,4,4,4,4,4,4,4,4,4,4,4,4,4,4,4,4,4,4,4,4,4,4,4,4,4,4,4,4,4,4,4,4,96,0.995,95,4,4,4,4,4,4,4,4,4,4,4,4,4,4,4,4,4,4,4,4,4,4,4,4,4,4,4,4,4,4,4,4,1,44.299,0.442993,0.000,1.000,1,19.872,0.198722,0.000,1.000,1,24.060,0.240599,0.000,1.000,1,43.165,0.431646,0.000,1.000,1,45.346,0.453456,0.000,1.000,1,38.569,0.385694,0.000,1.000,3.063907,3.996701,2.253993,1.211391,0.486281,2.902870,4.013468,2.299381,1.275817,0.595645,2.752185,3.543735,1.941113,1.201678,0.566139,3.063077,3.797700,2.010819,1.157630,0.521028,3.148922,3.802773,2.085708,1.402902,0.537295,2.907267,4.241871,2.471105,1.253330,0.569747,3.425325,4.188556,2.321956,1.116763,0.535936,3.153011,4.140596,2.489775,1.277310,0.585951,3.037155,4.899148,2.288434,1.343534,0.574692,3.091932,4.499513,2.188902,1.304088,0.577549,3.074627,4.047495,2.140776,1.190323,0.487783,3.115767,4.462090,2.298995,1.162628,0.575144,2.520000,3.345258,2.177331,1.090835,0.568225,3.369179,4.379812,2.281301,1.315664,0.612626,3.077922,4.143905,2.515696,1.193797,0.484518,2.715253,3.717057,1.999469,0.910327,0.475888,3.405193,4.003679,2.570405,1.225913,0.627766,2.714608,3.930719,2.322706,1.158068,0.573086,2.935797,4.203641,2.395143,1.252374,0.554870,2.894862,3.978781,2.231050,1.280753,0.564188,3.080549,4.432180,2.547409,1.247231,0.572028,2.748288,3.889891,2.176384,1.058935,0.517354,2.871166,3.853439,2.105834,1.171353,0.550782,2.981865,3.914077,2.042598,1.178339,0.555129,3.202612,3.948146,2.137130,1.167769,0.512709,3.047030,4.105242,2.537556,1.267263,0.537298,2.976441,3.453396,2.339516,1.119378,0.522909,2.994012,4.029692,2.653917,1.371722,0.534580,2.797301,3.751219,2.212127,1.257748,0.581142,2.995215,3.546111,2.015780,1.051958,0.536196,3.051558,3.707116,2.149568,1.259217,0.665914,2.730407,3.963920,1.876337,1.138048,0.590360,neutral,neutral_baseline,good
1783252801.304688,39,0,2.7117,1.5303,5.8183,1.0589,10.1276,2.3216,2.3641,-4.7861,-6.0265,-6.7226,-7.0570,-2.1772,-4.1127,-0.0072,4.4692,5.9398,7.8525,1.7436,5.9646,-1.4453,-1.6259,-0.7445,1.0212,-5.0860,1.0720,2.6498,1.9729,1.4593,4.3469,6.5283,8.0024,0.8154,95,4,98,,,,0,39,0,0.999756,0.015800,0.022091,0.019583,0.011059,-0.003249,1.001842,31.19296,-4.34107,-40.91574,4,4,4,4,4,4,4,4,4,4,4,4,4,4,4,4,4,4,4,4,4,4,4,4,4,4,4,4,4,4,4,4,96,0.995,95,4,4,4,4,4,4,4,4,4,4,4,4,4,4,4,4,4,4,4,4,4,4,4,4,4,4,4,4,4,4,4,4,1,42.755,0.427552,0.000,1.000,1,18.623,0.186226,0.000,1.000,1,23.406,0.234061,0.000,1.000,1,44.916,0.449159,0.000,1.000,1,38.344,0.383440,0.000,1.000,1,39.197,0.391970,0.000,1.000,2.924872,3.702560,2.366698,1.225756,0.524139,2.996786,3.881041,2.094611,1.095083,0.494194,2.956526,3.681433,2.132456,1.152290,0.534358,2.836743,3.826765,1.996695,0.970884,0.504468,3.265853,3.998396,2.125945,1.253293,0.577797,2.695890,3.789450,1.885151,1.290176,0.532640,3.380350,4.768318,1.982657,1.121897,0.619413,3.013998,4.099521,2.133237,1.188936,0.527756,3.089446,4.561543,2.175390,1.349742,0.580812,3.269083,4.201544,2.268789,1.415015,0.513805,2.927933,4.191758,2.229776,1.093209,0.514788,3.034490,3.940455,2.202322,1.128458,0.569715,2.875378,3.422538,2.069780,1.073906,0.553067,3.164712,4.374330,2.166662,1.180336,0.549586,3.197538,4.156873,2.345717,1.327085,0.576865,2.823071,4.039041,2.167535,1.120816,0.515320,3.373678,4.583288,2.302212,1.332048,0.615614,2.739836,3.871985,1.893658,1.078007,0.469686,3.131699,4.205902,2.246994,1.244503,0.553138,3.071216,4.317073,2.369876,1.181755,0.570710,3.118854,3.945742,2.229322,1.235592,0.575638,2.662305,3.558115,1.911950,1.061412,0.483593,2.730367,3.798506,2.194286,1.189635,0.579169,3.033485,4.241613,2.118296,1.221420,0.521015,2.650896,4.346323,2.171323,1.270804,0.587824,2.999405,3.991783,2.280384,1.283935,0.642589,2.923817,3.548800,1.993771,1.123961,0.499018,3.350542,4.067847,2.327043,1.151470,0.585517,3.420588,4.014828,2.264878,1.286577,0.642299,3.260406,4.249229,1.995098,1.255134,0.547726,2.831664,3.666405,1.935172,1.179572,0.497782,2.709169,3.640503,2.231748,1.087498,0.495621,neutral,neutral_baseline,good
1783252801.312500,40,0,2.4058,5.4313,4.9746,4.3115,0.4835,2.6951,-2.8131,-6.1391,-6.7722,-8.5436,-1.4612,1.4599,-1.1967,6.8233,3.5313,7.3146,4.4853,2.3949,1.4686,-0.3078,-1.2522,-2.5188,-4.6829,-0.0610,-4.7073,2.0574,5.9614,10.5426,3.9688,2.3220,-0.9307,-5.5050,95,4,98,,,,0,40,0,0.999754,0.015866,0.022202,0.019616,0.000246,-0.005779,1.013838,31.19337,-4.34154,-40.91526,4,4,4,4,4,4,4,4,4,4,4,4,4,4,4,4,4,4,4,4,4,4,4,4,4,4,4,4,4,4,4,4,96,0.995,95,4,4,4,4,4,4,4,4,4,4,4,4,4,4,4,4,4,4,4,4,4,4,4,4,4,4,4,4,4,4,4,4,1,37.230,0.372296,0.000,1.000,1,15.595,0.155949,0.000,1.000,1,23.134,0.231337,0.000,1.000,1,43.228,0.432279,0.000,1.000,1,41.261,0.412614,0.000,1.000,1,40.488,0.404877,0.000,1.000,2.968653,3.875398,2.288188,1.044571,0.542368,2.979613,3.713267,2.183899,1.202583,0.566881,2.988637,3.636678,2.177009,1.170210,0.442021,2.979058,4.296068,2.081177,1.258152,0.516521,3.233518,4.025306,2.230495,1.354567,0.598223,3.147219,4.024576,2.125193,1.276114,0.528713,3.136554,4.035891,2.608110,1.203379,0.583543,3.074968,4.299855,2.205009,1.315383,0.586052,2.992293,4.190193,1.905439,1.250437,0.565114,3.031681,3.892604,2.276187,1.369193,0.567043,3.139549,4.126090,2.127563,1.178222,0.546518,2.730383,3.540660,2.253335,1.341274,0.519350,2.728591,3.976992,2.175329,1.147039,0.503236,3.167812,4.381433,2.508041,1.409709,0.589330,3.163127,4.045085,2.302760,1.335840,0.558593,2.662465,3.603427,2.064008,1.134968,0.507631,3.293289,3.902909,2.410193,1.263413,0.677970,2.879117,3.387330,1.871417,1.141610,0.508277,3.311494,4.286417,2.163549,1.172412,0.591497,2.958333,4.168339,2.198765,1.186798,0.618136,2.968353,4.205817,2.114207,1.214570,0.554315,2.626459,3.478059,2.107027,1.129704,0.543413,2.951274,3.500710,2.045813,1.286623,0.577498,3.071323,3.499480,2.053893,1.217498,0.539209,2.722541,3.392575,2.222871,1.102123,0.515437,3.116413,4.435515,2.457255,1.270821,0.519796,2.642142,3.505473,2.059165,1.232254,0.536356,3.282344,3.978583,2.322854,1.217387,0.588727,3.293434,4.647358,2.343076,1.242385,0.604833,2.569833,4.019225,1.959052,1.201005,0.524202,3.095718,4.185334,2.340316,1.138700,0.583303,2.709392,3.458887,1.888430,1.101361,0.516803,neutral,neutral_baseline,good
1783252801.320312,41,0,0.9942,2.9805,4.3535,1.5124,1.2298,-6.2502,-7.1580,-3.3258,0.0662,-3.9566,-5.0605,1.4579,3.5785,6.3590,5.4437,5.2060,0.4029,-4.4153,-3.4333,-4.0698,-2.6222,-9.2648,-3.8615,-0.8594,4.3839,6.3655,7.5988,3.4674,2.1662,-0.2986,-5.6867,-6.7583,95,4,98,,,,0,41,0,0.999751,0.015933,0.022312,0.019647,-0.000242,-0.007028,1.010234,31.19376,-4.34202,-40.91479,4,4,4,4,4,4,4,4,4,4,4,4,4,4,4,4,4,4,4,4,4,4,4,4,4,4,4,4,4,4,4,4,96,0.995,95,4,4,4,4,4,4,4,4,4,4,4,4,4,4,4,4,4,4,4,4,4,4,4,4,4,4,4,4,4,4,4,4,1,43.937,0.439371,0.000,1.000,1,17.633,0.176335,0.000,1.000,1,20.769,0.207691,0.000,1.000,1,47.643,0.476425,0.000,1.000,1,44.998,0.449978,0.000,1.000,1,39.704,0.397037,0.000,1.000,2.725289,4.547493,2.197306,1.242241,0.544736,2.989257,3.860810,2.231572,1.234584,0.518700,2.831710,3.881330,2.132314,1.133435,0.520490,2.836819,3.730347,2.169273,1.304298,0.467705,3.308723,4.643720,2.322222,1.300545,0.605413,2.821561,4.055476,2.276100,1.183741,0.554412,3.110137,4.421282,2.323068,1.219847,0.617523,3.068438,4.225286,2.468753,1.277960,0.610134,3.432497,4.455715,2.358067,1.397266,0.581624,3.468584,4.091499,2.382554,1.293843,0.577082,2.629535,3.730049,2.195418,1.243764,0.522521,3.185408,4.256513,2.323574,1.241612,0.574311,2.962598,3.692948,2.050593,1.021026,0.522774,3.352970,4.173814,2.420776,1.213915,0.567005,2.848949,4.033346,2.167138,1.128056,0.519278,2.602017,3.466122,2.022457,1.125055,0.472240,3.332564,4.431964,2.525166,1.291927,0.601698,2.671261,4.045417,2.027310,1.130780,0.491244,3.070951,4.698281,2.394839,1.358831,0.578558,3.223276,3.575513,2.302329,1.253540,0.586671,3.081033,4.167908,2.232259,1.191015,0.559858,3.227312,3.820258,1.976247,1.011764,0.512668,3.057179,3.760437,2.226552,1.232773,0.603462,2.983783,4.018011,2.162575,1.092856,0.546699,2.869984,3.545316,2.141365,1.166481,0.545276,2.903184,3.828095,2.421355,1.343706,0.551018,2.832868,3.600899,2.054953,1.086985,0.541825,3.006883,4.164322,2.266018,1.214002,0.606403,3.276385,4.088305,2.498278,1.325905,0.644791,3.135678,3.827877,2.198153,1.193018,0.532877,3.367985,4.129580,2.198480,1.149743,0.567724,2.775517,3.994662,1.968997,0.926618,0.561305,neutral,neutral_baseline,good
1783252801.328125,42,0,9.0872,0.2190,3.2345,1.1381,1.3888,0.9385,-1.2678,-3.8030,-2.1991,-2.2916,3.2888,5.0828,2.8638,5.4007,0.6042,2.8016,-6.7094,-10.0236,-8.7779,-7.2423,-5.1610,-3.4351,0.5269,3.2491,6.1124,5.5731,3.6786,6.9165,2.2147,1.1385,-4.7423,-2.0988,95,4,98,,,,0,42,0,0.999749,0.015998,0.022422,0.019677,0.005813,-0.008881,1.015459,31.19414,-4.34250,-40.91432,4,4,4,4,4,4,4,4,4,4,4,4,4,4,4,4,4,4,4,4,4,4,4,4,4,4,4,4,4,4,4,4,96,0.995,95,4,4,4,4,4,4,4,4,4,4,4,4,4,4,4,4,4,4,4,4,4,4,4,4,4,4,4,4,4,4,4,4,1,43.806,0.438058,0.000,1.000,1,22.111,0.221112,0.000,1.000,1,25.640,0.256402,0.000,1.000,1,49.487,0.494873,0.000,1.000,1,38.802,0.388017,0.000,1.000,1,39.355,0.393547,0.000,1.000,2.744501,3.767850,2.214956,1.115986,0.552460,3.280225,3.660090,2.131019,1.097703,0.557342,2.893100,3.575656,2.165580,1.027221,0.490575,2.715526,3.681876,2.180206,1.095306,0.496750,3.225330,4.165771,2.240880,1.220254,0.593558,2.949971,4.337469,2.200990,1.199244,0.535553,3.498891,3.568768,2.143490,1.182073,0.628591,3.203383,3.772591,2.125802,1.263838,0.557777,3.039723,4.585386,2.341918,1.403150,0.598607,3.266165,4.516596,2.055493,1.325084,0.632229,2.909723,4.083616,1.930525,1.180817,0.536639,3.008982,4.308577,2.172487,1.160848,0.574692,2.675030,3.760920,2.063488,1.145450,0.452971,3.132215,4.474881,1.959693,1.286833,0.570577,2.897184,3.824594,2.238475,1.222844,0.568022,2.802314,4.106629,2.072897,0.955825,0.484024,3.541148,4.256145,2.220638,1.260033,0.560875,2.819716,3.477696,2.088830,1.251579,0.511113,3.485283,4.258290,2.180256,1.294587,0.566175,3.154881,4.142513,2.119766,1.340312,0.533711,3.007674,3.757588,2.287608,1.202796,0.549400,2.617853,3.696285,2.061773,1.139912,0.456487,3.015000,4.248675,2.084023,1.079610,0.524760,3.042542,3.840789,2.235243,1.259030,0.510042,2.968150,4.247278,1.895796,1.134303,0.525442,3.265299,4.253538,2.194268,1.249861,0.564650,2.786677,3.678802,2.079964,1.081016,0.501461,3.212892,4.288706,2.191499,1.230237,0.594498,3.102343,4.173169,2.218393,1.262068,0.562008,3.242189,3.713906,2.067254,1.202163,0.547812,3.112191,4.098267,2.220882,1.155358,0.555754,2.760622,3.980527,2.122162,1.166949,0.511559,neutral,neutral_baseline,good
1783252801.335938,43,0,8.3334,4.4397,3.7179,-1.5924,-2.8510,-1.6848,-0.9713,-0.2498,2.5619,0.1602,6.2872,5.7826,0.1175,1.2624,-1.7458,1.0836,-2.5415,-6.6484,-7.0961,-4.0616,-4.6490,2.2778,4.1141,9.1457,4.4775,8.5210,9.1714,1.5917,0.6788,-6.3901,-7.2049,-11.6946,95,4,98,,,,0,43,0,0.999746,0.016063,0.022532,0.019706,0.009855,-0.018251,1.011217,31.19451,-4.34298,-40.91385,4,4,4,4,4,4,4,4,4,4,4,4,4,4,4,4,4,4,4,4,4,4,4,4,4,4,4,4,4,4,4,4,96,0.995,95,4,4,4,4,4,4,4,4,4,4,4,4,4,4,4,4,4,4,4,4,4,4,4,4,4,4,4,4,4,4,4,4,1,42.671,0.426705,0.000,1.000,1,17.070,0.170699,0.000,1.000,1,23.162,0.231619,0.000,1.000,1,46.707,0.467068,0.000,1.000,1,39.110,0.391105,0.000,1.000,1,40.803,0.408034,0.000,1.000,3.080040,4.014948,2.213027,1.182116,0.548376,3.164797,3.913048,1.977692,1.047106,0.586588,2.825948,3.476765,2.112292,1.066377,0.539737,2.838871,3.727807,2.200687,1.136977,0.521849,3.141340,4.833982,2.399148,1.300125,0.592845,2.881925,3.735353,2.357352,1.312789,0.592929,3.310433,4.459815,2.185073,1.224107,0.577052,3.284856,3.981438,2.203936,1.310288,0.616105,3.010556,3.883219,2.434584,1.408484,0.624526,3.208439,4.174769,2.263599,1.289954,0.582875,3.053437,3.881172,2.185964,1.158842,0.530766,3.023968,3.710523,2.317980,1.105113,0.673507,2.787700,3.533855,2.102220,1.046319,0.550927,3.598532,4.520300,2.280352,1.239999,0.690477,2.966737,3.791069,2.318489,1.275241,0.568316,2.601552,3.721884,2.122670,1.102091,0.543908,3.122956,4.561447,2.407587,1.331289,0.616422,2.816207,3.886767,1.751438,1.070890,0.510720,3.052785,4.218095,2.242653,1.290600,0.566825,3.588480,3.589568,2.135682,1.092284,0.521351,2.963891,3.477915,2.182742,1.316237,0.591404,2.716143,3.638586,1.859314,1.200806,0.526440,2.845850,3.869016,2.263035,1.096345,0.538904,3.027320,3.847253,2.228842,1.161487,0.571200,2.952822,3.865960,2.042887,1.197545,0.565311,3.462179,4.375757,2.169777,1.184877,0.576949,2.752578,4.151622,2.061142,1.029774,0.472339,3.182907,4.025644,2.086881,1.337835,0.613144,2.868825,4.678486,2.337897,1.170199,0.585691,2.730375,4.092688,2.280705,1.153819,0.542241,3.133103,4.185446,2.421098,1.216784,0.542670,2.850078,3.367581,2.064375,1.152263,0.479539,neutral,neutral_baseline,good
1783252801.343750,44,0,5.1820,8.2885,2.6610,-0.9050,-4.3098,-2.1572,-3.5221,3.1719,-0.1825,1.5983,2.3649,1.2225,2.3176,-3.3050,-4.9781,-4.9050,-9.2967,-3.8026,-5.6154,-5.5044,1.3187,4.3767,10.8630,12.1393,6.2224,9.2277,-2.2885,-0.9824,-1.2377,-8.7513,-13.6455,-5.9772,95,4,98,,,,0,44,0,0.999744,0.016128,0.022642,0.019733,-0.006928,-0.008958,1.001547,31.19487,-4.34347,-40.91338,4,4,4,4,4,4,4,4,4,4,4,4,4,4,4,4,4,4,4,4,4,4,4,4,4,4,4,4,4,4,4,4,96,0.995,95,4,4,4,4,4,4,4,4,4,4,4,4,4,4,4,4,4,4,4,4,4,4,4,4,4,4,4,4,4,4,4,4,1,47.612,0.476124,0.000,1.000,1,21.952,0.219524,0.000,1.000,1,23.654,0.236536,0.000,1.000,1,49.174,0.491739,0.000,1.000,1,39.016,0.390162,0.000,1.000,1,42.527,0.425266,0.000,1.000,3.072656,3.682111,2.122971,1.185852,0.555849,3.009007,4.530640,2.193351,1.246870,0.527387,2.671264,3.861452,1.973438,1.104298,0.496866,2.986662,3.757131,2.003543,1.116830,0.535393,3.235975,4.674774,2.127424,1.184564,0.574011,2.932186,3.923821,2.409766,1.320095,0.525195,2.988300,3.747998,2.195036,1.332354,0.548530,3.248635,3.771542,2.206424,1.242495,0.545556,3.198935,4.489205,2.198427,1.423065,0.590373,3.400287,4.438911,2.386147,1.360719,0.579832,2.887198,3.788224,1.994183,1.301577,0.461440,3.123694,4.273831,2.188097,1.209327,0.559475,2.912654,3.831879,2.022317,1.098508,0.551502,3.218830,4.263138,2.268928,1.293670,0.628802,3.134677,3.720884,2.119871,1.121064,0.563258,2.777295,3.682523,1.866025,1.101014,0.516048,3.415002,4.171470,2.404135,1.318292,0.625581,2.680789,3.925326,1.973731,1.067619,0.482150,3.195995,4.173377,2.222255,1.206780,0.557597,3.353327,4.242889,2.424840,1.125054,0.553693,2.927975,4.059904,2.087216,1.342390,0.566037,2.692633,3.938511,2.001747,1.051377,0.496839,2.816780,3.972914,2.070177,1.171660,0.524980,2.788090,4.047070,2.229843,1.209574,0.529065,2.857464,3.875403,2.461509,1.287370,0.530244,3.318734,3.896963,2.281806,1.191065,0.558330,2.617218,3.740130,2.062602,1.030602,0.565633,3.519764,4.087988,2.289866,1.224858,0.613251,3.095183,4.513927,2.416961,1.165212,0.546572,2.959707,4.111974,2.068671,1.199509,0.490331,2.640919,3.930285,2.265550,1.242005,0.558180,2.509494,3.941063,1.958348,1.088888,0.531766,neutral,neutral_baseline,good
1783252801.351562,45,0,2.6671,-1.6865,-5.8484,-4.9161,-8.0401,-9.5025,-6.2716,1.8105,1.9897,0.9343,3.8637,-0.6493,-4.7588,-2.2705,-4.3154,-7.1323,-9.4820,-0.7834,2.4183,5.5344,6.2183,8.2812,10.6208,8.7995,6.0279,4.0807,-6.1225,-6.2600,-6.9467,-13.8361,-9.9702,-8.2859,95,4,98,,,,0,45,0,0.999741,0.016192,0.022750,0.019759,0.002982,-0.012021,0.997185,31.19521,-4.34396,-40.91291,4,4,4,4,4,4,4,4,4,4,4,4,4,4,4,4,4,4,4,4,4,4,4,4,4,4,4,4,4,4,4,4,96,0.995,95,4,4,4,4,4,4,4,4,4,4,4,4,4,4,4,4,4,4,4,4,4,4,4,4,4,4,4,4,4,4,4,4,1,43.270,0.432704,0.000,1.000,1,22.045,0.220446,0.000,1.000,1,23.519,0.235189,0.000,1.000,1,45.605,0.456048,0.000,1.000,1,41.317,0.413173,0.000,1.000,1,40.001,0.400008,0.000,1.000,2.785730,4.314691,2.061342,1.143614,0.476665,2.964705,4.415539,2.033389,1.225774,0.554373,2.635153,3.593913,1.908228,1.160963,0.512615,3.162141,3.664964,2.179278,1.098818,0.543765,2.529842,4.150859,2.514522,1.227747,0.588094,2.816304,4.163199,2.025429,1.130868,0.503967,2.825489,4.013275,2.572621,1.136598,0.535481,3.129362,4.261679,2.610409,1.345919,0.655694,3.364959,3.927870,2.306213,1.376238,0.607073,3.039549,3.973357,2.503785,1.297337,0.635410,2.972406,3.669580,1.997118,1.254792,0.596643,2.940834,3.981178,2.065966,1.279234,0.576520,2.692695,3.904337,1.971304,1.130686,0.548674,3.141935,4.052945,2.175103,1.307132,0.501810,2.996047,3.576761,2.170548,1.201669,0.589286,2.984706,3.990520,2.136280,1.180270,0.517147,3.065310,4.212464,2.369530,1.310167,0.548134,2.749144,3.958630,2.041543,1.152462,0.511446,3.478040,3.879913,2.501446,1.204740,0.535041,2.978222,4.201383,2.209614,1.225207,0.515236,2.729453,4.278786,2.151748,1.242535,0.562485,2.792350,3.592546,1.959132,1.118228,0.471468,3.156261,3.958615,2.182632,1.194787,0.519521,2.707856,3.774829,2.004123,1.120386,0.504976,2.996897,3.430768,2.211251,1.077702,0.520385,3.148019,4.161784,2.561191,1.274881,0.601182,2.557361,3.910135,2.322233,1.111948,0.531188,3.139516,3.909034,2.384724,1.135484,0.564835,3.208157,4.631617,2.346466,1.184504,0.541893,2.913430,4.018382,2.166268,1.174105,0.548680,3.297701,3.890487,1.947586,1.262481,0.565020,2.885427,3.453470,2.049895,1.132240,0.513785,neutral,neutral_baseline,good
1783252801.359375,46,0,-2.3578,-3.5440,-4.3994,-5.3257,-4.5197,-0.8861,-1.5722,6.1542,3.2315,2.7015,7.4040,0.8122,-5.3846,-9.8649,-2.5546,-5.7697,-8.5511,-0.4838,3.5065,9.4987,9.0771,7.7776,7.3000,8.1357,1.3142,-0.9021,-11.8177,-12.6500,-12.1266,-11.1905,-8.7349,-4.2884,95,4,98,,,,0,46,0,0.999739,0.016256,0.022859,0.019784,0.009512,-0.001843,1.012343,31.19555,-4.34445,-40.91244,4,4,4,4,4,4,4,4,4,4,4,4,4,4,4,4,4,4,4,4,4,4,4,4,4,4,4,4,4,4,4,4,96,0.995,95,4,4,4,4,4,4,4,4,4,4,4,4,4,4,4,4,4,4,4,4,4,4,4,4,4,4,4,4,4,4,4,4,1,43.456,0.434558,0.000,1.000,1,21.863,0.218633,0.000,1.000,1,22.987,0.229872,0.000,1.000,1,52.152,0.521517,0.000,1.000,1,46.266,0.462664,0.000,1.000,1,39.499,0.394988,0.000,1.000,3.059983,3.798130,2.030780,1.130473,0.504563,2.942623,4.049323,2.431652,1.274048,0.535165,2.698263,3.606299,2.128825,1.115002,0.471247,2.996629,4.104687,2.187779,1.169842,0.487846,3.041910,4.170020,2.122791,1.251135,0.552072,2.999386,3.796929,2.048268,1.172016,0.514390,3.249645,4.235734,2.276966,1.162676,0.528395,3.353598,4.036870,2.644718,1.227496,0.630631,2.887953,4.413845,2.111561,1.349103,0.596427,2.825856,3.848772,2.197701,1.260032,0.579005,3.132755,3.815616,2.092188,1.189989,0.540756,3.068432,4.437681,2.153282,1.198860,0.522599,2.610612,3.690360,2.050073,1.066202,0.531145,2.829610,4.267997,2.236013,1.302729,0.586086,3.052999,3.902277,2.271743,1.209289,0.533415,2.865138,3.472175,2.168349,1.140350,0.455269,3.341015,3.953288,2.372343,1.424327,0.586239,2.870750,3.454579,1.881763,1.044773,0.518772,3.099266,4.565705,2.611809,1.324540,0.575039,3.004607,4.089252,2.011670,1.216831,0.578830,3.302527,4.317808,2.247088,1.158423,0.585876,2.544398,3.721273,1.968965,1.065455,0.470356,2.833673,4.075756,2.292390,1.194282,0.510488,2.947913,4.061237,1.997323,1.119995,0.574907,2.796522,4.158843,2.231328,1.122197,0.560261,3.163191,3.959869,2.235600,1.059695,0.558316,3.055705,3.809664,1.894225,1.164732,0.504256,3.094901,3.833976,2.478232,1.226838,0.592888,3.221491,3.641277,2.297622,1.280024,0.569119,3.136155,4.138315,2.044024,1.175294,0.542226,3.336629,4.211087,2.251935,1.175315,0.579885,3.032323,3.706553,2.164084,1.141703,0.573377,neutral,neutral_baseline,good
1783252801.367188,47,0,-10.9072,-2.5899,-5.2576,-2.5232,2.6538,6.3537,3.3447,5.2043,7.3073,2.9120,-0.3099,-4.2821,-3.1753,-6.3602,-3.7118,-5.9408,-3.3420,4.7274,4.2995,5.9062,3.7577,7.6262,0.9436,0.2604,-0.8168,-7.2353,-11.8040,-11.3298,-13.0440,-8.2579,-0.7413,4.0096,95,4,98,,,,0,47,0,0.999736,0.016320,0.022967,0.019807,-0.003475,-0.017797,1.007980,31.19587,-4.34494,-40.91198,4,4,4,4,4,4,4,4,4,4,4,4,4,4,4,4,4,4,4,4,4,4,4,4,4,4,4,4,4,4,4,4,96,0.995,95,4,4,4,4,4,4,4,4,4,4,4,4,4,4,4,4,4,4,4,4,4,4,4,4,4,4,4,4,4,4,4,4,1,45.551,0.455512,0.000,1.000,1,19.880,0.198797,0.000,1.000,1,23.381,0.233812,0.000,1.000,1,50.201,0.502012,0.000,1.000,1,43.025,0.430247,0.000,1.000,1,38.768,0.387677,0.000,1.000,3.057917,4.145728,2.072107,1.063754,0.556190,3.047686,4.206709,2.292484,1.136341,0.497677,2.735749,3.388754,2.147535,1.081224,0.582909,2.708996,3.839803,2.244548,1.210653,0.454589,3.414503,4.191157,2.515871,1.276575,0.515437,3.450192,3.578762,2.226867,1.193247,0.495731,3.074774,4.255074,2.397566,1.256118,0.611083,3.411421,4.446621,2.532442,1.265020,0.651319,3.210991,4.162020,2.473714,1.282732,0.538865,3.203904,4.592095,2.185070,1.319833,0.573053,2.894271,4.144171,2.150753,1.129546,0.502777,3.045458,4.002716,2.270625,1.176366,0.553748,2.588278,3.650846,2.124427,1.091928,0.510894,3.242368,4.485447,2.282500,1.298658,0.615032,3.169406,3.837615,2.112534,1.214194,0.514677,2.493366,4.356543,2.064387,1.016601,0.486422,3.397778,4.224431,2.579038,1.374951,0.534899,2.781475,3.661358,1.999792,1.180793,0.551329,2.993208,4.424533,2.388650,1.342133,0.602085,2.959784,3.973393,2.415805,1.197344,0.590277,2.958946,3.790115,2.351090,1.153846,0.569325,2.977496,3.853114,1.905813,1.146202,0.544021,2.900293,3.821508,1.927900,1.224878,0.552660,2.996278,3.703906,2.170021,1.186806,0.506985,3.068730,3.908677,2.100622,0.971525,0.559454,3.411687,4.211900,2.402077,1.309359,0.558015,3.061861,3.814088,1.974918,1.241863,0.467587,3.147905,4.014850,2.199401,1.316762,0.576796,3.115826,4.111140,2.379821,1.277397,0.597312,2.898267,3.994550,2.123677,1.065999,0.564208,2.509578,4.260134,2.342101,1.176052,0.527565,2.902351,4.055556,2.136641,1.057668,0.505961,neutral,neutral_baseline,good
1783252801.375000,48,0,-9.6907,-8.1992,-0.9459,-0.0076,5.0300,3.9076,6.4508,4.8122,6.4568,1.6958,-1.8912,-3.5619,-5.9619,-9.9243,-4.4210,-5.9632,1.6710,2.7685,6.2764,7.4186,5.8718,3.9446,1.5542,-2.9110,-8.6130,-11.4798,-8.9151,-12.1468,-2.4082,-3.3959,4.6641,7.0542,95,4,98,,,,0,48,0,0.999734,0.016382,0.023075,0.019829,-0.000063,-0.005391,1.012301,31.19618,-4.34543,-40.91151,4,4,4,4,4,4,4,4,4,4,4,4,4,4,4,4,4,4,4,4,4,4,4,4,4,4,4,4,4,4,4,4,96,0.995,95,4,4,4,4,4,4,4,4,4,4,4,4,4,4,4,4,4,4,4,4,4,4,4,4,4,4,4,4,4,4,4,4,1,44.652,0.446525,0.000,1.000,1,17.151,0.171510,0.000,1.000,1,22.446,0.224465,0.000,1.000,1,46.089,0.460895,0.000,1.000,1,44.837,0.448367,0.000,1.000,1,44.674,0.446736,0.000,1.000,2.839779,4.041459,2.233231,1.109992,0.602273,3.109907,3.883059,2.372264,1.120647,0.520593,2.724186,3.702291,1.809591,1.143363,0.512929,3.237675,4.055548,2.029572,1.044686,0.505068,3.026200,4.378893,2.486954,1.328204,0.582348,3.018014,3.945236,2.056874,1.226023,0.545447,3.320767,4.531704,2.222800,1.274025,0.537043,3.413094,4.439974,2.374797,1.218013,0.590341,3.167361,3.889702,2.276779,1.251252,0.586856,3.228842,3.958101,2.508993,1.408562,0.628944,3.273266,3.911585,2.082880,1.161612,0.508398,2.684008,4.033302,2.202189,1.182039,0.596493,2.505683,3.608059,2.025479,1.142504,0.481734,3.068497,4.401017,2.487482,1.310064,0.645826,3.090998,4.113085,2.185518,1.195199,0.503339,2.812942,4.016038,2.050348,1.165029,0.560725,3.151030,4.015785,2.538128,1.317969,0.614323,2.710170,3.792798,2.198893,1.100368,0.486014,3.143001,4.729939,2.398513,1.448827,0.548326,3.157500,3.824532,2.152556,1.253267,0.521420,2.906533,4.283958,2.412535,1.223827,0.503615,2.884401,3.708033,2.152517,1.117957,0.506846,3.068779,3.657245,2.124532,1.241215,0.509271,3.024483,3.897841,2.452180,1.175669,0.528526,2.741719,3.623878,1.892634,1.118621,0.503686,3.310458,4.236152,2.023457,1.201053,0.556542,2.787924,3.756422,2.043481,1.105712,0.530709,3.025468,4.117866,2.350766,1.277640,0.635329,3.516358,4.282407,2.327537,1.296233,0.611557,2.713272,4.112696,2.039091,1.167231,0.566229,2.920290,3.844275,2.049230,1.206632,0.572310,2.763213,3.936981,2.038692,1.121417,0.532160,neutral,neutral_baseline,good
1783252801.382812,49,0,-0.9395,-1.1636,-2.1432,7.3323,2.9609,7.0423,7.7357,1.2234,-0.0802,-1.2792,-2.4328,-6.1944,-3.8902,-9.0707,0.5078,0.9605,-0.2605,4.2101,6.0793,5.4322,7.4736,1.1807,-4.0856,-3.8170,-8.2996,-8.7853,-9.9319,-2.2269,-0.7597,3.1865,5.6143,4.9589,95,4,98,,,,0,49,0,0.999731,0.016445,0.023182,0.019850,-0.006443,-0.003251,1.004545,31.19648,-4.34593,-40.91104,4,4,4,4,4,4,4,4,4,4,4,4,4,4,4,4,4,4,4,4,4,4,4,4,4,4,4,4,4,4,4,4,96,0.995,95,4,4,4,4,4,4,4,4,4,4,4,4,4,4,4,4,4,4,4,4,4,4,4,4,4,4,4,4,4,4,4,4,1,44.134,0.441344,0.000,1.000,1,17.656,0.176556,0.000,1.000,1,19.825,0.198247,0.000,1.000,1,49.073,0.490734,0.000,1.000,1,40.913,0.409130,0.000,1.000,1,40.645,0.406451,0.000,1.000,3.104938,3.724381,2.193546,1.249654,0.528631,3.083248,3.607285,2.020449,1.076012,0.542907,2.814144,3.874112,1.806535,0.986834,0.513793,3.042748,3.808903,1.848956,1.084212,0.550797,2.980616,4.146025,2.415597,1.384125,0.614434,2.661826,3.848853,2.436246,1.236058,0.559447,3.230138,3.928275,2.281152,1.178142,0.550867,3.501592,4.458438,2.639953,1.208747,0.603980,3.197456,4.659123,2.235781,1.227692,0.555587,3.341242,4.100595,2.281455,1.344007,0.496915,2.776101,4.062551,1.945111,1.180067,0.588164,3.278218,3.841060,2.034764,1.217180,0.588727,2.884318,4.171746,1.812870,1.080996,0.450170,3.014770,3.878486,2.338701,1.280801,0.608098,2.776289,3.432445,2.120754,1.288502,0.544165,2.900557,3.367252,2.074938,1.131000,0.523000,3.108925,3.948971,2.154375,1.284422,0.607815,2.547923,3.265871,2.170291,1.058187,0.494834,3.030591,4.193624,2.209431,1.294690,0.585489,3.063695,3.845961,2.203663,1.380553,0.556496,2.672199,4.332514,2.289858,1.243700,0.540151,2.934179,3.914037,2.223285,1.071955,0.501758,3.033405,3.532275,2.269358,1.268035,0.504607,2.783781,3.622150,2.084837,1.119418,0.507970,3.097286,3.752954,2.019113,1.101634,0.510625,3.030031,4.154904,2.184263,1.391215,0.577259,2.844477,3.587435,2.019340,1.083806,0.513197,3.023781,4.336836,2.254671,1.188755,0.571345,3.012331,4.431775,2.271911,1.280251,0.586571,2.590595,3.885592,2.346048,1.201376,0.515017,2.970167,3.990079,2.180103,1.133587,0.552358,2.635550,3.882030,2.073419,1.139247,0.499973,neutral,neutral_baseline,good
1783252801.390625,50,0,0.2021,0.8266,5.6516,3.9889,9.7291,5.4332,0.3823,-1.9430,-1.8363,-3.5309,-14.0748,-8.9356,-7.2096,-6.2909,-1.9430,4.0094,5.6553,16.1739,7.0782,2.7219,2.5449,-2.6423,-3.9848,-8.2171,-4.7440,-11.5747,-6.0149,-0.3553,0.5821,9.0061,14.9001,4.3337,95,4,98,,,,0,50,0,0.999729,0.016506,0.023290,0.019869,-0.017430,-0.002135,0.994606,31.19676,-4.34643,-40.91058,4,4,4,4,4,4,4,4,4,4,4,4,4,4,4,4,4,4,4,4,4,4,4,4,4,4,4,4,4,4,4,4,96,0.995,95,4,4,4,4,4,4,4,4,4,4,4,4,4,4,4,4,4,4,4,4,4,4,4,4,4,4,4,4,4,4,4,4,1,44.040,0.440397,0.000,1.000,1,22.309,0.223088,0.000,1.000,1,18.967,0.189672,0.000,1.000,1,53.386,0.533863,0.000,1.000,1,39.891,0.398915,0.000,1.000,1,40.454,0.404542,0.000,1.000,3.257507,4.432150,2.038646,1.230435,0.523890,3.284314,3.924281,2.312358,1.277722,0.498931,2.633327,3.633510,1.913926,1.160597,0.530822,2.874139,3.821121,2.014510,1.091735,0.571621,3.023535,4.172458,2.666618,1.300780,0.605952,2.989285,3.895020,2.385060,1.295381,0.517648,3.254129,3.966942,2.315625,0.960491,0.594841,2.680471,4.603969,2.503545,1.222245,0.577134,2.952687,4.537608,2.465693,1.291633,0.562144,2.929743,4.540912,2.204405,1.581129,0.546171,2.934295,3.796224,2.092211,1.128004,0.563810,2.896877,3.852322,2.202338,1.137092,0.601828,3.036774,3.852339,1.935237,1.152391,0.532909,3.229231,4.403193,2.088760,1.106822,0.563984,2.920631,3.898200,2.322117,1.224731,0.537226,2.512828,3.918008,1.940033,1.164150,0.524576,3.150167,4.072860,2.186260,1.273828,0.593519,2.757785,3.614163,1.995167,1.013268,0.565586,3.222153,4.129598,2.342528,1.255060,0.631579,3.184014,3.856921,2.290907,1.238682,0.571053,2.779476,4.209945,2.037308,1.158665,0.581580,2.901666,3.656229,2.118540,1.108345,0.491148,2.883047,3.746389,2.056759,1.170107,0.516812,2.764594,3.770587,2.122063,1.191741,0.578541,2.816583,4.056143,2.036108,1.117278,0.501330,3.258827,4.082209,2.345539,1.256532,0.565430,2.870279,3.851379,2.108502,1.152570,0.451066,3.170156,3.645625,2.202800,1.237113,0.561202,3.358257,4.076025,2.411096,1.290196,0.587163,2.900600,3.555081,2.161551,1.168929,0.554526,2.951123,4.026843,2.169510,1.122968,0.568017,2.834655,3.548432,2.104640,1.148648,0.548951,neutral,neutral_baseline,good
1783252801.398438,51,0,1.2536,8.0513,0.2082,3.1501,3.4735,4.2434,3.2700,-8.5059,-9.4467,-8.3097,-10.6876,-7.9026,-3.5303,-0.8945,2.8491,6.6145,11.6763,5.3326,7.9732,0.4861,-2.2499,-4.7951,-9.1216,-7.0464,-8.8116,-3.8934,-3.0948,1.6304,6.3090,10.4151,7.8009,8.1826,95,4,98,,,,0,51,0,0.999726,0.016568,0.023396,0.019887,0.012966,-0.008756,1.017860,31.19704,-4.34693,-40.91011,4,4,4,4,4,4,4,4,4,4,4,4,4,4,4,4,4,4,4,4,4,4,4,4,4,4,4,4,4,4,4,4,96,0.995,95,4,4,4,4,4,4,4,4,4,4,4,4,4,4,4,4,4,4,4,4,4,4,4,4,4,4,4,4,4,4,4,4,1,43.817,0.438173,0.000,1.000,1,20.216,0.202159,0.000,1.000,1,29.578,0.295779,0.000,1.000,1,50.517,0.505168,0.000,1.000,1,41.005,0.410045,0.000,1.000,1,40.994,0.409943,0.000,1.000,3.039449,4.170289,2.206129,1.125346,0.543404,2.927654,4.211898,2.359414,1.303703,0.520322,2.797853,4.134975,2.177613,1.190029,0.507684,3.228519,3.473935,2.173149,0.957142,0.521509,3.302534,4.206441,2.281410,1.218278,0.575496,2.904861,3.786635,2.142631,1.202986,0.503854,3.354297,3.949932,2.317450,1.390333,0.619730,3.149764,4.350562,2.084449,1.273440,0.534678,3.315118,4.413177,2.318667,1.317028,0.594931,2.958880,4.338111,2.363268,1.329137,0.565353,2.651825,3.753364,2.187225,1.105756,0.473275,2.587383,4.173156,2.247317,1.266930,0.559781,2.775816,3.663964,2.197418,1.110646,0.507873,2.930181,4.488261,2.286918,1.412324,0.585146,2.853704,4.279207,2.159748,1.093964,0.565077,2.577016,3.851044,2.060591,1.152472,0.524364,3.401633,4.405170,2.258340,1.321897,0.609561,2.797170,3.626494,1.987248,1.167138,0.503591,2.965884,4.320221,2.217262,1.288546,0.558280,3.036772,3.899235,2.031562,1.082794,0.530516,2.955123,4.140540,1.995184,1.251592,0.512520,2.553598,3.726826,1.936745,1.194073,0.479104,2.710125,3.721006,1.994393,1.289283,0.563440,2.979014,4.222922,2.224483,1.148000,0.496746,3.033240,3.791366,2.053175,1.013495,0.528886,2.964557,3.703534,2.327494,1.227029,0.576763,3.227809,3.778757,1.860888,1.016613,0.484610,3.561494,3.821122,2.213243,1.252218,0.593405,3.191198,4.336329,2.129113,1.382488,0.574102,2.708836,3.717775,2.351475,1.195647,0.548778,3.002920,4.229381,2.242384,1.234552,0.531924,2.323713,3.917630,1.989149,1.153573,0.523322,neutral,neutral_baseline,good
1783252801.406250,52,0,4.8616,5.5736,6.0947,1.3599,2.9222,-6.2867,-8.0202,-8.1595,-11.7584,-6.9740,-4.1760,-2.4258,-1.4195,6.0891,7.0164,17.0793,8.3454,8.1268,0.7760,-4.1870,-2.2775,-10.7565,-12.2556,-8.4064,-12.0652,-5.6699,1.5754,5.1127,4.2004,8.2476,5.0968,5.0039,95,4,98,,,,0,52,0,0.999724,0.016629,0.023502,0.019904,-0.012488,0.004173,1.002713,31.19730,-4.34743,-40.90965,4,4,4,4,4,4,4,4,4,4,4,4,4,4,4,4,4,4,4,4,4,4,4,4,4,4,4,4,4,4,4,4,96,0.995,95,4,4,4,4,4,4,4,4,4,4,4,4,4,4,4,4,4,4,4,4,4,4,4,4,4,4,4,4,4,4,4,4,1,45.025,0.450251,0.000,1.000,1,16.631,0.166307,0.000,1.000,1,23.304,0.233036,0.000,1.000,1,48.982,0.489817,0.000,1.000,1,44.300,0.442997,0.000,1.000,1,40.718,0.407181,0.000,1.000,3.319249,3.822843,2.214193,1.195586,0.589686,2.808662,3.779718,2.198288,1.131949,0.495852,3.227067,3.938455,1.853524,1.121295,0.504687,3.123214,3.605722,2.213845,1.029781,0.531545,3.131731,4.394993,2.188038,1.253833,0.570944,3.073435,4.106664,2.195464,1.178472,0.544372,2.875697,4.025770,2.265346,1.273622,0.610788,3.248370,4.417582,2.516420,1.215491,0.575602,2.982522,4.495328,2.393697,1.415816,0.575617,3.389197,4.515270,2.485132,1.178836,0.658659,2.802311,3.518069,1.906380,1.079225,0.544011,3.031975,3.777710,2.184536,1.184270,0.629539,2.905879,4.108688,2.160575,1.089823,0.547594,3.083030,4.293532,2.189798,1.311068,0.542339,3.191397,3.830133,2.084427,1.167815,0.492919,2.788337,3.391688,2.149109,1.257494,0.525854,3.176143,4.138164,2.530731,1.326092,0.583639,2.770360,3.921541,2.053936,1.037804,0.514610,2.946690,4.201256,2.463606,1.237419,0.595853,3.297037,4.324588,2.107218,1.204828,0.622371,3.274986,4.010070,2.341131,1.267884,0.556408,2.620784,3.879857,1.923903,1.074346,0.511067,2.787721,4.233712,1.963428,1.254150,0.600671,2.889354,3.422306,2.082372,1.209816,0.508436,2.628871,3.580579,2.022356,1.094206,0.554328,2.982795,4.052100,2.030382,1.286137,0.502285,2.579715,3.851804,1.868193,1.134003,0.532513,3.337766,4.468920,2.532044,1.426585,0.563659,3.378265,4.507628,2.168018,1.254904,0.548266,3.100280,3.830000,2.332076,1.163102,0.480371,2.920944,3.562031,2.151318,1.112728,0.541031,2.739180,3.364441,2.127278,1.140801,0.474358,neutral,neutral_baseline,good
1783252801.414062,53,0,2.2623,3.1555,6.4168,4.0236,-2.6456,-5.3963,-8.2503,-8.8138,-9.7098,-6.7345,-0.6256,-1.2239,2.4867,13.5513,12.6904,8.0199,8.8686,2.7547,-1.4597,-6.8345,-11.6109,-10.2109,-12.7775,-7.1710,-6.4176,5.3703,1.9420,8.9483,4.8295,3.3631,3.1858,-1.4832,95,4,98,,,,0,53,0,0.999721,0.016689,0.023608,0.019919,-0.004391,-0.003618,0.995437,31.19755,-4.34794,-40.90918,4,4,4,4,4,4,4,4,4,4,4,4,4,4,4,4,4,4,4,4,4,4,4,4,4,4,4,4,4,4,4,4,96,0.995,95,4,4,4,4,4,4,4,4,4,4,4,4,4,4,4,4,4,4,4,4,4,4,4,4,4,4,4,4,4,4,4,4,1,47.463,0.474626,0.000,1.000,1,20.731,0.207308,0.000,1.000,1,21.996,0.219955,0.000,1.000,1,46.900,0.469004,0.000,1.000,1,46.372,0.463719,0.000,1.000,1,41.104,0.411039,0.000,1.000,3.141679,4.392803,2.109872,1.114445,0.526511,3.093305,3.903147,2.302428,1.169148,0.570646,2.552088,3.542131,2.234486,1.146111,0.471672,2.954408,3.981175,1.727977,1.231067,0.529906,3.303742,4.208804,2.469044,1.228568,0.556465,2.981004,4.040701,2.244975,1.283590,0.489801,3.017184,4.871066,2.189443,1.083389,0.530433,3.368846,4.455624,2.454315,1.140570,0.584908,3.407928,4.243321,2.192157,1.322947,0.611549,3.363270,4.369495,2.450742,1.332129,0.577393,3.016041,3.757922,2.238838,1.122644,0.505068,2.791714,3.881556,2.228593,1.320077,0.523242,2.987896,4.001870,2.059010,1.031543,0.500699,3.235996,4.287922,2.351508,1.265203,0.546139,2.884224,3.887680,2.049946,1.213858,0.514951,2.598461,3.820612,2.174247,1.179544,0.501543,3.773278,4.002500,2.227545,1.237460,0.587100,2.949743,4.182259,1.819273,1.051124,0.488370,3.049914,3.957224,2.394105,1.106331,0.578438,2.835039,4.050217,2.145609,1.222774,0.525002,2.801216,4.214387,2.239993,1.434962,0.575152,2.798825,3.701775,1.910168,1.255536,0.502910,2.927132,4.092153,2.092094,1.266091,0.539703,2.514130,3.628226,2.113554,1.330698,0.532095,2.888864,3.449838,2.064697,1.112531,0.509288,2.900158,4.124250,2.461339,1.123488,0.633725,2.553366,3.861407,2.102592,1.091905,0.490510,3.256530,4.063147,2.082111,1.283762,0.612374,3.283402,4.216313,2.268216,1.258859,0.623605,2.884956,3.750901,2.215242,1.195793,0.600979,3.120946,4.008762,2.006764,1.089116,0.464753,3.120856,3.736572,2.072581,1.092536,0.495837,neutral,neutral_baseline,good
1783252801.421875,54,0,8.2244,8.4441,2.1350,-1.6810,-4.8460,-8.2725,-4.2428,-5.3996,0.2270,-5.4403,5.1245,2.6589,11.8852,11.6376,10.9222,6.3604,3.7174,1.2671,-6.3116,-15.4424,-9.7799,-5.7039,-9.1914,-8.8656,3.2892,3.8271,5.1886,7.0968,11.2379,11.0621,6.5514,-2.7311,95,4,98,,,,0,54,0,0.999719,0.016749,0.023714,0.019933,-0.009680,-0.014936,0.998919,31.19779,-4.34845,-40.90872,4,4,4,4,4,4,4,4,4,4,4,4,4,4,4,4,4,4,4,4,4,4,4,4,4,4,4,4,4,4,4,4,96,0.995,95,4,4,4,4,4,4,4,4,4,4,4,4,4,4,4,4,4,4,4,4,4,4,4,4,4,4,4,4,4,4,4,4,1,43.600,0.436000,0.000,1.000,1,19.466,0.194662,0.000,1.000,1,22.511,0.225106,0.000,1.000,1,45.408,0.454076,0.000,1.000,1,44.654,0.446544,0.000,1.000,1,36.644,0.366436,0.000,1.000,2.841651,3.307879,2.260831,1.143029,0.480218,2.769533,4.269553,2.304891,1.172300,0.543693,2.694889,3.841249,1.925016,1.152204,0.517738,2.875908,4.224952,2.145060,1.105989,0.552339,3.319883,4.365693,2.554924,1.223732,0.588362,2.968314,4.356886,2.236368,1.138499,0.520277,3.324056,4.063353,2.100554,1.355020,0.576232,3.356310,4.626509,2.208139,1.379944,0.569936,3.397680,4.555437,2.451856,1.368853,0.590956,3.113625,4.238361,2.385893,1.360349,0.630355,2.693714,3.709482,2.236691,1.351175,0.541542,3.017468,4.057369,2.112211,1.106300,0.492001,2.684485,3.935299,2.292809,1.131387,0.482628,3.465007,4.704103,2.204045,1.276418,0.539054,3.268458,3.689585,2.429799,1.163256,0.527257,2.943304,3.630025,1.917929,1.001265,0.478559,3.220372,4.190154,2.249191,1.245147,0.595803,2.705348,3.697015,2.356756,1.123630,0.584833,3.152677,4.196490,2.271058,1.093076,0.555402,2.851914,4.077986,2.109992,1.372627,0.552020,3.068947,3.913915,2.075882,1.176758,0.532728,2.778503,3.693329,2.159041,1.059918,0.494252,2.828095,3.639084,2.065538,1.194023,0.588427,2.975290,3.903637,1.892297,1.125118,0.494511,2.816795,3.905888,2.221983,1.102808,0.502949,2.941275,4.726548,2.340455,1.401527,0.525056,2.866019,3.558512,2.078694,1.191137,0.496011,3.227114,4.095526,2.456051,1.175463,0.597259,3.144440,4.706483,2.558526,1.253124,0.605287,2.812183,3.923562,2.264032,1.118278,0.530752,3.117690,3.893884,2.246558,1.179514,0.541553,2.809604,3.718754,1.848752,1.137612,0.547424,neutral,neutral_baseline,good
1783252801.429688,55,0,6.0490,6.2227,-1.1698,-2.0517,-4.2829,-8.5429,-3.6406,-10.9310,0.8098,2.1154,6.3050,4.5937,8.7009,8.0188,6.8141,-0.9912,-4.0969,-9.5003,-3.9572,-11.4051,-8.1513,-7.2388,-1.2287,-1.3944,4.8081,6.3781,10.4824,9.3488,3.5378,2.0684,3.5981,-3.3366,95,4,98,,,,0,55,0,0.999716,0.016808,0.023819,0.019946,0.001701,-0.000505,1.010461,31.19801,-4.34896,-40.90825,4,4,4,4,4,4,4,4,4,4,4,4,4,4,4,4,4,4,4,4,4,4,4,4,4,4,4,4,4,4,4,4,96,0.995,95,4,4,4,4,4,4,4,4,4,4,4,4,4,4,4,4,4,4,4,4,4,4,4,4,4,4,4,4,4,4,4,4,1,38.178,0.381776,0.000,1.000,1,18.959,0.189589,0.000,1.000,1,21.959,0.219587,0.000,1.000,1,51.764,0.517645,0.000,1.000,1,40.343,0.403434,0.000,1.000,1,38.873,0.388733,0.000,1.000,3.117284,3.912562,2.123334,1.182069,0.512735,3.027144,3.824466,2.210142,1.181376,0.539653,2.821366,3.907228,1.938398,1.137169,0.522760,2.830938,4.025304,1.966804,1.251721,0.502819,3.263450,3.963432,2.185382,1.335652,0.545970,2.664459,4.024576,2.382967,1.194451,0.535153,3.234432,3.654416,2.305882,1.273744,0.565907,3.539617,4.073118,2.421413,1.231810,0.583120,3.126805,4.617615,2.270772,1.267731,0.619863,3.146102,4.556389,2.507276,1.311915,0.577947,3.025972,4.061854,2.109232,1.290495,0.608550,3.206217,3.896681,2.279247,1.124194,0.598803,2.896163,3.559851,2.139869,1.093040,0.543831,3.088084,3.982450,2.320923,1.337273,0.591873,3.110093,4.344530,1.956280,1.110376,0.508245,2.747834,3.726238,1.931807,1.017387,0.518127,2.900825,4.147463,2.453438,1.070688,0.508182,2.867816,3.713572,2.202933,1.066599,0.514177,3.013672,3.974459,2.318209,1.344342,0.572795,3.062165,3.730069,2.225344,1.080757,0.556744,3.483807,3.762504,2.281734,1.095597,0.545362,2.642643,4.019318,2.026672,1.073631,0.513617,2.649552,4.340755,2.368408,1.128501,0.603292,2.817791,3.809209,2.082569,1.101155,0.534294,3.043872,4.336488,2.045258,1.169700,0.497152,3.139317,4.176398,2.331894,1.181297,0.543198,2.756508,3.460585,2.129062,1.158733,0.490743,3.385103,4.550683,2.021291,1.340240,0.566330,3.154130,4.628595,2.136931,1.240444,0.529542,2.749905,3.580201,2.087895,1.277528,0.532345,2.896692,4.216220,2.122415,1.068791,0.522256,2.514708,3.487949,2.204215,1.069349,0.549641,neutral,neutral_baseline,good
1783252801.437500,56,0,6.5827,3.6977,1.8985,-9.6536,-4.3728,-6.6369,-5.8277,-3.2459,2.3458,5.3014,10.4330,9.2328,6.6636,5.3207,2.0658,-2.1979,-8.3994,-8.4883,-11.1768,-9.3234,-3.9729,-3.6024,7.7448,4.3765,9.8312,13.6749,11.4138,3.3778,9.1248,4.4808,-3.6004,-7.1602,95,4,98,,,,0,56,0,0.999714,0.016867,0.023923,0.019957,0.006130,-0.004581,1.004282,31.19823,-4.34947,-40.90779,4,4,4,4,4,4,4,4,4,4,4,4,4,4,4,4,4,4,4,4,4,4,4,4,4,4,4,4,4,4,4,4,96,0.995,95,4,4,4,4,4,4,4,4,4,4,4,4,4,4,4,4,4,4,4,4,4,4,4,4,4,4,4,4,4,4,4,4,1,44.379,0.443788,0.000,1.000,1,23.242,0.232416,0.000,1.000,1,19.856,0.198556,0.000,1.000,1,43.061,0.430608,0.000,1.000,1,40.454,0.404536,0.000,1.000,1,37.332,0.373324,0.000,1.000,2.961314,4.302953,2.236409,1.166156,0.514689,3.189351,3.967113,2.346617,1.165425,0.575791,2.926335,3.802701,2.169686,1.083886,0.540434,3.046897,3.719556,1.899904,1.263237,0.494119,3.077836,4.234755,2.624215,1.279496,0.551286,3.022581,3.759934,2.168136,1.084291,0.572023,3.018769,4.084079,2.207368,1.284936,0.579878,3.059826,4.732993,2.367516,1.179751,0.588735,2.993144,4.635025,2.402603,1.265468,0.622057,3.091681,4.347401,2.242433,1.293273,0.564398,3.018162,3.990343,2.227438,1.241073,0.587359,3.180797,4.063416,2.062602,1.306564,0.548603,2.391163,3.653624,2.126090,1.103188,0.512698,3.133160,4.067141,2.339475,1.257583,0.573492,3.145133,3.812077,2.296551,1.207719,0.577139,2.730494,3.478009,2.018451,1.095709,0.565443,3.310943,4.178321,2.462335,1.380099,0.575706,2.932779,3.945776,2.285962,1.132083,0.468059,3.035731,4.435062,2.255834,1.212704,0.560584,3.041983,4.302627,2.104381,1.304433,0.605208,2.825264,4.556771,2.122715,1.229315,0.604001,2.798476,3.844435,2.013761,1.143353,0.522665,3.148747,4.073363,1.909682,1.217189,0.555614,2.851838,3.657163,2.299979,1.193346,0.512684,3.104338,3.897715,2.195257,1.068179,0.484167,2.955673,3.920855,2.231183,1.296810,0.532613,2.592102,3.671854,1.937800,1.142674,0.572430,3.149943,4.165055,2.231809,1.116671,0.567892,2.821334,3.867632,2.286307,1.234891,0.587750,2.874320,4.094740,2.103943,1.110599,0.537269,2.907076,3.450930,2.023255,1.206159,0.580597,3.022373,3.758068,2.305047,1.092068,0.589624,neutral,neutral_baseline,good
1783252801.445312,57,0,-0.2068,-2.0418,-7.0517,-7.1023,-9.9649,-8.8037,-5.8417,-3.5250,1.0640,4.0781,7.1362,9.0895,6.6095,1.9046,0.6706,-3.1600,-8.1974,-8.8398,-6.5423,-6.7690,0.7870,4.7026,8.5230,6.7120,9.9791,9.0914,4.7558,2.7471,-6.5675,-6.5173,-4.5981,-7.7062,95,4,98,,,,0,57,0,0.999711,0.016925,0.024028,0.019967,-0.012627,-0.011609,1.009019,31.19843,-4.34999,-40.90733,4,4,4,4,4,4,4,4,4,4,4,4,4,4,4,4,4,4,4,4,4,4,4,4,4,4,4,4,4,4,4,4,96,0.995,95,4,4,4,4,4,4,4,4,4,4,4,4,4,4,4,4,4,4,4,4,4,4,4,4,4,4,4,4,4,4,4,4,1,45.220,0.452201,0.000,1.000,1,20.568,0.205682,0.000,1.000,1,19.635,0.196349,0.000,1.000,1,46.202,0.462025,0.000,1.000,1,42.630,0.426300,0.000,1.000,1,39.131,0.391306,0.000,1.000,3.218783,3.806011,2.303797,1.236207,0.473865,3.013820,4.193180,2.226931,1.073340,0.603907,3.076588,3.943583,2.070084,1.047304,0.535390,2.773014,3.925650,2.021885,1.181486,0.537898,3.125036,4.876950,2.249805,1.182743,0.547801,2.784508,4.050585,1.966411,1.138753,0.636021,3.148058,4.584556,2.449833,1.149193,0.597767,3.320948,4.272513,2.212159,1.392630,0.605562,3.032360,4.341505,2.465236,1.301368,0.571197,3.179644,4.294663,2.500190,1.265618,0.608651,3.121718,3.571572,2.097943,1.142434,0.533716,2.890429,3.946702,2.119540,1.203272,0.612003,2.742571,4.101029,1.981127,1.125722,0.494800,3.357500,4.200113,2.485043,1.336487,0.604532,3.081779,3.772082,2.235175,1.226704,0.474228,2.698312,3.844261,1.951323,1.120165,0.511532,3.140000,4.110810,2.608585,1.436386,0.577103,2.850593,3.681698,2.040604,1.044166,0.531793,3.014220,3.982449,2.274973,1.417561,0.626882,2.899255,3.787261,2.278980,1.239496,0.573109,2.932897,4.389394,2.296586,1.304677,0.477561,2.798488,3.676922,1.940360,1.075807,0.517888,3.005058,4.143779,2.080977,1.243753,0.580851,2.774716,3.700116,2.354201,1.104685,0.557717,2.778377,3.815703,2.032513,1.103781,0.463112,3.492016,4.035538,2.198845,1.232421,0.630254,2.906696,3.666503,1.969356,1.081125,0.536388,3.247355,3.913878,2.554975,1.348039,0.637538,3.147949,3.744409,2.257352,1.313881,0.623427,2.519400,4.272684,2.158875,1.187321,0.584677,3.167758,3.745341,2.193937,1.229338,0.554974,2.957498,4.021332,1.941049,1.128622,0.527442,neutral,neutral_baseline,good
1783252801.453125,58,0,-4.9150,-7.9083,-10.1059,-9.6266,-7.6317,-1.6783,-0.7991,4.8218,4.1098,4.8994,5.9643,2.3565,4.0188,0.0260,-5.5468,-5.4183,-7.1495,-8.4006,-7.4862,0.1628,5.9791,2.1710,8.5751,11.5595,5.3586,-0.6021,-0.4603,-4.5763,-5.3488,-6.4684,-8.7506,-1.5722,95,4,98,,,,0,58,0,0.999709,0.016983,0.024132,0.019976,0.005723,-0.015701,1.001699,31.19862,-4.35051,-40.90687,4,4,4,4,4,4,4,4,4,4,4,4,4,4,4,4,4,4,4,4,4,4,4,4,4,4,4,4,4,4,4,4,96,0.995,95,4,4,4,4,4,4,4,4,4,4,4,4,4,4,4,4,4,4,4,4,4,4,4,4,4,4,4,4,4,4,4,4,1,44.069,0.440693,0.000,1.000,1,18.443,0.184426,0.000,1.000,1,22.560,0.225605,0.000,1.000,1,49.244,0.492438,0.000,1.000,1,43.505,0.435051,0.000,1.000,1,40.546,0.405459,0.000,1.000,2.969591,3.824677,2.300672,1.062515,0.550887,3.020915,4.240901,2.327531,1.228573,0.583283,2.748046,3.872907,2.048605,1.203414,0.561665,2.619919,3.831673,2.299398,1.263917,0.539631,3.138838,4.373822,1.888122,1.380460,0.649343,2.733548,4.099742,2.382553,1.141162,0.500481,3.565165,4.278239,2.353194,1.257182,0.593141,3.481389,3.937685,2.498122,1.234709,0.571804,3.078080,4.178853,2.087499,1.386737,0.611427,3.004791,4.049670,2.501095,1.462976,0.553477,2.830594,3.367475,2.352807,1.165410,0.564253,3.047474,3.730184,2.334310,1.054265,0.562658,2.811708,3.946754,1.998958,1.139010,0.544815,3.311020,4.291004,2.351771,1.343140,0.641526,3.033174,3.530211,2.006226,1.225292,0.552699,2.934081,3.405516,1.942973,1.154335,0.513194,3.221808,4.453033,2.542954,1.272801,0.617935,2.940367,3.287970,1.897157,1.137523,0.472924,3.111699,4.301801,2.407306,1.173637,0.589791,3.359876,3.672178,2.355230,1.315842,0.560057,3.123267,3.688639,2.278999,1.274702,0.548638,2.907076,3.738185,1.944903,1.020806,0.437038,2.866595,4.224727,2.108194,1.246538,0.532562,2.735969,3.609608,2.012344,1.180439,0.497235,2.753807,4.066864,2.147218,1.056954,0.482236,3.410052,4.852859,2.320559,1.211571,0.539755,2.890438,3.445004,2.012089,1.000119,0.576128,2.999672,3.920059,2.259821,1.431295,0.537940,3.139051,4.245632,2.367981,1.275193,0.529098,3.177533,3.854687,2.233103,1.190345,0.521641,2.995483,3.882954,2.133226,1.194150,0.573461,2.632086,3.596449,2.036677,1.165450,0.553440,neutral,neutral_baseline,good
1783252801.460938,59,0,-6.5526,-12.6114,-13.9001,-8.9996,-3.9425,1.6531,5.3584,10.7594,11.8691,11.9285,13.7803,5.5496,2.6209,-1.3467,-8.1330,-2.9621,-7.6375,-8.1683,0.2712,3.2214,11.5980,6.2745,5.5085,2.1116,6.3854,0.2178,-2.0006,-5.1476,-6.7325,-8.4460,-5.9541,-2.2034,95,4,98,,,,0,59,0,0.999706,0.017041,0.024235,0.019983,-0.000940,-0.001927,1.007404,31.19879,-4.35103,-40.90641,4,4,4,4,4,4,4,4,4,4,4,4,4,4,4,4,4,4,4,4,4,4,4,4,4,4,4,4,4,4,4,4,96,0.995,95,4,4,4,4,4,4,4,4,4,4,4,4,4,4,4,4,4,4,4,4,4,4,4,4,4,4,4,4,4,4,4,4,1,41.737,0.417368,0.000,1.000,1,18.407,0.184074,0.000,1.000,1,20.098,0.200981,0.000,1.000,1,52.535,0.525353,0.000,1.000,1,42.382,0.423824,0.000,1.000,1,42.639,0.426390,0.000,1.000,3.212437,4.236269,2.176224,1.195006,0.614214,3.177997,4.469469,2.223468,1.205591,0.521518,2.841991,3.338458,2.067193,1.183657,0.548556,2.296346,3.673216,2.190951,1.073543,0.530932,3.066973,4.368290,2.340782,1.447658,0.592929,3.051573,4.206963,2.101004,1.187397,0.505433,3.318610,4.363651,2.251767,1.335706,0.602310,3.454997,4.550936,2.342029,1.213603,0.605400,3.379803,4.422109,2.527936,1.318384,0.570113,3.216618,4.495289,2.477567,1.212670,0.515193,2.978537,3.599446,2.156851,1.032106,0.572398,3.477328,3.927301,2.356222,1.297625,0.530677,3.099237,3.434891,1.877748,1.052406,0.469355,3.414410,4.385457,2.320662,1.359416,0.586862,3.083855,3.980606,2.194220,1.318233,0.571772,2.871483,3.771587,1.938734,1.074164,0.529146,3.098607,4.377226,2.643141,1.194528,0.514334,2.909943,3.286207,2.082001,1.105023,0.496373,3.167574,4.211666,2.160971,1.319997,0.548957,3.432284,3.865389,2.082311,1.079097,0.564319,3.035072,4.063880,2.488709,1.352489,0.587647,2.876502,3.766951,1.997297,1.139451,0.510762,2.977792,3.955677,2.259529,1.225355,0.556602,2.982229,4.294827,2.267515,1.078025,0.491473,2.823354,3.834072,2.104018,1.205612,0.499726,3.069771,4.320559,2.227724,1.361841,0.588478,2.607590,3.321689,2.275321,1.046357,0.504100,3.259539,4.147038,2.347693,1.329233,0.556828,3.251906,4.142399,2.332349,1.320326,0.604072,2.852217,3.930445,2.076238,1.282970,0.526415,3.144694,3.569346,2.159970,1.440741,0.531504,2.929152,3.545314,2.135067,1.103296,0.564570,neutral,neutral_baseline,good
1783252801.468750,60,0,-9.8048,-9.0346,-6.0813,-7.0903,4.8016,2.2937,9.9370,12.0373,16.3090,12.0491,5.7150,2.1973,-9.0540,-7.1323,-10.1981,-9.6927,-8.2787,-5.4378,0.8190,4.3914,4.0143,3.3854,7.8519,6.7582,-2.4817,-2.5750,-6.7252,-2.0357,-4.7956,2.2846,-1.1351,-0.2846,95,4,98,,,,0,60,0,0.999704,0.017097,0.024338,0.019989,-0.002781,-0.010568,1.009010,31.19896,-4.35155,-40.90595,4,4,4,4,4,4,4,4,4,4,4,4,4,4,4,4,4,4,4,4,4,4,4,4,4,4,4,4,4,4,4,4,96,0.995,95,4,4,4,4,4,4,4,4,4,4,4,4,4,4,4,4,4,4,4,4,4,4,4,4,4,4,4,4,4,4,4,4,1,44.857,0.448570,0.000,1.000,1,20.899,0.208994,0.000,1.000,1,21.340,0.213399,0.000,1.000,1,46.765,0.467651,0.000,1.000,1,40.778,0.407782,0.000,1.000,1,46.090,0.460902,0.000,1.000,2.957512,4.147114,2.263570,1.156064,0.509450,2.994081,3.586634,2.056598,1.113436,0.590199,2.817421,3.459932,1.946634,1.067580,0.484572,2.631201,3.655557,2.008665,1.247756,0.562732,3.243912,4.236792,2.220720,1.301475,0.581475,2.841711,3.646081,2.350764,1.162210,0.480369,3.190185,4.230569,2.429861,1.303093,0.680051,3.416057,3.862953,2.222043,1.309031,0.585096,3.205088,4.158917,2.228487,1.200097,0.645375,3.121254,4.431239,2.220232,1.157966,0.519258,2.897448,4.442047,2.207990,1.158332,0.503788,3.422948,4.096011,2.307359,1.253146,0.519934,2.908487,3.402059,2.094224,1.106526,0.480660,3.073677,4.218818,2.449439,1.115116,0.624929,3.042429,4.133569,2.170133,1.255241,0.562266,2.757518,3.485072,1.914651,1.109114,0.526702,3.595409,3.858896,2.173670,1.266598,0.625543,2.730559,3.631770,1.982376,1.154806,0.528061,2.883677,4.536458,2.227304,1.332955,0.565593,3.011380,3.744343,2.361139,1.147501,0.513709,3.010701,4.002276,2.024969,1.108039,0.591585,2.844547,3.756758,2.252505,1.078250,0.469205,3.067266,3.616641,2.042858,1.283755,0.601275,2.930717,3.960420,2.197321,1.174999,0.507753,2.870600,4.167080,2.101917,1.186492,0.491772,2.986148,4.572000,2.188210,1.300059,0.559900,2.533187,3.863123,2.008315,1.152666,0.558390,2.865970,4.226563,2.355354,1.312783,0.565245,3.092866,4.079023,2.358087,1.312357,0.578951,3.165291,3.692229,2.255277,1.180445,0.581605,3.009315,4.090094,2.107725,1.125376,0.570583,3.044863,3.877900,2.028986,1.180977,0.558823,neutral,neutral_baseline,good
1783252801.476562,61,0,-9.7056,-5.3747,-2.8067,6.2331,5.3826,10.7901,16.8233,8.0782,4.9634,7.4100,-1.9123,-7.1055,-3.8885,-10.8200,-12.3936,-13.1308,-9.1048,-3.3400,0.4764,3.7828,4.2594,6.0852,6.8457,-0.4781,-0.7766,-3.4347,-5.2573,0.4873,-3.3022,3.0363,3.9670,6.4486,95,4,98,,,,0,61,0,0.999701,0.017154,0.024441,0.019994,0.000164,0.003854,1.011108,31.19911,-4.35207,-40.90549,4,4,4,4,4,4,4,4,4,4,4,4,4,4,4,4,4,4,4,4,4,4,4,4,4,4,4,4,4,4,4,4,96,0.995,95,4,4,4,4,4,4,4,4,4,4,4,4,4,4,4,4,4,4,4,4,4,4,4,4,4,4,4,4,4,4,4,4,1,47.667,0.476672,0.000,1.000,1,22.030,0.220304,0.000,1.000,1,22.981,0.229806,0.000,1.000,1,47.592,0.475921,0.000,1.000,1,41.262,0.412616,0.000,1.000,1,42.531,0.425307,0.000,1.000,3.015219,3.941276,2.298851,1.149897,0.478887,2.801709,4.231286,1.996752,1.168598,0.486064,2.847837,3.846170,2.045913,1.079269,0.555514,2.567456,3.439332,2.019769,1.084588,0.520409,3.066977,3.781234,2.542930,1.313296,0.584321,2.724862,4.060002,2.404278,1.246626,0.564721,3.678236,4.151132,2.182418,1.235086,0.540768,3.206151,4.399965,2.459599,1.374397,0.589735,3.468546,4.205517,2.503746,1.381202,0.544137,3.187231,4.349638,2.266674,1.318917,0.596123,2.905483,4.332882,2.156644,1.095787,0.515766,2.801983,4.131694,1.983612,1.162944,0.548840,2.466056,3.214279,1.851481,1.152893,0.511091,3.331631,4.339935,2.466731,1.347704,0.602805,2.998687,4.159249,2.270337,1.151670,0.615833,2.841647,3.732462,2.022578,1.090204,0.529322,3.041080,4.577928,2.282213,1.283559,0.597010,2.902886,3.649129,1.858232,1.113955,0.502167,3.052976,4.165934,2.262580,1.220989,0.592298,3.020841,4.386044,2.126494,1.127075,0.545934,2.830555,3.864664,2.278640,1.266740,0.523382,2.786280,3.024062,2.117475,1.059431,0.519778,2.858123,4.436368,2.294867,1.187621,0.607532,2.922392,3.640324,2.186706,1.163337,0.517511,3.065950,3.589231,2.160824,1.289575,0.559112,3.298733,4.622111,2.302909,1.174346,0.458838,2.994681,3.677166,1.988770,1.149279,0.479088,3.041311,4.148467,2.056965,1.265144,0.592209,2.939341,4.304058,2.370057,1.281177,0.626517,2.877269,3.813374,2.092582,1.066509,0.569829,2.637415,3.705420,2.252813,1.147042,0.576300,2.705361,3.858297,2.075261,1.156581,0.525168,neutral,neutral_baseline,good
1783252801.484375,62,0,-6.5814,4.6255,1.6796,8.5354,4.3055,9.0744,10.6728,10.3837,4.5108,-2.9257,-4.6830,-14.8386,-9.0072,-13.3324,-10.2996,-6.5887,0.6457,0.8937,7.5504,5.2248,5.5539,3.9273,5.4836,-6.6593,1.5171,-5.3060,-0.6455,-1.2102,-3.3105,1.1341,0.0144,1.5124,95,4,98,,,,0,62,0,0.999699,0.017210,0.024543,0.019997,-0.012254,0.010407,0.997566,31.19925,-4.35260,-40.90503,4,4,4,4,4,4,4,4,4,4,4,4,4,4,4,4,4,4,4,4,4,4,4,4,4,4,4,4,4,4,4,4,96,0.995,95,4,4,4,4,4,4,4,4,4,4,4,4,4,4,4,4,4,4,4,4,4,4,4,4,4,4,4,4,4,4,4,4,1,49.486,0.494863,0.000,1.000,1,17.257,0.172566,0.000,1.000,1,21.661,0.216608,0.000,1.000,1,47.508,0.475075,0.000,1.000,1,37.996,0.379964,0.000,1.000,1,42.237,0.422373,0.000,1.000,2.829570,4.191833,1.915167,1.199501,0.581263,2.881194,4.348962,2.427448,1.203893,0.541107,2.517358,3.849616,1.936784,1.109988,0.533184,2.990530,3.779340,2.257244,1.100435,0.594228,2.876091,4.726916,2.172053,1.226609,0.549106,2.996850,3.755994,2.092585,1.164627,0.565760,3.293858,4.001099,2.323223,1.256712,0.528150,3.765787,4.471713,2.637103,1.363319,0.602200,3.176291,4.481530,2.278277,1.276678,0.584715,3.187150,4.247255,2.453723,1.311131,0.608261,2.445096,3.637326,2.214825,1.165625,0.524625,3.168592,4.079924,2.424311,1.225010,0.553101,2.934137,3.546239,1.952284,1.125384,0.484444,3.579386,4.216176,2.291156,1.352453,0.704869,3.079864,3.704431,2.151117,1.250898,0.526474,2.896802,3.882805,2.331870,1.175233,0.462808,3.156625,3.947315,2.217288,1.362927,0.611405,2.945404,4.114873,2.068387,1.047571,0.528979,3.415787,4.575083,2.398763,1.220589,0.603471,3.155230,4.054777,2.201639,1.221728,0.605797,2.714031,4.285596,2.283205,1.278512,0.569367,2.711094,4.233587,1.826850,1.120647,0.503136,2.835751,4.171029,2.419302,1.244800,0.509495,2.727888,3.362611,2.109445,1.104431,0.524930,3.086894,3.748413,2.122210,1.029463,0.585894,3.350241,4.399106,2.420782,1.237213,0.556884,2.698119,3.720150,1.859010,1.021497,0.476429,3.165055,4.439334,2.484539,1.232400,0.609761,3.583152,4.377909,2.377465,1.300616,0.563111,2.857934,3.968160,2.342513,1.139400,0.532946,3.157708,3.837312,1.933698,1.233140,0.577295,2.802949,3.540781,1.881734,1.073455,0.508260,neutral,neutral_baseline,good
1783252801.492188,63,0,2.2616,6.9436,4.4721,6.4875,8.7308,11.5747,4.4697,1.8406,0.2724,-5.8890,-12.3757,-9.2302,-11.2797,-4.6322,-4.8820,-1.4204,2.0596,6.2664,3.3640,7.0986,5.9458,7.4328,-0.4288,-5.2900,-2.4747,-4.4800,-4.7985,0.9342,-3.5085,0.8472,3.3543,0.2984,95,4,98,,,,0,63,0,0.999696,0.017265,0.024645,0.019999,-0.005478,-0.010380,1.006509,31.19938,-4.35313,-40.90457,4,4,4,4,4,4,4,4,4,4,4,4,4,4,4,4,4,4,4,4,4,4,4,4,4,4,4,4,4,4,4,4,96,0.995,95,4,4,4,4,4,4,4,4,4,4,4,4,4,4,4,4,4,4,4,4,4,4,4,4,4,4,4,4,4,4,4,4,1,45.294,0.452938,0.000,1.000,1,21.157,0.211568,0.000,1.000,1,21.176,0.211759,0.000,1.000,1,47.116,0.471158,0.000,1.000,1,44.591,0.445910,0.000,1.000,1,42.641,0.426406,0.000,1.000,2.829289,4.104016,2.259138,1.133244,0.540958,2.841765,4.327803,2.274120,1.122023,0.528782,2.884840,3.658033,2.091356,1.092568,0.474837,2.743135,3.872227,2.229097,1.196330,0.496359,3.197833,4.203967,2.362240,1.190583,0.599784,2.831647,4.183963,2.287827,1.224053,0.512687,3.244137,3.782934,2.302175,1.157141,0.596969,3.053969,4.521996,2.406062,1.278969,0.630872,3.658017,4.191051,2.485689,1.291853,0.569159,3.378519,4.638368,2.077409,1.476163,0.620728,3.143752,3.801593,2.057419,1.082056,0.547549,2.988110,3.957950,2.401091,1.231936,0.503939,2.882070,3.566557,2.060900,1.077797,0.475941,3.408716,3.679836,2.391825,1.279644,0.651401,2.993882,4.234825,2.107560,1.297341,0.474415,2.842685,4.010476,1.968345,1.141302,0.564584,3.022502,3.645722,2.662060,1.288297,0.517456,3.354744,4.141812,1.856841,1.129819,0.463392,3.400258,4.716033,2.155116,1.284406,0.564589,2.719083,3.716519,2.242300,1.138029,0.493249,2.581582,4.034722,1.831587,1.132414,0.589797,2.495345,3.669427,1.859348,1.049093,0.522408,3.052852,4.564348,2.271663,1.121756,0.557517,2.750972,3.473756,2.137969,1.113712,0.560839,2.672870,3.506687,2.316851,1.114358,0.513362,3.452041,4.840754,2.424281,1.205969,0.559529,2.898604,3.823602,1.789742,1.128006,0.472111,3.215316,4.411786,2.447417,1.212121,0.594547,3.464638,4.267790,2.091870,1.402110,0.559666,3.015317,4.147191,2.004013,1.199514,0.512010,2.974392,3.994344,2.126542,1.199085,0.508212,2.890341,4.031648,2.123108,1.136280,0.522331,neutral,neutral_baseline,good
1783252801.500000,64,0,-0.2493,3.3586,8.3818,8.9029,9.0951,3.9264,2.1203,-2.4140,-4.6497,-4.3570,-10.0845,-7.3504,-3.1246,-3.0119,0.4134,0.8492,7.1680,10.5629,6.9285,5.6175,0.7416,2.3589,-4.4884,-1.2189,-1.6287,-1.0404,0.3361,4.2584,-0.2863,3.0330,1.8565,8.0335,95,4,98,,,,0,64,0,0.999694,0.017320,0.024746,0.020000,-0.014248,-0.012423,1.015954,31.19950,-4.35366,-40.90411,4,4,4,4,4,4,4,4,4,4,4,4,4,4,4,4,4,4,4,4,4,4,4,4,4,4,4,4,4,4,4,4,96,0.995,95,4,4,4,4,4,4,4,4,4,4,4,4,4,4,4,4,4,4,4,4,4,4,4,4,4,4,4,4,4,4,4,4,1,44.205,0.442051,0.000,1.000,1,19.968,0.199685,0.000,1.000,1,27.957,0.279570,0.000,1.000,1,46.480,0.464798,0.000,1.000,1,41.825,0.418248,0.000,1.000,1,41.645,0.416447,0.000,1.000,3.065132,4.185648,1.980124,1.060847,0.525023,3.579383,3.931772,2.106665,1.163154,0.520618,2.880716,3.628191,2.023907,0.984820,0.482881,2.958923,3.550970,2.132873,1.218651,0.558278,2.974107,4.381581,2.248016,1.316026,0.615506,2.800697,4.112031,2.054044,1.188320,0.487475,3.067071,4.403816,2.358280,1.317382,0.529287,3.388933,4.103289,2.536612,1.397842,0.639444,3.227493,4.415596,2.239560,1.175335,0.660656,3.149839,4.431483,2.180835,1.333387,0.631617,3.127407,3.699289,2.006522,1.155124,0.486614,2.982242,3.899736,2.416621,1.174746,0.556408,2.583916,3.972291,1.904292,1.169633,0.483301,3.424025,3.865225,2.448264,1.316332,0.555342,2.982980,4.161086,2.343533,1.200368,0.611179,2.604304,3.906633,2.057712,1.114436,0.463942,3.480011,4.356078,2.169043,1.413645,0.522693,2.698379,3.797159,2.035426,1.079723,0.500141,3.291331,4.183958,2.285162,1.282775,0.581751,3.359244,4.265377,2.153997,1.215848,0.593962,3.121201,4.086446,2.119015,1.177359,0.519487,2.879230,3.689288,1.936049,1.171350,0.543093,3.162754,4.059908,2.334007,1.300011,0.560983,2.603647,4.168847,2.078678,1.128319,0.544750,2.956302,3.735485,2.214567,1.237093,0.458734,3.280893,4.322071,2.363947,1.275801,0.576775,2.716615,3.572611,1.918261,1.083121,0.503174,3.339839,4.152674,2.563150,1.226517,0.585020,3.209589,4.656396,2.277323,1.201294,0.471437,3.068613,3.905005,2.218094,1.309488,0.494776,2.980959,4.370612,2.232666,1.203152,0.530626,2.908797,3.616098,2.092194,1.157306,0.554632,neutral,neutral_baseline,good
1783252801.507812,65,0,-3.7135,4.6197,6.5500,11.5978,1.2524,1.9078,-2.6735,-1.8426,-7.2122,-7.2875,-4.7922,-5.3177,2.3477,-0.0302,6.6199,9.3325,11.3874,11.3861,-0.4998,1.5159,0.9371,-4.7086,-10.0009,-4.9937,-5.3662,-0.6924,-3.9343,5.5972,3.0912,4.3294,0.4161,1.1289,95,4,98,,,,0,65,0,0.999691,0.017374,0.024847,0.019999,-0.001323,-0.009654,1.004984,31.19960,-4.35420,-40.90366,4,4,4,4,4,4,4,4,4,4,4,4,4,4,4,4,4,4,4,4,4,4,4,4,4,4,4,4,4,4,4,4,96,0.995,95,4,4,4,4,4,4,4,4,4,4,4,4,4,4,4,4,4,4,4,4,4,4,4,4,4,4,4,4,4,4,4,4,1,48.996,0.489960,0.000,1.000,1,24.331,0.243309,0.000,1.000,1,18.223,0.182232,0.000,1.000,1,43.895,0.438948,0.000,1.000,1,46.882,0.468823,0.000,1.000,1,39.356,0.393560,0.000,1.000,2.733030,4.274632,2.291254,1.266845,0.564392,2.698589,3.965987,2.110756,1.315853,0.528368,3.037812,3.737141,1.851154,1.188045,0.513206,3.057890,3.979304,2.016903,1.116322,0.550153,3.230415,4.094959,2.222543,1.409668,0.582706,2.774695,4.181445,2.029140,1.153797,0.509339,3.407227,4.487092,2.051994,1.275451,0.622764,3.016421,4.554237,2.579539,1.323513,0.604162,2.897725,4.129052,2.411317,1.308801,0.600134,3.201895,4.549518,2.430524,1.299612,0.557790,2.898108,3.771800,2.164240,1.212237,0.465124,2.911470,3.988493,2.248978,1.199029,0.580353,3.071400,3.422216,2.023191,1.145734,0.532184,3.208820,4.473981,2.486306,1.297589,0.586264,2.744278,3.932015,2.240425,1.185105,0.563118,2.666814,3.542087,1.878979,1.246673,0.500678,3.086371,4.385074,2.020388,1.118604,0.607533,2.799988,4.030057,2.110680,1.093303,0.495718,3.413652,4.673037,2.705049,1.275268,0.573564,2.955402,3.981468,2.179807,1.054615,0.537599,3.049197,4.246785,2.017384,1.225488,0.561545,3.048525,3.750992,1.916690,1.101967,0.462652,2.981374,4.135832,2.158734,1.214443,0.610648,2.927487,3.722314,2.115310,1.179459,0.493286,2.859682,3.696877,2.082068,1.001112,0.557796,3.177084,4.036809,2.342369,1.062729,0.577080,2.659246,3.881086,1.908308,1.097120,0.454395,3.205905,3.958435,2.390183,1.228695,0.537244,3.405388,4.686255,2.257320,1.265818,0.573483,2.903703,4.092805,2.468693,1.145766,0.530569,2.823504,4.129788,2.217827,1.240100,0.517856,2.818671,3.370205,2.167117,1.169502,0.501522,neutral,neutral_baseline,good
1783252801.515625,66,0,3.7097,3.0368,7.8575,5.9338,3.8907,-0.0331,-6.5462,-7.8236,-5.1033,-9.5539,-7.0286,-4.2112,-1.9606,2.2683,9.6856,6.6066,8.7236,5.1729,2.2532,0.7552,-4.8672,-7.0708,-5.7315,-3.4028,0.9470,0.5170,4.5638,3.9947,3.7556,1.7329,2.8279,-0.4282,95,4,98,,,,0,66,0,0.999689,0.017428,0.024948,0.019997,-0.012679,-0.020086,1.001913,31.19970,-4.35473,-40.90320,4,4,4,4,4,4,4,4,4,4,4,4,4,4,4,4,4,4,4,4,4,4,4,4,4,4,4,4,4,4,4,4,96,0.995,95,4,4,4,4,4,4,4,4,4,4,4,4,4,4,4,4,4,4,4,4,4,4,4,4,4,4,4,4,4,4,4,4,1,41.936,0.419355,0.000,1.000,1,20.495,0.204951,0.000,1.000,1,23.339,0.233393,0.000,1.000,1,52.105,0.521047,0.000,1.000,1,39.126,0.391261,0.000,1.000,1,36.633,0.366329,0.000,1.000,2.762300,3.873189,2.132579,1.086997,0.598225,3.022507,3.766467,1.890266,1.314185,0.503539,2.978602,3.489476,2.260296,1.222505,0.491318,2.474520,4.247845,2.172821,1.189630,0.553543,3.148960,3.650707,2.349163,1.307000,0.536266,3.105422,4.361235,2.012748,1.277952,0.612180,3.155743,4.076003,2.397292,1.194409,0.552379,3.560978,4.113053,2.508037,1.142207,0.620079,3.060435,4.718470,2.527475,1.388516,0.567099,3.187414,4.404543,2.396768,1.292521,0.623541,2.859059,3.539507,2.055636,1.320962,0.519309,3.031832,4.400318,2.273176,1.119303,0.606333,2.696064,3.686381,2.077851,1.092587,0.483456,3.116859,4.096365,2.322317,1.190986,0.623126,2.814727,4.205473,2.128750,1.078182,0.527662,2.779789,3.913980,2.063753,1.057720,0.467650,3.263549,4.738958,2.437606,1.245113,0.629695,2.780771,3.872771,2.175567,1.117025,0.502143,3.163435,4.383526,2.206014,1.088336,0.671170,3.449741,4.036531,2.496995,1.254396,0.572597,2.644958,4.268766,2.336736,1.264116,0.539842,2.635701,3.711705,2.073780,1.190938,0.514817,2.794943,4.112884,2.316577,1.143246,0.580050,2.554451,3.802264,1.984691,1.163259,0.524126,2.881769,3.602579,1.791943,1.103183,0.544436,3.126975,4.291134,2.356242,1.309672,0.566373,2.790348,3.455823,2.091242,1.022944,0.433276,2.999800,4.562056,2.613092,1.419680,0.542923,3.005859,4.543366,2.215132,1.299167,0.592873,2.948148,3.496167,2.186012,1.189301,0.527112,2.626557,3.597452,2.170301,1.233944,0.547184,2.871141,3.732970,1.908534,1.163644,0.526231,neutral,neutral_baseline,good
1783252801.523438,67,0,7.7011,10.1446,5.6437,5.2031,0.6751,-1.1253,-7.6307,-3.3643,-7.9399,-7.1937,-0.8903,1.8710,2.0114,3.6199,4.4852,0.5452,5.1969,-3.0394,-5.1335,-3.0232,-5.2509,-5.9769,-3.0393,0.9957,2.8490,4.4425,3.8678,1.4945,4.0322,1.0702,-0.0052,-4.9213,95,4,98,,,,0,67,0,0.999686,0.017481,0.025048,0.019994,-0.013301,-0.005821,0.995100,31.19978,-4.35527,-40.90275,4,4,4,4,4,4,4,4,4,4,4,4,4,4,4,4,4,4,4,4,4,4,4,4,4,4,4,4,4,4,4,4,96,0.995,95,4,4,4,4,4,4,4,4,4,4,4,4,4,4,4,4,4,4,4,4,4,4,4,4,4,4,4,4,4,4,4,4,1,46.401,0.464012,0.000,1.000,1,18.913,0.189135,0.000,1.000,1,22.078,0.220775,0.000,1.000,1,49.030,0.490303,0.000,1.000,1,40.526,0.405255,0.000,1.000,1,46.720,0.467201,0.000,1.000,2.856505,4.327550,2.312970,1.239307,0.551749,2.862890,4.670665,2.145081,1.174626,0.634219,2.729890,3.710241,2.212087,1.140583,0.508822,2.927400,3.708073,2.280033,1.180138,0.453087,3.333983,4.403098,2.174993,1.241767,0.560314,3.013870,4.321728,2.127338,1.184626,0.543088,3.370785,4.622587,2.332176,1.322794,0.532618,3.203856,4.338953,2.581389,1.193521,0.632895,3.113595,4.628727,2.352782,1.249813,0.596645,3.211151,4.312689,2.249067,1.371111,0.520563,3.016307,3.699561,2.080379,1.159687,0.504967,3.013987,4.155680,2.230917,1.159128,0.602084,2.451167,3.360576,2.076806,1.184961,0.458058,3.639268,3.996728,2.388251,1.368054,0.541884,3.121320,4.006528,2.310994,1.340361,0.546220,2.758128,3.155215,1.791082,1.055957,0.501941,2.937205,4.278771,2.290144,1.290934,0.575772,2.617779,3.925382,2.130153,1.036890,0.455872,2.944556,3.775930,2.402067,1.203431,0.481802,2.923832,4.178920,2.380414,1.274601,0.566946,3.183041,3.940956,2.438281,1.216299,0.604782,2.582372,3.216760,2.028989,1.244420,0.534780,2.964205,4.033349,2.203334,1.165231,0.577091,3.078347,3.610038,2.195598,1.226305,0.528778,3.019581,3.917277,2.210130,1.213398,0.557799,3.327261,4.411048,1.895427,1.219085,0.590170,2.834149,3.722305,2.072865,1.193397,0.547377,3.178933,4.540666,2.091748,1.260075,0.657774,3.455106,4.254456,2.607109,1.324277,0.659914,2.825635,3.785850,2.147220,1.071695,0.570316,2.562875,3.799878,1.956319,1.208706,0.547652,2.854236,3.815650,2.088152,1.226718,0.513870,neutral,neutral_baseline,good
1783252801.531250,68,0,8.5876,10.6132,6.0158,0.3129,-3.0774,-1.4967,-4.4330,-8.6765,-6.2413,-4.8356,2.4072,2.3747,-1.0347,2.1548,3.6164,3.9798,1.8905,-5.0592,-7.5666,-0.0184,-3.7541,-0.5297,-3.5108,6.0604,2.5767,5.7631,4.4218,9.0056,-1.9207,3.7286,-10.1448,-4.8713,95,4,98,,,,0,68,0,0.999684,0.017534,0.025148,0.019989,0.003408,-0.003358,0.993195,31.19984,-4.35581,-40.90229,4,4,4,4,4,4,4,4,4,4,4,4,4,4,4,4,4,4,4,4,4,4,4,4,4,4,4,4,4,4,4,4,96,0.995,95,4,4,4,4,4,4,4,4,4,4,4,4,4,4,4,4,4,4,4,4,4,4,4,4,4,4,4,4,4,4,4,4,1,45.927,0.459272,0.000,1.000,1,20.143,0.201434,0.000,1.000,1,23.939,0.239392,0.000,1.000,1,52.171,0.521710,0.000,1.000,1,41.577,0.415769,0.000,1.000,1,39.250,0.392500,0.000,1.000,2.865236,4.208807,2.331762,1.058116,0.502316,3.020342,4.189014,2.494129,1.336190,0.566880,2.912247,3.821257,1.953370,1.174763,0.488725,2.811594,3.825385,2.083561,1.151378,0.554980,3.050273,4.175252,2.189287,1.372600,0.546008,2.849514,4.149931,2.052937,1.216627,0.573047,3.349637,3.858795,2.345599,1.307728,0.555070,3.531470,4.709696,2.310671,1.237840,0.589405,3.481785,4.059885,2.444862,1.215410,0.563180,3.410330,4.374326,2.501072,1.375404,0.560524,2.875301,3.756730,2.102296,1.094193,0.572488,3.184953,4.193080,1.930197,1.266903,0.555744,2.942818,3.546556,2.013919,1.112445,0.524859,3.305602,4.620826,2.373299,1.199444,0.614868,3.151933,4.215312,2.121307,1.132899,0.553793,2.448645,3.517060,2.076784,1.106919,0.489643,3.351214,4.239391,2.531004,1.221289,0.577014,2.394428,3.727952,1.971039,0.988380,0.480970,3.079622,3.877372,2.350544,1.346211,0.582710,3.080621,4.047254,2.268553,1.137746,0.544948,3.187451,4.166547,2.053651,1.150673,0.563152,2.821623,3.421646,2.045084,1.104924,0.482610,2.911589,3.808631,2.371162,1.252277,0.533553,3.226602,3.614205,2.091558,1.163601,0.485334,2.884557,3.775036,2.217163,1.062722,0.470578,3.119338,3.731073,2.279732,1.233350,0.615512,2.447392,3.539437,2.244726,1.178061,0.542166,2.958271,4.138253,2.493576,1.197107,0.587184,3.154262,4.309292,2.263202,1.470406,0.658384,2.740041,4.229908,1.947130,1.268752,0.575544,2.999292,3.678621,2.019428,1.050796,0.579949,3.014494,3.437563,2.214430,1.179722,0.514512,neutral,neutral_baseline,good
1783252801.539062,69,0,12.8041,2.0167,6.4320,-3.8193,-5.0065,0.1239,-9.1237,-5.1557,-5.4196,-2.7028,4.1835,1.6580,7.0948,0.0827,6.2667,-2.9832,-7.1312,-1.2528,-2.4858,-1.1446,2.5947,-2.5521,4.8846,13.3832,10.3710,8.2830,3.3060,-1.5685,-8.0599,-4.0550,-2.6813,-4.4374,95,4,98,,,,0,69,0,0.999681,0.017586,0.025247,0.019983,-0.011912,-0.011264,0.996377,31.19990,-4.35635,-40.90184,4,4,4,4,4,4,4,4,4,4,4,4,4,4,4,4,4,4,4,4,4,4,4,4,4,4,4,4,4,4,4,4,96,0.995,95,4,4,4,4,4,4,4,4,4,4,4,4,4,4,4,4,4,4,4,4,4,4,4,4,4,4,4,4,4,4,4,4,1,40.117,0.401170,0.000,1.000,1,17.328,0.173279,0.000,1.000,1,20.291,0.202907,0.000,1.000,1,47.558,0.475580,0.000,1.000,1,43.935,0.439349,0.000,1.000,1,39.802,0.398024,0.000,1.000,3.019074,4.123186,2.151651,1.262611,0.637825,2.913468,3.995773,1.963101,1.236108,0.574909,2.838209,3.652550,2.149729,1.099780,0.523579,3.223185,3.814959,2.416551,1.255602,0.581761,3.025858,4.286523,2.256704,1.220718,0.589708,3.221068,4.147715,2.317821,1.133328,0.569110,2.789947,4.479859,2.127456,1.270633,0.570965,3.533795,4.172106,2.642419,1.210076,0.599963,3.212386,4.677404,2.281569,1.331710,0.577927,3.132002,4.560135,2.181401,1.169871,0.584780,2.787834,4.081706,2.227223,1.144905,0.559408,2.851807,4.068843,2.222906,1.121079,0.533309,2.746480,3.829772,1.873264,1.104887,0.508831,3.425287,4.306292,2.445061,1.212770,0.592565,2.562843,4.008536,1.991662,1.233027,0.619692,2.705319,3.811209,2.166472,1.164107,0.520507,3.044946,4.526159,2.230338,1.252780,0.613155,2.606861,3.685308,2.128958,1.249290,0.503524,3.118688,4.335250,2.472142,1.374363,0.564064,3.404685,3.953467,2.415363,1.187660,0.553476,3.036341,3.767124,2.178317,1.181471,0.547392,2.555978,3.561370,1.971968,1.078927,0.539213,3.022745,3.678116,2.202835,1.273413,0.591625,2.875215,4.168412,2.086174,1.199530,0.549280,2.920906,3.847130,2.203234,1.169781,0.513468,3.110112,4.177785,2.280327,1.264935,0.641689,2.972857,3.661766,2.064713,1.183997,0.519047,3.163631,4.699569,2.426444,1.170150,0.598819,3.505093,4.150555,2.144913,1.148549,0.570633,3.038077,3.801684,2.195923,1.178849,0.589434,2.985840,3.225081,2.238214,1.223678,0.586202,3.159651,3.474500,2.065710,1.122069,0.551416,neutral,neutral_baseline,good
1783252801.546875,70,0,1.0432,0.6549,-2.6481,-11.7962,-8.6635,-5.4595,-10.1927,-4.9021,-3.2663,4.9132,1.5569,1.6015,0.6301,-0.5950,1.9306,2.1233,0.3103,-0.2580,-2.5248,2.0089,5.6471,1.1402,3.8980,5.0057,1.7108,1.4185,3.4947,-5.7608,-6.4866,-7.2682,-6.5642,-9.8359,95,4,98,,,,0,70,0,0.999679,0.017638,0.025346,0.019976,0.001817,-0.009031,1.004016,31.19994,-4.35690,-40.90138,4,4,4,4,4,4,4,4,4,4,4,4,4,4,4,4,4,4,4,4,4,4,4,4,4,4,4,4,4,4,4,4,96,0.995,95,4,4,4,4,4,4,4,4,4,4,4,4,4,4,4,4,4,4,4,4,4,4,4,4,4,4,4,4,4,4,4,4,1,43.898,0.438983,0.000,1.000,1,17.864,0.178640,0.000,1.000,1,20.495,0.204953,0.000,1.000,1,50.372,0.503718,0.000,1.000,1,47.438,0.474382,0.000,1.000,1,36.239,0.362389,0.000,1.000,3.133124,4.410957,1.847511,1.276409,0.546358,2.961905,4.183840,2.267953,1.203376,0.528539,2.636368,3.763420,2.015678,1.075994,0.477530,2.911697,3.612822,2.055577,1.156228,0.547963,2.899794,4.391873,2.223409,1.241483,0.568076,3.044435,3.521397,2.174745,1.134330,0.511939,3.146870,3.983577,2.213616,1.378130,0.540197,3.079647,3.933593,2.408006,1.276039,0.611310,3.235549,4.472009,2.459870,1.180649,0.588489,3.444643,3.956230,2.419376,1.382132,0.663599,2.855445,4.126819,1.934370,1.071090,0.550680,3.118812,4.281065,2.013873,1.086323,0.530547,2.533508,3.929022,1.968559,1.055687,0.459946,3.254877,4.154064,2.554247,1.232416,0.570135,3.043354,4.476774,2.346001,1.239230,0.576736,2.828000,3.430707,2.151901,1.181535,0.477137,3.278014,4.316121,2.411126,1.324374,0.565053,2.698093,3.552381,2.045568,1.076800,0.500295,2.997753,4.149772,2.694424,1.088354,0.539942,3.023071,3.775307,2.074330,1.123826,0.548068,3.002071,3.513598,2.067476,1.261956,0.501876,2.545474,3.812287,2.111759,1.050660,0.549465,2.900905,3.847383,2.279923,1.194857,0.545380,2.681765,3.368387,2.119330,1.164078,0.568686,2.683716,3.889971,2.068534,1.065941,0.515600,3.392695,4.229369,2.230645,1.241269,0.598255,2.636429,3.261653,2.152678,1.022891,0.471657,3.136197,3.851183,2.434176,1.078161,0.580034,3.150987,4.259857,2.469080,1.317529,0.589452,3.134044,3.924465,2.069585,1.239212,0.529822,2.756876,3.626849,2.247166,1.196594,0.465575,2.691260,3.939509,2.086642,1.159709,0.493632,neutral,neutral_baseline,good
1783252801.554688,71,0,-3.2272,-6.1389,-3.6061,-10.3668,-6.3235,-6.8993,-3.2119,-0.2295,-1.2623,4.9276,6.5537,6.3363,-1.4295,-1.8143,1.4248,1.1973,0.5272,-4.7138,-3.7487,4.3751,-0.5377,6.5619,3.4796,5.8012,-4.1819,-2.0473,-1.2474,-6.3792,-8.7042,-6.4686,-6.9468,-1.8263,95,4,98,,,,0,71,0,0.999676,0.017689,0.025444,0.019967,-0.006829,-0.019771,1.001760,31.19997,-4.35744,-40.90093,4,4,4,4,4,4,4,4,4,4,4,4,4,4,4,4,4,4,4,4,4,4,4,4,4,4,4,4,4,4,4,4,96,0.995,95,4,4,4,4,4,4,4,4,4,4,4,4,4,4,4,4,4,4,4,4,4,4,4,4,4,4,4,4,4,4,4,4,1,41.362,0.413615,0.000,1.000,1,16.944,0.169444,0.000,1.000,1,23.484,0.234835,0.000,1.000,1,48.840,0.488397,0.000,1.000,1,46.617,0.466174,0.000,1.000,1,38.685,0.386847,0.000,1.000,2.905243,4.192392,2.280508,1.222970,0.574318,2.865307,4.273590,2.345253,1.236931,0.618364,2.667133,3.802500,2.121484,1.137745,0.458480,2.928777,3.577031,1.942517,1.071119,0.533720,3.251903,4.562447,2.472641,1.260319,0.661402,3.021674,3.863199,2.182386,1.081176,0.549750,3.354587,3.787941,2.494144,1.393497,0.575725,3.233673,4.169558,2.228710,1.172654,0.587309,2.993567,4.407597,2.201811,1.287940,0.591609,3.340033,4.123418,2.467713,1.207006,0.580894,2.626118,3.095446,1.997732,1.156168,0.448038,3.001077,4.057379,2.472496,1.291023,0.536743,2.440322,3.870121,2.022440,1.230742,0.484124,3.138500,4.936702,2.677245,1.378108,0.541987,3.069048,4.295571,2.332998,1.297378,0.582105,2.831336,3.356583,2.098535,1.161221,0.503145,2.797610,4.150084,2.399225,1.340751,0.602675,2.647735,3.372895,1.887417,1.143373,0.454644,3.044944,4.021223,2.220896,1.303364,0.535062,2.895842,4.226267,2.414818,1.209920,0.566591,3.160761,3.872540,2.238882,1.408598,0.571439,2.839693,4.013721,1.882506,1.140756,0.515035,2.986014,3.659214,2.090896,1.275749,0.581388,2.867826,3.730354,2.102776,1.085955,0.533123,2.798723,3.750465,1.958395,1.240418,0.535154,3.211343,4.259323,2.136736,1.345312,0.560092,2.711210,3.666419,2.151591,1.041558,0.585014,3.408262,4.475128,2.538606,1.245905,0.579901,2.950061,3.939446,2.167443,1.338216,0.547393,2.702323,3.450607,2.131087,1.213918,0.518249,3.268088,4.162908,1.970292,1.226135,0.569263,2.922897,3.625321,2.078309,1.094370,0.504156,neutral,neutral_baseline,good
1783252801.562500,72,0,0.5608,-6.9932,-11.1109,-6.6562,-1.1016,-1.2848,1.2135,1.9020,11.3330,14.1840,9.2265,4.1102,-2.4613,-0.3467,-5.7766,-5.1598,-3.0468,-2.6695,1.3034,2.3316,4.2975,3.5994,5.9617,1.3663,-2.4382,-6.6434,-9.4800,-5.4829,-10.8749,-2.4935,-1.7106,0.6880,95,4,98,,,,0,72,0,0.999674,0.017739,0.025542,0.019957,-0.013135,-0.016687,0.999771,31.19999,-4.35799,-40.90048,4,4,4,4,4,4,4,4,4,4,4,4,4,4,4,4,4,4,4,4,4,4,4,4,4,4,4,4,4,4,4,4,96,0.995,95,4,4,4,4,4,4,4,4,4,4,4,4,4,4,4,4,4,4,4,4,4,4,4,4,4,4,4,4,4,4,4,4,1,50.806,0.508058,0.000,1.000,1,17.923,0.179231,0.000,1.000,1,20.367,0.203667,0.000,1.000,1,50.243,0.502434,0.000,1.000,1,38.327,0.383270,0.000,1.000,1,41.934,0.419337,0.000,1.000,2.981096,3.824723,2.357658,1.221452,0.556353,3.241006,3.699522,2.232418,1.267784,0.542430,2.751789,4.063126,2.283792,1.012287,0.520555,2.989542,3.863724,2.022348,1.235244,0.504813,3.232873,3.926347,2.175880,1.268010,0.555323,2.891460,3.747693,2.167931,1.145231,0.535720,3.175623,4.504136,2.469582,1.230030,0.612883,3.221881,4.432485,2.654549,1.261005,0.633093,3.394334,4.328524,2.235353,1.148952,0.664009,3.452649,4.773373,2.326969,1.284286,0.590004,2.612395,3.807607,2.226816,1.238916,0.487180,3.303953,4.552622,2.223712,1.259442,0.550851,2.864418,3.674951,1.874580,1.131106,0.474660,3.053099,4.188661,2.453844,1.278288,0.616961,3.033476,4.046193,2.246670,1.162052,0.567620,2.667591,3.340451,2.025603,1.088894,0.549775,2.996210,4.531754,2.611678,1.428687,0.605570,2.576796,3.626776,2.108767,1.208593,0.457908,3.135290,3.784436,2.200595,1.271149,0.575060,2.734439,4.183316,2.118241,1.152349,0.514146,2.996960,4.016773,2.229601,1.264540,0.562406,2.947654,3.953879,1.859644,1.166987,0.551290,2.925154,4.796473,2.146692,1.201186,0.560034,2.944269,3.871659,2.283525,1.260976,0.520236,2.337540,3.837176,2.190744,1.260776,0.560141,3.076814,4.831101,2.205060,1.281290,0.543280,2.956576,3.373015,2.027626,1.130297,0.543922,3.195645,4.510067,2.184120,1.220453,0.591416,3.218356,4.535218,2.007068,1.240838,0.626043,2.733024,3.870565,2.167600,1.156301,0.551166,3.027891,3.951645,2.064711,1.122731,0.501270,2.862584,3.561930,2.019494,1.066544,0.531100,neutral,neutral_baseline,good
1783252801.570312,73,0,-2.1899,-5.6452,-7.9077,-2.6523,-2.6503,3.6987,6.8478,1.9821,10.3789,6.9170,5.4213,1.3732,-3.5064,-4.5088,-2.0650,-4.0068,-0.3313,3.1102,1.4307,2.1484,1.0277,2.5191,1.1064,1.0555,-3.0527,-5.7525,-7.1056,-6.0846,-6.2159,1.1910,3.1064,6.3738,95,4,98,,,,0,73,0,0.999671,0.017789,0.025640,0.019946,-0.011701,-0.002331,1.002233,31.20000,-4.35854,-40.90003,4,4,4,4,4,4,4,4,4,4,4,4,4,4,4,4,4,4,4,4,4,4,4,4,4,4,4,4,4,4,4,4,96,0.995,95,4,4,4,4,4,4,4,4,4,4,4,4,4,4,4,4,4,4,4,4,4,4,4,4,4,4,4,4,4,4,4,4,1,45.474,0.454741,0.000,1.000,1,19.146,0.191459,0.000,1.000,1,21.864,0.218636,0.000,1.000,1,44.102,0.441015,0.000,1.000,1,43.770,0.437698,0.000,1.000,1,41.105,0.411047,0.000,1.000,2.338613,3.516511,2.140208,1.255305,0.571161,3.228936,3.909789,1.995924,1.231746,0.562603,2.719194,3.824027,2.185150,1.131539,0.478019,3.211649,3.811168,1.809990,1.130747,0.529200,2.949748,4.067558,2.418441,1.295242,0.603966,3.124596,3.650252,2.025784,1.221488,0.494781,3.554467,4.052563,2.341729,1.179545,0.576319,3.269466,4.804580,2.497308,1.330305,0.593800,3.132235,4.217551,2.583975,1.261518,0.653423,3.257621,4.218235,2.367234,1.154006,0.506751,2.771745,3.634205,2.106363,1.084734,0.533271,2.806265,4.089930,1.953849,1.267200,0.608703,2.727329,3.442299,1.905468,1.110199,0.542897,2.981447,4.417909,2.709696,1.288039,0.579618,3.084147,4.002105,2.168576,1.294221,0.548339,2.888951,3.778597,1.686095,1.038721,0.492983,3.384250,4.207807,2.326246,1.223065,0.600672,2.827784,3.697896,2.000505,1.156462,0.453073,2.969773,4.287650,2.151203,1.201777,0.573955,2.882261,4.449332,2.441193,1.132694,0.590370,2.995701,4.032117,2.390977,1.240099,0.560683,2.820444,3.468334,2.015676,1.112538,0.483452,2.924170,3.572778,2.106342,1.214506,0.541475,2.824445,3.968183,2.138730,1.143771,0.515196,2.911009,4.233720,2.171999,1.179909,0.534177,3.092823,3.982306,2.439163,1.261956,0.580879,2.738287,3.790375,2.356932,1.159596,0.525235,2.990986,4.151857,2.257173,1.247273,0.605214,3.295916,4.172718,2.428630,1.392252,0.636169,3.081684,4.091899,2.149828,1.246081,0.504886,2.618923,3.747578,2.208755,1.121675,0.602443,2.986143,3.701545,2.234013,1.218110,0.540195,neutral,neutral_baseline,good
1783252801.578125,74,0,-4.4622,-4.7720,-3.7417,0.3954,1.9796,4.6940,5.4799,2.8291,2.5180,-1.9375,-4.1464,-4.8535,-4.5532,-7.1230,-6.7124,-7.3656,0.8081,8.6612,3.2172,5.4088,2.3302,2.6243,3.6718,1.5305,-0.6215,-4.8467,-7.1563,-3.7502,2.1216,5.7343,9.3865,7.9976,95,4,98,,,,0,74,0,0.999669,0.017839,0.025737,0.019933,0.003753,-0.004156,0.998500,31.19999,-4.35910,-40.89958,4,4,4,4,4,4,4,4,4,4,4,4,4,4,4,4,4,4,4,4,4,4,4,4,4,4,4,4,4,4,4,4,96,0.995,95,4,4,4,4,4,4,4,4,4,4,4,4,4,4,4,4,4,4,4,4,4,4,4,4,4,4,4,4,4,4,4,4,1,45.960,0.459598,0.000,1.000,1,20.176,0.201759,0.000,1.000,1,22.001,0.220009,0.000,1.000,1,46.175,0.461747,0.000,1.000,1,43.536,0.435361,0.000,1.000,1,44.366,0.443664,0.000,1.000,2.713459,4.273604,2.008218,1.329402,0.629265,2.952149,4.057500,2.289904,1.157520,0.532318,2.687220,3.669657,2.143518,1.241396,0.533485,2.917775,4.421693,2.199563,1.119846,0.517502,3.313215,4.420268,2.405227,1.153312,0.581565,3.154823,3.964629,2.209430,1.197206,0.516171,3.306166,4.423646,2.398452,1.162603,0.576874,3.216353,4.560463,2.616407,1.265371,0.597733,3.377846,3.804074,2.062417,1.341558,0.567393,3.138587,3.867238,2.481979,1.257918,0.584962,2.599221,4.042368,2.138698,1.149678,0.452156,3.125738,4.024812,2.329571,1.201755,0.524530,2.954090,3.405593,1.982813,1.098309,0.510944,2.921776,4.034907,2.377492,1.275033,0.611141,3.014124,4.359526,2.204843,1.283283,0.607870,2.541619,3.769225,2.063640,1.057112,0.533125,3.309825,4.348035,2.415439,1.221074,0.555002,3.254993,3.465481,2.012613,1.009180,0.486474,3.375792,4.225601,2.133343,1.325594,0.539548,3.025276,3.861965,2.208381,1.205491,0.595297,2.642876,4.100079,2.194368,1.251633,0.554790,2.812223,3.509699,2.013922,1.175765,0.503280,3.165101,4.127737,2.014968,1.183304,0.502294,3.122709,4.119582,2.356461,1.074232,0.515426,2.896996,3.705226,2.243377,1.032404,0.583379,3.239460,4.220696,2.125134,1.154632,0.638358,2.747739,3.560361,2.150944,1.181623,0.504586,3.269646,4.172406,2.259570,1.285266,0.582107,3.416538,4.822864,2.552876,1.210220,0.560685,3.092934,3.884766,2.322146,1.215787,0.540366,3.120996,3.893252,2.188050,1.211675,0.509239,2.740413,3.796807,2.187879,1.152820,0.531060,neutral,neutral_baseline,good
1783252801.585938,75,0,-1.7603,-5.2474,4.3110,2.8653,6.9184,5.6272,7.3299,0.3339,-0.0167,-2.8007,-4.5217,-7.9800,-6.8106,-2.1057,-0.7427,0.7015,2.8598,5.7988,13.0823,3.4960,1.5580,-2.8313,-3.7014,-7.5443,-6.8812,-6.7374,-4.5275,2.0867,-0.1518,2.3271,4.5745,13.9919,95,4,98,,,,0,75,0,0.999666,0.017888,0.025834,0.019919,-0.005168,-0.008356,0.985678,31.19998,-4.35965,-40.89913,4,4,4,4,4,4,4,4,4,4,4,4,4,4,4,4,4,4,4,4,4,4,4,4,4,4,4,4,4,4,4,4,96,0.995,95,4,4,4,4,4,4,4,4,4,4,4,4,4,4,4,4,4,4,4,4,4,4,4,4,4,4,4,4,4,4,4,4,1,46.231,0.462310,0.000,1.000,1,23.358,0.233582,0.000,1.000,1,18.574,0.185741,0.000,1.000,1,41.964,0.419639,0.000,1.000,1,41.419,0.414187,0.000,1.000,1,41.002,0.410024,0.000,1.000,3.154469,3.653428,2.326881,1.192368,0.550214,3.217352,4.304160,2.170645,1.207778,0.598540,2.754686,3.865842,2.193724,1.076219,0.526108,2.814705,3.650936,1.920585,1.300128,0.520541,3.188991,4.974898,2.513072,1.250594,0.605330,3.097056,4.218625,2.167687,1.236482,0.511946,3.259197,4.339040,2.262415,1.329771,0.596469,3.109241,3.812828,2.323566,1.264232,0.622349,3.354133,4.318621,2.624582,1.221562,0.556975,3.151275,4.333304,2.287021,1.283937,0.569128,3.003150,3.448927,1.870850,1.115470,0.545352,3.326297,4.150557,1.989001,1.303461,0.506555,2.754577,3.726057,1.953003,1.127077,0.553039,3.264596,4.329928,2.420562,1.206976,0.576965,3.329295,4.090957,2.127712,1.151660,0.541071,2.823205,3.662660,1.989834,1.130514,0.496116,3.232651,4.273949,2.283153,1.283166,0.540889,2.828507,3.876159,2.017471,1.156251,0.494034,3.323099,4.161875,2.442771,1.189836,0.600624,2.993741,3.895880,2.347010,1.224485,0.514534,2.854899,3.934289,2.350932,1.273933,0.513644,2.576103,3.527561,2.142565,1.042457,0.483930,2.927923,4.079200,2.068340,1.296418,0.563918,3.110236,3.905236,2.399779,1.211857,0.509455,3.089496,3.881009,2.050942,1.116314,0.516656,3.134009,3.877670,2.461838,1.187809,0.496145,2.898075,3.628429,1.998285,1.060031,0.543050,3.208903,3.744245,2.301331,1.331312,0.620471,3.028013,4.279631,2.339683,1.256441,0.564767,2.825514,4.348892,2.077168,1.120718,0.512793,2.912089,3.916201,2.116103,1.132330,0.541888,3.098630,3.417684,2.138727,1.138438,0.539581,neutral,neutral_baseline,good
1783252801.593750,76,0,-1.7545,-1.0889,7.7119,5.7102,2.9889,3.1242,-1.3350,1.7958,-4.4043,-9.4539,-5.6189,-6.3001,-2.1263,0.6762,5.7119,5.6150,8.6830,6.8733,4.4610,4.3154,-4.7493,-4.3443,-5.7689,-11.1936,-7.6197,-3.0940,3.7429,0.3740,5.6285,4.6087,5.8418,11.5134,95,4,98,,,,0,76,0,0.999664,0.017936,0.025930,0.019904,-0.005515,-0.010171,1.005112,31.19995,-4.36021,-40.89868,4,4,4,4,4,4,4,4,4,4,4,4,4,4,4,4,4,4,4,4,4,4,4,4,4,4,4,4,4,4,4,4,96,0.995,95,4,4,4,4,4,4,4,4,4,4,4,4,4,4,4,4,4,4,4,4,4,4,4,4,4,4,4,4,4,4,4,4,1,45.974,0.459739,0.000,1.000,1,17.252,0.172522,0.000,1.000,1,21.821,0.218208,0.000,1.000,1,46.030,0.460296,0.000,1.000,1,43.551,0.435506,0.000,1.000,1,40.209,0.402091,0.000,1.000,3.008294,3.710697,2.171555,1.258021,0.539377,2.982346,4.024648,2.166686,1.317331,0.502715,2.864295,3.936076,1.986992,1.135451,0.514356,2.789156,3.775337,1.952103,0.989336,0.550619,3.045434,3.935372,2.173125,1.243446,0.558445,3.233519,3.772417,2.212901,1.251553,0.543154,3.244277,4.351933,2.540454,1.449740,0.601028,3.107008,4.266126,2.471144,1.157473,0.634028,3.347538,4.190871,2.209418,1.354663,0.664758,3.222297,3.927694,2.417464,1.401522,0.618920,2.848023,3.777531,2.075404,1.203207,0.498130,2.988091,3.805378,2.240319,1.218567,0.542070,2.936410,3.381179,1.935887,1.140705,0.551882,2.942253,4.576912,2.404244,1.349368,0.586486,2.774220,4.156849,2.174595,1.102097,0.560539,2.571192,3.591024,1.860233,1.215054,0.497196,3.097694,4.148612,2.186161,1.327027,0.591540,2.828658,3.936021,1.882671,1.160486,0.508669,3.347222,4.490581,2.252143,1.196031,0.578758,3.117005,4.228991,2.180646,1.192383,0.588889,3.334418,3.882165,2.049743,1.258478,0.562677,3.000552,3.765832,1.908440,1.154022,0.526990,3.228402,4.060903,2.408850,1.232918,0.603939,2.726226,4.071900,2.118721,1.249576,0.558134,2.918552,4.111856,2.346331,1.166536,0.552073,3.265101,4.211391,2.218127,1.304830,0.561621,2.712921,3.754440,1.878750,1.106422,0.487457,3.298120,4.210447,2.150291,1.313627,0.597683,3.035076,4.361036,2.314274,1.140065,0.620980,3.119504,3.595866,2.399418,1.377007,0.557390,2.772577,3.827786,2.134578,1.110956,0.522831,2.888466,3.781125,2.053197,1.101679,0.554824,neutral,neutral_baseline,good
1783252801.601562,77,0,1.5358,1.5316,1.1969,7.7736,6.3373,1.2224,-1.4860,-6.6619,-5.6504,-2.1810,-1.1921,-2.2200,3.4635,6.1486,11.0348,1.6068,6.0847,5.3478,3.5615,3.3769,-6.4158,-5.4680,-6.8377,-7.9989,-6.6596,-6.8805,2.7832,1.5468,4.6084,7.4904,7.9231,4.8288,95,4,98,,,,0,77,0,0.999661,0.017984,0.026026,0.019887,0.001453,-0.008350,0.998483,31.19991,-4.36077,-40.89823,4,4,4,4,4,4,4,4,4,4,4,4,4,4,4,4,4,4,4,4,4,4,4,4,4,4,4,4,4,4,4,4,96,0.995,95,4,4,4,4,4,4,4,4,4,4,4,4,4,4,4,4,4,4,4,4,4,4,4,4,4,4,4,4,4,4,4,4,1,42.730,0.427305,0.000,1.000,1,22.723,0.227228,0.000,1.000,1,24.837,0.248374,0.000,1.000,1,48.698,0.486980,0.000,1.000,1,39.107,0.391070,0.000,1.000,1,39.450,0.394498,0.000,1.000,3.219130,3.983624,2.317820,1.192029,0.557942,3.336490,4.174548,2.106712,1.339019,0.590748,2.803622,3.918583,1.926942,1.136984,0.479250,2.845288,3.466626,2.009301,1.125698,0.548713,3.191259,4.343976,2.652054,1.243748,0.529665,2.907707,3.718255,2.189838,1.280433,0.488197,3.281203,4.574101,2.373318,1.272053,0.602491,3.349834,4.558111,2.378060,1.347373,0.559432,3.320044,4.355580,2.198127,1.303777,0.545742,2.971598,3.992719,2.254135,1.349784,0.602144,2.850896,3.798451,2.102532,1.244344,0.525477,3.100142,3.951764,2.288171,1.258139,0.449465,2.762810,3.637080,2.051667,1.157338,0.484583,3.090490,4.571522,2.261543,1.420876,0.597093,2.885865,4.485505,2.364408,1.221928,0.584634,2.586130,3.279845,1.879471,1.185386,0.508342,3.165319,3.968148,2.278976,1.243242,0.602853,2.810918,3.647526,2.099939,1.045089,0.512940,3.137804,4.477116,2.616860,1.315878,0.552273,3.108657,3.816122,2.310072,1.149547,0.546382,3.038107,4.069956,2.484230,1.209349,0.494709,2.791060,3.914001,2.043150,1.243706,0.533611,3.244579,4.033061,2.041785,1.199813,0.583054,2.802521,4.006432,2.122619,1.156336,0.469769,3.127704,3.600601,1.800223,1.236495,0.515334,3.120510,3.842999,2.669398,1.200864,0.596714,2.816685,3.585007,2.010062,1.175705,0.471815,3.007574,4.334750,2.366657,1.303213,0.641159,3.502218,4.004345,2.618838,1.131856,0.575230,3.110403,4.007381,2.078907,1.203117,0.512958,3.040796,4.283500,2.159983,1.185260,0.559513,3.142192,3.364970,2.002775,1.089067,0.562075,neutral,neutral_baseline,good
1783252801.609375,78,0,2.6651,0.5334,2.0825,3.2683,0.3597,-4.5588,-2.1363,-6.5769,-7.3492,-2.7176,-1.1555,2.0081,7.5332,9.1040,10.2940,13.8663,7.9863,0.6422,-2.2534,-4.8406,-8.1187,-12.6069,-5.3967,-10.1600,-1.3162,-1.8273,5.8080,6.7578,9.0314,5.1967,8.7227,0.3614,95,4,98,,,,0,78,0,0.999659,0.018032,0.026122,0.019869,-0.011598,-0.016124,1.001871,31.19985,-4.36133,-40.89778,4,4,4,4,4,4,4,4,4,4,4,4,4,4,4,4,4,4,4,4,4,4,4,4,4,4,4,4,4,4,4,4,96,0.995,95,4,4,4,4,4,4,4,4,4,4,4,4,4,4,4,4,4,4,4,4,4,4,4,4,4,4,4,4,4,4,4,4,1,44.212,0.442124,0.000,1.000,1,22.834,0.228344,0.000,1.000,1,26.327,0.263265,0.000,1.000,1,46.791,0.467905,0.000,1.000,1,47.353,0.473525,0.000,1.000,1,38.439,0.384394,0.000,1.000,3.346498,3.794724,2.116392,1.287945,0.538715,2.939347,4.252431,2.362443,1.117249,0.478470,2.858853,4.064167,2.131784,1.187048,0.506894,3.141819,3.318020,2.036094,1.145002,0.514135,3.101325,4.294970,2.223882,1.281545,0.624107,2.757641,3.928536,2.025917,1.176949,0.493480,3.043174,4.286200,2.405622,1.331966,0.575610,3.059704,4.141251,2.188360,1.315998,0.562368,3.259377,3.607427,2.488288,1.298448,0.583753,3.062328,4.124469,2.192807,1.127522,0.538689,2.782251,3.598358,1.832795,1.180377,0.588622,2.823157,3.952398,2.082477,1.159709,0.546113,2.851571,3.592060,1.922883,1.097200,0.545547,3.031505,4.454690,2.516189,1.290459,0.623482,2.879229,3.798372,2.246815,1.188312,0.551707,2.849868,3.659257,1.992329,1.052438,0.555092,3.272600,4.014709,2.211139,1.227435,0.529183,2.759775,3.870110,1.901140,1.126434,0.491808,3.300776,4.203092,2.176866,1.250824,0.590387,2.894714,4.223461,2.098025,1.124904,0.547243,3.054710,3.950686,2.248779,1.123452,0.519480,2.932703,3.620680,2.175002,1.116855,0.529591,3.241775,4.180625,2.163327,1.062592,0.599150,2.773625,3.713801,2.213578,1.086024,0.497092,2.670844,3.778464,2.082216,1.123319,0.491567,3.381141,4.452915,2.289682,1.226843,0.599866,2.561661,3.933530,2.030012,1.234295,0.491827,3.902701,3.798197,2.096916,1.291861,0.593134,2.871826,4.338156,2.304247,1.421277,0.583593,3.136131,4.059878,2.002397,1.252490,0.538583,2.587190,3.702440,2.216890,1.176905,0.559816,2.714584,3.703787,1.978853,1.117878,0.533210,neutral,neutral_baseline,good
1783252801.617188,79,0,2.2940,4.4378,2.8131,1.6419,-1.9140,-1.1851,-1.8866,-2.8113,0.2754,0.0855,-0.2310,3.4374,5.9844,5.7359,8.3148,3.0812,6.6741,-3.3884,-5.1337,-11.7783,-11.5638,-8.8045,-6.2797,-4.3887,2.1241,9.1643,7.3151,13.0087,6.9747,9.9246,1.2291,3.9577,95,4,98,,,,0,79,0,0.999656,0.018079,0.026217,0.019850,-0.020175,-0.009360,1.000190,31.19978,-4.36190,-40.89733,4,4,4,4,4,4,4,4,4,4,4,4,4,4,4,4,4,4,4,4,4,4,4,4,4,4,4,4,4,4,4,4,96,0.995,95,4,4,4,4,4,4,4,4,4,4,4,4,4,4,4,4,4,4,4,4,4,4,4,4,4,4,4,4,4,4,4,4,1,48.253,0.482529,0.000,1.000,1,21.103,0.211025,0.000,1.000,1,22.804,0.228035,0.000,1.000,1,47.966,0.479659,0.000,1.000,1,42.611,0.426107,0.000,1.000,1,43.016,0.430159,0.000,1.000,3.295092,4.109391,2.115730,1.261542,0.549098,3.065502,4.349655,2.149594,1.249726,0.542256,2.855419,3.571573,2.077289,1.118159,0.506724,3.254248,4.074004,2.002985,1.086532,0.562466,3.149598,4.113220,2.207214,1.311200,0.612824,2.716404,4.019091,2.271421,1.322414,0.496736,2.849484,4.034570,2.369838,1.222712,0.601909,3.055457,4.439171,2.271565,1.314750,0.606738,3.189764,4.762310,2.021894,1.355485,0.653681,3.393142,4.138904,2.014052,1.389358,0.541494,3.088263,3.582627,2.202912,1.158063,0.540065,3.043282,3.907068,2.185024,1.111230,0.494008,2.643812,3.704560,2.082624,1.168901,0.517192,3.119341,4.136039,2.262065,1.245190,0.521213,2.980799,4.449465,2.366093,1.292950,0.609765,2.874085,3.340995,1.978428,1.022646,0.531633,3.048605,4.350090,2.616225,1.329196,0.641590,2.671390,3.434985,1.901669,1.017296,0.504859,3.410986,4.007470,2.521939,1.082574,0.549666,3.272688,3.979911,2.278066,1.070266,0.487076,2.688126,4.183762,1.938027,1.167954,0.565217,2.558395,3.038692,2.050123,1.210917,0.536689,3.177612,3.159773,2.185131,1.328581,0.575482,2.520889,3.795834,2.293131,1.146716,0.485813,2.826898,3.879894,2.155250,1.091496,0.475233,3.463651,4.351932,2.285495,1.265867,0.642981,2.715775,3.541864,2.018423,1.218530,0.519956,3.217304,3.969025,2.197957,1.251775,0.570798,2.981085,3.977834,2.251605,1.372520,0.597977,3.160720,3.764933,2.383788,1.196003,0.573255,2.905149,4.101768,2.315718,1.150621,0.536467,3.179977,3.778597,1.913847,1.109338,0.495489,neutral,neutral_baseline,good
1783252801.625000,80,0,8.7088,5.4884,6.5187,6.2899,-0.7244,-3.8044,-7.0053,1.2622,1.2683,-0.4989,2.9918,9.8274,4.6600,6.3635,3.7237,0.0646,-3.4557,-10.5386,-9.1684,-11.7148,-7.4451,-2.6148,-0.5601,2.2397,10.4984,8.2677,12.1040,8.5408,4.8268,8.6289,3.8116,-5.3284,95,4,98,,,,0,80,0,0.999654,0.018125,0.026311,0.019829,-0.004504,-0.014270,0.993353,31.19971,-4.36246,-40.89689,4,4,4,4,4,4,4,4,4,4,4,4,4,4,4,4,4,4,4,4,4,4,4,4,4,4,4,4,4,4,4,4,96,0.995,95,4,4,4,4,4,4,4,4,4,4,4,4,4,4,4,4,4,4,4,4,4,4,4,4,4,4,4,4,4,4,4,4,1,44.592,0.445916,0.000,1.000,1,17.364,0.173639,0.000,1.000,1,27.251,0.272515,0.000,1.000,1,45.871,0.458714,0.000,1.000,1,42.052,0.420522,0.000,1.000,1,42.354,0.423540,0.000,1.000,3.028828,4.070051,2.406947,1.209875,0.570189,2.892297,3.948870,2.386736,1.201124,0.535700,2.970094,3.291764,2.174035,1.147769,0.480487,2.993977,3.511990,1.948837,1.103107,0.511174,2.830729,4.262593,2.489155,1.311499,0.634579,3.140144,4.037735,2.034153,1.197562,0.496884,2.891024,4.159324,2.231355,1.278739,0.534514,3.195293,3.831563,2.377909,1.224372,0.547354,3.367210,4.195072,2.242338,1.129653,0.606944,3.375436,4.117232,2.581736,1.227147,0.553201,2.828691,3.588471,2.113016,1.158418,0.481988,3.085555,4.014525,1.920781,1.210242,0.539602,2.693787,3.685106,2.245806,1.089363,0.502579,3.082863,4.367515,2.198766,1.241782,0.630430,2.677790,4.048812,2.671718,1.233002,0.576539,2.906298,3.941442,2.020846,1.248352,0.501944,3.485838,4.274004,2.409534,1.111863,0.594030,2.609237,3.388755,2.075189,1.107140,0.526194,3.231774,3.801790,2.521579,1.118717,0.524775,3.153683,4.094051,2.228361,1.145245,0.573273,3.127498,4.399925,2.163775,1.114263,0.578878,2.775747,3.795234,2.228065,1.132880,0.514297,3.155834,3.929185,2.338008,1.330893,0.553941,2.758600,3.752540,1.974243,1.001981,0.520021,2.810485,4.152121,2.086564,1.254048,0.550130,3.201825,4.358395,2.436054,1.357928,0.648394,2.877766,3.629240,2.044783,1.104110,0.448165,3.150523,4.053728,2.505294,1.244526,0.613329,3.246052,3.938455,2.290056,1.362426,0.614048,3.056028,4.417113,2.103034,1.318746,0.544911,3.067669,4.071463,2.228876,1.176396,0.525211,2.590307,3.857127,1.934460,1.133511,0.475416,neutral,neutral_baseline,good
1783252801.632812,81,0,4.5573,4.4824,1.2966,-1.2912,-3.4606,-3.2844,-1.9313,-5.2428,-0.9775,-2.6402,-0.1751,4.4088,4.8178,4.2253,1.2403,-0.6497,-5.0560,-10.2436,-6.9240,-5.6820,-6.5133,-2.1888,7.1489,5.8582,11.5801,7.4245,7.6786,8.0110,1.2660,-5.4764,-10.0800,-11.0005,95,4,98,,,,0,81,0,0.999651,0.018171,0.026406,0.019807,-0.000332,-0.010747,0.994223,31.19962,-4.36303,-40.89644,4,4,4,4,4,4,4,4,4,4,4,4,4,4,4,4,4,4,4,4,4,4,4,4,4,4,4,4,4,4,4,4,96,0.995,95,4,4,4,4,4,4,4,4,4,4,4,4,4,4,4,4,4,4,4,4,4,4,4,4,4,4,4,4,4,4,4,4,1,41.174,0.411743,0.000,1.000,1,20.796,0.207960,0.000,1.000,1,28.384,0.283839,0.000,1.000,1,50.914,0.509142,0.000,1.000,1,44.326,0.443264,0.000,1.000,1,36.720,0.367200,0.000,1.000,2.992456,3.742860,2.076793,1.131926,0.596341,2.963081,3.596102,2.166806,1.197264,0.579515,2.840366,3.772263,2.036946,1.173054,0.515942,2.952011,3.744007,2.308397,1.189001,0.568527,3.195166,4.236910,2.534675,1.430887,0.553238,2.954783,3.749604,2.172408,1.144643,0.492968,3.302223,3.826592,2.462572,1.317968,0.552922,3.206482,4.721439,2.545039,1.439315,0.674545,3.264533,4.464184,2.427965,1.205057,0.645607,3.380807,4.376696,2.468450,1.287617,0.612259,3.120409,3.850653,2.363922,1.187698,0.554222,2.877991,4.419349,2.152647,1.207669,0.547838,2.920507,3.518555,1.860019,1.150907,0.548207,3.447218,4.098288,2.373418,1.278737,0.569056,2.915453,4.185763,2.303143,1.145622,0.543287,2.774757,3.760074,2.072434,1.080980,0.515445,2.818440,4.045110,2.611775,1.245530,0.678510,2.314195,4.174693,1.836297,1.136674,0.499015,2.964875,4.761872,2.075875,1.289569,0.571447,3.011075,3.960710,2.197303,1.137811,0.568937,2.902029,3.835808,2.440797,1.189361,0.578191,2.897998,3.756815,2.291939,1.152231,0.483423,2.935593,3.991127,1.872151,1.259197,0.541871,2.959190,3.571847,2.120890,1.057400,0.499601,2.743036,3.441014,2.112152,1.089444,0.534240,3.025465,3.832709,2.532726,1.395321,0.596396,3.025328,3.662450,1.931719,1.023080,0.534392,3.216135,4.166415,2.051597,1.208665,0.624802,3.414797,4.401209,2.328492,1.264314,0.553349,2.735842,3.550979,1.964323,1.176692,0.499766,2.945046,4.062042,2.056898,1.103635,0.506890,2.833307,3.691365,2.044993,1.211163,0.542002,neutral,neutral_baseline,good
1783252801.640625,82,0,-2.3120,-6.2443,-5.8386,-2.6740,-5.5841,-7.5885,-3.5542,-5.7325,2.7036,4.9996,6.0676,2.2635,-1.2135,-1.1903,-0.8896,-4.7246,-5.1453,-3.8488,-8.8588,-4.2000,-1.1711,1.4630,12.0406,11.6246,11.1874,8.9673,8.8464,0.2648,-3.8839,-6.7097,-12.4060,-11.7576,95,4,98,,,,0,82,0,0.999649,0.018216,0.026499,0.019784,-0.005739,0.004185,1.000078,31.19951,-4.36360,-40.89600,4,4,4,4,4,4,4,4,4,4,4,4,4,4,4,4,4,4,4,4,4,4,4,4,4,4,4,4,4,4,4,4,96,0.995,95,4,4,4,4,4,4,4,4,4,4,4,4,4,4,4,4,4,4,4,4,4,4,4,4,4,4,4,4,4,4,4,4,1,46.392,0.463923,0.000,1.000,1,19.757,0.197573,0.000,1.000,1,22.926,0.229255,0.000,1.000,1,50.611,0.506112,0.000,1.000,1,42.502,0.425016,0.000,1.000,1,37.277,0.372766,0.000,1.000,3.135497,4.085134,1.931474,1.209311,0.576598,3.161149,3.951028,2.190356,1.139894,0.595387,3.065847,3.581213,2.078423,1.199199,0.522215,2.743937,3.778636,2.034588,1.104710,0.469933,3.134272,4.196019,2.334174,1.254599,0.535536,2.784880,3.789879,2.074142,1.189195,0.533375,3.135665,4.175709,2.440316,1.293936,0.551528,2.848029,4.532087,2.422569,1.447937,0.610399,3.443556,4.603176,2.543904,1.383280,0.525915,3.043031,4.421810,2.332559,1.336906,0.615966,2.945823,3.894527,2.007682,1.200467,0.502683,2.926953,4.112139,2.205008,1.134865,0.566572,2.627713,3.846028,1.753370,1.173575,0.534202,3.409773,4.419696,2.270823,1.309626,0.586217,2.951166,3.855258,2.193846,1.206950,0.551928,2.663155,3.548808,1.948809,1.062646,0.524930,3.096895,4.105763,2.492719,1.354791,0.595695,2.696482,3.916105,2.003099,1.152105,0.499586,3.105591,4.176178,2.350325,1.220977,0.578916,2.901873,4.143402,2.322468,1.338760,0.562352,2.593132,3.857179,2.273901,1.310929,0.531961,2.625788,3.665255,2.122644,1.118918,0.495640,3.148982,4.259549,2.321391,1.248395,0.532905,2.937749,3.888218,2.247448,1.203510,0.515061,2.797521,4.053148,2.187654,1.086636,0.524704,3.005918,3.953603,2.413595,1.297908,0.527185,2.642952,3.752913,2.264423,1.060727,0.507821,3.488331,4.209725,2.303948,1.238988,0.565946,3.239192,4.017237,2.421565,1.342922,0.610000,2.623223,3.343519,2.268134,1.318287,0.589639,2.928613,3.816260,2.047829,1.015361,0.541255,2.820420,4.266675,2.153718,1.130986,0.540339,neutral,neutral_baseline,good
1783252801.648438,83,0,-8.9619,-5.0873,-10.4235,-5.8562,-3.8685,-1.7888,-0.2280,4.2141,2.6310,7.6835,5.5413,6.3449,2.9305,-0.5973,-5.2289,-8.0935,-6.3504,-5.3402,-7.9156,-7.3921,0.4375,0.5132,7.6763,9.5844,13.0104,4.1847,2.0849,-10.1883,-3.9498,-12.5453,-11.7609,-13.1984,95,4,98,,,,0,83,0,0.999646,0.018261,0.026592,0.019759,-0.013811,-0.002642,1.003596,31.19940,-4.36417,-40.89555,4,4,4,4,4,4,4,4,4,4,4,4,4,4,4,4,4,4,4,4,4,4,4,4,4,4,4,4,4,4,4,4,96,0.995,95,4,4,4,4,4,4,4,4,4,4,4,4,4,4,4,4,4,4,4,4,4,4,4,4,4,4,4,4,4,4,4,4,1,44.190,0.441900,0.000,1.000,1,20.449,0.204491,0.000,1.000,1,22.573,0.225728,0.000,1.000,1,47.557,0.475568,0.000,1.000,1,41.767,0.417675,0.000,1.000,1,42.013,0.420132,0.000,1.000,2.823602,3.989851,2.103872,1.272320,0.538951,3.061018,3.987282,1.977890,1.308941,0.619082,2.851389,3.769365,2.399142,1.215240,0.453994,2.736711,3.447365,2.170897,1.175831,0.511489,3.133407,3.976939,2.470884,1.250023,0.605914,3.010747,3.520017,2.430724,1.252062,0.552847,2.997382,4.149172,2.450864,1.177921,0.624716,3.465234,4.204375,2.316496,1.340921,0.550698,3.487440,3.814603,2.289495,1.222807,0.561471,3.479899,4.285486,2.528207,1.255838,0.552183,2.560798,3.634805,1.975786,1.068823,0.504172,2.874735,3.835984,2.351435,1.232057,0.553506,2.784387,3.530529,2.036182,1.169542,0.479351,3.211451,4.401436,2.308498,1.240912,0.591375,2.943789,4.162290,2.051522,1.208906,0.569106,2.721975,3.522292,1.962392,1.188438,0.497561,3.169891,4.296344,2.220141,1.200806,0.633665,2.903057,3.389027,1.906714,1.241061,0.499678,3.471466,3.789465,2.295501,1.353378,0.539747,2.884969,4.021202,2.222496,1.072998,0.560354,2.715823,3.964223,2.151394,1.141340,0.591529,2.482962,3.791554,2.067130,1.276245,0.488263,2.939789,4.086720,2.191060,1.344403,0.541342,3.096989,3.754448,2.172646,1.181581,0.485070,2.882241,3.905272,2.204845,1.089698,0.478644,3.376733,4.636993,2.008096,1.227000,0.585779,2.843741,3.726898,2.027254,1.104161,0.505018,3.200440,3.982169,2.269315,1.405887,0.516486,2.882156,3.604310,2.160189,1.328267,0.564011,2.772165,3.601417,2.554812,1.291350,0.514993,3.048634,3.719088,2.335322,1.184550,0.528518,3.138231,3.768054,2.066700,1.078259,0.556630,neutral,neutral_baseline,good
1783252801.656250,84,0,-2.4557,-4.4309,-8.3761,-4.9261,-3.7466,-1.5342,1.9012,4.3317,9.9650,5.5664,14.2752,4.6061,-1.3898,-0.8331,-1.5096,-7.0001,-9.4354,-5.7508,-4.3877,-3.0952,10.2496,9.0552,9.1529,4.5467,3.0910,0.9406,-3.9532,-4.0568,-9.6693,-7.1221,-2.0734,-6.8565,95,4,98,,,,0,84,0,0.999644,0.018305,0.026685,0.019733,-0.001632,-0.013105,0.996751,31.19927,-4.36475,-40.89511,4,4,4,4,4,4,4,4,4,4,4,4,4,4,4,4,4,4,4,4,4,4,4,4,4,4,4,4,4,4,4,4,96,0.995,95,4,4,4,4,4,4,4,4,4,4,4,4,4,4,4,4,4,4,4,4,4,4,4,4,4,4,4,4,4,4,4,4,1,45.741,0.457405,0.000,1.000,1,19.991,0.199913,0.000,1.000,1,22.448,0.224485,0.000,1.000,1,43.940,0.439403,0.000,1.000,1,39.249,0.392491,0.000,1.000,1,40.274,0.402741,0.000,1.000,3.003869,3.972488,2.105636,1.210719,0.595915,2.857758,3.802049,1.987287,1.215236,0.572740,2.769970,3.713403,2.008787,1.249114,0.523784,2.511951,3.595118,1.992937,1.145278,0.524728,2.990078,3.905646,2.270586,1.311102,0.623238,2.759190,3.918412,1.943738,1.202899,0.518605,3.331941,4.061284,2.404200,1.205071,0.614136,3.720040,4.418234,2.383990,1.234518,0.633579,3.181140,4.429628,2.490276,1.355508,0.561328,3.237966,4.308049,2.463546,1.300714,0.581950,3.074034,3.682810,2.155870,1.111491,0.561436,2.846604,4.237463,1.952913,1.047118,0.539129,2.944282,3.662781,2.087918,1.086327,0.479258,3.086203,4.695737,2.397626,1.345529,0.640749,3.110918,4.006004,2.290219,1.250879,0.565207,2.699954,3.757498,1.900354,1.090900,0.538441,2.995502,4.067542,2.489539,1.329243,0.624815,2.993905,3.566100,2.035272,1.259924,0.514145,3.253298,4.114543,2.204499,1.359223,0.575720,3.170407,4.130766,2.322315,1.107084,0.510848,3.177904,3.429474,2.265304,1.202146,0.557306,2.767798,4.028493,2.209313,1.116769,0.502436,3.141004,4.217627,2.296174,1.181166,0.518777,2.814125,3.946671,1.815884,1.023131,0.506871,3.013907,3.686342,1.934313,1.038939,0.494688,3.025121,4.380031,2.322686,1.157832,0.545395,2.756693,3.532909,2.071315,1.103698,0.474236,3.340707,4.327601,2.510050,1.328356,0.571136,3.137807,4.660694,2.453931,1.355398,0.541659,2.953905,3.930921,2.102177,1.287495,0.569261,3.055283,3.643936,2.284689,1.142489,0.535832,3.288428,3.363791,1.793150,1.100601,0.557344,neutral,neutral_baseline,good
1783252801.664062,85,0,-7.9322,-12.6063,-6.1395,-4.7578,3.0946,2.0422,12.1325,11.3410,10.6543,5.9153,3.9420,-2.1266,-4.5598,-7.2334,-10.7762,-13.5809,-8.2811,-7.6069,4.3556,6.9311,9.3246,8.7982,0.1072,3.5052,5.4747,-0.4824,-0.8547,-7.6841,-8.6907,-6.6425,-5.9344,-1.4537,95,4,98,,,,0,85,0,0.999641,0.018349,0.026778,0.019706,-0.002629,0.002176,0.993028,31.19913,-4.36532,-40.89466,4,4,4,4,4,4,4,4,4,4,4,4,4,4,4,4,4,4,4,4,4,4,4,4,4,4,4,4,4,4,4,4,96,0.995,95,4,4,4,4,4,4,4,4,4,4,4,4,4,4,4,4,4,4,4,4,4,4,4,4,4,4,4,4,4,4,4,4,1,49.155,0.491553,0.000,1.000,1,20.418,0.204184,0.000,1.000,1,18.402,0.184023,0.000,1.000,1,48.527,0.485266,0.000,1.000,1,39.862,0.398616,0.000,1.000,1,45.358,0.453580,0.000,1.000,3.030629,4.190551,2.275894,1.175878,0.547942,3.051755,4.142080,2.380985,1.097787,0.496468,3.021714,4.044585,2.192119,1.150162,0.530625,2.503975,3.448675,2.227454,1.125195,0.539881,3.186743,4.241173,2.124876,1.115649,0.583625,2.452671,3.987272,2.338318,1.144906,0.542337,3.093101,4.347490,2.410684,1.170275,0.521081,3.249727,4.262887,2.431021,1.267030,0.522281,3.192005,4.665961,2.316518,1.104167,0.600923,3.124625,4.372323,2.409508,1.210041,0.613651,3.094899,3.872717,2.105093,1.075614,0.498655,3.117630,3.711909,2.025020,1.290207,0.455592,2.644031,3.966749,2.070214,1.139457,0.533082,3.277046,4.279636,2.242531,1.317861,0.569695,3.083886,3.550893,2.649547,1.164051,0.556837,2.755728,3.506880,2.140139,1.046702,0.486052,3.257620,4.130169,2.322404,1.367513,0.618439,2.801507,3.246371,1.927831,1.153685,0.506043,2.954695,4.795111,2.204119,1.329656,0.574481,2.948769,4.016385,2.021816,1.266512,0.516654,3.009706,3.780638,2.231097,1.102090,0.611449,2.878758,3.665022,1.906436,1.236644,0.496739,3.266005,3.619009,2.424379,1.222177,0.557489,2.742620,3.766818,2.071522,1.127652,0.514952,2.826102,4.244046,2.035777,1.155099,0.520818,3.160297,3.840233,2.481178,1.238044,0.610640,2.598920,3.545907,2.079193,1.111712,0.480956,3.334018,3.983796,2.454084,1.361210,0.541509,3.197624,4.149394,2.408357,1.332667,0.591087,3.016807,3.682186,2.306020,1.064471,0.517175,3.075821,3.484886,1.895700,1.192822,0.533159,2.702243,3.784196,1.961737,1.221100,0.540762,neutral,neutral_baseline,good
1783252801.671875,86,0,-3.4355,-8.0503,0.6382,2.4962,10.5827,10.1216,8.7075,8.8836,7.5115,1.3560,-5.1930,-7.3364,-5.8746,-13.3985,-11.4664,-4.7698,-3.5187,1.1455,3.3643,8.5673,8.8556,12.2290,7.7548,5.2081,2.0516,-0.6223,-5.9727,-7.7620,-4.4501,-3.4591,-6.1268,4.6807,95,4,98,,,,0,86,0,0.999639,0.018392,0.026870,0.019677,-0.005887,0.000751,1.002575,31.19898,-4.36590,-40.89422,4,4,4,4,4,4,4,4,4,4,4,4,4,4,4,4,4,4,4,4,4,4,4,4,4,4,4,4,4,4,4,4,96,0.995,95,4,4,4,4,4,4,4,4,4,4,4,4,4,4,4,4,4,4,4,4,4,4,4,4,4,4,4,4,4,4,4,4,1,47.727,0.477270,0.000,1.000,1,18.823,0.188227,0.000,1.000,1,25.705,0.257055,0.000,1.000,1,49.270,0.492704,0.000,1.000,1,39.830,0.398304,0.000,1.000,1,40.196,0.401959,0.000,1.000,2.921678,4.086999,2.317143,1.189088,0.588983,2.913562,3.856750,2.086407,1.272568,0.600301,2.669116,3.717089,2.276513,1.149490,0.494668,2.999261,3.606353,2.316224,1.103481,0.541966,3.036716,4.420211,2.302062,1.332963,0.597237,2.911831,3.885824,1.969277,1.186893,0.481374,3.448701,4.264074,2.388536,1.228006,0.587493,3.609533,4.794334,2.134152,1.364881,0.600826,3.286952,4.284320,2.050232,1.305766,0.612732,3.294377,4.433493,2.196695,1.220973,0.547349,2.863068,3.499808,2.118268,1.125900,0.471026,3.054353,4.240476,2.315095,1.222531,0.530263,2.709728,4.221156,2.012433,1.132887,0.491004,3.224635,4.213342,2.048774,1.295649,0.603362,3.149717,3.656842,2.606112,1.157466,0.585122,2.980944,3.737139,1.952381,0.963023,0.510702,3.140288,4.233263,2.278593,1.271362,0.598710,2.623238,4.152884,2.169699,1.286469,0.506681,3.377057,4.202153,2.352945,1.221263,0.541818,3.033384,4.342724,2.354461,1.130564,0.531262,3.099832,4.284359,2.077247,1.157691,0.532757,2.674142,3.526637,2.256940,1.214815,0.536137,2.871927,4.263179,1.980016,1.253448,0.542223,2.628735,3.734427,2.185859,1.109037,0.482790,2.635508,3.880184,1.914649,1.069728,0.563149,2.914968,4.055638,2.254927,1.351356,0.574294,2.764943,3.675235,1.971368,1.143438,0.478896,3.242280,4.672077,2.331610,1.265523,0.540691,3.253060,4.369312,2.326644,1.159647,0.616825,2.833653,3.975263,2.143417,1.140402,0.536515,2.628504,4.047045,2.293503,1.159989,0.558673,2.666850,4.016933,2.100591,1.117875,0.499247,neutral,neutral_baseline,good
1783252801.679688,87,0,-5.1732,2.2394,5.8455,-0.3389,9.2809,8.8214,7.9507,7.6543,5.7419,-3.8949,-9.2694,-9.1227,-15.2700,-11.4269,-4.9905,-3.1622,-3.4500,9.0149,10.3001,7.7657,13.3510,9.1713,6.6931,3.0829,-1.9297,-8.0242,-5.6311,-6.9403,-5.1064,-3.7435,-1.3256,3.7175,95,4,98,,,,0,87,0,0.999636,0.018435,0.026961,0.019647,-0.009211,-0.012647,1.003278,31.19882,-4.36648,-40.89378,4,4,4,4,4,4,4,4,4,4,4,4,4,4,4,4,4,4,4,4,4,4,4,4,4,4,4,4,4,4,4,4,96,0.995,95,4,4,4,4,4,4,4,4,4,4,4,4,4,4,4,4,4,4,4,4,4,4,4,4,4,4,4,4,4,4,4,4,1,42.731,0.427309,0.000,1.000,1,20.801,0.208014,0.000,1.000,1,20.860,0.208600,0.000,1.000,1,48.512,0.485119,0.000,1.000,1,45.220,0.452201,0.000,1.000,1,36.575,0.365749,0.000,1.000,2.998144,4.216111,2.232821,1.205784,0.531859,3.376364,4.056505,2.165772,1.198489,0.566640,2.974657,3.762260,2.248874,1.169044,0.561119,2.650118,3.898213,1.950398,1.050891,0.572407,3.164010,4.097646,2.482801,1.349369,0.551078,3.203686,3.736283,2.188155,1.247794,0.510468,3.337114,4.107270,2.292185,1.093091,0.585204,3.114714,4.473962,2.371049,1.346018,0.566063,3.089016,4.189831,2.315801,1.281111,0.544965,3.291999,4.101448,2.417205,1.168716,0.582989,2.859590,3.724975,2.275950,1.119093,0.506191,2.998115,4.060972,2.197711,1.229583,0.550391,3.204207,3.684998,2.011256,1.104660,0.473113,3.414330,4.433415,2.351921,1.289586,0.553118,2.997673,3.723738,2.341218,1.230372,0.569996,2.788558,4.034441,1.989873,1.010604,0.524447,3.072028,3.871154,2.447060,1.115487,0.589011,2.801725,3.549370,1.993037,1.090167,0.476310,3.334941,4.328462,2.375795,1.297098,0.651543,3.066564,3.909077,2.103463,1.257091,0.551892,3.008059,3.810942,2.080463,1.257459,0.518859,2.830918,3.691197,2.060685,0.957948,0.545438,2.996508,4.165696,2.361004,1.280712,0.552460,2.881991,3.530421,2.165796,1.209820,0.552492,3.002620,3.663246,2.055735,1.108290,0.525333,2.959015,4.754544,2.582281,1.300019,0.595482,2.764619,3.587411,2.009281,0.988348,0.509697,3.513518,4.109961,2.268930,1.312806,0.589255,3.535908,3.781534,2.474163,1.294184,0.577880,2.786666,4.189959,2.150007,1.274581,0.582594,2.708484,3.891001,2.201220,1.183313,0.508064,2.888243,4.096819,2.112570,1.089717,0.572783,neutral,neutral_baseline,good
1783252801.687500,88,0,-2.0947,-1.2005,6.9714,6.7504,7.3343,6.2268,1.7236,-1.3357,-0.1910,-4.0123,-9.7252,-9.2712,-6.5570,-6.4292,-0.1309,0.3238,4.6436,7.2237,12.5076,6.4734,7.7690,4.3297,1.2395,-8.2825,-6.5508,-8.6789,-10.9813,-8.1800,0.3280,2.9701,4.2680,2.0329,95,4,98,,,,0,88,0,0.999634,0.018477,0.027052,0.019616,-0.018804,-0.034089,0.989895,31.19864,-4.36707,-40.89334,4,4,4,4,4,4,4,4,4,4,4,4,4,4,4,4,4,4,4,4,4,4,4,4,4,4,4,4,4,4,4,4,96,0.995,95,4,4,4,4,4,4,4,4,4,4,4,4,4,4,4,4,4,4,4,4,4,4,4,4,4,4,4,4,4,4,4,4,1,42.699,0.426994,0.000,1.000,1,22.640,0.226397,0.000,1.000,1,19.654,0.196541,0.000,1.000,1,44.909,0.449087,0.000,1.000,1,42.338,0.423383,0.000,1.000,1,43.884,0.438836,0.000,1.000,2.877908,3.906263,2.394885,1.306272,0.533446,3.099934,3.891344,2.315874,1.329400,0.568303,2.746141,3.485760,2.157715,1.050133,0.524426,2.767367,3.462112,2.217916,1.027705,0.549107,3.045857,4.311125,2.316148,1.396211,0.611273,2.653512,3.732557,2.090336,1.090461,0.542697,3.082437,4.233685,2.179847,1.185541,0.586363,3.128465,4.075160,2.353999,1.295283,0.648548,3.228770,4.731960,2.633818,1.152107,0.589591,3.136001,4.173724,2.239145,1.125708,0.606277,3.094552,4.017665,2.067217,1.168581,0.554207,2.829213,3.599233,1.999205,1.279951,0.531149,2.829210,4.045877,2.139999,1.182671,0.486647,3.549027,4.233148,2.315616,1.227065,0.613774,2.900015,4.304603,2.123386,1.339850,0.497640,2.693599,3.735824,2.295232,1.195303,0.505214,3.185794,4.256640,2.371702,1.173699,0.563439,2.462198,2.934727,1.919098,1.154081,0.507146,3.155878,4.078831,2.324870,1.296012,0.562489,2.754654,3.799283,2.109847,1.249910,0.532144,2.733508,3.939999,2.184928,1.177209,0.516105,2.753314,3.713698,2.272781,1.145714,0.551896,3.130632,4.004244,2.228442,1.188838,0.544743,3.081445,3.874504,2.090006,1.003429,0.467648,3.199109,3.603692,2.168779,1.096733,0.571801,2.920748,4.043616,2.385122,1.131923,0.583166,2.965398,3.554147,2.121278,1.088315,0.472532,3.197526,3.921302,2.491501,1.261841,0.600462,3.279347,4.216839,2.316012,1.344111,0.573234,3.076036,3.869016,2.088182,1.197396,0.565280,2.920955,4.123307,2.088787,1.140954,0.593619,2.679008,3.200476,2.091737,1.060970,0.516053,neutral,neutral_baseline,good
1783252801.695312,89,0,-0.1068,1.4138,1.9327,8.4147,7.0548,1.1862,1.7019,-0.7006,-1.1508,-10.0035,-7.3249,-11.0319,-8.9017,-0.8095,3.9762,5.4091,13.8274,11.5898,13.9543,9.6832,4.3922,-2.0658,-5.6768,-11.1084,-9.3004,-11.2362,-6.2341,-8.9369,3.0365,4.8288,0.7458,4.3393,95,4,98,,,,0,89,0,0.999632,0.018518,0.027143,0.019583,-0.009490,-0.011835,1.001464,31.19845,-4.36765,-40.89290,4,4,4,4,4,4,4,4,4,4,4,4,4,4,4,4,4,4,4,4,4,4,4,4,4,4,4,4,4,4,4,4,96,0.995,95,4,4,4,4,4,4,4,4,4,4,4,4,4,4,4,4,4,4,4,4,4,4,4,4,4,4,4,4,4,4,4,4,1,42.429,0.424288,0.000,1.000,1,14.047,0.140468,0.000,1.000,1,21.899,0.218992,0.000,1.000,1,50.923,0.509230,0.000,1.000,1,42.699,0.426992,0.000,1.000,1,40.711,0.407109,0.000,1.000,3.106312,4.126681,2.022845,1.187456,0.555423,2.934605,3.608929,2.176070,1.264177,0.577307,3.046019,4.135072,1.836910,1.131460,0.519014,2.901993,3.771037,2.054893,1.124243,0.511647,2.979385,4.327665,2.090841,1.260736,0.541496,3.200951,3.640591,2.232683,1.094201,0.533941,3.040066,4.763729,2.439189,1.294578,0.536862,3.067592,4.172204,2.089405,1.279069,0.556704,3.162121,4.190354,2.440647,1.364642,0.611377,3.013511,4.206284,2.349556,1.262508,0.634901,2.854832,3.718488,2.068103,1.116999,0.540123,2.800358,3.832228,2.403752,1.151219,0.568865,2.809792,3.761055,1.922897,1.094739,0.453346,3.149849,4.752219,2.210182,1.178317,0.540224,3.216675,3.781296,2.139170,1.240914,0.577249,2.975069,3.745983,2.041118,1.111546,0.532033,3.113660,4.290112,2.261542,1.225480,0.593651,3.024013,3.738565,2.207442,1.060808,0.514777,3.232554,3.896082,2.146086,1.176547,0.548273,2.962213,4.035517,2.394248,1.129024,0.524417,2.978754,3.857068,2.141726,1.089093,0.563983,2.989917,3.905847,2.056041,1.037044,0.487507,2.738506,3.974539,2.291484,1.263875,0.493853,3.070949,3.842934,2.094376,1.300319,0.506423,3.063532,4.034508,1.869673,1.135817,0.548899,2.795048,4.168692,2.376520,1.161713,0.637361,2.931945,3.534243,1.943092,1.062201,0.526133,3.335594,4.214764,2.072174,1.252392,0.600229,3.007964,4.149982,2.260305,1.396547,0.634803,2.863018,3.923328,2.296529,1.138831,0.591034,3.073174,3.681386,2.226813,1.300280,0.541467,2.957767,4.462858,2.031276,1.122122,0.515626,neutral,neutral_baseline,good
1783252801.703125,90,0,3.7255,6.7870,5.4009,5.9811,9.2540,3.9196,-2.5841,-3.1311,-6.5620,-4.5985,-8.1524,-6.9892,1.7390,4.4674,7.5531,12.1768,7.1306,10.1548,10.0977,2.3717,-0.8149,-9.7479,-9.8741,-12.8789,-8.4280,-7.4227,-0.1154,1.3681,1.8850,3.8193,11.5273,3.9348,95,4,98,,,,0,90,0,0.999629,0.018559,0.027233,0.019549,-0.013769,-0.002367,1.000140,31.19825,-4.36824,-40.89246,4,4,4,4,4,4,4,4,4,4,4,4,4,4,4,4,4,4,4,4,4,4,4,4,4,4,4,4,4,4,4,4,96,0.995,95,4,4,4,4,4,4,4,4,4,4,4,4,4,4,4,4,4,4,4,4,4,4,4,4,4,4,4,4,4,4,4,4,1,47.398,0.473976,0.000,1.000,1,17.758,0.177576,0.000,1.000,1,20.463,0.204625,0.000,1.000,1,47.613,0.476133,0.000,1.000,1,44.630,0.446296,0.000,1.000,1,42.093,0.420934,0.000,1.000,3.123584,4.134096,2.073136,1.306178,0.591331,3.063340,3.693683,2.319527,1.277097,0.488621,2.934465,3.856378,2.316416,1.177842,0.525781,2.668348,4.032218,1.940072,1.030818,0.487040,3.267639,4.045327,2.386198,1.411750,0.586328,3.016192,4.239580,1.855426,1.178904,0.489320,2.889507,4.195742,2.377320,1.307261,0.654428,3.410939,5.185399,2.457779,1.316250,0.593379,3.378772,4.733889,2.355248,1.357560,0.611577,3.230605,4.597854,2.134312,1.321480,0.557985,2.667797,3.814671,1.851463,1.188147,0.557864,2.868624,3.764576,2.132096,1.182047,0.495726,2.720081,3.532306,1.844515,1.082553,0.508477,3.125388,4.451118,2.405570,1.285967,0.566651,3.064881,4.282212,2.310205,1.339864,0.569379,3.012123,3.819731,2.097390,1.162207,0.486347,3.178729,4.382854,2.235414,1.135908,0.537740,2.849873,3.474018,2.027783,1.225972,0.474281,3.120488,4.115606,2.418035,1.321709,0.608164,3.277477,3.960280,2.168403,1.224489,0.554546,3.108549,4.265068,2.023907,1.067906,0.534135,2.656397,3.827550,2.129913,1.011051,0.531023,3.032424,4.139654,2.439592,1.151190,0.565152,2.549175,3.874296,1.945624,1.236159,0.571592,2.850044,3.252456,1.906269,1.136523,0.435440,3.201137,4.541725,2.252870,1.231778,0.562227,2.876739,3.855497,2.019410,1.201273,0.524367,3.037608,4.349728,2.468031,1.219657,0.552751,3.364914,4.258857,2.274853,1.221208,0.540198,3.007339,3.959498,2.393279,1.157027,0.492832,2.968454,3.977075,2.078899,1.111196,0.541844,2.848945,4.063047,2.137520,1.112640,0.543332,neutral,neutral_baseline,good
1783252801.710938,91,0,4.5832,10.1410,7.2604,6.9800,2.9457,-1.3519,-6.1185,-6.3322,-7.3279,-6.1186,-8.7711,-5.1165,-2.9348,5.4249,10.0604,8.1959,12.6811,5.5331,0.6258,-8.8394,-11.8019,-9.1250,-4.3576,-8.3483,-8.0917,-5.1812,2.6494,2.8884,1.4488,2.4800,1.9247,3.8143,95,4,98,,,,0,91,0,0.999627,0.018599,0.027322,0.019514,-0.014720,-0.011090,0.990859,31.19804,-4.36883,-40.89202,4,4,4,4,4,4,4,4,4,4,4,4,4,4,4,4,4,4,4,4,4,4,4,4,4,4,4,4,4,4,4,4,96,0.995,95,4,4,4,4,4,4,4,4,4,4,4,4,4,4,4,4,4,4,4,4,4,4,4,4,4,4,4,4,4,4,4,4,1,48.300,0.482997,0.000,1.000,1,17.547,0.175468,0.000,1.000,1,24.070,0.240696,0.000,1.000,1,47.052,0.470524,0.000,1.000,1,43.999,0.439994,0.000,1.000,1,42.958,0.429580,0.000,1.000,2.972830,4.105662,2.104035,1.251236,0.481069,3.113860,4.521860,2.387873,1.333226,0.609570,2.991302,4.093240,2.149544,1.288216,0.532884,2.720710,3.504179,2.045378,1.141885,0.520010,3.112550,4.126647,2.536988,1.332786,0.613678,3.031285,4.125706,1.981457,1.109631,0.545754,3.109531,4.035025,2.317687,1.187014,0.535755,3.092735,3.738414,2.417270,1.355515,0.645381,3.099380,4.292664,1.989473,1.334668,0.577965,3.114038,3.878230,2.344294,1.349128,0.555801,2.359533,4.009325,1.951122,1.147829,0.476130,3.062376,3.657345,2.160445,1.151254,0.549584,2.610196,3.742919,2.169220,1.252351,0.547699,3.234229,5.165644,2.543910,1.306969,0.571458,3.066898,3.906438,2.148427,1.244066,0.547514,3.306269,3.240836,2.060203,1.112065,0.428331,3.092190,4.431077,2.613054,1.266836,0.626603,2.696583,3.777194,1.929705,0.996629,0.524785,3.403749,4.207812,2.498360,1.292938,0.531621,2.575501,3.613893,2.029501,1.213311,0.555046,3.194985,3.545878,2.151614,1.240337,0.556049,2.954185,3.666567,2.158206,1.249121,0.507606,3.193449,4.035450,2.168534,1.111102,0.557657,2.719592,3.758016,2.038364,1.217139,0.581473,2.763825,3.529974,2.090579,1.038773,0.506740,3.444720,3.871312,2.176991,1.289652,0.527342,2.674203,3.754798,2.008033,1.044304,0.488023,3.379935,4.226238,2.211521,1.286533,0.595895,3.508442,4.028498,2.392630,1.356005,0.531647,3.249607,4.074513,2.318448,1.112672,0.555822,2.713848,3.264045,2.150885,1.244750,0.537286,3.076731,4.103038,1.770802,1.112525,0.544937,neutral,neutral_baseline,good
1783252801.718750,92,0,5.8635,8.1918,11.4539,6.1256,5.3854,-4.1292,-5.4391,-13.3565,-8.4374,-10.1870,-5.4756,-1.8434,3.5002,5.8190,12.4500,12.9159,3.7069,4.6532,0.3933,-8.7649,-3.6867,-5.6276,-7.1279,-2.3764,0.1056,6.7548,4.9758,6.6112,5.0889,4.4428,4.5878,0.6103,95,4,98,,,,0,92,0,0.999624,0.018639,0.027412,0.019478,-0.017908,-0.011685,0.984397,31.19781,-4.36942,-40.89158,4,4,4,4,4,4,4,4,4,4,4,4,4,4,4,4,4,4,4,4,4,4,4,4,4,4,4,4,4,4,4,4,96,0.995,95,4,4,4,4,4,4,4,4,4,4,4,4,4,4,4,4,4,4,4,4,4,4,4,4,4,4,4,4,4,4,4,4,1,45.280,0.452804,0.000,1.000,1,25.440,0.254401,0.000,1.000,1,25.878,0.258776,0.000,1.000,1,47.953,0.479532,0.000,1.000,1,44.043,0.440429,0.000,1.000,1,38.162,0.381621,0.000,1.000,2.942467,3.695014,2.114655,1.109847,0.525143,3.232103,4.141932,2.444774,1.226403,0.578751,2.380152,3.395160,1.876085,1.063627,0.522367,2.362117,4.030189,2.231566,1.164423,0.511115,3.231651,4.282442,2.466772,1.298325,0.584637,3.008444,3.719427,2.232166,1.156597,0.527639,3.215923,4.410493,2.118594,1.393398,0.634546,3.174087,4.892391,2.101714,1.382794,0.570459,3.225661,4.720585,2.537534,1.452778,0.661008,3.167976,4.474949,2.197066,1.192095,0.551085,2.666535,3.776617,1.929011,1.125888,0.502627,2.574428,4.466584,2.355247,1.104276,0.607303,2.860272,3.701977,2.127285,1.036691,0.508591,3.481768,4.224563,2.647521,1.312853,0.562410,3.237940,3.922422,2.221418,1.098007,0.604632,3.111037,3.655657,2.153129,1.099747,0.492253,3.173957,4.716474,2.482349,1.298127,0.562094,2.761834,3.642459,1.963866,1.135510,0.493513,3.457142,4.636453,2.323973,1.350179,0.561291,2.981431,3.975420,2.149788,1.179404,0.560900,3.050592,4.063100,2.355333,1.205777,0.543560,2.850124,4.117587,1.976925,1.177310,0.524733,3.201111,4.395437,2.232866,1.219954,0.518095,3.128751,3.674761,1.829047,1.095605,0.504367,3.038731,3.986907,2.103866,1.029038,0.502089,2.959556,4.914244,2.463183,1.324389,0.584113,2.695628,3.638572,2.281497,1.192620,0.484945,2.874637,4.404160,2.457162,1.261228,0.630457,3.362741,4.352786,2.458401,1.294817,0.593000,2.684557,3.958386,2.314337,1.229948,0.553604,2.703160,3.749993,1.966045,1.133735,0.505632,3.020057,3.902992,2.174165,1.046338,0.538298,neutral,neutral_baseline,good
1783252801.726562,93,0,9.3140,9.7623,5.0151,0.3414,-5.3281,-7.8589,-6.5651,-5.8405,-7.6190,-6.7027,-4.1073,4.7932,5.4406,9.8258,5.3517,3.2867,0.1192,-0.2030,-7.3525,-4.6436,-9.2516,-5.1094,-2.4208,-1.4677,3.7500,6.3591,7.2484,10.9149,4.0835,-0.5853,1.4670,-3.8562,95,4,98,,,,0,93,0,0.999622,0.018678,0.027500,0.019440,-0.006347,-0.012145,0.990118,31.19758,-4.37001,-40.89115,4,4,4,4,4,4,4,4,4,4,4,4,4,4,4,4,4,4,4,4,4,4,4,4,4,4,4,4,4,4,4,4,96,0.995,95,4,4,4,4,4,4,4,4,4,4,4,4,4,4,4,4,4,4,4,4,4,4,4,4,4,4,4,4,4,4,4,4,1,38.636,0.386364,0.000,1.000,1,19.873,0.198734,0.000,1.000,1,24.082,0.240816,0.000,1.000,1,48.411,0.484109,0.000,1.000,1,46.608,0.466083,0.000,1.000,1,40.028,0.400276,0.000,1.000,2.907127,4.374289,2.266663,1.219577,0.573773,3.088233,4.395026,2.372140,1.217980,0.548717,2.847799,3.775011,2.229449,1.119543,0.488949,3.033865,4.101726,2.221947,1.164032,0.513586,3.251515,4.448263,2.362799,1.275395,0.582144,2.763887,3.780217,2.229720,1.242598,0.499546,3.072393,4.415740,2.309941,1.303663,0.576810,3.693526,4.106356,2.182471,1.251189,0.539784,3.026797,4.183701,2.611856,1.344733,0.550601,3.002090,4.349096,2.389319,1.270454,0.624763,2.746532,3.807051,2.148533,1.089938,0.535021,2.950222,3.960166,2.141790,1.133735,0.561150,2.780363,3.172984,1.985182,1.119247,0.546626,3.491126,3.969498,2.493354,1.285948,0.608584,2.986580,3.750673,2.295491,1.225600,0.555639,2.650259,3.646598,1.967695,0.986304,0.522512,3.088707,4.454127,2.537571,1.264608,0.602454,2.703626,3.379771,1.973825,1.148380,0.504630,3.111944,4.262725,2.353081,1.342256,0.603539,2.900075,3.564708,2.170807,1.179621,0.588741,3.442578,4.190428,1.747023,1.169620,0.537541,2.506773,4.088588,2.067349,1.056115,0.544056,3.307481,3.858620,2.225424,1.314227,0.599914,2.909653,3.599595,2.135737,1.088320,0.523717,3.018122,3.805128,2.109238,1.179478,0.585509,2.982124,4.389082,2.228473,1.449277,0.629027,2.686529,3.929109,2.150257,1.059766,0.545305,2.865520,4.104454,2.437670,1.182352,0.571532,3.161002,3.857981,2.441905,1.362309,0.592600,3.153084,4.173425,2.312514,1.240933,0.569565,2.885418,4.155155,2.300350,1.115456,0.522287,2.815071,4.036744,2.306168,1.063225,0.490412,neutral,neutral_baseline,good
1783252801.734375,94,0,6.9430,4.8642,-0.8336,-4.0831,-11.4167,-14.4124,-10.0372,-7.7544,-7.4805,0.8254,2.7817,-1.3758,8.0065,10.1273,11.3312,2.4802,2.0704,-0.6593,-3.7239,-4.9031,-1.3280,1.2150,0.2020,3.1670,5.3937,6.1085,0.7696,5.3845,1.4674,-0.2390,-7.2099,-5.1475,95,4,98,,,,0,94,0,0.999619,0.018717,0.027589,0.019401,-0.018902,-0.019698,1.001726,31.19733,-4.37061,-40.89071,4,4,4,4,4,4,4,4,4,4,4,4,4,4,4,4,4,4,4,4,4,4,4,4,4,4,4,4,4,4,4,4,96,0.995,95,4,4,4,4,4,4,4,4,4,4,4,4,4,4,4,4,4,4,4,4,4,4,4,4,4,4,4,4,4,4,4,4,1,44.127,0.441271,0.000,1.000,1,18.873,0.188734,0.000,1.000,1,19.691,0.196911,0.000,1.000,1,47.295,0.472951,0.000,1.000,1,37.402,0.374024,0.000,1.000,1,41.193,0.411926,0.000,1.000,3.056281,3.948536,2.127028,1.220282,0.518564,2.717766,4.424903,2.071577,1.242360,0.639272,2.756061,3.716852,1.973444,1.101834,0.491283,2.832552,3.670598,2.073127,1.139539,0.485623,3.266708,4.178800,2.537610,1.166434,0.603135,2.872703,3.725735,1.989675,1.128539,0.564795,3.131036,4.567575,2.243544,1.266677,0.616730,3.055168,3.941419,2.326611,1.265445,0.610425,3.279814,4.561366,2.138036,1.369630,0.502715,3.171330,4.103909,2.463722,1.253328,0.561039,2.768710,3.466352,1.848804,1.149159,0.555061,3.014720,3.796628,2.388586,1.285022,0.577207,2.708461,3.317914,2.160856,1.159668,0.482983,3.053477,3.806605,2.235191,1.342510,0.576676,3.071743,4.531122,2.241424,1.088371,0.527204,2.784443,3.577045,1.763930,1.110475,0.534341,3.365479,4.498850,2.249670,1.241223,0.613795,2.911065,3.579025,2.068931,1.156242,0.521714,3.576633,4.232130,2.229280,1.308047,0.544951,3.246964,3.911311,2.162069,1.048663,0.487877,3.076904,3.665859,2.216266,1.178091,0.550348,2.720888,3.544789,1.991133,1.030282,0.588870,3.270281,4.255498,2.110767,1.185787,0.541758,3.075354,3.895815,2.165401,1.024075,0.501828,2.757932,3.702673,2.152180,1.092175,0.503852,2.830177,4.677706,2.307253,1.373326,0.486471,3.157054,3.619995,2.066989,1.050871,0.508018,2.889784,4.199047,2.305286,1.172172,0.575934,3.431207,4.242067,2.511801,1.417253,0.581992,2.931893,4.084778,2.358932,1.131979,0.551823,3.149888,4.094999,2.221353,1.188966,0.495702,2.758380,4.029636,2.121980,1.108885,0.527172,neutral,neutral_baseline,good
1783252801.742188,95,0,5.3424,-5.1263,-9.8784,-12.0220,-8.7613,-14.4369,-11.3390,-2.7738,-0.3698,3.8249,6.3575,12.0490,7.1750,9.5596,1.8774,-3.1040,2.9590,-3.6115,-5.0575,-5.9177,-3.0592,0.1573,0.9051,-3.1230,5.0112,2.2956,1.0684,0.8204,0.2076,-6.5688,-3.5853,-4.7090,95,4,98,,,,0,95,0,0.999617,0.018755,0.027676,0.019360,-0.012013,-0.018163,1.003750,31.19707,-4.37120,-40.89027,4,4,4,4,4,4,4,4,4,4,4,4,4,4,4,4,4,4,4,4,4,4,4,4,4,4,4,4,4,4,4,4,96,0.995,95,4,4,4,4,4,4,4,4,4,4,4,4,4,4,4,4,4,4,4,4,4,4,4,4,4,4,4,4,4,4,4,4,1,45.949,0.459487,0.000,1.000,1,19.909,0.199090,0.000,1.000,1,23.365,0.233646,0.000,1.000,1,46.721,0.467211,0.000,1.000,1,39.185,0.391850,0.000,1.000,1,41.350,0.413498,0.000,1.000,2.967115,4.258908,2.370206,1.191826,0.610731,2.904275,4.087387,2.154608,1.195566,0.599593,2.906939,3.887878,2.100180,1.157045,0.550203,2.896580,3.948277,1.995650,1.064126,0.524701,3.239658,4.344871,2.449603,1.177596,0.580134,2.695393,3.585395,2.214398,1.112418,0.538938,3.225727,4.327508,1.959390,1.175059,0.643590,3.188961,4.092776,2.566317,1.347132,0.592522,3.298802,4.516578,2.588830,1.288234,0.662443,3.286662,3.969240,2.460709,1.212107,0.530399,2.710414,3.999867,2.063137,1.228146,0.538601,3.094601,3.792887,2.126123,1.280082,0.576455,2.854477,3.309747,2.012030,1.089593,0.474472,3.144057,4.315529,2.256224,1.371827,0.582135,3.070211,4.246158,2.283994,1.194762,0.598979,2.720127,3.835755,2.109255,1.069950,0.496239,3.142097,4.214913,2.204056,1.262536,0.607689,2.826529,3.734165,1.933505,1.112531,0.513547,3.393801,3.779732,2.399107,1.413495,0.624232,3.021795,4.020460,2.238900,1.090075,0.553283,3.308478,3.805438,2.319522,1.138620,0.540091,2.604860,3.655664,2.199637,1.096867,0.520559,3.145426,3.388414,2.193523,1.149163,0.586837,2.681133,3.819078,2.209838,1.143982,0.509254,3.062374,4.006506,2.179758,1.140471,0.501025,2.967958,4.564789,2.289224,1.149877,0.655719,2.910097,3.931028,2.001743,1.164840,0.528583,2.870083,4.116271,2.410822,1.304552,0.613235,3.148089,4.069762,2.368559,1.312571,0.637442,2.658385,3.941502,2.065918,1.105449,0.582973,2.833534,4.047468,2.033623,1.171451,0.509438,2.655590,3.897498,2.105777,1.212472,0.489958,neutral,neutral_baseline,good
1783252801.750000,96,0,0.1812,-5.1037,-7.4915,-14.7552,-11.9847,-4.6888,-2.9200,1.0993,2.9368,6.7402,10.4378,6.5634,6.9168,6.6952,0.7536,-2.5310,-4.2946,-7.6426,-6.4930,-4.2836,-4.1479,-1.6832,2.4398,2.4174,4.6198,1.2688,0.0456,-7.4150,-3.9967,-1.9242,-2.2702,1.8663,95,4,98,,,,0,96,0,0.999615,0.018793,0.027764,0.019319,-0.019189,-0.004846,0.987255,31.19680,-4.37180,-40.88984,4,4,4,4,4,4,4,4,4,4,4,4,4,4,4,4,4,4,4,4,4,4,4,4,4,4,4,4,4,4,4,4,96,0.995,95,4,4,4,4,4,4,4,4,4,4,4,4,4,4,4,4,4,4,4,4,4,4,4,4,4,4,4,4,4,4,4,4,1,51.482,0.514819,0.000,1.000,1,19.007,0.190066,0.000,1.000,1,23.929,0.239287,0.000,1.000,1,48.004,0.480039,0.000,1.000,1,37.430,0.374299,0.000,1.000,1,41.406,0.414056,0.000,1.000,3.012289,3.640340,2.085710,1.195814,0.592970,3.101793,4.576720,2.177811,1.152043,0.577543,2.879702,3.897316,1.947799,1.184806,0.540227,2.756288,3.425851,2.207184,1.286582,0.553535,3.323259,4.678123,2.266328,1.382647,0.637201,3.001146,4.033951,2.079948,1.152408,0.478843,3.321480,3.686355,2.392342,1.348034,0.605727,3.190584,4.180809,2.238932,1.160229,0.655640,3.058331,4.540708,2.257198,1.323906,0.570213,2.976007,4.363817,2.237370,1.251931,0.577482,2.772563,3.882059,2.282879,1.154715,0.551429,2.767955,4.164375,2.064012,1.267084,0.556921,2.912367,3.468347,2.008982,1.022607,0.502233,3.496682,4.367897,2.284708,1.324577,0.616606,3.086756,4.649776,2.636768,1.276480,0.564403,2.506500,3.902253,1.978035,1.237297,0.477843,3.014809,4.258378,2.431439,1.291497,0.557160,2.714640,3.542833,1.894952,1.117519,0.531823,3.525248,4.292287,2.435179,1.329655,0.615459,2.930578,3.676615,2.144365,1.277099,0.541184,3.173753,3.533821,2.307791,1.097780,0.509816,2.825754,3.201819,2.022519,0.984190,0.496127,3.061214,3.955903,2.439447,1.302780,0.629253,3.269870,4.115889,2.147519,1.045280,0.570364,3.044718,3.679713,2.090883,1.036828,0.516267,2.882275,4.253479,2.202042,1.223116,0.593576,2.811327,3.790147,2.171282,1.136195,0.528623,3.183431,4.485848,2.391561,1.237702,0.569824,3.346438,4.162587,2.435059,1.372804,0.633559,2.970193,3.856136,2.249308,1.180065,0.537996,3.047757,3.912092,2.159272,1.239510,0.556889,2.582676,3.604250,2.198749,1.282948,0.493522,neutral,neutral_baseline,good
1783252801.757812,97,0,-4.3630,-5.0074,-7.6849,-11.0818,-3.3283,-2.6713,0.6451,8.2672,8.9207,10.6311,7.7871,5.8141,3.0053,1.5882,-2.3469,-10.1376,-5.2286,-2.9429,-5.3153,-4.5667,1.8266,3.5290,-0.3100,-0.7591,3.9593,2.4078,-3.2664,-1.8265,-3.3954,2.3246,2.2603,2.0599,95,4,98,,,,0,97,0,0.999612,0.018830,0.027851,0.019276,-0.013864,-0.001197,1.003536,31.19651,-4.37240,-40.88940,4,4,4,4,4,4,4,4,4,4,4,4,4,4,4,4,4,4,4,4,4,4,4,4,4,4,4,4,4,4,4,4,96,0.995,95,4,4,4,4,4,4,4,4,4,4,4,4,4,4,4,4,4,4,4,4,4,4,4,4,4,4,4,4,4,4,4,4,1,47.569,0.475687,0.000,1.000,1,23.348,0.233479,0.000,1.000,1,16.132,0.161317,0.000,1.000,1,46.115,0.461147,0.000,1.000,1,41.537,0.415370,0.000,1.000,1,42.770,0.427701,0.000,1.000,3.248247,4.177316,2.287405,1.322917,0.542160,2.881128,4.525230,2.246469,1.307982,0.555759,2.830320,3.555573,2.168282,1.092259,0.483073,2.625070,4.260395,2.207503,1.035164,0.556195,3.034762,4.137661,2.344663,1.239557,0.514499,3.243547,3.592662,2.052778,1.191351,0.485115,3.284252,4.117981,2.233790,1.172416,0.604647,3.517348,4.534557,2.356418,1.360373,0.616469,3.128950,4.344882,2.123528,1.313098,0.582454,3.032567,4.288433,2.389794,1.297260,0.610232,2.895547,3.733342,2.031023,1.038302,0.433665,3.024672,4.272851,2.289601,1.215404,0.502850,2.872930,3.597746,2.063680,1.174741,0.542430,3.409570,4.112065,2.302489,1.304490,0.639471,3.368802,4.129968,2.265370,1.311018,0.591753,2.784142,3.665816,1.918731,1.161473,0.500645,3.065165,4.315872,2.276885,1.215645,0.591363,3.015089,3.976170,1.987442,1.272977,0.488489,3.351246,4.116002,2.433264,1.259704,0.565120,3.121058,4.143427,2.235793,1.171009,0.643193,2.974402,4.289295,1.893881,1.179708,0.536344,2.871318,3.820881,1.906325,1.219926,0.502666,3.181472,4.290432,2.081069,1.204433,0.518125,2.528606,3.743980,2.278661,1.110713,0.498679,2.673236,3.740740,1.885457,1.151282,0.449524,3.439560,4.698646,2.319634,1.233747,0.551009,3.037819,3.921361,1.983134,1.160836,0.501689,3.147418,4.208510,2.450061,1.250664,0.595236,3.279093,4.613146,2.140858,1.347580,0.545491,3.144644,4.061313,2.157612,1.309905,0.586960,2.844548,4.021203,2.101226,1.163519,0.532242,2.541401,3.901690,1.978655,1.208434,0.538815,neutral,neutral_baseline,good
1783252801.765625,98,0,-6.5579,-7.8269,-12.1090,-9.0761,-3.5794,3.0230,6.5024,8.7042,10.3615,4.0623,2.0839,-0.0882,-2.4928,-6.8097,-6.9445,-9.4146,-9.6791,-7.0061,-2.2627,0.6760,4.5884,5.0633,3.0924,2.2582,1.2832,-1.6956,-3.7779,-0.4025,1.4829,-1.6810,0.6146,7.8395,95,4,98,,,,0,98,0,0.999610,0.018866,0.027937,0.019231,-0.026067,-0.012797,0.990574,31.19622,-4.37300,-40.88897,4,4,4,4,4,4,4,4,4,4,4,4,4,4,4,4,4,4,4,4,4,4,4,4,4,4,4,4,4,4,4,4,96,0.995,95,4,4,4,4,4,4,4,4,4,4,4,4,4,4,4,4,4,4,4,4,4,4,4,4,4,4,4,4,4,4,4,4,1,44.791,0.447907,0.000,1.000,1,24.652,0.246525,0.000,1.000,1,19.348,0.193481,0.000,1.000,1,46.599,0.465992,0.000,1.000,1,41.815,0.418150,0.000,1.000,1,39.454,0.394539,0.000,1.000,3.176153,4.578298,2.504021,1.226848,0.564548,3.004788,4.167412,2.413340,1.303257,0.510011,2.774131,3.859553,2.070080,1.077239,0.500566,2.923974,3.542332,2.038601,1.197562,0.534460,2.957185,4.176050,2.319874,1.404768,0.647156,2.900717,3.541918,2.022636,1.203457,0.528502,3.070394,4.163404,2.458743,1.188265,0.585547,3.410468,4.892325,2.493933,1.382888,0.555672,3.318013,4.689470,2.185441,1.307869,0.621563,3.089587,3.878115,2.281603,1.246911,0.526052,2.598885,3.588079,2.084418,1.025069,0.570813,2.887000,3.616769,2.242201,1.236090,0.484502,2.367516,3.732337,2.210001,1.127211,0.535573,3.152193,4.318064,2.307295,1.305245,0.606152,2.905385,4.177395,2.439245,1.174135,0.545677,2.985664,3.639632,2.221926,1.050378,0.471280,3.290922,4.013276,2.221487,1.214149,0.542855,2.643980,3.644190,2.078833,1.019030,0.500717,2.906496,4.046905,2.333756,1.254561,0.574550,2.720161,3.770894,2.184856,1.125176,0.548385,3.112663,3.839974,2.145566,1.199504,0.553516,2.796362,4.092508,2.085405,1.117870,0.465192,3.277110,4.419915,2.488797,1.055802,0.537215,2.771769,3.755976,2.277481,1.142787,0.541150,3.026867,3.410489,2.082699,1.245474,0.513362,3.248603,4.458377,2.215823,1.299572,0.612589,2.516330,3.967941,2.095487,1.255589,0.499379,2.966582,4.122435,2.260232,1.384786,0.595882,3.231493,4.239634,2.242346,1.362108,0.521195,2.898178,3.870405,1.956538,1.212221,0.577028,2.867414,3.899123,2.068698,1.150642,0.506019,2.831229,3.714735,2.155467,1.150405,0.527680,neutral,neutral_baseline,good
1783252801.773438,99,0,-6.6179,-6.0319,-4.0435,-2.7348,-0.9548,5.6943,6.8630,7.2511,6.1077,4.7998,0.2442,-7.2410,-3.3270,-5.9503,-10.1177,-7.3147,-4.9858,-2.8544,3.4527,5.8199,7.0984,6.3470,7.0742,1.8845,6.2839,-4.5419,-2.3291,-1.8109,-2.8898,3.0685,2.3817,6.3665,95,4,98,,,,0,99,0,0.999607,0.018902,0.028023,0.019186,-0.008931,-0.003294,1.005515,31.19591,-4.37361,-40.88854,4,4,4,4,4,4,4,4,4,4,4,4,4,4,4,4,4,4,4,4,4,4,4,4,4,4,4,4,4,4,4,4,96,0.995,95,4,4,4,4,4,4,4,4,4,4,4,4,4,4,4,4,4,4,4,4,4,4,4,4,4,4,4,4,4,4,4,4,1,44.840,0.448396,0.000,1.000,1,26.041,0.260413,0.000,1.000,1,20.614,0.206141,0.000,1.000,1,45.348,0.453484,0.000,1.000,1,41.261,0.412612,0.000,1.000,1,44.478,0.444785,0.000,1.000,3.014300,4.143832,2.333894,1.204653,0.557622,3.191963,4.223741,2.277569,1.247270,0.568574,2.799151,3.829875,1.971376,1.036155,0.494834,2.579259,3.774475,2.030159,1.051406,0.554087,3.232565,5.113300,2.414109,1.265007,0.547231,2.913959,4.346829,1.885023,1.189824,0.579439,2.943911,3.785061,2.339804,1.260172,0.591023,2.871861,4.428580,2.341138,1.287537,0.573904,3.482992,4.233443,2.297150,1.279617,0.584692,3.201184,4.086534,2.366704,1.298390,0.603747,2.652921,3.714176,2.246995,1.120373,0.525846,3.009051,3.965846,2.141954,1.236895,0.471811,2.951225,4.050341,2.160426,1.063203,0.585511,2.806170,4.077590,2.093062,1.301435,0.574544,3.248521,3.728987,1.987365,1.276593,0.565409,2.917343,3.563699,2.191252,1.179013,0.482704,3.104020,4.022779,2.459527,1.226216,0.596411,2.913046,3.443217,1.939679,1.060547,0.522605,3.316896,4.289234,2.240446,1.281246,0.578925,2.917386,4.250168,2.249660,1.144458,0.524985,3.013509,3.951280,2.052135,1.103079,0.520336,2.690184,3.465533,2.073812,1.084926,0.529661,2.943444,4.369238,2.047546,1.094835,0.567072,2.781641,3.904309,1.949284,1.154030,0.584288,2.881109,3.955603,2.292424,1.115081,0.540522,3.153566,4.028595,2.105937,1.246286,0.544410,2.621171,3.930973,2.028798,1.073313,0.477259,3.119770,4.206669,2.122243,1.286386,0.587959,3.718076,3.967491,2.273814,1.133416,0.640253,2.882064,3.919514,2.103284,1.152282,0.611194,2.799839,3.867735,2.082215,1.166060,0.571483,3.015673,3.634635,1.857933,0.958791,0.539715,neutral,neutral_baseline,good
1783252801.781250,100,0,-8.7904,-8.2201,-4.6500,-3.5034,0.8675,7.9872,8.9385,8.8144,3.6678,-2.6097,0.6867,-5.9056,-6.7791,-6.6421,-3.5390,-2.8374,-0.1791,1.9569,8.5036,7.1550,8.4380,7.0822,3.0140,-0.2608,-2.6113,-6.9914,-2.3280,-0.0764,1.0202,0.1337,-0.3908,9.5117,95,4,98,,,,0,100,0,0.999605,0.018937,0.028109,0.019139,-0.011995,-0.003542,0.996683,31.19559,-4.37421,-40.88811,4,4,4,4,4,4,4,4,4,4,4,4,4,4,4,4,4,4,4,4,4,4,4,4,4,4,4,4,4,4,4,4,96,0.995,95,4,4,4,4,4,4,4,4,4,4,4,4,4,4,4,4,4,4,4,4,4,4,4,4,4,4,4,4,4,4,4,4,1,44.990,0.449904,0.000,1.000,1,20.908,0.209082,0.000,1.000,1,20.072,0.200719,0.000,1.000,1,50.970,0.509702,0.000,1.000,1,41.083,0.410830,0.000,1.000,1,41.630,0.416298,0.000,1.000,3.353199,4.141164,2.178606,1.287923,0.583917,2.864655,4.216467,2.202701,1.206018,0.577896,2.968594,4.036018,2.296365,1.153875,0.551258,2.933929,3.619121,2.139566,1.209884,0.494802,3.349344,4.185483,2.418272,1.241123,0.577362,3.035650,3.777032,1.984884,1.104400,0.527849,3.043135,4.150349,2.576065,1.110106,0.588542,3.254092,4.046738,2.427985,1.376361,0.541301,3.110919,4.391876,2.240060,1.230255,0.603970,2.938105,4.219167,2.714191,1.136907,0.539679,2.899563,3.911074,1.998092,1.017194,0.516824,2.859479,4.217991,2.369310,1.054258,0.576780,2.821214,3.644984,1.866151,1.222029,0.478171,3.411830,4.421855,2.297887,1.243733,0.674855,3.563683,3.957007,2.394163,1.379564,0.564858,2.617816,3.780083,1.895606,1.045904,0.553333,3.264999,4.656122,2.399982,1.241259,0.549237,3.169484,3.705067,1.913900,1.154978,0.517752,2.852073,4.209706,2.350090,1.259742,0.622939,2.971427,3.733379,2.285509,1.105835,0.566600,3.174818,4.061421,2.267890,1.276657,0.577706,2.886138,3.471351,2.158799,1.231234,0.509437,2.931941,4.390980,1.914375,1.258507,0.551125,2.687405,3.758964,2.116651,1.117133,0.541358,2.667189,3.713667,2.304663,1.085145,0.496151,3.441302,4.495320,2.458403,1.262527,0.588854,2.586879,3.775604,2.411311,1.065462,0.574460,3.343838,4.263088,2.143684,1.282264,0.543007,3.115471,4.024874,2.252022,1.294099,0.554690,2.758766,4.483157,2.373931,1.154350,0.527044,2.801005,4.104124,2.272457,1.122358,0.507649,2.862185,3.817388,2.072540,1.115702,0.561464,neutral,neutral_baseline,good
1783252801.789062,101,0,-6.2975,-5.5422,-4.9059,1.4621,2.7867,4.7020,8.7384,4.1418,4.1923,1.9975,-2.8513,-5.7870,-10.2789,0.1466,0.1095,-0.0995,11.9641,3.7058,9.6686,4.2208,2.0912,-2.7144,-6.7489,-3.4742,-5.4735,-3.5334,-5.2755,-5.3130,1.7753,4.9987,9.8796,6.5891,95,4,98,,,,0,101,0,0.999602,0.018972,0.028194,0.019091,-0.015701,-0.008463,0.990935,31.19525,-4.37482,-40.88767,4,4,4,4,4,4,4,4,4,4,4,4,4,4,4,4,4,4,4,4,4,4,4,4,4,4,4,4,4,4,4,4,96,0.995,95,4,4,4,4,4,4,4,4,4,4,4,4,4,4,4,4,4,4,4,4,4,4,4,4,4,4,4,4,4,4,4,4,1,46.805,0.468045,0.000,1.000,1,20.924,0.209237,0.000,1.000,1,25.671,0.256708,0.000,1.000,1,48.018,0.480178,0.000,1.000,1,42.407,0.424069,0.000,1.000,1,41.748,0.417482,0.000,1.000,2.845226,4.074961,2.379588,1.196690,0.562722,3.125659,3.841602,2.287557,1.221580,0.571995,2.789282,3.881634,2.153253,1.138232,0.542696,2.846380,3.582295,2.160853,1.120522,0.516031,3.314048,4.038011,2.449678,1.036453,0.583178,2.856978,4.003547,2.020540,1.218110,0.512077,3.185689,4.450353,2.308757,1.309341,0.599208,3.101440,4.433608,2.302372,1.334811,0.568737,3.244169,4.045879,2.441477,1.201565,0.610356,3.354769,4.475084,2.382648,1.240525,0.569499,2.961601,3.979760,1.934964,1.020875,0.480209,3.127527,4.189904,2.057325,1.169345,0.544729,2.658741,3.661271,2.003568,1.110526,0.516741,3.361453,4.468966,2.183851,1.403109,0.602426,3.194978,3.928366,2.054814,1.164336,0.537535,2.686458,3.710923,1.944156,1.101007,0.529837,3.235121,4.453864,2.231478,1.210235,0.591416,2.911154,3.909479,1.885791,1.092691,0.552594,3.217855,4.595549,2.133768,1.302707,0.585332,2.956941,3.847929,2.147298,1.205329,0.493493,2.935610,3.845217,2.151022,1.131806,0.513603,2.828306,3.672912,1.992311,1.137033,0.537098,3.114266,4.189295,2.273550,1.223887,0.508265,2.873819,3.962519,2.145474,1.033742,0.519499,2.829867,4.121321,1.836734,1.136316,0.479448,2.913759,4.249323,2.260769,1.327602,0.580900,2.993510,3.821061,2.215305,1.228855,0.501252,3.425849,4.055107,2.163525,1.306979,0.574779,2.897545,4.336033,2.382044,1.258361,0.627228,2.846064,3.583580,2.243092,1.262287,0.557622,3.114061,4.219427,2.291192,1.152132,0.585571,2.877401,3.615241,1.979058,1.168032,0.543986,neutral,neutral_baseline,good
1783252801.796875,102,0,-5.6868,-2.1102,4.4335,7.4579,2.6008,1.2983,5.6620,6.3567,2.7745,-0.1946,-3.9574,-4.8839,4.8497,1.1453,5.7635,1.0899,4.6455,1.9757,5.3978,4.7039,-3.3621,-6.3222,-4.9431,-0.9440,-7.5278,-3.9345,-5.1053,2.0686,7.8899,6.8633,4.9779,5.4082,95,4,98,,,,0,102,0,0.999600,0.019006,0.028278,0.019041,-0.003788,-0.011215,0.988674,31.19491,-4.37543,-40.88724,4,4,4,4,4,4,4,4,4,4,4,4,4,4,4,4,4,4,4,4,4,4,4,4,4,4,4,4,4,4,4,4,96,0.995,95,4,4,4,4,4,4,4,4,4,4,4,4,4,4,4,4,4,4,4,4,4,4,4,4,4,4,4,4,4,4,4,4,1,42.595,0.425949,0.000,1.000,1,23.256,0.232555,0.000,1.000,1,22.701,0.227006,0.000,1.000,1,49.863,0.498635,0.000,1.000,1,43.918,0.439183,0.000,1.000,1,37.330,0.373301,0.000,1.000,3.155954,4.039871,2.277100,1.253862,0.576378,3.095166,4.129264,2.362802,1.139833,0.515050,2.962744,3.579101,1.950093,1.149405,0.540215,2.736556,3.697571,1.975517,0.991170,0.493660,3.444306,4.430472,2.414013,1.278957,0.636194,2.635106,3.763043,2.354654,1.143490,0.510456,3.435827,4.322302,2.299299,1.311843,0.562342,3.657563,4.101187,2.371156,1.357761,0.634039,3.078503,4.258947,2.205046,1.233762,0.620890,3.420733,4.665693,2.480064,1.299615,0.588789,2.670777,3.824042,2.103512,1.160512,0.488140,2.741202,3.808112,2.389301,1.135219,0.511585,3.060526,3.622147,2.123253,1.082693,0.479149,3.213117,4.410428,2.342991,1.361567,0.571235,3.340379,3.809952,2.245168,1.193990,0.534939,2.521246,3.986172,2.149843,1.044209,0.524428,3.085651,4.518730,2.309004,1.228322,0.574685,2.778553,3.978065,2.046200,1.174534,0.449042,2.910466,4.108387,2.498032,1.216408,0.561055,2.275064,4.033282,2.162707,0.943619,0.532739,2.312915,3.939007,2.241649,1.180079,0.561219,2.687144,4.085946,2.112055,1.019231,0.541819,2.854848,4.086073,2.317704,1.221587,0.582133,2.854455,4.194706,1.994766,1.135022,0.451015,2.938837,3.580212,1.995115,1.134020,0.506586,3.035326,3.827250,2.361295,1.339209,0.629746,2.690220,3.592147,1.921714,1.047606,0.516352,3.235560,4.522113,2.356511,1.284685,0.564537,3.432978,4.591981,2.339041,1.182667,0.656898,3.258650,3.750654,2.520590,1.171226,0.559712,2.953529,3.524590,1.981763,1.165153,0.499740,2.899956,3.848782,1.879401,1.123356,0.478546,neutral,neutral_baseline,good
1783252801.804688,103,0,-3.2990,-1.7090,5.0251,8.3344,8.2327,11.3347,7.6805,0.2116,-2.1401,0.7083,0.0433,-2.8866,-2.6856,3.3388,5.2872,2.0878,4.1006,0.0844,-3.0894,-6.8105,-11.0372,-9.0118,-2.8670,-4.7690,-1.0339,-1.4653,0.0325,6.5273,4.9029,6.0027,4.2378,5.0965,95,4,98,,,,0,103,0,0.999598,0.019040,0.028362,0.018991,-0.030039,-0.010263,0.990406,31.19455,-4.37605,-40.88681,4,4,4,4,4,4,4,4,4,4,4,4,4,4,4,4,4,4,4,4,4,4,4,4,4,4,4,4,4,4,4,4,96,0.995,95,4,4,4,4,4,4,4,4,4,4,4,4,4,4,4,4,4,4,4,4,4,4,4,4,4,4,4,4,4,4,4,4,1,44.205,0.442047,0.000,1.000,1,22.665,0.226653,0.000,1.000,1,23.887,0.238867,0.000,1.000,1,51.027,0.510273,0.000,1.000,1,43.393,0.433929,0.000,1.000,1,35.903,0.359030,0.000,1.000,3.248711,3.852415,2.452446,1.290892,0.566493,2.947816,3.981526,2.325446,1.217421,0.587970,2.715300,3.524426,1.982861,1.040652,0.534399,2.923755,3.317363,2.056792,1.111391,0.445488,3.284811,4.372161,2.425241,1.258671,0.523822,2.897972,4.082559,2.071166,1.133201,0.522205,3.436224,4.677054,2.201404,1.245231,0.597090,3.127703,4.402705,1.899874,1.268277,0.642123,3.236269,4.346888,2.216526,1.352987,0.602064,3.009010,4.358388,2.167569,1.421866,0.623251,2.630106,3.642198,2.008706,1.109320,0.464865,3.147783,4.043182,2.187268,1.158634,0.539148,2.688306,4.268564,2.025975,1.030102,0.494516,3.301629,4.441399,2.300096,1.241615,0.614799,2.999380,4.125109,2.284774,1.230151,0.538259,2.872994,3.438796,1.992772,1.070877,0.543456,3.369203,4.110080,2.217088,1.194074,0.605635,2.619515,3.428928,1.859282,1.101837,0.467997,3.267519,4.045966,2.477900,1.317908,0.639951,2.643589,4.185385,2.274418,1.218211,0.550445,2.533463,4.308102,2.097030,1.187438,0.548031,2.738950,3.515789,1.972400,1.255614,0.526486,3.362432,3.996117,2.383561,1.255242,0.565368,2.847665,4.128988,2.110664,1.084251,0.480245,3.041230,3.608344,2.280296,1.312898,0.490803,3.130237,4.546783,2.146508,1.209939,0.643869,2.766393,3.566572,1.896634,1.208532,0.501927,3.243456,3.900096,2.572766,1.307845,0.584777,3.129539,4.433613,2.695367,1.292313,0.608851,2.944808,4.253215,2.149602,1.260544,0.550462,2.580148,4.065723,2.117071,1.119887,0.488331,2.995039,3.598217,2.184985,1.084571,0.490051,neutral,neutral_baseline,good
1783252801.812500,104,0,3.1909,8.9897,8.3946,2.4138,6.9125,2.1831,1.4593,-5.2359,-6.0367,-0.5833,-3.9509,5.3245,-2.5505,3.8573,-0.1513,1.6248,1.0954,0.0554,0.2562,-10.4286,-5.5037,-6.2115,-5.5202,-3.1465,1.9236,2.2599,1.7989,9.5160,10.8594,7.4075,4.6366,0.6164,95,4,98,,,,0,104,0,0.999595,0.019073,0.028446,0.018939,-0.025234,0.006369,0.988640,31.19419,-4.37666,-40.88638,4,4,4,4,4,4,4,4,4,4,4,4,4,4,4,4,4,4,4,4,4,4,4,4,4,4,4,4,4,4,4,4,96,0.995,95,4,4,4,4,4,4,4,4,4,4,4,4,4,4,4,4,4,4,4,4,4,4,4,4,4,4,4,4,4,4,4,4,1,43.753,0.437532,0.000,1.000,1,21.731,0.217307,0.000,1.000,1,22.227,0.222274,0.000,1.000,1,47.525,0.475248,0.000,1.000,1,38.678,0.386778,0.000,1.000,1,39.883,0.398831,0.000,1.000,2.944581,4.117669,2.271504,1.168586,0.606527,3.056158,4.579039,1.898376,1.275953,0.603180,2.931410,3.832587,2.067701,1.158528,0.501202,2.533328,3.681887,2.341911,1.000392,0.468686,2.837693,4.076684,2.408452,1.227679,0.559729,2.906473,3.599691,1.920603,1.108524,0.512599,3.220320,4.219769,2.036307,1.208627,0.550761,3.550500,4.477096,2.329610,1.368215,0.614029,3.402552,4.120016,2.417171,1.444100,0.579390,3.104923,4.213227,2.215127,1.107824,0.532064,2.775227,3.378420,2.153409,1.226070,0.491632,2.984497,4.331964,2.289534,1.234938,0.509348,2.715552,3.374127,2.092636,1.183716,0.487567,3.174838,4.407927,2.561369,1.265870,0.607268,3.476496,4.216985,2.352279,1.126488,0.570234,2.617412,3.442372,2.086855,1.153816,0.519825,3.570898,4.261859,2.328303,1.350733,0.631166,2.914951,3.630266,1.933429,1.061892,0.483474,3.524492,4.003531,2.294101,1.213472,0.598330,2.972211,3.872555,2.139721,1.113253,0.549404,3.197913,4.123053,2.209323,1.076120,0.572726,3.135460,4.097197,2.145140,1.195139,0.539521,3.052179,4.014836,2.181150,1.141500,0.566642,3.026810,3.771586,2.046715,1.085424,0.508353,2.521164,3.448427,2.034925,1.289610,0.534448,2.859204,4.411531,2.529724,1.198690,0.627018,2.745905,3.665630,2.019084,1.110918,0.572691,3.004293,4.103095,2.137504,1.301610,0.495491,3.312084,4.523252,2.462377,1.254624,0.584325,2.952556,4.140860,2.099921,1.359680,0.557837,2.903887,3.594812,2.220550,1.111870,0.501462,2.851011,3.817288,2.076818,1.120047,0.506493,neutral,neutral_baseline,good
1783252801.820312,105,0,7.1488,5.8837,5.3205,2.9164,5.8186,0.4547,-2.5350,-2.0396,-3.5403,-5.6357,-1.5176,-1.3918,0.7947,2.3417,2.2233,2.5720,-0.4583,0.0737,-1.0460,-3.7530,-2.3846,-0.4668,-4.6061,3.8491,6.0408,11.9519,11.6873,13.1093,10.3379,6.9222,0.2596,-7.1836,95,4,98,,,,0,105,0,0.999593,0.019106,0.028529,0.018885,-0.017046,-0.011249,0.996446,31.19381,-4.37728,-40.88596,4,4,4,4,4,4,4,4,4,4,4,4,4,4,4,4,4,4,4,4,4,4,4,4,4,4,4,4,4,4,4,4,96,0.995,95,4,4,4,4,4,4,4,4,4,4,4,4,4,4,4,4,4,4,4,4,4,4,4,4,4,4,4,4,4,4,4,4,1,44.342,0.443422,0.000,1.000,1,24.037,0.240372,0.000,1.000,1,25.182,0.251821,0.000,1.000,1,47.811,0.478106,0.000,1.000,1,39.364,0.393637,0.000,1.000,1,41.523,0.415232,0.000,1.000,3.371735,3.833390,2.629870,1.284267,0.559411,3.237099,4.497509,2.380397,1.246115,0.529926,2.967534,3.555982,2.088858,1.076959,0.501316,2.754775,4.137257,2.304884,1.072426,0.500029,3.143624,4.184387,2.290317,1.296375,0.621175,2.767563,3.939323,2.062152,1.091613,0.584366,3.269429,3.944132,2.338728,1.303194,0.604174,3.369682,4.280243,2.069821,1.377098,0.615515,3.314935,4.249807,2.238891,1.407257,0.581251,3.124356,4.020047,2.006207,1.118719,0.518771,3.155227,3.749998,1.969913,1.293576,0.505001,2.871732,4.065785,2.491404,1.195109,0.555380,2.619093,3.725767,1.882014,1.102739,0.538844,3.448735,4.325499,2.384895,1.329410,0.595528,3.172588,4.537156,2.328327,1.272527,0.571298,2.591801,3.361301,2.113697,1.126133,0.483643,3.056288,4.210131,2.163762,1.262559,0.658001,2.785680,3.631329,2.000482,1.132461,0.484014,3.165992,4.307011,2.231200,1.247980,0.558617,3.072062,4.009361,2.094685,1.107731,0.572656,3.213228,3.813040,2.345902,1.041273,0.523983,3.021131,4.314042,2.206614,1.238252,0.528793,2.551196,4.142210,2.120677,1.479158,0.552866,2.922923,3.839936,1.964266,1.070432,0.514512,2.750165,3.960516,1.867037,1.144812,0.549593,3.408795,4.507797,2.263525,1.251026,0.610978,2.534749,3.822816,2.114951,1.248709,0.455157,3.160686,4.298188,2.275425,1.293887,0.567210,3.048934,4.361922,2.478157,1.279118,0.587778,2.761805,4.354056,2.401972,1.220866,0.496433,2.841408,4.085427,2.055932,1.246218,0.516873,2.766142,3.759799,1.894789,1.159595,0.535344,neutral,neutral_baseline,good
1783252801.828125,106,0,6.7839,9.1457,2.4423,6.0451,0.5728,-4.6107,-4.4642,-7.1440,-3.6606,-3.3684,0.4167,1.0495,2.6917,7.4401,1.3594,2.3311,-2.7562,-0.8429,-1.2277,-10.4264,-1.6694,-2.6291,7.5339,5.2374,9.8668,4.7009,6.3932,2.7147,1.7680,-4.5944,-3.3151,-10.2567,95,4,98,,,,0,106,0,0.999591,0.019138,0.028612,0.018831,-0.014149,0.004940,0.990693,31.19341,-4.37789,-40.88553,4,4,4,4,4,4,4,4,4,4,4,4,4,4,4,4,4,4,4,4,4,4,4,4,4,4,4,4,4,4,4,4,96,0.995,95,4,4,4,4,4,4,4,4,4,4,4,4,4,4,4,4,4,4,4,4,4,4,4,4,4,4,4,4,4,4,4,4,1,44.379,0.443789,0.000,1.000,1,21.121,0.211206,0.000,1.000,1,26.268,0.262679,0.000,1.000,1,47.110,0.471097,0.000,1.000,1,41.990,0.419900,0.000,1.000,1,36.633,0.366333,0.000,1.000,2.827957,3.978867,2.124346,1.397451,0.569198,3.149441,4.026632,2.459946,1.292189,0.517893,2.813060,3.890895,2.020697,1.085502,0.557913,2.842245,3.817044,1.972066,1.181273,0.509226,3.017661,4.712309,2.414120,1.166892,0.641638,2.651252,3.951356,2.378117,1.174566,0.547428,2.973474,4.312318,2.279949,1.335781,0.564172,3.685146,4.465742,2.316713,1.283826,0.639862,3.258280,4.263394,2.453521,1.367414,0.597196,3.218415,4.643052,2.268631,1.206003,0.563128,2.769132,3.546467,1.922442,1.002327,0.495303,2.777113,3.893486,2.187409,1.219627,0.512936,2.872089,3.652173,1.837931,1.150270,0.521531,3.300222,4.363234,2.224686,1.425978,0.524096,3.077344,4.608238,1.936473,1.224029,0.591730,2.865731,3.660210,2.006293,1.050101,0.499755,3.143500,3.639049,2.641426,1.264370,0.615203,3.060598,4.020340,1.942962,1.102509,0.535971,3.082579,4.274704,2.208972,1.245854,0.642560,2.844573,3.577874,2.303698,1.045343,0.561671,2.829082,3.874002,2.306017,1.182457,0.597891,2.716558,4.187848,2.157740,1.183071,0.467867,2.906832,4.222694,2.360146,1.267030,0.531110,2.436554,3.533032,1.982005,1.111247,0.522945,2.660499,3.724389,2.031923,1.091148,0.494308,3.230134,4.305940,2.296111,1.382460,0.574964,2.856192,3.866409,1.936649,1.004050,0.505576,3.038673,4.520775,2.373156,1.267755,0.557338,3.483352,4.068646,2.331735,1.382700,0.635331,2.725817,3.760778,2.250611,1.298538,0.577256,2.509950,3.843200,2.099360,1.151617,0.484264,2.965976,3.959973,2.045350,1.178848,0.500272,neutral,neutral_baseline,good
1783252801.835938,107,0,8.1907,4.5651,-1.6227,-3.6723,-7.5806,-4.5688,-9.3888,-4.3256,-0.7882,-1.0182,4.3773,-0.4864,3.6255,4.1243,0.6758,3.7457,-2.3750,-1.6032,-1.8723,-1.1698,1.0192,3.3849,8.2226,2.4749,10.1491,7.8825,0.3020,0.2958,-3.8881,-10.2459,-9.7547,-10.6734,95,4,98,,,,0,107,0,0.999588,0.019169,0.028694,0.018775,-0.007395,-0.010015,0.992623,31.19301,-4.37851,-40.88510,4,4,4,4,4,4,4,4,4,4,4,4,4,4,4,4,4,4,4,4,4,4,4,4,4,4,4,4,4,4,4,4,96,0.995,95,4,4,4,4,4,4,4,4,4,4,4,4,4,4,4,4,4,4,4,4,4,4,4,4,4,4,4,4,4,4,4,4,1,46.391,0.463908,0.000,1.000,1,19.990,0.199899,0.000,1.000,1,27.687,0.276871,0.000,1.000,1,46.168,0.461677,0.000,1.000,1,43.879,0.438785,0.000,1.000,1,45.939,0.459395,0.000,1.000,2.949347,3.788299,2.302776,1.246930,0.528755,3.363625,3.702498,2.206893,1.300576,0.564598,3.060447,4.230748,2.126079,1.213185,0.514901,3.053399,3.775929,2.118726,1.156341,0.523314,3.047178,4.002626,2.490258,1.251978,0.533530,2.825678,3.654848,2.130757,1.114317,0.497612,3.130694,4.477785,2.233982,1.334760,0.624290,3.465523,3.741225,2.502264,1.315551,0.590586,3.010838,4.516017,2.614597,1.392550,0.628058,3.391294,4.030076,2.575785,1.213361,0.599827,2.896074,3.598951,1.856715,1.182464,0.515658,3.027484,4.012536,2.129996,1.104680,0.571539,2.622151,3.630912,2.142581,1.115865,0.513758,3.165123,4.716785,2.433534,1.289663,0.589714,3.099891,4.791675,2.262891,1.287905,0.553876,2.822443,3.618865,2.090726,1.080514,0.498744,3.248996,3.992334,2.416135,1.420611,0.610210,2.529584,3.699088,2.193055,1.129919,0.502647,3.100972,4.012917,2.209654,1.111304,0.563447,3.280503,4.187990,2.187884,1.161934,0.568618,2.776559,3.480242,2.018014,1.203710,0.554710,2.768155,4.113646,1.889800,1.172557,0.468847,3.181492,3.634288,2.201423,1.233945,0.567675,3.089551,3.861241,2.000331,1.153501,0.451343,2.775619,3.598637,1.958210,1.217757,0.478795,3.264082,3.901230,2.552886,1.259154,0.592388,2.967132,3.346940,2.255019,1.139338,0.491021,3.349336,4.592312,2.283309,1.277729,0.582651,3.517054,4.154627,2.061803,1.378207,0.549782,3.139167,3.693113,2.403425,1.204196,0.535706,2.894630,3.668557,2.106636,1.186124,0.525729,2.797220,3.792153,2.076906,1.143891,0.499502,neutral,neutral_baseline,good
1783252801.843750,108,0,-0.8865,-1.8105,-4.6648,-4.9117,-9.1920,-7.0335,-2.8900,-0.5191,5.4814,5.9239,8.7373,10.1988,2.0006,2.4076,0.6386,2.2236,-3.2354,-3.6409,-5.4041,-4.8595,1.7153,4.6183,8.5300,8.2801,6.5562,-0.0180,3.2923,-9.2626,-12.7379,-10.9452,-8.3712,-6.6152,95,4,98,,,,0,108,0,0.999586,0.019200,0.028775,0.018718,-0.001266,-0.006672,0.999541,31.19260,-4.37913,-40.88468,4,4,4,4,4,4,4,4,4,4,4,4,4,4,4,4,4,4,4,4,4,4,4,4,4,4,4,4,4,4,4,4,96,0.995,95,4,4,4,4,4,4,4,4,4,4,4,4,4,4,4,4,4,4,4,4,4,4,4,4,4,4,4,4,4,4,4,4,1,43.970,0.439697,0.000,1.000,1,19.057,0.190570,0.000,1.000,1,24.741,0.247408,0.000,1.000,1,50.737,0.507370,0.000,1.000,1,42.898,0.428982,0.000,1.000,1,43.340,0.433405,0.000,1.000,3.044528,3.675480,2.360732,1.234728,0.548349,3.256816,4.360666,2.324959,1.254986,0.541907,2.844877,3.314519,2.078718,1.213120,0.521538,2.529683,3.895189,2.319878,1.201364,0.520653,3.337458,4.532070,2.156795,1.223202,0.596092,2.885368,4.013323,2.332964,1.293192,0.526547,2.923309,4.137400,2.395784,1.307516,0.558290,3.243359,4.620342,2.347709,1.272129,0.640926,2.906364,4.093972,2.566386,1.165523,0.616254,3.268652,4.335162,2.388037,1.296282,0.606327,2.890325,3.596269,2.039549,1.136058,0.526323,2.913352,3.360997,2.137844,1.228332,0.529466,2.852779,3.673300,2.043041,0.901866,0.521721,3.001025,4.504442,2.248896,1.293487,0.575110,3.377453,3.922967,2.315683,1.211308,0.525135,3.001404,3.963474,2.110489,1.043553,0.476945,3.006765,4.411989,2.532950,1.396820,0.533977,2.368969,3.647352,2.119294,1.090298,0.557176,3.295897,4.694835,2.442365,1.256715,0.609323,2.960566,3.697810,2.350743,1.214765,0.496963,3.082390,3.540416,1.961040,1.159718,0.518789,2.677800,3.757763,1.918201,1.134295,0.517000,3.165386,4.019106,2.348747,1.279781,0.504796,3.062509,3.557631,2.058845,1.256543,0.541944,2.897350,3.810035,1.829142,1.193988,0.551832,3.478375,4.233015,2.101490,1.334492,0.548768,3.023368,4.114906,1.994098,1.213095,0.475306,2.950739,3.903256,2.436087,1.249784,0.626741,3.207683,4.192584,2.230752,1.281054,0.607861,3.271402,3.636936,2.174586,1.157971,0.492330,2.691575,3.841245,1.898722,0.951877,0.516889,2.884281,3.824083,1.964084,1.009623,0.574199,neutral,neutral_baseline,good
1783252801.851562,109,0,0.7680,-4.2800,0.0351,-2.3289,0.4994,2.5115,4.4413,4.8768,9.3675,10.5945,10.6998,5.1368,1.7892,0.8902,-4.1964,-6.6778,-3.9363,-8.5276,0.5822,-2.0309,2.9957,2.3916,6.2403,5.0769,0.2166,-2.5929,-2.4952,-4.0606,-8.5988,-12.6689,-7.2297,-8.0574,95,4,98,,,,0,109,0,0.999584,0.019230,0.028857,0.018660,-0.016286,-0.014414,1.000232,31.19217,-4.37976,-40.88425,4,4,4,4,4,4,4,4,4,4,4,4,4,4,4,4,4,4,4,4,4,4,4,4,4,4,4,4,4,4,4,4,96,0.995,95,4,4,4,4,4,4,4,4,4,4,4,4,4,4,4,4,4,4,4,4,4,4,4,4,4,4,4,4,4,4,4,4,1,43.625,0.436250,0.000,1.000,1,20.918,0.209182,0.000,1.000,1,23.501,0.235012,0.000,1.000,1,46.996,0.469963,0.000,1.000,1,45.699,0.456994,0.000,1.000,1,39.072,0.390718,0.000,1.000,3.070025,4.206932,2.295611,1.217205,0.528413,3.293758,4.530531,2.175414,1.173375,0.532454,2.838884,3.850894,2.303815,1.008660,0.515628,2.533694,3.772953,2.119616,1.040599,0.515703,3.026358,4.471285,2.020292,1.377849,0.634853,2.856008,3.826988,2.135222,1.174003,0.603096,3.373856,4.198782,2.060117,1.086212,0.645855,2.939515,4.310217,2.439355,1.296280,0.583728,3.023438,4.368928,2.634833,1.052942,0.593492,3.335659,4.330699,2.225507,1.209245,0.607044,2.808347,4.416206,2.058955,1.051725,0.477512,2.420660,3.523907,2.102118,1.277021,0.522215,2.895131,3.982584,1.922428,1.111899,0.490919,3.454160,4.069108,2.446123,1.404005,0.617144,2.915057,4.013241,2.217386,1.260949,0.522458,2.512848,3.521216,2.171696,1.083607,0.512531,3.139685,4.399329,2.397339,1.210036,0.597125,2.992022,3.536977,2.018210,1.165653,0.479372,3.341963,3.994465,2.113380,1.205758,0.591671,3.350459,4.221651,2.495931,1.258739,0.551904,2.747232,4.388782,2.027238,1.352625,0.559424,2.830674,4.017076,2.174774,1.191847,0.521704,3.085050,4.631666,2.330038,1.122154,0.570899,2.915723,3.791244,1.992481,1.250828,0.538671,2.522854,3.887971,1.929216,1.087780,0.522587,3.111571,4.546737,2.429812,1.363111,0.556648,3.089061,3.565783,2.046896,1.068777,0.562705,3.574919,4.194175,2.315539,1.321502,0.551271,3.082441,4.319599,2.378982,1.262518,0.585007,3.088033,3.812962,2.231806,1.376627,0.563791,2.807626,3.620194,2.174341,1.170864,0.510232,2.626682,3.786860,1.997842,1.122541,0.532628,neutral,neutral_baseline,good
1783252801.859375,110,0,2.3253,-4.4317,-0.4189,-2.2694,-2.2061,0.2912,2.0371,5.7934,-1.4937,5.8200,1.3725,3.4118,-1.1636,-7.6638,-9.2941,-8.0456,-5.9330,-8.5897,-2.4972,4.1649,6.1028,4.7154,4.2175,-0.7024,2.7810,-0.9214,-10.4521,-10.7689,-5.6690,-9.6054,-4.7312,-0.6561,95,4,98,,,,0,110,0,0.999581,0.019260,0.028937,0.018600,-0.026748,0.002451,1.004642,31.19173,-4.38038,-40.88383,4,4,4,4,4,4,4,4,4,4,4,4,4,4,4,4,4,4,4,4,4,4,4,4,4,4,4,4,4,4,4,4,96,0.995,95,4,4,4,4,4,4,4,4,4,4,4,4,4,4,4,4,4,4,4,4,4,4,4,4,4,4,4,4,4,4,4,4,1,44.793,0.447928,0.000,1.000,1,24.292,0.242925,0.000,1.000,1,22.327,0.223266,0.000,1.000,1,49.293,0.492925,0.000,1.000,1,42.774,0.427741,0.000,1.000,1,36.153,0.361525,0.000,1.000,3.229219,4.183253,2.046839,1.219847,0.586844,2.730819,4.103021,2.267838,1.235832,0.590041,2.838556,3.556512,2.057076,1.146797,0.491798,2.831805,3.557246,2.145966,1.084626,0.467505,3.090613,4.657222,2.482641,1.192269,0.578126,2.843573,3.406405,1.989386,1.102647,0.513787,2.966724,4.341681,2.440177,1.311280,0.634418,3.361866,4.603386,2.527898,1.257274,0.647244,3.253759,4.032534,2.376836,1.418876,0.583326,2.837547,4.132603,2.283857,1.350884,0.568248,2.647299,3.728351,2.065894,1.190623,0.554005,2.837690,4.000731,2.210839,1.158568,0.553124,2.834254,3.890863,2.008399,1.102121,0.522572,3.092537,4.423222,2.393498,1.434153,0.593457,3.075983,4.015551,2.556213,1.152967,0.607211,2.685979,3.553832,1.988319,1.187920,0.488869,2.996568,4.422288,2.547739,1.264185,0.617564,3.223564,3.689777,2.129902,1.185848,0.471257,3.210959,4.359222,2.376207,1.282670,0.632422,3.064097,3.684507,2.162570,1.120497,0.506808,2.755340,3.944147,2.333005,1.115003,0.563048,2.824002,4.206995,2.097108,1.030393,0.517172,2.835055,4.205681,2.420624,1.221615,0.525497,2.892956,3.479037,2.104345,1.225280,0.481250,2.935250,3.534683,2.034917,1.173841,0.537342,2.926214,4.141067,2.421400,1.278232,0.621997,2.810295,3.742121,1.968766,1.244307,0.528609,2.972520,3.920189,2.286953,1.244009,0.549725,3.175152,4.288094,2.239292,1.374049,0.625046,3.452274,4.123336,2.207541,1.370816,0.513902,3.024688,4.317902,1.986579,1.219045,0.589895,2.913336,3.454378,2.216572,1.169002,0.553127,neutral,neutral_baseline,good
1783252801.867188,111,0,1.9202,-4.9696,0.3192,0.1469,2.5599,5.7832,5.5007,-2.0065,5.5474,2.4827,-4.5255,-7.0617,-5.9020,-9.5765,-12.1966,-9.6020,-2.9644,3.7744,5.9748,5.5471,11.7174,8.6686,9.5171,6.6017,-1.5204,-5.8587,-7.7206,-10.5601,-4.3907,-5.5907,2.3500,3.6848,95,4,98,,,,0,111,0,0.999579,0.019289,0.029018,0.018540,-0.012180,-0.008473,0.993797,31.19128,-4.38101,-40.88340,4,4,4,4,4,4,4,4,4,4,4,4,4,4,4,4,4,4,4,4,4,4,4,4,4,4,4,4,4,4,4,4,96,0.995,95,4,4,4,4,4,4,4,4,4,4,4,4,4,4,4,4,4,4,4,4,4,4,4,4,4,4,4,4,4,4,4,4,1,44.897,0.448973,0.000,1.000,1,22.193,0.221926,0.000,1.000,1,26.588,0.265880,0.000,1.000,1,47.379,0.473785,0.000,1.000,1,40.282,0.402824,0.000,1.000,1,40.796,0.407957,0.000,1.000,3.270353,4.316054,2.279707,1.201380,0.532883,3.048599,3.988783,2.325563,1.223224,0.563418,2.875157,4.034852,2.002319,1.154466,0.507459,2.867319,3.494433,2.011099,1.161544,0.538529,3.161919,4.070760,2.435072,1.288961,0.639348,2.760662,3.989011,1.984808,1.135831,0.498789,3.267939,3.836246,2.552071,1.304150,0.553520,3.115615,3.957228,2.462896,1.281237,0.573677,3.156600,4.083191,2.475300,1.061658,0.557885,2.756555,4.401116,2.363280,1.353702,0.587336,2.685243,3.769058,2.029028,1.044426,0.505229,3.272440,4.118052,2.121927,1.311242,0.535713,2.638803,3.530879,1.994195,1.029249,0.498990,2.988892,4.130376,2.256327,1.320805,0.609634,2.753358,4.337374,2.119693,1.313479,0.568014,2.613784,3.707490,2.320814,1.181529,0.508370,3.378978,4.547273,2.306302,1.116048,0.544066,2.785833,4.146912,1.761278,0.966472,0.517907,2.985978,4.414370,2.492137,1.193055,0.602917,2.889471,3.620926,2.359660,1.108129,0.569330,3.347143,3.953794,1.894828,1.162005,0.584621,3.163057,3.951519,2.089622,1.140651,0.516080,2.849090,3.848248,2.226109,1.216197,0.542716,2.970917,4.197910,1.930334,1.138169,0.553889,2.625050,3.355089,2.118471,1.082462,0.493380,3.377346,4.353332,2.439263,1.390764,0.622451,2.586167,3.681354,2.053596,1.153160,0.477351,2.984444,3.951372,2.264271,1.352020,0.570175,3.128602,4.211121,2.544108,1.325936,0.574089,3.245787,3.974780,2.199024,1.328965,0.559348,2.792726,3.618544,2.078682,1.169661,0.558953,2.592927,3.944592,2.362836,1.130671,0.515617,neutral,neutral_baseline,good
1783252801.875000,112,0,0.5228,1.3623,-2.2608,4.2341,0.9728,3.3637,2.0114,3.0254,2.8518,-1.9501,-4.6708,-9.1202,-9.3031,-7.9464,-6.7690,0.8588,5.6035,3.2372,5.5219,8.4968,12.0064,6.0916,-2.4573,-0.7219,-4.2875,-3.4993,-8.4819,-6.8748,-7.1190,-2.1964,-0.3491,6.3242,95,4,98,,,,0,112,0,0.999577,0.019317,0.029097,0.018478,-0.010759,-0.013947,0.993342,31.19082,-4.38164,-40.88298,4,4,4,4,4,4,4,4,4,4,4,4,4,4,4,4,4,4,4,4,4,4,4,4,4,4,4,4,4,4,4,4,96,0.995,95,4,4,4,4,4,4,4,4,4,4,4,4,4,4,4,4,4,4,4,4,4,4,4,4,4,4,4,4,4,4,4,4,1,45.876,0.458760,0.000,1.000,1,23.766,0.237662,0.000,1.000,1,24.833,0.248329,0.000,1.000,1,51.444,0.514435,0.000,1.000,1,44.051,0.440514,0.000,1.000,1,36.816,0.368164,0.000,1.000,3.005495,3.869905,2.243344,1.222691,0.646570,3.548124,4.400422,2.265146,1.250341,0.597053,2.711172,4.044671,2.051907,1.221840,0.522968,2.723598,3.635042,1.816537,1.120881,0.585810,3.367165,4.281327,2.514568,1.265458,0.587752,2.796135,3.913683,2.328197,1.171326,0.518605,2.854106,4.264143,2.368477,1.246858,0.565092,2.962115,3.944139,2.194118,1.413510,0.641921,3.513785,4.357085,2.109867,1.294558,0.618905,2.930635,4.393420,2.413172,1.202509,0.674762,2.967641,3.322453,2.328402,1.026272,0.474229,3.090945,3.648200,2.109745,1.105129,0.470975,2.793592,3.772625,2.237494,0.948615,0.470879,2.854167,4.020828,2.334652,1.352524,0.522989,3.183934,4.164513,2.235431,1.291923,0.631096,3.014399,3.873956,2.056178,0.997989,0.556174,3.018663,4.345923,2.327137,1.316291,0.607534,2.798553,3.426374,2.199186,1.042820,0.497724,3.352619,4.197598,2.287930,1.400304,0.627871,2.857163,3.857716,2.024116,1.079691,0.563625,3.089937,4.036544,2.326036,1.058810,0.520562,3.096810,3.626118,2.333126,1.132667,0.502334,3.073900,4.067946,2.643805,1.237431,0.609178,2.804467,3.699026,2.023256,1.164389,0.534753,3.129127,3.560330,2.045250,1.157044,0.537678,3.003796,4.888976,2.476189,1.243890,0.590148,2.770137,3.642247,1.970364,1.109713,0.513401,3.125217,3.739449,2.241498,1.253458,0.632832,3.014735,4.093585,2.338436,1.371363,0.531380,3.103565,4.072216,2.183656,1.258421,0.506152,2.805194,3.904942,2.002073,1.064935,0.517133,3.051878,3.899291,1.899777,1.041620,0.538735,neutral,neutral_baseline,good
1783252801.882812,113,0,-7.0912,-2.7444,-1.8449,0.6610,5.7199,-1.3377,1.8724,-1.8101,1.5485,-7.3952,-9.7531,-5.6804,-5.1378,-5.2071,-0.2302,0.5972,5.2623,9.9056,13.7969,15.0691,8.5184,1.2708,-0.2046,-2.9448,-13.8710,-13.2157,-8.3290,-11.0681,-0.3627,-0.6928,6.2030,7.5393,95,4,98,,,,0,113,0,0.999574,0.019345,0.029177,0.018414,-0.028845,-0.013611,0.996264,31.19034,-4.38227,-40.88256,4,4,4,4,4,4,4,4,4,4,4,4,4,4,4,4,4,4,4,4,4,4,4,4,4,4,4,4,4,4,4,4,96,0.995,95,4,4,4,4,4,4,4,4,4,4,4,4,4,4,4,4,4,4,4,4,4,4,4,4,4,4,4,4,4,4,4,4,1,45.633,0.456326,0.000,1.000,1,18.288,0.182877,0.000,1.000,1,20.549,0.205486,0.000,1.000,1,50.451,0.504515,0.000,1.000,1,40.752,0.407517,0.000,1.000,1,43.486,0.434858,0.000,1.000,3.160394,4.282243,2.223363,1.363561,0.615868,3.386455,3.690941,2.172941,1.268557,0.597681,3.068273,3.773995,2.034991,1.238589,0.494387,2.772631,3.556240,2.291386,1.073400,0.506642,3.251309,4.516325,2.551995,1.245180,0.589952,2.759408,3.781299,2.064356,1.182241,0.572280,3.283424,4.546755,2.495051,1.115369,0.606536,3.168036,4.023978,2.367889,1.270297,0.631299,3.368381,3.876845,2.129187,1.324495,0.594615,3.422108,4.256893,2.254937,1.266947,0.565711,2.693821,3.306258,1.815785,1.071080,0.491390,3.119351,3.772637,2.017944,1.297192,0.519346,2.715850,3.585193,1.889679,1.021323,0.490800,2.961269,4.211341,2.539180,1.273361,0.620350,3.176070,4.004360,2.093477,1.252172,0.518052,2.892308,3.564310,2.114991,1.018134,0.509706,3.269453,4.011571,2.214330,1.261948,0.574680,2.851408,3.866304,2.125599,1.061868,0.492464,3.117372,4.603233,2.428432,1.273965,0.652965,3.179943,3.667157,2.141900,1.154703,0.561237,3.106698,4.016815,2.181975,1.070874,0.596740,2.910274,3.669078,1.982770,1.174857,0.502070,2.770949,4.968945,1.924043,1.247168,0.571198,2.772204,3.826079,1.944081,1.179438,0.532028,2.724207,3.539974,2.422965,1.047779,0.492758,3.392819,4.391750,2.496450,1.346859,0.584717,2.803668,3.658373,2.046011,1.220878,0.510702,3.214935,4.413440,2.361186,1.208612,0.625699,3.146449,4.133634,2.304575,1.350281,0.575242,3.143990,4.258894,2.070385,1.153515,0.606384,2.546531,3.713006,2.082641,1.162475,0.540666,2.789080,3.530789,2.227024,1.192966,0.493915,neutral,neutral_baseline,good
1783252801.890625,114,0,-5.1211,-1.4371,-3.8372,2.4553,1.5888,5.5189,-3.0658,-1.5213,-4.7429,-11.9519,-6.3907,-5.9369,-3.9356,-0.5195,7.5705,5.2010,9.1700,7.9409,9.2203,6.4423,2.2281,-2.8584,-8.2655,-12.2540,-12.1571,-12.3221,-8.9332,-4.7155,3.0459,6.2583,7.9729,10.0817,95,4,98,,,,0,114,0,0.999572,0.019373,0.029255,0.018350,-0.012805,0.004376,0.985070,31.18986,-4.38290,-40.88214,4,4,4,4,4,4,4,4,4,4,4,4,4,4,4,4,4,4,4,4,4,4,4,4,4,4,4,4,4,4,4,4,96,0.995,95,4,4,4,4,4,4,4,4,4,4,4,4,4,4,4,4,4,4,4,4,4,4,4,4,4,4,4,4,4,4,4,4,1,47.535,0.475354,0.000,1.000,1,26.688,0.266876,0.000,1.000,1,29.804,0.298037,0.000,1.000,1,48.475,0.484747,0.000,1.000,1,44.337,0.443372,0.000,1.000,1,36.056,0.360564,0.000,1.000,3.104797,3.962537,2.192123,1.234875,0.590863,3.255462,4.006555,2.444378,1.266015,0.566075,2.992533,3.930553,2.338245,1.206305,0.571248,2.710927,3.554361,2.018781,1.108011,0.527407,2.902621,4.711869,2.082744,1.137721,0.561074,2.912716,3.391657,2.263365,1.208490,0.501877,3.435949,4.157493,2.391000,1.357159,0.602387,3.278950,4.339793,2.168021,1.249254,0.608831,3.326097,4.493208,2.357640,1.275083,0.641827,3.438689,4.538614,2.254450,1.393642,0.526136,2.592404,3.660496,1.927618,1.026253,0.536845,3.415439,3.806242,2.220463,1.229630,0.523680,3.060901,3.621754,2.039596,1.181211,0.542365,3.128040,4.242486,2.415705,1.351185,0.568351,3.256025,4.265214,2.225215,1.199077,0.543947,2.618013,3.586350,2.153490,1.055819,0.512167,3.216729,3.707977,2.347577,1.219154,0.621373,2.628460,3.509673,1.939337,1.138399,0.536723,3.535352,4.431837,2.162526,1.235569,0.568304,2.734784,4.028469,2.033697,1.205647,0.517822,3.094318,4.008751,2.356673,1.206637,0.546137,2.925253,3.825228,2.077822,1.022005,0.487443,3.079183,4.234843,2.499480,1.248819,0.546849,2.712494,4.079862,2.101317,1.236038,0.500479,3.081356,3.540373,2.240950,1.100645,0.548767,3.184174,4.108176,2.206365,1.329367,0.606551,3.063817,3.614976,2.156634,1.122525,0.524551,3.501078,3.814596,2.236970,1.120719,0.540999,3.661362,4.136378,2.506378,1.267739,0.566963,2.711805,4.442810,2.455151,1.229522,0.606888,2.792719,3.565207,1.929585,1.145623,0.508754,2.865807,3.564438,2.242069,1.128630,0.497024,neutral,neutral_baseline,good
1783252801.898438,115,0,4.4897,3.2285,4.6247,6.0708,4.6597,3.4386,1.2377,-1.5666,-3.3497,-3.5375,-2.8763,-2.5327,-1.0454,6.5038,8.6417,6.8647,8.0262,9.0357,7.9445,1.7896,-4.3980,-2.1766,-11.7150,-13.3537,-9.7236,-4.8878,-0.2096,1.5777,4.8140,9.0710,12.2638,7.7406,95,4,98,,,,0,115,0,0.999570,0.019399,0.029334,0.018284,-0.016847,0.001196,0.992902,31.18936,-4.38354,-40.88172,4,4,4,4,4,4,4,4,4,4,4,4,4,4,4,4,4,4,4,4,4,4,4,4,4,4,4,4,4,4,4,4,96,0.995,95,4,4,4,4,4,4,4,4,4,4,4,4,4,4,4,4,4,4,4,4,4,4,4,4,4,4,4,4,4,4,4,4,1,46.056,0.460558,0.000,1.000,1,18.637,0.186368,0.000,1.000,1,20.194,0.201939,0.000,1.000,1,47.060,0.470599,0.000,1.000,1,38.460,0.384604,0.000,1.000,1,39.369,0.393685,0.000,1.000,3.144744,3.504953,2.187954,1.143487,0.569113,3.012757,4.264062,2.424275,1.302363,0.636265,2.821956,3.604061,1.986373,1.251583,0.484963,2.928331,3.825048,2.241104,1.157400,0.477510,3.237355,4.354153,2.453341,1.238428,0.623768,2.966464,3.989957,2.282197,1.195230,0.542036,3.105658,4.530966,2.540454,1.279691,0.540357,3.291030,4.450878,2.493011,1.411177,0.543342,3.126999,4.453701,2.534332,1.272971,0.635387,3.182180,4.010139,2.217513,1.239410,0.570298,2.794278,3.696433,2.008266,1.051593,0.600684,2.728134,3.621240,2.076897,1.191044,0.576402,2.927177,3.860277,1.869964,0.994151,0.488520,3.122200,4.877109,2.315757,1.220449,0.602373,3.319405,4.695217,2.453971,1.296671,0.586809,2.765062,3.848277,2.083593,0.957773,0.508344,2.969410,4.179814,2.379336,1.431076,0.549107,2.803327,3.813042,2.262907,1.180712,0.513689,3.322189,3.968587,2.232928,1.332015,0.522442,3.084747,3.490920,2.102730,1.201382,0.515767,3.091141,4.009838,2.190186,1.160836,0.522252,2.666113,4.003693,1.908963,1.095586,0.556950,3.167423,3.989671,2.167338,1.189796,0.528514,3.022874,3.730873,2.002594,1.080764,0.541023,2.845243,3.758997,2.063858,1.141121,0.503980,3.126549,4.161377,2.487854,1.185246,0.572383,3.104170,3.732227,1.903932,1.099538,0.444334,2.855388,4.436751,2.271483,1.285452,0.610903,3.440890,4.513173,2.384358,1.248283,0.619865,3.132647,4.429771,1.997646,1.143316,0.570316,2.689938,3.525558,2.117269,1.002473,0.533978,2.901116,3.777720,2.285548,1.224115,0.489799,neutral,neutral_baseline,good
1783252801.906250,116,0,3.7445,2.8747,8.0895,7.2911,8.4007,0.4478,-2.5023,-2.4020,-4.1779,-5.6091,-6.9657,-5.5868,-0.0954,1.9936,6.7502,9.3508,4.9665,2.9172,1.1248,-1.0866,-6.0177,-9.3138,-10.0356,-11.4325,-3.7570,0.9964,1.4587,3.5777,10.0204,9.6422,8.4592,10.4568,95,4,98,,,,0,116,0,0.999567,0.019426,0.029411,0.018217,-0.018352,-0.006760,0.990394,31.18885,-4.38417,-40.88130,4,4,4,4,4,4,4,4,4,4,4,4,4,4,4,4,4,4,4,4,4,4,4,4,4,4,4,4,4,4,4,4,96,0.995,95,4,4,4,4,4,4,4,4,4,4,4,4,4,4,4,4,4,4,4,4,4,4,4,4,4,4,4,4,4,4,4,4,1,46.648,0.466475,0.000,1.000,1,19.777,0.197765,0.000,1.000,1,22.554,0.225537,0.000,1.000,1,47.065,0.470650,0.000,1.000,1,46.238,0.462385,0.000,1.000,1,43.207,0.432072,0.000,1.000,3.311766,4.479667,2.181926,1.299042,0.512885,2.881005,4.344057,2.273834,1.192146,0.590564,2.468057,3.414641,2.207031,1.179064,0.527898,2.750878,3.647124,2.175499,1.215099,0.516588,3.027992,4.782590,2.244852,1.304987,0.546880,2.713418,3.663965,2.196441,1.228287,0.549233,3.003527,4.565390,2.374800,1.290497,0.661138,3.531754,4.607516,2.350525,1.323433,0.542969,3.255071,4.293421,2.498860,1.378647,0.638091,3.267974,4.095301,2.308613,1.260279,0.555913,2.890035,3.578872,1.941234,1.057786,0.516702,2.640307,4.007602,2.167805,1.201248,0.569199,2.952188,3.607246,2.104612,1.147678,0.509147,3.357078,4.144475,2.141176,1.410313,0.560213,3.201539,4.128005,2.566414,1.298617,0.637375,2.828938,3.723217,2.129490,1.141250,0.509655,3.312449,3.777129,2.255142,1.249654,0.596973,2.698831,3.558340,1.854055,1.205290,0.568199,3.262513,3.636182,2.042986,1.216875,0.549952,2.846701,4.191538,2.152762,1.238874,0.515915,3.041817,4.142714,1.993079,1.145400,0.543303,2.675715,3.895416,2.135428,1.102895,0.578323,3.313083,4.061198,2.350506,1.241061,0.549854,2.893109,3.882499,2.073819,1.175479,0.486386,2.569902,3.865012,1.903493,1.125749,0.473141,3.157094,3.954496,2.042823,1.402984,0.547031,2.877076,3.917924,2.066344,1.172490,0.558042,2.680960,4.308509,2.347944,1.293149,0.576160,3.271588,4.448387,2.580512,1.320377,0.543942,3.011163,4.108959,2.091921,1.404052,0.552023,2.870173,4.282990,2.017644,1.217572,0.529187,3.023704,4.079963,2.281725,1.122345,0.504447,neutral,neutral_baseline,good
1783252801.914062,117,0,6.7636,10.5320,4.1069,8.6621,5.2040,-3.9727,-7.1735,-2.6225,-10.6723,-3.7932,1.2259,-0.3516,1.8851,10.5418,3.3010,7.0094,7.1526,1.0135,0.0076,-9.1664,-6.7003,-8.8189,-11.4055,-8.3956,0.5548,0.8043,9.6606,12.1863,9.5954,5.5313,6.1782,6.9212,95,4,98,,,,0,117,0,0.999565,0.019451,0.029489,0.018149,-0.017862,-0.007252,0.987526,31.18833,-4.38481,-40.88088,4,4,4,4,4,4,4,4,4,4,4,4,4,4,4,4,4,4,4,4,4,4,4,4,4,4,4,4,4,4,4,4,96,0.995,95,4,4,4,4,4,4,4,4,4,4,4,4,4,4,4,4,4,4,4,4,4,4,4,4,4,4,4,4,4,4,4,4,1,47.122,0.471224,0.000,1.000,1,23.355,0.233553,0.000,1.000,1,18.623,0.186228,0.000,1.000,1,46.117,0.461168,0.000,1.000,1,41.609,0.416093,0.000,1.000,1,34.813,0.348129,0.000,1.000,3.233667,3.702630,2.469449,1.241225,0.509775,3.285178,4.367834,2.395451,1.372996,0.597364,2.855658,3.928515,2.043980,1.139924,0.523607,2.640409,4.306982,1.949601,1.110444,0.457995,2.973724,4.197821,2.260653,1.392767,0.537619,3.059008,3.679922,2.096275,1.192217,0.557178,2.941040,4.128159,2.582272,1.346065,0.591147,2.986617,4.244491,2.411136,1.393655,0.574162,3.110105,4.153234,2.307190,1.091428,0.541348,3.232203,4.461573,2.227052,1.268875,0.568688,2.697377,3.668215,2.149760,0.991874,0.521346,3.213312,4.275775,2.091247,1.246413,0.462795,2.753469,3.591237,2.154100,1.126697,0.563729,3.294752,4.438121,2.453876,1.154414,0.582004,2.943243,4.380834,2.139971,1.372476,0.611104,2.904976,3.573271,1.985421,1.174774,0.496008,3.190717,4.269452,2.351913,1.332413,0.555313,2.721277,3.408519,1.946326,1.084152,0.517086,3.323838,4.423230,2.378743,1.180654,0.531961,2.935843,4.060680,2.102350,1.207009,0.505372,3.053030,4.155400,1.795175,1.211875,0.593231,2.708331,3.760675,2.083382,1.074529,0.508800,3.319259,4.445478,2.358500,1.123824,0.584233,2.668254,3.614419,2.227413,1.137402,0.484073,2.688878,3.766399,2.108346,1.095466,0.550026,3.253634,4.151221,2.558841,1.349066,0.548443,2.905251,3.470002,2.173196,1.184210,0.507743,3.242433,4.462897,2.218835,1.297849,0.592136,3.392407,4.323148,2.462654,1.269461,0.615109,3.139140,4.376256,2.331984,1.379147,0.624186,2.794958,3.516028,2.023654,1.119496,0.540999,3.098725,4.664895,2.093339,1.149656,0.500863,neutral,neutral_baseline,good
1783252801.921875,118,0,8.6231,6.0708,2.9730,1.3565,-2.4940,-9.5619,-7.9984,-12.6125,-12.6371,-6.9268,0.7339,3.1672,-0.0680,7.6076,5.8664,3.0197,6.5108,2.0695,-2.3497,-5.8099,-7.1998,-3.5225,-5.9948,-0.1498,4.4902,3.8756,6.5454,8.8732,11.8248,0.4128,-0.4316,-5.1730,95,4,98,,,,0,118,0,0.999563,0.019476,0.029566,0.018080,-0.012039,0.001954,0.991474,31.18780,-4.38545,-40.88046,4,4,4,4,4,4,4,4,4,4,4,4,4,4,4,4,4,4,4,4,4,4,4,4,4,4,4,4,4,4,4,4,96,0.995,95,4,4,4,4,4,4,4,4,4,4,4,4,4,4,4,4,4,4,4,4,4,4,4,4,4,4,4,4,4,4,4,4,1,45.199,0.451992,0.000,1.000,1,22.583,0.225827,0.000,1.000,1,21.516,0.215157,0.000,1.000,1,47.310,0.473097,0.000,1.000,1,40.777,0.407765,0.000,1.000,1,43.567,0.435666,0.000,1.000,3.152235,4.275071,2.237844,1.281587,0.544243,3.069632,4.529726,2.493409,1.365594,0.575512,2.759368,3.587388,2.291043,1.157091,0.563355,3.065052,3.905808,1.866534,1.180752,0.506826,3.422755,4.384049,2.259300,1.145395,0.599046,3.048695,4.266489,2.356555,1.200559,0.536501,2.821569,4.476944,2.182928,1.375170,0.574463,3.479686,3.920796,2.514084,1.204832,0.617395,2.993832,3.704328,2.296201,1.291640,0.576300,3.141854,4.281335,2.396105,1.378664,0.578339,2.948182,3.859647,1.729976,1.038306,0.510411,3.235631,3.943332,2.303485,1.150864,0.565875,2.553222,3.597839,2.098727,1.171504,0.523413,3.191569,4.371468,2.236841,1.317609,0.559040,2.999182,4.387689,2.169792,1.228137,0.606731,2.799393,3.293266,2.171281,1.082481,0.518267,3.054400,4.380889,2.284988,1.100004,0.578966,2.757297,3.475810,2.173020,1.154674,0.509894,2.914122,3.509319,2.431439,1.386069,0.587447,3.013525,4.164672,2.231767,1.154027,0.522880,2.668459,3.981571,2.080559,1.076319,0.491021,2.890867,3.594688,2.078721,1.182345,0.508603,3.277777,3.797021,2.317731,1.202650,0.627109,2.686342,3.667196,1.844921,1.057086,0.518923,2.799286,3.933618,2.123573,1.011141,0.504490,3.243196,4.498235,2.470682,1.290677,0.579048,2.771484,4.033535,2.159402,1.144652,0.549951,3.072675,4.457834,2.222578,1.299114,0.622044,3.155853,4.262268,2.195439,1.286324,0.630219,3.102778,3.760980,2.430353,1.146678,0.633217,2.802739,3.705553,2.093910,1.116505,0.561502,2.905940,3.754221,2.205688,1.191326,0.513122,neutral,neutral_baseline,good
1783252801.929688,119,0,5.8437,2.3005,-3.7790,-5.8418,-6.6170,-14.9962,-8.4337,-9.6307,-0.5443,2.1351,8.3802,8.5299,7.4711,12.1343,14.1557,6.8872,3.6991,-5.7326,-7.8060,-1.7017,-9.5603,-10.2917,-4.9689,4.3196,4.0613,5.5361,2.8238,9.5646,5.1880,1.0026,-3.0665,-5.4844,95,4,98,,,,0,119,0,0.999561,0.019501,0.029642,0.018009,-0.026511,0.003200,0.978843,31.18726,-4.38609,-40.88004,4,4,4,4,4,4,4,4,4,4,4,4,4,4,4,4,4,4,4,4,4,4,4,4,4,4,4,4,4,4,4,4,96,0.995,95,4,4,4,4,4,4,4,4,4,4,4,4,4,4,4,4,4,4,4,4,4,4,4,4,4,4,4,4,4,4,4,4,1,44.931,0.449311,0.000,1.000,1,23.490,0.234900,0.000,1.000,1,25.351,0.253511,0.000,1.000,1,49.653,0.496529,0.000,1.000,1,40.736,0.407361,0.000,1.000,1,43.221,0.432211,0.000,1.000,3.141098,4.362289,2.481219,1.197920,0.613157,2.977218,4.212696,2.167240,1.386058,0.585819,2.747307,4.021684,2.214002,1.039466,0.540536,2.667261,3.940343,2.020582,1.163146,0.498696,3.149499,4.090755,2.241146,1.342825,0.559325,3.121162,4.395806,1.987436,1.163126,0.509915,3.254528,4.275250,2.156452,1.272430,0.572902,2.982032,4.334947,2.281376,1.240049,0.621081,2.961799,3.923667,2.443035,1.129186,0.609617,3.428896,4.081113,2.420594,1.199595,0.593411,2.705458,3.243909,2.139976,1.114181,0.479498,3.195970,3.986847,1.999196,1.169842,0.546688,2.699349,3.672042,1.837784,1.150958,0.492791,3.018536,4.731968,2.309220,1.316846,0.571601,3.209900,4.096693,2.115066,1.175237,0.536076,2.764088,3.982583,2.202967,1.102052,0.503692,3.121780,4.032030,2.157089,1.212677,0.587255,2.969231,3.666921,2.061200,0.982912,0.509505,3.005076,4.451199,2.521595,1.138035,0.561494,2.712408,4.394541,2.173843,1.232654,0.544403,2.924917,3.908984,2.217776,1.104602,0.488698,2.840562,3.887222,1.916595,1.057464,0.490084,3.362956,4.572487,2.260323,1.146119,0.566121,2.903794,3.660214,2.021447,1.045341,0.489820,3.013265,3.971820,2.064427,1.048444,0.507011,3.542497,4.346647,2.431758,1.127089,0.545657,3.052992,3.930913,1.966398,1.176145,0.580624,3.137108,3.904854,2.423347,1.244840,0.633915,3.175685,3.934949,2.285390,1.121084,0.606743,2.769028,3.888808,2.141323,1.203269,0.598541,2.571206,3.478744,2.049970,1.138460,0.516222,2.815626,3.964821,2.193918,1.188280,0.556351,neutral,neutral_baseline,good
1783252801.937500,120,0,1.2764,-3.2320,-3.2133,-8.2429,-8.0205,-10.0480,-8.4013,-1.4469,2.4544,7.7256,9.9577,10.4514,10.9709,4.5028,5.1238,-3.2943,-7.2707,-7.9466,-6.5739,-10.1565,-3.0362,-4.6734,0.7478,2.5075,6.6558,5.7562,3.0327,2.1044,5.6845,-0.5282,-4.6588,-7.3865,95,4,98,,,,0,120,0,0.999558,0.019525,0.029718,0.017937,-0.017488,-0.005860,0.991434,31.18670,-4.38673,-40.87963,4,4,4,4,4,4,4,4,4,4,4,4,4,4,4,4,4,4,4,4,4,4,4,4,4,4,4,4,4,4,4,4,96,0.995,95,4,4,4,4,4,4,4,4,4,4,4,4,4,4,4,4,4,4,4,4,4,4,4,4,4,4,4,4,4,4,4,4,1,49.563,0.495628,0.000,1.000,1,22.582,0.225821,0.000,1.000,1,18.769,0.187688,0.000,1.000,1,48.901,0.489011,0.000,1.000,1,41.475,0.414750,0.000,1.000,1,44.942,0.449416,0.000,1.000,3.076375,3.735901,2.211517,1.383883,0.602527,3.290054,4.166704,2.213491,1.327358,0.560714,2.770510,3.679184,2.215130,1.151086,0.505178,2.694429,3.506444,2.054476,1.138334,0.509768,3.196321,4.141721,2.592687,1.247032,0.638657,2.787846,4.304146,2.178078,1.136370,0.573501,3.344556,4.808680,2.335580,1.234673,0.574051,3.035913,4.117674,2.500494,1.346121,0.588780,3.076425,4.321202,2.189155,1.370227,0.567243,3.491506,4.436845,2.132427,1.213985,0.627435,2.750801,3.871779,1.928446,1.163814,0.445201,2.891314,4.151229,2.168641,1.176060,0.521986,2.722732,3.682389,1.939485,1.140129,0.479933,3.403574,4.272344,2.346897,1.255766,0.703092,3.319573,4.095151,2.252067,1.174484,0.564116,2.776827,3.242185,2.133974,1.094130,0.560254,3.201796,4.222790,2.195350,1.332150,0.594191,2.916096,3.364868,2.009035,1.086638,0.546919,3.050318,4.534779,2.261227,1.161231,0.616323,3.019382,3.816410,2.218292,1.236205,0.516847,2.897938,4.043209,2.103278,1.151442,0.509464,2.741359,3.792895,2.091002,1.205794,0.477791,3.297282,4.500306,2.235415,1.286622,0.616138,2.867773,4.185777,1.986048,1.302509,0.530799,3.065925,3.760846,2.185241,1.250154,0.480567,3.028429,4.435375,2.656997,1.205307,0.556648,2.960985,3.805339,2.146967,1.214664,0.552866,3.108650,4.289931,2.254830,1.208347,0.545822,3.225625,4.609785,2.411004,1.196383,0.649255,3.220969,3.951869,2.162144,1.271521,0.557514,2.648006,3.667620,2.166426,1.236316,0.550709,2.916007,3.947427,2.018410,1.127902,0.511179,neutral,neutral_baseline,good
1783252801.945312,121,0,-2.5302,-7.6593,-11.0855,-8.0928,-8.7502,-6.8287,-0.7102,-4.1718,6.0550,10.5993,13.0031,8.6016,7.8713,3.1636,1.0512,-6.2038,-9.8378,-12.9518,-11.2470,-10.3433,-4.7168,3.0564,1.1334,2.2443,4.7722,12.0279,7.4525,2.5965,-1.1059,-8.3205,-5.9403,1.4970,95,4,98,,,,0,121,0,0.999556,0.019548,0.029793,0.017864,-0.019071,-0.000483,0.996841,31.18614,-4.38738,-40.87921,4,4,4,4,4,4,4,4,4,4,4,4,4,4,4,4,4,4,4,4,4,4,4,4,4,4,4,4,4,4,4,4,96,0.995,95,4,4,4,4,4,4,4,4,4,4,4,4,4,4,4,4,4,4,4,4,4,4,4,4,4,4,4,4,4,4,4,4,1,42.455,0.424552,0.000,1.000,1,19.734,0.197337,0.000,1.000,1,25.236,0.252365,0.000,1.000,1,48.686,0.486858,0.000,1.000,1,38.507,0.385071,0.000,1.000,1,39.731,0.397307,0.000,1.000,3.010607,3.909118,2.253986,1.183578,0.643201,2.884465,3.955238,2.464923,1.169781,0.513264,2.432130,3.946915,2.051904,1.172859,0.547130,2.841931,3.751450,1.939310,1.050335,0.505986,3.182606,4.410877,2.370910,1.329761,0.587022,2.927479,4.046257,1.945656,1.212500,0.555867,3.081845,4.065356,2.588178,1.326077,0.584758,2.952580,3.906042,2.484029,1.346701,0.580321,3.380024,3.867411,2.357965,1.243845,0.645814,3.179132,4.091991,2.392986,1.242408,0.582477,3.100939,3.713363,1.952598,1.205931,0.527593,3.073750,4.009584,2.176806,1.345519,0.533515,2.692772,3.771071,1.915967,1.013528,0.483468,3.407850,3.875413,2.447968,1.453737,0.560706,3.282431,4.348246,2.486406,1.379144,0.595715,3.028117,3.569435,2.038471,1.110098,0.518171,3.250551,4.244335,2.306613,1.157817,0.630037,2.844128,3.847223,2.009820,1.160901,0.501690,3.332579,4.102206,2.320000,1.235430,0.581080,2.811193,3.742267,2.110047,1.134117,0.523225,3.198604,3.885711,2.352935,1.219999,0.513979,2.692967,3.447339,1.974731,1.123302,0.555215,2.966449,4.374628,2.387212,1.246572,0.519113,2.612203,3.602470,2.049540,1.190403,0.507969,2.739619,3.887767,2.013836,1.149207,0.546821,3.395853,3.942868,2.404522,1.284898,0.620491,2.945349,3.542159,1.981853,1.199025,0.512141,3.190925,4.536989,2.416467,1.327871,0.548015,3.112068,4.353222,2.514290,1.322615,0.626838,2.952309,3.473543,2.448205,1.127185,0.557338,2.664040,3.700595,2.143745,1.194137,0.526787,2.706177,4.002131,2.085825,1.204012,0.557808,neutral,neutral_baseline,good
1783252801.953125,122,0,-4.3703,-5.2953,-4.8582,-8.7023,-4.0103,0.5054,2.9796,10.1840,12.8295,12.0121,9.8327,6.3416,9.4997,-0.0094,-2.8608,-7.9745,-7.7309,-11.2562,-9.7371,-5.1381,-2.3351,4.5277,4.0024,11.9068,6.6124,2.1056,4.0130,1.7505,1.9954,-3.5122,-2.1611,-4.9708,95,4,98,,,,0,122,0,0.999554,0.019571,0.029868,0.017790,-0.022097,-0.003774,0.992154,31.18556,-4.38803,-40.87880,4,4,4,4,4,4,4,4,4,4,4,4,4,4,4,4,4,4,4,4,4,4,4,4,4,4,4,4,4,4,4,4,96,0.995,95,4,4,4,4,4,4,4,4,4,4,4,4,4,4,4,4,4,4,4,4,4,4,4,4,4,4,4,4,4,4,4,4,1,45.080,0.450804,0.000,1.000,1,23.718,0.237182,0.000,1.000,1,28.584,0.285843,0.000,1.000,1,45.247,0.452467,0.000,1.000,1,44.020,0.440197,0.000,1.000,1,39.658,0.396578,0.000,1.000,3.476999,3.940738,2.273003,1.288025,0.602446,3.099171,4.451083,1.873137,1.361402,0.581294,3.172061,4.121625,1.763110,1.278161,0.598243,2.554668,3.631630,1.990124,1.158028,0.480964,3.290523,4.442033,2.296547,1.287163,0.546132,2.795349,3.794546,1.915118,1.197713,0.527974,2.960626,4.050849,2.247304,1.322851,0.609212,3.485118,4.108378,2.431841,1.264031,0.625743,3.142257,3.908697,2.341939,1.314059,0.631770,3.134876,4.150996,2.204295,1.243666,0.619027,3.000521,3.701205,2.069813,0.993497,0.546586,2.603465,4.013885,2.083218,1.060277,0.524573,2.460440,3.845108,2.239043,1.101675,0.553989,3.060278,4.666365,2.493229,1.272903,0.562705,2.988442,4.524334,2.437625,1.155657,0.610751,3.057370,3.667750,2.066163,1.064665,0.498636,3.060655,4.449429,2.518561,1.209889,0.628159,2.651874,3.749060,2.322315,1.046366,0.477252,3.189551,4.323365,2.426432,1.389526,0.594438,2.979867,4.098381,2.077852,1.094103,0.504831,2.948031,3.745971,1.963255,1.150721,0.537220,2.917862,4.063412,1.975087,1.088691,0.538686,3.391461,4.291064,2.432668,1.202295,0.577553,3.045723,3.282653,1.911717,1.094207,0.482811,2.861513,3.692594,1.835754,1.060482,0.481631,3.034007,4.306747,2.276314,1.241632,0.590160,2.813683,3.735369,1.897536,1.066558,0.505790,3.118587,4.148022,2.349020,1.037217,0.593169,3.439281,4.405752,2.494091,1.325386,0.596088,3.126506,4.117095,2.378806,1.182645,0.568228,2.863952,4.100577,2.103007,1.167785,0.537427,2.997821,3.895479,2.110969,1.131098,0.492249,neutral,neutral_baseline,good
1783252801.960938,123,0,-7.3105,-11.7801,-1.3489,-2.0096,-0.8699,4.6563,6.3507,11.0869,10.9335,9.1578,5.8577,4.5290,-0.9422,-8.7166,-10.4061,-13.5938,-10.1343,-11.7335,-5.7617,0.9262,-0.9679,7.7243,9.5984,6.8680,8.1420,3.6516,-2.2303,-3.9992,-5.8833,-6.8072,-2.8730,0.8483,95,4,98,,,,0,123,0,0.999552,0.019593,0.029942,0.017715,-0.016879,-0.000483,0.988763,31.18497,-4.38867,-40.87838,4,4,4,4,4,4,4,4,4,4,4,4,4,4,4,4,4,4,4,4,4,4,4,4,4,4,4,4,4,4,4,4,96,0.995,95,4,4,4,4,4,4,4,4,4,4,4,4,4,4,4,4,4,4,4,4,4,4,4,4,4,4,4,4,4,4,4,4,1,49.493,0.494926,0.000,1.000,1,21.416,0.214156,0.000,1.000,1,21.992,0.219924,0.000,1.000,1,49.007,0.490067,0.000,1.000,1,41.106,0.411064,0.000,1.000,1,45.581,0.455807,0.000,1.000,3.455400,4.192194,2.348803,1.232541,0.506968,3.191795,4.500649,2.358962,1.223791,0.552694,3.200881,3.559656,1.950861,1.011459,0.509044,2.710230,3.760340,1.845712,1.065255,0.522636,3.039441,4.239761,2.203244,1.355765,0.560990,2.632147,3.430774,2.228660,1.174456,0.537468,3.198098,4.296468,2.670506,1.294567,0.645545,3.261175,4.460859,2.701615,1.246814,0.601264,2.973241,4.240212,2.536556,1.352310,0.589666,3.492560,4.255413,2.389895,1.204128,0.626595,2.682751,3.483574,2.070875,1.192242,0.524392,2.548847,3.813853,2.086800,1.280343,0.534385,2.754462,3.746467,1.990754,1.131954,0.476931,3.242954,4.051528,2.336715,1.306693,0.579992,3.091015,4.071017,2.407252,1.252344,0.656677,3.012440,3.467754,2.002144,1.071800,0.487175,3.039639,4.080256,2.383168,1.442622,0.616902,2.707691,3.520666,1.977413,1.225790,0.564252,3.102804,4.098157,2.452099,1.262298,0.681780,2.802982,3.769588,2.239791,1.068350,0.528050,2.752421,3.889919,2.162053,1.091238,0.575550,2.977320,4.170540,2.254834,1.148861,0.567484,3.190427,4.269527,2.493112,1.285124,0.565126,2.917989,3.411738,2.007870,1.215529,0.516511,2.742786,3.651938,1.852716,1.112255,0.533241,3.132346,4.772292,2.577308,1.313769,0.613649,3.092094,3.656820,2.209498,1.126412,0.574908,3.377552,4.933883,2.272024,1.289626,0.658898,3.185015,4.324408,2.504288,1.317101,0.567047,3.143818,4.174824,1.990990,1.172055,0.560297,2.799309,3.770944,2.169121,1.153801,0.489836,3.041458,3.641785,2.125521,1.243798,0.469613,neutral,neutral_baseline,good
1783252801.968750,124,0,-10.7606,-10.0680,-6.2821,-5.9471,1.7358,4.4134,2.8483,10.2638,14.4126,5.9033,-1.9493,0.8545,-2.6502,-6.4401,-9.1934,-10.5477,-11.0343,-5.0257,-0.3348,-1.4631,7.3951,12.0147,9.5498,9.9221,3.8747,3.4938,-6.0454,1.9987,-5.9669,-6.2580,0.0738,-1.9288,95,4,98,,,,0,124,0,0.999549,0.019614,0.030016,0.017638,-0.014864,-0.004314,0.985843,31.18437,-4.38932,-40.87797,4,4,4,4,4,4,4,4,4,4,4,4,4,4,4,4,4,4,4,4,4,4,4,4,4,4,4,4,4,4,4,4,96,0.995,95,4,4,4,4,4,4,4,4,4,4,4,4,4,4,4,4,4,4,4,4,4,4,4,4,4,4,4,4,4,4,4,4,1,42.974,0.429739,0.000,1.000,1,18.185,0.181849,0.000,1.000,1,21.402,0.214023,0.000,1.000,1,44.809,0.448095,0.000,1.000,1,44.910,0.449100,0.000,1.000,1,39.771,0.397712,0.000,1.000,3.281059,3.976920,2.324973,1.220146,0.595508,2.957910,4.016131,2.243244,1.356060,0.587077,3.040086,3.981551,1.967941,1.159074,0.481544,2.709838,3.894935,2.052658,1.094125,0.530225,3.570517,3.926531,2.318780,1.254509,0.531711,2.696615,4.049043,2.189255,1.128808,0.520718,3.308350,4.343667,2.332668,1.141588,0.583437,3.173346,4.633860,2.065132,1.243903,0.646078,2.968998,4.484504,2.255571,1.456728,0.579628,3.341326,3.817153,2.081047,1.305382,0.567165,2.981214,3.880972,1.898416,1.176666,0.578931,2.505334,3.885825,2.301368,1.222495,0.609701,2.990862,3.586909,2.040302,1.158302,0.507122,3.464264,4.908227,2.272729,1.297089,0.621261,3.176631,3.379218,2.404866,1.327302,0.600036,2.881024,3.751730,2.001502,1.101899,0.552929,3.266690,4.273723,2.265400,1.268736,0.642277,2.721709,3.556615,2.191929,1.187289,0.486287,3.145157,4.412568,2.367260,1.314647,0.566909,2.977654,3.566683,2.204331,1.223560,0.493150,2.654973,4.116689,2.024932,1.088068,0.543136,2.912209,3.919746,1.953826,1.046682,0.544588,3.061341,4.507969,2.383301,1.235866,0.493665,2.595194,3.851187,2.262832,1.200498,0.478168,2.582978,3.884650,2.301924,1.203882,0.496898,3.014271,4.402628,2.840303,1.364077,0.607208,2.809472,3.399874,2.054122,1.095937,0.479368,3.137652,3.964086,2.532987,1.298173,0.604711,3.698360,4.698868,2.197937,1.237761,0.620072,2.841152,3.941319,2.293191,1.128062,0.546431,2.841782,3.644002,2.187389,1.118254,0.513658,2.852779,3.543375,2.045239,1.136175,0.521095,neutral,neutral_baseline,good
1783252801.976562,125,0,-12.0898,-8.4964,-4.7550,1.4105,-0.9094,2.2453,9.8382,4.2452,10.2142,3.9745,-6.8856,-5.2524,-9.9843,-10.7758,-9.2470,-1.9335,-2.5014,4.9362,4.4758,4.5895,9.5565,9.0553,2.2869,7.6835,-0.6812,-5.8706,-2.3547,-7.6509,-4.9347,-4.8261,-3.0317,-4.0529,95,4,98,,,,0,125,0,0.999547,0.019635,0.030089,0.017561,-0.016847,-0.002648,0.994266,31.18376,-4.38997,-40.87756,4,4,4,4,4,4,4,4,4,4,4,4,4,4,4,4,4,4,4,4,4,4,4,4,4,4,4,4,4,4,4,4,96,0.995,95,4,4,4,4,4,4,4,4,4,4,4,4,4,4,4,4,4,4,4,4,4,4,4,4,4,4,4,4,4,4,4,4,1,42.844,0.428440,0.000,1.000,1,21.251,0.212507,0.000,1.000,1,25.916,0.259158,0.000,1.000,1,49.883,0.498833,0.000,1.000,1,44.161,0.441614,0.000,1.000,1,43.463,0.434632,0.000,1.000,2.769505,4.150560,2.141584,1.270968,0.544371,2.928234,4.330939,2.243377,1.144306,0.603205,2.886371,3.710076,2.521196,1.115266,0.544411,2.756081,3.720041,2.055501,1.056765,0.559214,3.115935,3.989713,2.415646,1.201906,0.668101,2.539314,4.203963,2.073013,1.228730,0.509161,3.295420,4.086903,2.367548,1.147143,0.543261,3.429577,4.609424,2.431173,1.324845,0.656836,3.446553,4.325907,2.295471,1.262939,0.569229,2.904609,4.155051,2.164322,1.300111,0.623859,3.028357,3.902834,2.062466,1.172545,0.483502,2.758913,3.397650,2.153279,1.071404,0.547946,2.894042,3.648457,2.017771,1.027609,0.531035,3.370074,4.342155,2.254863,1.227405,0.587580,2.994485,4.056298,2.322309,1.314280,0.583597,2.501968,3.973309,2.073325,1.226436,0.549193,2.922488,3.872788,2.356597,1.065461,0.578868,2.782481,3.577135,1.979118,1.092616,0.497154,3.336773,4.175798,2.443013,1.228566,0.613597,2.771200,4.215176,2.212896,1.105983,0.508717,2.980260,3.967406,2.126869,1.229839,0.490450,2.634201,4.030507,2.294580,1.104503,0.520541,2.858683,4.117261,2.627707,1.162113,0.578910,2.844732,3.944783,2.141429,1.105684,0.505179,3.156058,3.828836,1.860830,1.205217,0.488325,3.060863,4.127963,2.685855,1.169268,0.597238,2.945618,3.675388,2.133301,1.077933,0.514598,3.302332,4.946985,2.333286,1.404083,0.527279,3.100376,4.609654,2.011671,1.412989,0.578048,3.290635,3.919905,2.348476,1.258828,0.607219,2.766138,3.923317,2.004137,1.174118,0.519003,2.903063,3.662181,2.149214,1.164355,0.547833,neutral,neutral_baseline,good
1783252801.984375,126,0,-7.6522,-10.5336,5.4305,2.7543,8.3187,9.6421,6.4127,8.7056,5.2870,-3.1254,-6.9868,-9.1703,-9.8600,-9.3191,-8.0095,-1.0008,2.9735,3.7866,11.3895,9.4686,10.0977,8.8993,-0.2435,3.1475,-5.8434,-3.5570,-7.7565,-7.6071,-3.6702,-0.2605,3.6139,3.4609,95,4,98,,,,0,126,0,0.999545,0.019656,0.030162,0.017482,-0.006637,-0.006357,0.996189,31.18314,-4.39063,-40.87715,4,4,4,4,4,4,4,4,4,4,4,4,4,4,4,4,4,4,4,4,4,4,4,4,4,4,4,4,4,4,4,4,96,0.995,95,4,4,4,4,4,4,4,4,4,4,4,4,4,4,4,4,4,4,4,4,4,4,4,4,4,4,4,4,4,4,4,4,1,46.236,0.462357,0.000,1.000,1,25.909,0.259087,0.000,1.000,1,24.120,0.241198,0.000,1.000,1,50.970,0.509704,0.000,1.000,1,41.566,0.415656,0.000,1.000,1,39.291,0.392907,0.000,1.000,3.029108,4.125812,2.154540,1.255223,0.548246,3.183409,4.100596,2.469791,1.268191,0.511465,2.712051,3.329764,2.250533,1.200078,0.514253,2.796926,3.138715,2.032045,1.190951,0.552884,3.267934,4.678278,2.512209,1.245751,0.564378,2.926039,3.765407,2.030648,1.174340,0.476969,3.096986,4.411950,2.451347,1.363342,0.580389,2.963167,5.110383,2.492232,1.367351,0.555067,3.434836,4.785714,2.613434,1.344976,0.548733,3.008480,3.518383,2.302400,1.216203,0.585588,2.424461,3.828543,2.292709,0.993951,0.538612,2.920646,3.774427,2.207695,1.320716,0.523708,2.676720,3.530679,2.119171,1.034406,0.490917,2.997053,4.543226,2.356082,1.289558,0.582082,3.060529,3.814709,2.316708,1.282536,0.561165,2.824522,4.305147,1.995738,1.134331,0.502797,2.966556,4.403391,2.371747,1.230232,0.593176,2.769598,3.244374,1.987624,1.000683,0.552785,3.190429,4.004059,2.183438,1.237992,0.471472,2.834814,3.603349,2.319930,1.241776,0.527564,2.850802,4.034739,1.997679,1.072390,0.525897,2.928013,4.022382,2.146125,1.172388,0.464412,3.014257,4.287405,2.335564,1.305014,0.599954,2.831227,3.949135,1.935145,1.040547,0.474577,2.216211,3.547087,1.897049,1.142301,0.499591,3.196738,4.123104,2.414644,1.322342,0.611740,2.982235,3.335601,2.148893,1.121535,0.488179,3.222179,4.148380,2.363944,1.354511,0.673920,3.237113,4.426639,2.041207,1.210243,0.583427,2.938028,3.941779,2.034994,1.244720,0.532199,2.908926,3.795694,2.145065,1.091892,0.558386,2.862141,3.793546,2.086308,1.112802,0.517222,neutral,neutral_baseline,good
1783252801.992188,127,0,-4.6241,-1.2108,4.7979,6.7863,11.6089,8.3476,8.1407,5.3103,0.3604,0.0384,-5.9819,-3.1564,-8.7168,-6.9473,-4.9740,-4.6292,4.4088,5.4758,7.3139,3.6347,2.2022,-1.6101,-0.8663,-3.3005,-7.9199,-8.3875,-1.2148,0.1809,2.4802,3.5645,5.3091,6.6775,95,4,98,,,,0,127,0,0.999543,0.019676,0.030234,0.017402,-0.005177,-0.007045,0.990634,31.18250,-4.39128,-40.87674,4,4,4,4,4,4,4,4,4,4,4,4,4,4,4,4,4,4,4,4,4,4,4,4,4,4,4,4,4,4,4,4,96,0.995,95,4,4,4,4,4,4,4,4,4,4,4,4,4,4,4,4,4,4,4,4,4,4,4,4,4,4,4,4,4,4,4,4,1,43.292,0.432917,0.000,1.000,1,19.517,0.195167,0.000,1.000,1,24.191,0.241907,0.000,1.000,1,47.176,0.471756,0.000,1.000,1,39.557,0.395565,0.000,1.000,1,40.475,0.404748,0.000,1.000,3.180297,4.245168,2.363309,1.326232,0.575108,2.599773,4.171849,2.405827,1.210774,0.579621,3.349604,4.054576,2.209436,1.089252,0.564757,2.813642,3.697001,2.044597,0.972454,0.510557,3.250480,4.362170,2.427506,1.225916,0.589142,2.844607,3.718760,1.932589,1.147069,0.502894,3.140871,4.465686,2.275556,1.269044,0.586125,3.011003,4.336902,2.297743,1.351691,0.554339,3.231352,4.349116,2.548814,1.287463,0.604794,3.329978,3.773663,2.211522,1.337096,0.521403,2.522748,3.545173,2.169115,0.988655,0.511993,3.223069,3.748433,1.941318,1.165680,0.556473,2.721159,3.705233,2.056908,1.140764,0.508856,3.239918,4.138386,2.242146,1.349131,0.598157,3.128301,4.039056,2.384807,1.289050,0.605342,2.635070,3.809844,2.120094,0.964943,0.503617,2.911184,4.063421,2.340444,1.216764,0.556477,2.576620,3.835126,2.101259,1.111266,0.489739,3.353722,4.094406,2.333254,1.306025,0.637086,2.862395,3.767110,1.809379,1.151840,0.559576,3.149411,4.143809,2.446197,1.305164,0.553163,2.757262,3.630798,2.345723,1.123202,0.495989,3.236857,4.317501,2.191260,1.148746,0.587342,2.798900,3.599890,2.191776,1.034173,0.509754,2.869279,4.078842,1.931266,0.930163,0.553686,3.101923,3.933989,2.312280,1.269194,0.581254,2.678115,4.271461,2.032672,1.096423,0.544617,2.902891,4.097659,2.083919,1.208802,0.520164,2.896336,4.008707,2.394928,1.265465,0.560492,2.956224,4.265695,2.123670,1.425042,0.586495,2.797592,3.751060,1.965930,1.053046,0.552200,2.934230,3.930191,2.345159,1.233748,0.503618,neutral,neutral_baseline,good
1783252802.000000,0,0,4.3799,8.6681,9.5972,12.8077,15.3118,8.4111,8.0392,3.0877,3.3706,-6.9610,-9.1331,-9.8003,-6.1600,2.1103,3.0389,1.8815,2.6002,2.0474,5.0944,2.4737,-1.2201,-1.7151,-3.6255,-5.9672,-2.4005,-5.9113,0.0824,-0.9194,3.7130,7.5042,5.4005,3.1133,95,4,98,,,,0,0,0,0.999541,0.019695,0.030306,0.017321,-0.011969,0.007139,0.985791,31.18186,-4.39194,-40.87633,4,4,4,4,4,4,4,4,4,4,4,4,4,4,4,4,4,4,4,4,4,4,4,4,4,4,4,4,4,4,4,4,96,0.995,95,4,4,4,4,4,4,4,4,4,4,4,4,4,4,4,4,4,4,4,4,4,4,4,4,4,4,4,4,4,4,4,4,1,47.788,0.477876,0.000,1.000,1,22.106,0.221060,0.000,1.000,1,23.994,0.239945,0.000,1.000,1,45.900,0.458995,0.000,1.000,1,44.390,0.443900,0.000,1.000,1,40.421,0.404215,0.000,1.000,3.206472,4.186277,2.381048,1.191272,0.579763,3.426113,4.134052,2.231338,1.154996,0.587543,2.918337,4.234383,2.286920,1.155508,0.548420,2.767770,3.892177,2.105542,1.166960,0.504345,3.658758,4.400768,2.255269,1.237101,0.549498,2.805892,3.709179,1.962981,1.103064,0.491268,2.897814,4.560482,2.427518,1.338592,0.610370,3.252512,4.651446,2.405264,1.280768,0.577356,3.086905,3.982139,2.503734,1.175411,0.574865,3.749640,4.335863,2.270997,1.240427,0.643816,2.886796,3.740093,2.046926,1.057074,0.494989,2.683388,3.803592,2.111462,1.122177,0.601038,2.698112,3.894913,2.094911,1.143275,0.501502,3.282676,4.108828,2.392395,1.146449,0.593763,3.176193,4.027413,2.388165,1.287514,0.531260,2.662441,3.486818,2.084239,1.108559,0.495738,3.205528,3.946868,2.235702,1.232191,0.586943,2.935531,3.027690,1.844285,1.027730,0.535589,3.256399,4.367383,2.528663,1.226858,0.575617,2.778398,4.108745,2.091377,1.148835,0.493544,3.166032,3.536969,2.219458,1.093478,0.591940,2.960140,3.738510,1.932621,1.152186,0.533585,2.809020,3.890945,2.378597,1.246021,0.567453,2.579862,3.430166,2.030828,0.979244,0.558916,2.776446,3.651121,1.976965,1.180304,0.527725,3.132067,4.170979,2.120513,1.298412,0.633660,3.024162,4.182147,2.310437,1.161745,0.544252,3.132689,4.276829,2.229674,1.192413,0.578739,3.172532,4.297168,2.217130,1.355937,0.613545,3.091458,4.106298,2.506229,1.219482,0.550150,2.978197,3.414078,2.136435,1.145533,0.517289,2.881157,4.188458,2.344181,1.302454,0.478352,neutral,neutral_baseline,good
1783252802.007812,1,0,2.6371,9.1123,12.5389,10.3345,11.1342,4.4338,2.8977,-0.0216,-7.0885,-6.4791,-9.3225,-8.2807,-5.3319,-6.3837,-0.9125,8.4881,5.1599,7.8504,2.3457,0.1604,2.2070,-3.5766,-3.8806,-4.0849,2.2336,-0.0537,6.5186,7.2189,9.4944,1.9278,6.6982,-0.9854,95,4,98,,,,0,1,0,0.999538,0.019714,0.030378,0.017238,-0.016710,0.006351,0.984498,31.18120,-4.39260,-40.87592,4,4,4,4,4,4,4,4,4,4,4,4,4,4,4,4,4,4,4,4,4,4,4,4,4,4,4,4,4,4,4,4,96,0.995,95,4,4,4,4,4,4,4,4,4,4,4,4,4,4,4,4,4,4,4,4,4,4,4,4,4,4,4,4,4,4,4,4,1,47.355,0.473548,0.000,1.000,1,15.251,0.152513,0.000,1.000,1,22.589,0.225893,0.000,1.000,1,43.421,0.434208,0.000,1.000,1,47.250,0.472502,0.000,1.000,1,40.195,0.401946,0.000,1.000,3.022749,3.914464,2.101228,1.317814,0.518674,3.144494,4.363815,2.125407,1.329067,0.653456,2.908458,4.291974,2.133501,1.076617,0.526079,2.774214,3.896734,1.989724,1.085599,0.505871,3.352969,4.483741,2.516174,1.322096,0.555501,2.795442,3.643791,2.258574,1.061678,0.487085,3.312687,4.338538,2.417478,1.324056,0.636402,3.463124,4.160029,2.420478,1.387053,0.564759,2.928797,4.681143,2.494509,1.276195,0.558336,2.991038,4.332508,2.204577,1.112299,0.573615,2.871291,4.094915,1.970653,1.132035,0.497617,2.799112,4.049245,2.241497,1.168734,0.531020,2.528759,3.105174,2.059342,1.075300,0.521671,3.553574,4.556030,2.519350,1.337198,0.600399,3.303196,3.870298,2.536248,1.285307,0.595424,2.638623,3.677231,2.002275,1.024855,0.517225,3.179464,3.790167,2.232831,1.295417,0.577669,2.610227,3.607962,2.163468,1.073732,0.534298,3.662178,4.117254,2.217948,1.261233,0.597427,2.989255,3.591077,2.126022,1.211542,0.524199,2.749023,4.088933,2.191215,1.190171,0.512312,2.453569,3.593007,2.138618,1.021028,0.512737,3.030377,4.272287,2.120237,1.170751,0.576655,2.872755,4.024906,2.160882,1.004243,0.493719,2.799411,3.720717,1.796920,1.104619,0.552090,3.377602,4.690773,2.206631,1.259481,0.615306,2.931206,3.465297,2.320860,1.034463,0.519863,3.137610,4.560031,2.474566,1.406320,0.578885,3.143849,4.812502,2.540326,1.343725,0.662872,3.229521,4.036473,2.447949,1.184242,0.587161,2.671820,3.844265,1.965467,1.199505,0.518691,2.792853,3.927732,2.251466,1.219279,0.551782,neutral,neutral_baseline,good
1783252802.015625,2,0,9.2499,10.1357,9.6866,10.4194,8.1341,-0.8698,0.4355,-3.1528,-12.1141,-8.9488,-3.5150,-5.6153,-1.7495,0.3574,5.1139,5.4743,6.6926,5.4054,2.6164,1.3482,-0.7942,-2.7464,0.1689,-0.6725,5.0783,3.0518,6.2140,9.0741,6.1410,1.1320,1.8608,-2.2676,95,4,98,,,,0,2,0,0.999536,0.019732,0.030448,0.017155,-0.027821,-0.010198,0.990258,31.18054,-4.39326,-40.87551,4,4,4,4,4,4,4,4,4,4,4,4,4,4,4,4,4,4,4,4,4,4,4,4,4,4,4,4,4,4,4,4,96,0.995,95,4,4,4,4,4,4,4,4,4,4,4,4,4,4,4,4,4,4,4,4,4,4,4,4,4,4,4,4,4,4,4,4,1,45.638,0.456383,0.000,1.000,1,22.078,0.220776,0.000,1.000,1,23.422,0.234221,0.000,1.000,1,49.343,0.493432,0.000,1.000,1,42.756,0.427564,0.000,1.000,1,40.866,0.408662,0.000,1.000,3.095733,4.253911,2.105586,1.226650,0.550533,3.442098,4.316718,2.192980,1.273102,0.652729,3.015703,3.817265,2.059638,1.167973,0.492947,2.801234,3.372528,2.091504,1.114198,0.548022,3.352415,4.787280,2.600660,1.298633,0.556399,2.998019,3.862758,2.067862,1.123553,0.472174,3.041463,4.559565,2.262005,1.232963,0.610814,3.475689,4.353585,2.290869,1.262693,0.583897,3.076491,3.864290,2.393145,1.134458,0.572428,3.394345,3.955637,2.427473,1.258954,0.581959,2.925716,3.439731,2.015380,1.184506,0.495324,3.145856,3.874753,2.112658,1.090196,0.478128,2.829636,3.621206,2.102179,1.050868,0.538911,3.362037,4.598068,2.366882,1.350180,0.657622,3.288928,4.191046,2.163750,1.255200,0.609694,2.543346,3.517164,2.055746,1.086747,0.513303,3.161425,3.806877,2.289488,1.144276,0.586629,2.831756,3.770543,2.115124,1.185802,0.503697,3.380339,4.111510,2.314646,1.156759,0.609893,2.972345,3.603785,1.912261,1.144640,0.498334,3.058613,4.019246,2.054503,1.192101,0.531095,2.828478,3.893547,2.032772,1.161674,0.519167,3.037837,4.427952,2.449939,1.195919,0.575174,2.803229,3.623360,2.057982,1.196740,0.460661,2.892835,3.657368,1.991196,1.119048,0.489740,3.089640,4.167769,2.150626,1.421314,0.578637,2.762145,3.629884,2.218797,1.169532,0.533538,3.459868,4.891437,2.479935,1.167866,0.525893,3.378680,4.444880,2.710882,1.379949,0.584718,3.412007,4.156006,2.171114,1.190177,0.533253,2.951956,4.049133,2.136041,1.303604,0.507799,2.595808,3.689286,2.278979,1.209218,0.480212,neutral,neutral_baseline,good
1783252802.023438,3,0,4.6249,7.5287,6.1941,5.9305,-2.6119,-1.2634,-6.0392,-8.5191,-4.0565,-8.5495,-1.6678,-1.8756,1.6395,4.2054,5.0741,7.1175,4.9427,0.3454,0.1696,-2.3039,-4.2117,2.2064,3.8239,-1.5380,5.9863,2.3968,2.3772,-3.3594,1.4853,-2.1894,-10.6905,-9.3151,95,4,98,,,,0,3,0,0.999534,0.019749,0.030519,0.017070,-0.034253,0.000285,0.992809,31.17986,-4.39392,-40.87510,4,4,4,4,4,4,4,4,4,4,4,4,4,4,4,4,4,4,4,4,4,4,4,4,4,4,4,4,4,4,4,4,96,0.995,95,4,4,4,4,4,4,4,4,4,4,4,4,4,4,4,4,4,4,4,4,4,4,4,4,4,4,4,4,4,4,4,4,1,43.586,0.435857,0.000,1.000,1,20.823,0.208230,0.000,1.000,1,24.474,0.244738,0.000,1.000,1,46.711,0.467108,0.000,1.000,1,39.594,0.395936,0.000,1.000,1,44.694,0.446937,0.000,1.000,3.199789,4.153696,2.350995,1.199959,0.547194,3.018846,4.106906,2.247158,1.241274,0.629404,2.896958,4.036009,2.069151,1.212625,0.546637,2.787010,3.768113,2.079795,1.038573,0.479301,2.740456,4.216452,2.348057,1.325148,0.675228,3.067519,4.251100,2.025784,1.142741,0.562320,2.924472,4.251543,2.548435,1.306008,0.638115,3.590828,4.353037,2.403659,1.257499,0.513883,3.435965,3.924868,2.057638,1.350265,0.575271,3.105732,4.322427,2.057884,1.178679,0.599258,2.752929,3.589810,2.140686,1.204179,0.500376,2.928061,4.190048,2.052429,0.993438,0.477859,2.644933,3.700476,1.988131,1.053038,0.495674,3.128550,4.134133,2.205056,1.187527,0.561442,3.204846,4.298133,2.245436,1.290912,0.595346,2.863052,3.670306,2.427502,1.057922,0.516017,3.016487,4.259250,2.445871,1.287138,0.557752,2.917279,3.643515,2.105802,1.172806,0.525095,3.258580,4.396226,2.322419,1.122954,0.548866,3.289117,3.830662,2.056389,1.212960,0.514348,2.854910,4.028904,2.320960,1.238736,0.581481,2.729186,4.109447,1.959685,1.077409,0.511203,3.197404,3.969003,2.434465,1.363829,0.521695,2.615865,4.293446,2.070100,1.157747,0.465471,2.877994,3.757092,2.186769,1.106799,0.518574,2.978862,4.633536,2.321465,1.330066,0.527761,2.691609,3.564914,2.049150,1.067108,0.488711,3.392294,4.368344,2.370272,1.243503,0.567801,3.287678,3.781940,2.431639,1.360597,0.649690,2.976064,4.227733,2.260172,1.282223,0.668968,2.954565,3.905696,2.143138,1.129921,0.557199,2.537360,3.881847,2.258152,1.116801,0.534836,neutral,neutral_baseline,good
1783252802.031250,4,0,10.9049,3.5526,2.9301,-1.9980,0.0117,-8.4538,-10.3425,-9.9047,-4.4568,0.6465,1.2517,4.2435,9.7773,6.4318,10.2603,4.8836,-1.4235,1.1813,-3.3623,-3.4860,-0.6334,-3.5150,-5.6657,-1.9180,2.3756,1.9948,0.4549,1.3906,-0.9713,-6.2767,-6.3953,-10.0330,95,4,98,,,,0,4,0,0.999532,0.019766,0.030588,0.016984,-0.024370,-0.007137,0.989547,31.17917,-4.39458,-40.87470,4,4,4,4,4,4,4,4,4,4,4,4,4,4,4,4,4,4,4,4,4,4,4,4,4,4,4,4,4,4,4,4,96,0.995,95,4,4,4,4,4,4,4,4,4,4,4,4,4,4,4,4,4,4,4,4,4,4,4,4,4,4,4,4,4,4,4,4,1,41.948,0.419479,0.000,1.000,1,21.094,0.210943,0.000,1.000,1,23.043,0.230430,0.000,1.000,1,43.677,0.436769,0.000,1.000,1,42.548,0.425478,0.000,1.000,1,41.458,0.414582,0.000,1.000,2.919132,4.331570,2.077486,1.266616,0.561312,3.062700,3.925045,2.221506,1.225882,0.505214,2.672663,3.960002,2.292889,1.072438,0.508319,2.621441,3.874848,1.993790,1.062794,0.479641,3.255797,4.307898,2.388884,1.138366,0.523416,2.680817,3.671957,2.052732,1.115181,0.544054,3.329307,4.642652,2.360512,1.308835,0.517656,3.162565,4.584725,2.501158,1.267080,0.609644,2.995453,4.432103,2.412335,1.285359,0.556102,2.982941,4.313846,2.470597,1.232118,0.585838,2.684130,3.509225,2.083596,1.115906,0.521946,2.992034,3.863880,2.354778,1.129362,0.493234,2.983124,3.802270,2.021156,1.174427,0.521546,3.027414,4.437883,2.285457,1.295671,0.570235,3.201633,4.145594,2.198244,1.244542,0.576984,2.784690,3.640486,1.905276,1.004389,0.487085,3.091618,4.327866,2.372799,1.240289,0.563710,2.823323,3.725008,2.023109,1.084404,0.535356,3.332776,4.236152,2.470575,1.055736,0.549024,2.819069,3.597917,2.271702,1.215686,0.557925,2.569849,3.978616,2.271445,1.172963,0.543952,2.823044,4.192647,1.986369,1.122142,0.529854,2.816967,4.108315,2.288761,1.149997,0.573182,2.551480,3.789604,1.978678,1.153920,0.526986,3.025283,3.804835,2.125982,1.069102,0.469107,3.338795,4.363519,2.319218,1.265185,0.565589,3.112295,3.722772,2.203835,1.106679,0.509940,3.372418,4.077934,2.309141,1.195545,0.628651,3.513986,4.379831,2.156935,1.278319,0.551361,3.022417,4.102528,2.478184,1.103904,0.564815,3.168839,3.678265,2.281766,1.086234,0.555707,3.226762,3.701074,2.196831,1.169767,0.535534,neutral,neutral_baseline,good
1783252802.039062,5,0,5.3039,3.7018,2.2174,-1.4168,-6.2773,-5.2966,-8.7188,-1.1723,-1.9941,1.1984,10.8438,8.6303,9.7513,5.0068,4.5658,-3.6952,2.8603,-4.2235,-6.7984,-3.6500,-4.0360,2.2872,-3.0131,3.1031,0.0836,4.0245,1.2169,-2.7114,-1.7722,-2.5488,-7.9009,-2.0686,95,4,98,,,,0,5,0,0.999530,0.019782,0.030658,0.016897,-0.005133,0.011606,0.989748,31.17847,-4.39525,-40.87429,4,4,4,4,4,4,4,4,4,4,4,4,4,4,4,4,4,4,4,4,4,4,4,4,4,4,4,4,4,4,4,4,96,0.995,95,4,4,4,4,4,4,4,4,4,4,4,4,4,4,4,4,4,4,4,4,4,4,4,4,4,4,4,4,4,4,4,4,1,47.963,0.479628,0.000,1.000,1,21.286,0.212861,0.000,1.000,1,23.277,0.232772,0.000,1.000,1,46.623,0.466232,0.000,1.000,1,42.304,0.423036,0.000,1.000,1,39.589,0.395888,0.000,1.000,3.157640,4.154647,2.256484,1.207972,0.568447,3.129060,3.904162,2.121857,1.150396,0.557342,2.678467,4.014134,2.174323,1.249080,0.577273,3.116246,3.905584,2.142767,1.187812,0.536261,3.362264,4.914742,2.479061,1.161662,0.603326,2.480750,3.769867,2.018393,1.158071,0.537130,3.193015,4.437599,2.587009,1.349079,0.582398,3.274026,4.379510,2.539287,1.273071,0.580987,3.196458,3.909060,2.190489,1.220232,0.531802,2.630934,4.375349,2.478586,1.270600,0.594697,2.915002,3.641635,2.051158,0.917540,0.539997,3.062740,3.807156,2.143842,1.130561,0.480125,2.686146,3.755358,2.076091,1.088445,0.485768,3.066909,4.313184,2.245709,1.436311,0.568826,3.252031,4.260644,2.156661,1.130695,0.572046,2.849462,3.335757,2.051638,1.246197,0.440029,3.487228,3.872911,2.022917,1.078807,0.593730,2.491782,3.751780,2.090191,1.049126,0.544670,3.181684,4.324392,2.197080,1.296422,0.609575,2.668844,3.472168,2.096076,1.111095,0.542256,2.954440,4.246438,2.133536,1.016094,0.564891,2.828062,4.113262,2.086857,1.131482,0.519843,3.331404,4.078710,2.510321,1.215209,0.530072,2.974644,3.911922,2.008878,0.969606,0.502521,3.042247,3.611438,2.132354,1.082754,0.522161,3.111846,4.214382,2.455333,1.322846,0.650737,2.799193,3.751664,2.086052,1.244748,0.562227,3.215871,4.741815,2.307306,1.369462,0.605065,3.205771,3.931808,2.142548,1.329945,0.614677,3.029376,4.557303,2.141039,1.313487,0.599448,3.002279,3.649595,2.039083,1.109768,0.459748,2.804056,3.923628,2.009351,1.212510,0.570064,neutral,neutral_baseline,good
1783252802.046875,6,0,4.1731,-1.3410,-0.2171,-2.7773,-5.4249,1.5994,-2.7259,0.1944,4.5382,1.5589,6.8388,5.6422,1.2221,3.3695,-1.9073,-1.1604,-7.1992,-5.3179,-5.1874,-2.2541,1.0074,-0.4750,2.3889,5.8409,1.8396,-2.2243,0.4996,-5.6973,-0.4934,-3.8520,-0.4233,-3.2251,95,4,98,,,,0,6,0,0.999528,0.019798,0.030726,0.016809,-0.029139,-0.000894,0.996274,31.17776,-4.39591,-40.87389,4,4,4,4,4,4,4,4,4,4,4,4,4,4,4,4,4,4,4,4,4,4,4,4,4,4,4,4,4,4,4,4,96,0.995,95,4,4,4,4,4,4,4,4,4,4,4,4,4,4,4,4,4,4,4,4,4,4,4,4,4,4,4,4,4,4,4,4,1,42.394,0.423937,0.000,1.000,1,19.058,0.190575,0.000,1.000,1,22.704,0.227042,0.000,1.000,1,50.412,0.504120,0.000,1.000,1,36.493,0.364933,0.000,1.000,1,44.136,0.441362,0.000,1.000,3.101862,4.415212,2.447671,1.225051,0.478694,3.256349,4.178964,2.197086,1.402240,0.481180,2.955754,3.928661,1.927836,1.161916,0.525100,2.866751,3.423131,2.113869,1.221904,0.519496,3.689617,4.460210,2.331990,1.255898,0.609700,2.906255,3.642215,2.081777,1.105735,0.558848,3.124367,4.323529,2.335196,1.307006,0.547644,2.849995,4.261070,2.519678,1.239687,0.598327,2.947234,4.146640,2.162063,1.358348,0.580949,3.208977,4.296888,2.054180,1.176598,0.564738,2.788628,3.301503,1.897188,1.124291,0.565024,2.728905,3.489512,1.922765,1.247712,0.539839,2.787931,3.759663,2.113433,1.038393,0.520919,3.121234,4.395999,2.467467,1.306402,0.624873,3.198523,4.465185,2.366192,1.247011,0.607472,2.994485,3.760189,1.931142,0.951434,0.506262,2.768947,4.261679,2.197830,1.249081,0.586806,2.696188,3.656626,2.100050,1.136670,0.532760,3.520303,4.411138,2.482447,1.278795,0.593582,3.068820,4.036880,2.272334,1.184937,0.518230,3.029629,3.897534,2.110962,1.221271,0.576346,3.188029,3.559524,2.164658,1.230521,0.529662,3.030271,3.983616,2.048385,1.314686,0.625121,2.733598,3.197118,1.995424,1.070190,0.541743,2.588666,3.725486,2.086029,0.986212,0.560823,3.240821,4.456807,2.135885,1.322541,0.602608,2.663998,3.538337,2.113185,1.089716,0.490072,3.222223,4.364924,2.489620,1.455129,0.668092,3.112329,4.043944,2.646599,1.266191,0.652596,3.231261,4.175307,2.145574,1.212123,0.511153,2.507998,3.854754,1.921963,1.066523,0.523928,2.776863,4.478588,2.166379,1.065460,0.481373,neutral,neutral_baseline,good
1783252802.054688,7,0,0.5369,-2.7121,-3.4690,-4.7547,-7.1111,-3.3696,-4.6035,7.7272,-0.5695,5.2865,3.6640,3.4848,0.6409,-0.3427,-6.5548,-5.2301,-0.7258,-1.6767,-2.6672,4.2382,2.3443,5.7980,8.9466,7.7651,4.5229,0.3254,-2.6849,-2.7097,-5.9015,-1.8075,-1.7761,-1.2958,95,4,98,,,,0,7,0,0.999526,0.019813,0.030795,0.016720,-0.023982,-0.003528,0.985161,31.17704,-4.39658,-40.87348,4,4,4,4,4,4,4,4,4,4,4,4,4,4,4,4,4,4,4,4,4,4,4,4,4,4,4,4,4,4,4,4,96,0.995,95,4,4,4,4,4,4,4,4,4,4,4,4,4,4,4,4,4,4,4,4,4,4,4,4,4,4,4,4,4,4,4,4,1,46.787,0.467874,0.000,1.000,1,20.555,0.205547,0.000,1.000,1,22.271,0.222705,0.000,1.000,1,50.203,0.502035,0.000,1.000,1,41.638,0.416376,0.000,1.000,1,38.925,0.389255,0.000,1.000,3.442405,4.084986,2.577898,1.155647,0.501983,3.271618,4.049000,2.040423,1.217607,0.632913,3.011928,3.521604,1.898205,1.191235,0.524586,2.792372,3.963508,1.969684,1.004069,0.526522,3.227064,4.172514,2.612652,1.296718,0.621308,2.977566,3.576321,1.988489,1.175993,0.551169,3.443433,4.475816,2.275580,1.404833,0.634390,2.940572,4.326089,2.402954,1.138963,0.595752,3.136102,4.245705,2.483052,1.311283,0.658507,3.342350,4.676646,2.192520,1.280110,0.634447,3.068746,3.621768,2.140173,1.158922,0.526897,2.950949,3.986623,2.083679,1.131366,0.480198,2.742323,3.381589,2.070693,1.169408,0.521601,2.911782,4.449996,2.281203,1.243244,0.594171,2.751593,4.037781,2.260817,1.251078,0.627907,2.557389,3.473728,2.174074,1.153433,0.514939,3.225904,4.472106,2.369395,1.271222,0.575421,2.679380,3.556124,2.285744,1.049640,0.525416,3.472053,4.106165,2.335992,1.290452,0.632708,2.866271,3.719609,2.070898,1.124450,0.517345,3.063763,3.858772,2.158725,1.231195,0.562604,2.707423,3.878909,1.938211,1.104072,0.563888,3.057093,3.772744,2.103692,1.254556,0.589179,2.781895,3.659844,2.145650,1.109313,0.508463,2.758808,3.535233,1.947114,1.064210,0.510148,3.462188,4.588451,2.468591,1.468239,0.612448,2.564715,3.694850,1.953983,1.237896,0.502036,3.163526,4.298073,2.701464,1.411506,0.631548,3.161159,4.441374,2.125957,1.337678,0.562615,2.934613,4.495885,2.516811,1.157389,0.612091,2.763248,3.625155,2.139795,1.168575,0.472343,2.650732,3.993245,1.951340,1.192751,0.517942,neutral,neutral_baseline,good
1783252802.062500,8,0,-3.3656,-3.4983,-2.7830,-8.2863,-6.7269,-3.5326,-0.3221,2.1812,1.7953,0.4361,1.2476,1.0907,-2.3182,-1.4679,-3.6540,-5.0653,-5.2622,-2.6814,0.3719,4.7547,9.0574,7.0079,7.8604,2.0455,-1.8111,-3.1636,-3.2215,-2.4879,-7.6115,-5.8544,-4.1332,-0.3767,95,4,98,,,,0,8,0,0.999524,0.019828,0.030862,0.016629,-0.018537,-0.002875,0.990637,31.17631,-4.39725,-40.87308,4,4,4,4,4,4,4,4,4,4,4,4,4,4,4,4,4,4,4,4,4,4,4,4,4,4,4,4,4,4,4,4,96,0.995,95,4,4,4,4,4,4,4,4,4,4,4,4,4,4,4,4,4,4,4,4,4,4,4,4,4,4,4,4,4,4,4,4,1,48.744,0.487437,0.000,1.000,1,23.984,0.239841,0.000,1.000,1,28.506,0.285059,0.000,1.000,1,49.790,0.497895,0.000,1.000,1,44.489,0.444886,0.000,1.000,1,39.173,0.391735,0.000,1.000,3.102214,4.494522,2.376656,1.259478,0.544607,3.424002,4.235403,2.043227,1.158316,0.547837,2.789489,4.298624,2.155367,1.158913,0.505690,2.634385,4.303305,2.029566,1.154269,0.525191,3.328930,4.183729,2.495921,1.281494,0.573719,2.456513,3.448392,2.127691,1.121233,0.494987,3.242998,4.593388,2.304821,1.225331,0.612696,3.241769,4.629381,2.538596,1.319854,0.585096,3.212609,4.855607,2.345671,1.303940,0.562526,3.087893,4.070103,2.232164,1.286810,0.540556,2.848444,4.021645,1.855633,1.210314,0.519485,2.886690,4.100290,2.172424,1.147573,0.557769,2.642595,3.496647,1.959107,1.112086,0.474786,3.458825,4.406661,2.241837,1.235772,0.634455,3.124921,3.949188,2.555198,1.157829,0.546215,3.147567,3.664635,2.093712,1.045755,0.468721,3.259762,4.014036,2.208937,1.327057,0.600488,2.763307,3.420121,1.861211,1.136980,0.500878,3.107929,4.430715,2.515086,1.203725,0.604651,2.833337,4.049707,2.095332,1.237622,0.528912,2.866307,4.253120,2.181142,1.191951,0.481659,2.650425,3.703130,2.141265,1.216297,0.498537,3.267926,4.179161,2.075325,1.384382,0.544501,2.742515,3.525020,2.086165,1.108491,0.524474,2.624636,3.852258,2.148923,1.244581,0.473452,2.970402,4.821814,2.264191,1.343847,0.630055,2.687994,3.514787,2.047969,1.152562,0.506578,3.487478,4.279132,2.548030,1.308537,0.591417,3.383320,4.651165,2.511752,1.318830,0.511959,3.113939,4.058969,2.384676,1.215518,0.541103,3.119915,3.900277,2.014883,1.084096,0.562835,2.696346,3.798796,2.195021,1.279328,0.533587,neutral,neutral_baseline,good
1783252802.070312,9,0,-3.9237,-9.9021,-8.7380,-7.0716,-2.0497,-2.6449,3.9604,4.6987,6.5315,3.3608,-0.0848,4.3321,-2.7452,-5.8049,-1.6014,-0.9074,3.5505,-0.2762,6.9475,9.8485,8.8001,10.4295,3.6004,-0.4358,-3.9291,-1.3579,-7.3830,-7.8278,-8.4472,-1.1977,-1.4565,8.1903,95,4,98,,,,0,9,0,0.999522,0.019842,0.030930,0.016538,-0.018911,0.005590,0.978500,31.17556,-4.39792,-40.87268,4,4,4,4,4,4,4,4,4,4,4,4,4,4,4,4,4,4,4,4,4,4,4,4,4,4,4,4,4,4,4,4,96,0.995,95,4,4,4,4,4,4,4,4,4,4,4,4,4,4,4,4,4,4,4,4,4,4,4,4,4,4,4,4,4,4,4,4,1,43.634,0.436344,0.000,1.000,1,24.159,0.241592,0.000,1.000,1,21.391,0.213905,0.000,1.000,1,42.826,0.428256,0.000,1.000,1,37.650,0.376504,0.000,1.000,1,45.146,0.451455,0.000,1.000,3.407601,4.062678,2.318063,1.184097,0.607439,3.374654,4.222255,1.975825,1.266414,0.584448,2.981128,3.931291,2.172828,1.136188,0.561328,2.737855,3.077967,2.136437,1.150968,0.507619,2.744303,4.384818,2.230291,1.309730,0.578383,2.894568,3.850965,2.143133,1.137582,0.500805,3.139127,4.283926,2.251542,1.177248,0.539188,3.277130,4.521672,2.473696,1.348290,0.577575,2.991428,4.432496,2.281122,1.365731,0.550656,3.302052,3.951157,2.304100,1.129694,0.589543,2.846038,3.659327,2.095281,1.145703,0.529908,3.000203,3.789500,2.033262,1.116778,0.531682,2.833398,3.528215,1.875845,1.008073,0.527491,3.201682,4.180783,2.466220,1.219631,0.623458,3.106459,3.789594,2.117713,1.234796,0.606591,3.138773,3.495651,1.940944,1.135188,0.492182,3.006721,3.954150,2.230946,1.279047,0.521210,2.721352,4.038985,1.946823,0.986659,0.539418,3.109339,4.488065,2.356081,1.279944,0.625177,3.096629,3.722373,1.981093,1.297789,0.566808,2.704778,3.696279,2.183283,1.192569,0.565479,2.713379,3.794235,2.100888,1.147608,0.490746,3.089441,4.575835,2.523618,1.299710,0.553599,2.684154,3.694853,2.223391,1.086197,0.502493,2.670424,4.060065,2.099332,1.127842,0.496620,3.129659,4.025473,2.323819,1.271869,0.582132,2.970298,3.516225,2.187682,1.145378,0.533087,3.309343,4.713629,2.242308,1.355928,0.593429,2.982606,4.228812,2.340504,1.321393,0.628903,2.934367,3.889995,2.213584,1.277767,0.607973,2.753610,4.001356,2.049698,1.072533,0.532879,2.982631,4.229668,2.199270,1.136405,0.554432,neutral,neutral_baseline,good
1783252802.078125,10,0,-6.8633,-10.3952,0.0619,-3.1745,-2.3884,2.5396,2.6056,0.0292,1.4005,-2.8801,-3.0852,-0.0556,4.8988,-0.5784,0.2142,-0.2449,0.8661,5.4202,6.2053,4.1226,0.2350,0.8749,-1.3579,-9.5472,-4.8835,-10.5919,-13.5169,-9.0170,-2.3083,0.3432,7.4186,5.1914,95,4,98,,,,0,10,0,0.999520,0.019855,0.030996,0.016445,-0.011550,0.002343,0.992973,31.17481,-4.39859,-40.87228,4,4,4,4,4,4,4,4,4,4,4,4,4,4,4,4,4,4,4,4,4,4,4,4,4,4,4,4,4,4,4,4,96,0.995,95,4,4,4,4,4,4,4,4,4,4,4,4,4,4,4,4,4,4,4,4,4,4,4,4,4,4,4,4,4,4,4,4,1,45.206,0.452058,0.000,1.000,1,20.997,0.209970,0.000,1.000,1,23.180,0.231800,0.000,1.000,1,50.258,0.502580,0.000,1.000,1,42.114,0.421136,0.000,1.000,1,39.058,0.390580,0.000,1.000,3.165432,4.286422,2.407465,1.172817,0.563252,3.115348,4.002554,2.317826,1.368330,0.525647,3.093802,4.010541,2.042213,1.052102,0.557338,2.741954,3.851298,2.057100,1.222192,0.505678,2.820039,4.310462,2.380190,1.280517,0.678890,2.832948,4.048854,2.357334,1.063178,0.520933,3.297123,4.124146,2.293776,1.246336,0.664932,2.941049,4.203709,2.542862,1.330718,0.600484,3.214087,4.557286,2.207148,1.398767,0.590058,3.138006,4.235939,2.308851,1.151911,0.616192,2.852667,3.837592,1.983086,1.109509,0.554835,3.039886,3.559701,2.272208,1.187892,0.451913,2.812961,3.356078,2.021722,1.059084,0.523463,3.175803,4.174288,2.203693,1.413047,0.551954,3.216281,3.941603,2.323406,1.134919,0.597679,2.645562,4.244666,1.902235,1.067261,0.499502,3.194394,4.281597,2.533995,1.303372,0.599097,2.550715,3.793187,2.076815,1.137587,0.514118,3.162261,4.040469,2.498759,1.329749,0.578484,2.817014,3.857319,2.100219,1.245598,0.554579,2.963252,3.855791,1.918331,1.127569,0.486392,2.651996,3.865735,2.041067,1.113978,0.521058,3.287411,4.183082,2.432194,1.323937,0.566969,2.795162,2.987520,2.136142,1.082853,0.496966,2.874359,3.399340,2.074467,1.274476,0.464341,3.151459,4.161588,2.527549,1.204401,0.503191,3.032408,3.715484,2.141121,1.191715,0.499244,2.958977,4.768997,2.272671,1.236603,0.640942,3.185201,4.557833,2.365834,1.231458,0.559681,2.809564,4.117618,2.116121,1.138504,0.564513,2.451328,4.313585,2.082485,1.225240,0.498395,2.743754,3.445228,2.031715,1.289820,0.568702,neutral,neutral_baseline,good
1783252802.085938,11,0,-8.6305,-6.3691,-5.4677,-1.1673,2.9086,6.4864,5.0860,3.6609,3.4029,2.6267,-2.1457,-1.7818,-4.3871,1.4780,2.6174,2.0283,7.9696,2.4594,4.1309,-0.2647,2.6195,0.3200,-10.3428,-6.2581,-8.1874,-9.5833,-6.7750,0.3910,3.4828,7.9946,6.3697,14.3042,95,4,98,,,,0,11,0,0.999517,0.019868,0.031062,0.016352,-0.028454,-0.002574,0.975459,31.17404,-4.39927,-40.87187,4,4,4,4,4,4,4,4,4,4,4,4,4,4,4,4,4,4,4,4,4,4,4,4,4,4,4,4,4,4,4,4,96,0.995,95,4,4,4,4,4,4,4,4,4,4,4,4,4,4,4,4,4,4,4,4,4,4,4,4,4,4,4,4,4,4,4,4,1,41.320,0.413205,0.000,1.000,1,20.741,0.207413,0.000,1.000,1,21.321,0.213210,0.000,1.000,1,49.904,0.499040,0.000,1.000,1,41.738,0.417383,0.000,1.000,1,39.340,0.393401,0.000,1.000,3.188477,4.207048,2.054110,1.094707,0.580595,2.945121,4.210678,2.140827,1.200232,0.554285,2.910153,4.266831,2.289014,1.048714,0.544488,2.515369,3.754341,1.873855,1.190772,0.477851,3.504786,4.519814,2.295341,1.185202,0.618314,3.076010,4.195774,2.128667,1.085350,0.524478,3.117636,4.548048,2.314089,1.262816,0.616855,3.174921,5.018117,2.457559,1.350834,0.559485,2.850971,4.052900,2.463557,1.300690,0.582135,3.462282,4.677823,2.281747,1.129034,0.593962,2.830046,3.742323,1.905467,1.006549,0.468091,3.078815,3.942829,2.143749,1.116413,0.480542,2.721608,3.239687,1.935435,1.035262,0.434591,3.243777,4.318715,2.395685,1.217658,0.664739,3.054707,4.301968,2.204294,1.237749,0.601321,2.851045,3.699333,2.020319,1.184451,0.489681,3.248123,4.603936,2.309945,1.358854,0.598378,2.398057,3.679688,2.039701,1.160091,0.487906,3.233328,4.011978,2.210584,1.173445,0.578432,2.956936,3.732470,2.080462,1.126334,0.526345,3.199099,4.111330,2.375555,1.064691,0.531559,2.707662,3.562965,1.911391,1.196384,0.474141,3.217854,3.932214,2.195274,1.241954,0.612589,2.615185,3.508610,2.025979,1.098634,0.527673,2.919803,4.007457,2.222917,1.098738,0.536248,3.410858,4.718900,2.450065,1.321037,0.579330,2.947756,4.068069,2.088885,1.028032,0.507653,3.640447,3.946861,2.640728,1.268303,0.546411,3.053243,4.487805,2.342737,1.273881,0.629153,2.762146,4.253455,2.234544,1.126775,0.590590,2.749190,4.199909,2.057856,1.136778,0.509087,2.786567,3.639391,2.356890,1.403205,0.530558,neutral,neutral_baseline,good
1783252802.093750,12,0,-3.5039,0.3262,3.9457,3.9417,4.3995,2.7733,-1.9658,4.5593,2.9727,-1.8920,-5.0876,-5.0582,1.4561,-1.1338,3.3219,2.9534,5.6222,5.9742,4.8940,-3.8983,-4.3742,-5.1769,-5.9047,-9.5796,-11.3112,-3.7803,-1.0905,3.3986,7.9581,12.4461,12.7640,9.1879,95,4,98,,,,0,12,0,0.999515,0.019880,0.031128,0.016257,-0.021092,-0.000026,0.980734,31.17327,-4.39994,-40.87148,4,4,4,4,4,4,4,4,4,4,4,4,4,4,4,4,4,4,4,4,4,4,4,4,4,4,4,4,4,4,4,4,96,0.995,95,4,4,4,4,4,4,4,4,4,4,4,4,4,4,4,4,4,4,4,4,4,4,4,4,4,4,4,4,4,4,4,4,1,44.395,0.443946,0.000,1.000,1,19.778,0.197778,0.000,1.000,1,20.224,0.202237,0.000,1.000,1,47.145,0.471448,0.000,1.000,1,44.185,0.441851,0.000,1.000,1,42.071,0.420707,0.000,1.000,2.779552,4.464058,2.166677,1.416631,0.564750,3.291767,4.224466,2.234888,1.214896,0.592805,2.888630,3.939548,2.113746,1.181842,0.591961,2.665196,3.725717,1.950274,1.253374,0.525430,3.079825,4.394013,2.379934,1.386686,0.622569,2.657622,3.934971,1.975524,1.175872,0.510642,3.551842,4.113162,2.441479,1.216110,0.627595,3.203853,4.398259,2.210528,1.246421,0.641039,2.913540,4.370761,2.394484,1.229967,0.558861,3.220061,3.784656,2.292522,1.294323,0.541787,2.903661,3.511983,2.043465,1.058843,0.568724,2.822294,3.833684,2.029228,1.090085,0.505489,2.866556,3.545126,2.069340,1.121810,0.488710,3.177341,4.299654,2.480324,1.326109,0.587928,2.952340,4.340245,2.464950,1.246063,0.575522,2.462411,4.193485,1.996628,1.077080,0.569281,2.925505,4.161774,2.326072,1.299685,0.548878,2.738760,3.940416,1.824211,1.250600,0.535351,3.143279,4.122444,2.135473,1.251727,0.497225,3.043697,3.697678,2.161544,1.097133,0.538070,3.019488,4.079556,2.071273,1.178916,0.510665,2.773515,4.089389,1.989315,1.167958,0.502518,3.334478,4.528252,2.580402,1.259506,0.585758,2.840719,3.536766,1.946867,1.147086,0.481394,2.854609,3.691331,1.921771,1.113795,0.496719,3.169573,4.877952,2.328387,1.241565,0.616733,2.785087,3.696861,2.221970,1.080112,0.507225,3.194193,3.865265,2.289322,1.290261,0.560173,2.906898,4.491383,2.445307,1.149565,0.548129,3.370686,3.985416,2.127136,1.146666,0.532533,2.704085,3.845561,2.290128,1.194808,0.535426,2.807234,3.669381,2.032533,1.027271,0.527661,neutral,neutral_baseline,good
1783252802.101562,13,0,4.8758,0.3466,4.6852,3.3722,5.2870,6.0407,3.7977,-7.5505,-4.4815,-6.0341,-3.4972,-1.5720,-4.6491,3.3443,2.6953,-0.6256,0.5102,1.2998,-2.2888,-2.3732,-9.2702,-7.9056,-10.0800,-7.2031,-6.9028,-5.8164,5.9479,12.4553,11.3795,12.2802,10.4686,8.2212,95,4,98,,,,0,13,0,0.999513,0.019891,0.031193,0.016161,-0.032721,-0.010984,0.982744,31.17248,-4.40062,-40.87108,4,4,4,4,4,4,4,4,4,4,4,4,4,4,4,4,4,4,4,4,4,4,4,4,4,4,4,4,4,4,4,4,96,0.995,95,4,4,4,4,4,4,4,4,4,4,4,4,4,4,4,4,4,4,4,4,4,4,4,4,4,4,4,4,4,4,4,4,1,43.920,0.439196,0.000,1.000,1,17.978,0.179780,0.000,1.000,1,21.071,0.210708,0.000,1.000,1,51.913,0.519128,0.000,1.000,1,46.071,0.460713,0.000,1.000,1,36.344,0.363438,0.000,1.000,3.091109,4.423848,2.271069,1.293021,0.567181,3.151753,3.723982,2.612435,1.300970,0.538742,2.747389,4.269456,2.184951,1.077539,0.536824,2.662855,3.428539,2.076124,1.157866,0.516199,3.083365,4.370625,2.522831,1.239291,0.602322,2.831740,3.611152,2.313617,1.182071,0.509821,3.550568,4.408996,2.650762,1.164821,0.560267,3.180440,4.138103,2.207103,1.262334,0.504205,3.060400,4.276316,2.344392,1.216125,0.575607,3.072712,4.450104,2.365843,1.116502,0.597781,2.749132,4.035739,2.147833,1.174894,0.524582,2.724521,4.016571,2.131807,1.153420,0.540020,2.830355,3.533288,2.022542,1.024177,0.511652,3.408329,4.425644,2.273564,1.124612,0.575861,2.925068,4.390338,2.493116,1.311295,0.496695,2.974533,4.009127,1.970068,1.064363,0.597716,3.243895,4.253290,2.257042,1.240775,0.533077,2.620983,3.687773,1.990921,1.047834,0.527990,3.248576,4.449965,2.323755,1.491163,0.596469,2.965747,3.872691,2.437099,1.013975,0.522832,2.624521,3.915984,1.856162,1.185535,0.475126,2.983262,3.531640,2.082950,1.098935,0.541287,3.079293,4.184913,2.356332,1.161833,0.574419,2.861683,3.488217,2.155720,0.920377,0.501372,2.865363,3.270482,1.952188,1.061735,0.540735,3.289207,4.102043,2.430850,1.362752,0.574519,3.031510,3.767409,2.016995,1.109682,0.550650,3.436722,4.357101,2.117083,1.275945,0.585892,2.955587,3.853131,2.506577,1.224227,0.602922,3.249271,4.527855,2.287434,1.330705,0.540534,2.771220,3.849651,1.988208,1.187892,0.457003,2.468813,4.341581,2.106598,1.224065,0.488615,neutral,neutral_baseline,good
1783252802.109375,14,0,5.3549,2.5930,2.5125,5.5765,1.4534,-2.3630,-5.7514,-4.2188,-8.2628,-1.1957,-2.3203,-1.6435,-0.1317,4.1014,6.1273,6.7518,2.2610,2.8435,-3.1314,-2.2365,-5.7093,-4.4141,-5.8192,-5.8335,3.4086,3.7797,7.8283,8.2888,7.1351,5.7723,7.3695,-3.9359,95,4,98,,,,0,14,0,0.999511,0.019902,0.031258,0.016064,-0.019321,0.002965,0.985232,31.17169,-4.40130,-40.87068,4,4,4,4,4,4,4,4,4,4,4,4,4,4,4,4,4,4,4,4,4,4,4,4,4,4,4,4,4,4,4,4,96,0.995,95,4,4,4,4,4,4,4,4,4,4,4,4,4,4,4,4,4,4,4,4,4,4,4,4,4,4,4,4,4,4,4,4,1,49.009,0.490093,0.000,1.000,1,22.397,0.223965,0.000,1.000,1,23.946,0.239456,0.000,1.000,1,42.373,0.423727,0.000,1.000,1,39.174,0.391739,0.000,1.000,1,36.763,0.367631,0.000,1.000,2.988823,4.358526,2.234246,1.160765,0.564954,3.110124,4.012624,2.249116,1.090028,0.596157,2.978387,3.749177,2.253025,1.125310,0.477477,2.768486,3.338862,1.905405,1.034848,0.507178,3.251535,4.369600,2.438420,1.346948,0.549730,2.575141,3.458456,2.157616,1.153740,0.545442,3.247370,4.708302,2.173970,1.267157,0.541689,3.274829,4.250695,2.340896,1.204594,0.577081,3.434695,4.325750,2.302060,1.276528,0.602071,3.374181,4.541700,2.166942,1.290096,0.562625,2.891653,3.908909,1.859291,1.084573,0.504339,2.639266,3.748917,2.100638,1.109184,0.530162,2.873992,3.707165,2.156005,0.996664,0.520885,3.685632,4.193257,2.268056,1.327903,0.618845,3.082800,4.136896,2.252045,1.237803,0.607133,2.821798,3.630732,1.975238,1.054626,0.518229,3.178567,4.386498,2.351827,1.346476,0.559476,2.713792,3.577737,2.232233,1.069222,0.534869,3.643597,4.642261,2.447705,1.288841,0.545936,3.026678,3.743601,1.948656,0.968142,0.541485,3.135093,4.341938,2.192633,1.258299,0.541707,2.682643,3.639786,2.103707,1.143890,0.532238,3.226848,4.290800,2.108625,1.337962,0.540353,2.835182,3.532215,2.027971,1.030555,0.513416,2.708636,3.850839,1.970042,1.167745,0.534770,3.070995,4.260879,2.471270,1.271568,0.570877,3.017408,3.998790,2.219868,1.101728,0.576685,2.988143,4.308140,2.205424,1.307130,0.619091,3.452949,3.949521,2.367040,1.388028,0.617727,2.790222,4.489214,2.207319,1.212053,0.557568,2.957774,3.457044,1.962177,1.122406,0.501405,3.351944,3.709801,2.157891,1.153736,0.532984,neutral,neutral_baseline,good
1783252802.117188,15,0,2.3505,4.8024,1.8631,4.2636,-0.6133,-5.0506,-5.2728,-3.0903,-8.2192,-6.9718,0.2598,1.8230,5.7376,2.3807,5.6282,3.1302,3.7598,-1.4571,-5.9907,-8.9852,-4.8404,-3.0459,-5.6348,-2.2210,3.6333,7.6202,8.1960,10.4153,5.9443,4.6622,-2.8403,-3.6458,95,4,98,,,,0,15,0,0.999509,0.019913,0.031322,0.015966,-0.029673,0.017127,0.994955,31.17088,-4.40198,-40.87028,4,4,4,4,4,4,4,4,4,4,4,4,4,4,4,4,4,4,4,4,4,4,4,4,4,4,4,4,4,4,4,4,96,0.995,95,4,4,4,4,4,4,4,4,4,4,4,4,4,4,4,4,4,4,4,4,4,4,4,4,4,4,4,4,4,4,4,4,1,42.932,0.429318,0.000,1.000,1,16.042,0.160416,0.000,1.000,1,26.603,0.266031,0.000,1.000,1,49.465,0.494654,0.000,1.000,1,36.924,0.369244,0.000,1.000,1,39.884,0.398836,0.000,1.000,2.998294,4.464500,2.320419,1.276724,0.565879,3.216339,4.057792,2.344157,1.340646,0.513191,2.867671,4.001448,2.175828,1.084469,0.542823,2.784964,3.523916,1.956286,1.173516,0.513597,3.195927,4.338914,2.464348,1.216476,0.563370,2.657733,3.290583,2.539011,0.984241,0.530715,3.319674,4.242346,2.481481,1.312759,0.594601,3.266554,4.027840,2.343823,1.210307,0.581402,3.343057,4.122455,2.477219,1.400255,0.555312,3.100215,4.295341,2.354190,1.281879,0.612670,2.874328,3.748905,2.074292,1.099840,0.474618,2.914449,4.021588,2.135908,1.175218,0.568640,2.859880,4.064395,2.110273,1.050983,0.462431,3.283809,4.277128,2.098486,1.177690,0.646845,3.488697,3.818143,2.421776,1.189903,0.631543,3.235457,3.789913,1.951112,1.063767,0.524698,3.037561,4.329761,2.330247,1.188542,0.617954,2.623354,3.529089,1.911898,1.138756,0.527977,3.137537,4.496531,2.344169,1.181692,0.552756,2.692054,3.909338,2.206209,1.154306,0.535521,2.932322,3.812812,1.974696,1.022438,0.500642,3.103234,3.586639,2.090604,1.077410,0.520347,2.934496,4.596214,2.132247,1.299228,0.533241,3.021165,3.515886,1.866273,1.036966,0.485637,2.448338,3.329564,1.919062,1.016928,0.514001,3.025664,4.370955,2.464090,1.397974,0.688644,2.764812,3.700255,1.888723,1.119353,0.540379,3.095271,4.349107,2.242854,1.209662,0.534252,3.260869,4.296777,2.240464,1.281147,0.565163,3.036357,3.651282,2.264075,1.163223,0.502743,2.965635,4.029502,2.305070,1.187625,0.569145,2.831089,3.806891,2.165165,1.189289,0.562083,neutral,neutral_baseline,good
1783252802.125000,16,0,3.6446,1.2461,-3.3720,-1.0381,-0.7421,-4.9856,-3.7378,-4.6077,1.8125,-2.9666,3.6494,6.8320,10.1952,4.4332,8.0151,0.5003,-0.5290,-4.2869,-2.4056,-7.0450,-8.0299,-9.8887,-0.7186,-0.7221,5.1485,12.0137,7.6465,4.3060,5.2429,2.4243,-3.1090,-3.2455,95,4,98,,,,0,16,0,0.999507,0.019923,0.031385,0.015867,-0.011725,-0.010631,0.990590,31.17006,-4.40266,-40.86989,4,4,4,4,4,4,4,4,4,4,4,4,4,4,4,4,4,4,4,4,4,4,4,4,4,4,4,4,4,4,4,4,96,0.995,95,4,4,4,4,4,4,4,4,4,4,4,4,4,4,4,4,4,4,4,4,4,4,4,4,4,4,4,4,4,4,4,4,1,43.257,0.432570,0.000,1.000,1,26.607,0.266069,0.000,1.000,1,27.146,0.271463,0.000,1.000,1,52.809,0.528090,0.000,1.000,1,48.211,0.482106,0.000,1.000,1,42.019,0.420190,0.000,1.000,2.977340,4.354061,1.992840,1.410389,0.684948,3.356084,3.971337,2.373972,1.267921,0.539661,2.820623,3.764882,1.891342,1.208257,0.545410,2.825517,3.717899,2.120474,1.170242,0.508887,3.202580,4.146733,2.204023,1.216006,0.629727,3.037499,3.748529,2.073271,1.170194,0.521196,3.312776,3.952759,2.291473,1.281400,0.572574,3.114535,4.367983,2.242397,1.213122,0.630131,2.956350,4.156603,2.458594,1.286483,0.654681,3.091440,4.359578,2.107060,1.267267,0.590763,2.996787,3.364435,2.144049,1.160883,0.454034,2.635329,3.543565,2.186733,1.207297,0.558241,2.487017,3.800047,1.837533,0.991324,0.518459,3.376389,3.823116,2.453584,1.408375,0.616432,3.149511,3.958773,2.179666,1.193156,0.609859,3.035956,3.480531,1.973897,1.031331,0.501141,3.246051,3.905695,2.022552,1.302542,0.661284,2.747492,3.661644,1.959795,1.075602,0.544691,3.264379,4.429031,2.125943,1.299387,0.608127,2.997637,3.981540,1.995534,1.158995,0.493984,2.795669,3.769159,2.137260,1.113729,0.540675,2.572473,3.790060,2.178464,1.124164,0.543302,3.187816,4.707591,2.160518,1.198888,0.546269,2.695624,3.879593,2.054345,1.074209,0.511231,2.868975,3.514320,1.918715,1.134758,0.503277,3.500765,4.189768,2.260864,1.259735,0.523074,2.820454,3.964655,2.108420,1.159643,0.507765,3.068125,4.333083,2.393192,1.363640,0.611833,3.369181,4.508485,2.134552,1.333559,0.670569,3.009062,3.691666,2.177282,1.219785,0.581917,3.163619,3.828526,2.162127,1.153385,0.532924,3.134416,4.001196,2.153570,1.308749,0.485049,neutral,neutral_baseline,good
1783252802.132812,17,0,1.9190,2.2384,-1.7203,-5.2433,-3.3498,-4.2123,-1.7588,-0.0931,1.1187,4.7567,5.9101,10.2841,9.0957,5.6731,5.1430,-1.1189,-4.7700,-9.5596,-6.1098,-7.7165,-6.1905,-7.6903,-0.0997,1.3022,7.4477,8.4555,5.5282,2.1625,-0.0204,-2.4856,-3.7619,-4.8579,95,4,98,,,,0,17,0,0.999505,0.019932,0.031448,0.015767,-0.020418,0.011754,0.984096,31.16924,-4.40335,-40.86949,4,4,4,4,4,4,4,4,4,4,4,4,4,4,4,4,4,4,4,4,4,4,4,4,4,4,4,4,4,4,4,4,96,0.995,95,4,4,4,4,4,4,4,4,4,4,4,4,4,4,4,4,4,4,4,4,4,4,4,4,4,4,4,4,4,4,4,4,1,49.043,0.490431,0.000,1.000,1,18.025,0.180252,0.000,1.000,1,22.101,0.221008,0.000,1.000,1,43.312,0.433115,0.000,1.000,1,45.524,0.455236,0.000,1.000,1,44.244,0.442438,0.000,1.000,2.816343,4.477902,2.240524,1.060387,0.595943,3.215621,4.177977,2.393174,1.242707,0.537430,3.059370,4.232097,2.042492,1.270838,0.534163,2.609959,3.629927,2.184731,1.137056,0.500140,3.365031,4.145046,2.579864,1.277867,0.605041,2.830459,3.612444,2.106401,1.207989,0.558286,2.883289,3.704800,2.474571,1.431603,0.576372,3.279898,4.034009,2.200565,1.266783,0.578540,3.491319,4.228396,2.534568,1.206051,0.552524,3.169867,3.925905,2.324859,1.155361,0.630028,2.642987,3.455963,2.058692,1.109965,0.490967,2.935418,3.912519,2.354536,1.176168,0.497879,2.828445,3.564858,2.030746,1.057936,0.517418,3.282985,4.234256,2.394633,1.434160,0.617540,3.010479,4.048277,2.311566,1.271505,0.603183,3.008727,3.236482,1.965186,1.116080,0.528929,3.298201,4.234209,2.161452,1.081468,0.532455,2.768243,3.563583,1.876621,1.044822,0.528400,3.184549,4.440210,2.232080,1.348904,0.586540,2.987139,4.003813,1.969770,1.195532,0.477236,2.669377,3.584755,2.083715,1.111827,0.566225,2.727652,3.967448,2.005163,1.022328,0.531813,3.307055,4.096680,2.121576,1.162225,0.558309,2.917671,3.814617,1.844509,1.083748,0.555017,2.503651,3.910213,1.987365,1.118017,0.467912,3.191846,4.217316,2.306483,1.219092,0.614744,3.008084,3.935570,1.981016,1.106466,0.504587,3.280478,4.563948,2.544370,1.223595,0.552646,3.735308,3.923007,2.155621,1.219956,0.581581,3.285530,4.104706,2.230159,1.222807,0.588815,2.902733,4.341778,2.062702,1.066150,0.526732,2.725066,4.085072,2.217949,1.126718,0.538668,neutral,neutral_baseline,good
1783252802.140625,18,0,1.5402,-2.7654,-7.3998,-1.0381,-3.9854,-4.5831,2.2225,3.1779,-0.4465,6.7027,9.3587,9.9512,6.4890,-1.6952,-2.8920,-6.6789,-13.5519,-10.8860,-11.6488,-10.1085,-7.2951,1.9493,7.1710,9.0790,4.1672,10.4006,8.6269,4.6840,-5.6225,0.0511,-9.3031,-8.7877,95,4,98,,,,0,18,0,0.999503,0.019940,0.031511,0.015666,-0.017447,0.014106,0.988296,31.16840,-4.40403,-40.86910,4,4,4,4,4,4,4,4,4,4,4,4,4,4,4,4,4,4,4,4,4,4,4,4,4,4,4,4,4,4,4,4,96,0.995,95,4,4,4,4,4,4,4,4,4,4,4,4,4,4,4,4,4,4,4,4,4,4,4,4,4,4,4,4,4,4,4,4,1,45.450,0.454496,0.000,1.000,1,23.429,0.234287,0.000,1.000,1,19.231,0.192306,0.000,1.000,1,46.115,0.461146,0.000,1.000,1,40.807,0.408069,0.000,1.000,1,39.607,0.396070,0.000,1.000,3.456154,3.994520,2.371502,1.277839,0.575769,3.071457,4.525511,2.288716,1.383886,0.579994,2.681517,3.494309,2.009303,0.984764,0.595849,2.819350,3.617603,2.184814,1.004902,0.548534,3.068925,4.255062,2.345901,1.141171,0.618214,2.945418,3.942807,2.198515,1.128569,0.480362,2.913667,4.279370,2.207798,1.320153,0.570226,3.126285,4.432408,2.253412,1.353411,0.585705,3.190916,4.303639,2.199529,1.278193,0.581478,3.029917,4.109958,2.339669,1.330531,0.579839,2.561789,3.901488,2.113153,1.212347,0.481479,2.875655,3.830204,2.297422,1.145277,0.453505,2.488712,3.371893,2.046007,1.037537,0.489499,3.181551,3.915138,2.487313,1.355574,0.552384,3.353427,4.022831,2.360065,1.329929,0.547760,3.113919,3.697675,1.964726,1.092213,0.522838,3.050153,4.004095,2.534456,1.063341,0.608693,2.702726,3.737506,1.991605,1.046654,0.478482,3.315919,4.419801,2.504005,1.434265,0.582165,2.849027,4.002056,2.148680,1.111378,0.529548,2.778097,4.191541,2.098980,1.138732,0.528043,2.779803,3.753697,2.134529,0.999947,0.551831,3.233135,4.180890,2.481445,1.062719,0.606553,2.723188,3.930660,2.118317,1.036684,0.580828,2.661091,3.555735,1.868733,1.121080,0.503954,3.299907,4.101856,2.328118,1.298570,0.565388,2.730445,3.938585,1.992520,1.124586,0.538901,3.439306,4.224686,2.282035,1.260869,0.551707,3.280523,4.375663,2.327358,1.208189,0.612972,2.703418,4.142748,2.506484,1.350589,0.578850,2.843633,3.532953,2.121448,1.000512,0.562019,3.020229,3.928904,2.322458,1.174735,0.534438,neutral,neutral_baseline,good
1783252802.148438,19,0,4.0070,-2.3441,-2.0268,-4.9453,-2.7760,-1.5187,3.3898,6.9607,7.3438,8.7729,8.6888,2.6216,4.3353,-1.8648,-3.9995,-7.0444,-7.2027,-8.1905,-7.4479,-0.0087,1.2078,7.6421,9.4803,12.2129,11.1500,8.5755,2.1865,-1.1610,-1.9696,-7.6537,-5.2824,-9.1606,95,4,98,,,,0,19,0,0.999501,0.019948,0.031573,0.015563,-0.014575,-0.002825,0.984025,31.16755,-4.40472,-40.86870,4,4,4,4,4,4,4,4,4,4,4,4,4,4,4,4,4,4,4,4,4,4,4,4,4,4,4,4,4,4,4,4,96,0.995,95,4,4,4,4,4,4,4,4,4,4,4,4,4,4,4,4,4,4,4,4,4,4,4,4,4,4,4,4,4,4,4,4,1,43.814,0.438140,0.000,1.000,1,24.133,0.241328,0.000,1.000,1,20.833,0.208331,0.000,1.000,1,52.129,0.521292,0.000,1.000,1,42.048,0.420480,0.000,1.000,1,39.639,0.396393,0.000,1.000,3.403939,4.653553,2.354023,1.190020,0.596075,3.125825,4.556499,2.265667,1.315750,0.645641,2.890138,4.039084,2.198016,1.168687,0.536436,2.878214,3.487459,2.034395,1.018447,0.501078,2.983617,4.415392,1.935412,1.157071,0.553030,2.943722,3.767695,2.014282,1.087875,0.509913,3.276133,4.230036,2.362951,1.395841,0.541027,3.233801,4.344418,2.511441,1.117964,0.632062,3.624009,4.439050,2.249809,1.109567,0.551309,3.147665,4.297596,2.245000,1.332479,0.600036,2.461672,3.804864,2.009889,1.097460,0.525139,3.124823,3.836556,2.000982,1.137693,0.491746,2.840348,3.511741,2.016586,1.056078,0.531528,3.558813,3.693312,2.469714,1.306028,0.649304,2.833651,4.291775,2.205397,1.259931,0.507225,2.736712,3.685753,2.081055,1.046161,0.458614,3.321967,4.620513,2.305898,1.168908,0.539018,2.403115,3.925638,1.915227,1.112233,0.509711,3.225652,4.450943,2.393962,1.335047,0.668086,2.916437,3.730255,1.933440,1.218970,0.524755,2.695081,4.097213,2.011951,1.000058,0.526572,3.054445,3.959902,2.132220,1.235297,0.471848,3.286611,4.272569,2.220422,1.197850,0.547196,3.100953,3.765293,2.221109,1.190567,0.530427,3.041448,3.990067,2.288916,1.175063,0.521250,3.143538,4.332239,2.442002,1.205601,0.570394,3.131624,4.339751,2.167372,1.043934,0.558754,3.222140,4.532955,2.410229,1.265186,0.538806,3.408743,4.375732,2.066484,1.447058,0.621594,3.226804,3.917545,2.269541,1.124869,0.606434,2.678440,3.785618,2.353279,1.268973,0.527307,3.021230,3.760385,1.864401,1.269981,0.476622,neutral,neutral_baseline,good
1783252802.156250,20,0,-0.2912,-8.1020,0.6437,-6.0521,-5.2132,-0.3576,2.3329,5.0076,5.8238,5.9530,4.3793,1.2350,-2.6878,-2.1106,-6.1321,-9.9692,-9.4206,-7.3445,-4.1064,0.1637,9.9838,9.8798,10.6316,10.0326,6.0230,6.0840,0.6640,-2.5165,-5.1644,-6.6493,-6.9269,-9.5334,95,4,98,,,,0,20,0,0.999500,0.019956,0.031634,0.015460,-0.032026,-0.021851,0.981402,31.16669,-4.40540,-40.86831,4,4,4,4,4,4,4,4,4,4,4,4,4,4,4,4,4,4,4,4,4,4,4,4,4,4,4,4,4,4,4,4,96,0.995,95,4,4,4,4,4,4,4,4,4,4,4,4,4,4,4,4,4,4,4,4,4,4,4,4,4,4,4,4,4,4,4,4,1,44.410,0.444096,0.000,1.000,1,18.096,0.180956,0.000,1.000,1,22.150,0.221496,0.000,1.000,1,47.699,0.476993,0.000,1.000,1,41.691,0.416906,0.000,1.000,1,41.516,0.415160,0.000,1.000,3.115283,4.461959,2.253450,1.080385,0.618157,3.097335,3.889645,2.172296,1.286713,0.616570,2.725551,4.273192,2.109133,1.257069,0.580689,3.162081,3.673345,1.831276,1.022425,0.556916,3.090196,4.386629,2.434016,1.434981,0.607806,2.835980,3.615868,2.026419,1.151184,0.495738,3.365303,4.232801,2.160705,1.195584,0.554130,3.242471,4.396147,2.631148,1.287295,0.551991,2.999406,4.100886,2.168079,1.313125,0.581850,3.174397,4.491754,2.243683,1.287245,0.537682,2.825050,3.620466,1.927782,1.128883,0.506592,2.729902,3.842018,1.858442,1.116605,0.478150,2.572945,4.193415,1.938991,1.125811,0.447491,3.177089,4.352982,2.379549,1.424959,0.548174,3.181782,4.514697,2.261693,1.232348,0.624755,2.430974,3.559024,2.054041,0.978994,0.493540,3.176820,3.831251,2.431385,1.348747,0.581280,2.722887,3.648313,2.000544,1.074362,0.543862,3.199365,4.190216,2.310728,1.427438,0.593450,2.771848,3.876687,1.850009,1.122654,0.549043,2.776050,4.448716,2.156000,1.161690,0.549478,2.574749,4.134769,1.986281,1.163341,0.486059,3.048091,4.004291,2.444309,1.363739,0.612354,3.010808,3.565834,1.985592,1.093230,0.513304,2.932950,3.805895,2.002446,1.039576,0.548635,3.084740,4.301822,2.119051,1.115924,0.652689,2.889904,3.578048,2.164150,1.157048,0.536806,3.190442,4.202272,2.363958,1.162417,0.619536,3.160272,4.268441,2.579213,1.223745,0.590889,3.181635,4.280363,2.219213,1.250468,0.560247,2.770348,3.821244,2.026475,1.163079,0.518946,3.073565,3.719648,1.954702,1.111246,0.543859,neutral,neutral_baseline,good
1783252802.164062,21,0,0.8656,-7.3791,-6.9740,-1.6345,0.5738,4.7259,4.0223,1.3632,7.4923,5.0530,2.8902,-2.5782,-4.5159,-9.4661,-11.1973,-9.4264,0.2050,-0.3878,4.0821,1.8924,8.5741,19.4706,8.9670,9.1190,2.4395,-2.4380,-7.4281,-10.4373,-9.0619,-10.1499,-7.0256,-3.9084,95,4,98,,,,0,21,0,0.999498,0.019963,0.031695,0.015356,-0.018604,0.003143,0.999784,31.16582,-4.40609,-40.86792,4,4,4,4,4,4,4,4,4,4,4,4,4,4,4,4,4,4,4,4,4,4,4,4,4,4,4,4,4,4,4,4,96,0.995,95,4,4,4,4,4,4,4,4,4,4,4,4,4,4,4,4,4,4,4,4,4,4,4,4,4,4,4,4,4,4,4,4,1,42.307,0.423068,0.000,1.000,1,20.451,0.204513,0.000,1.000,1,24.763,0.247629,0.000,1.000,1,46.027,0.460275,0.000,1.000,1,40.655,0.406554,0.000,1.000,1,41.858,0.418581,0.000,1.000,2.937901,4.400244,2.367100,1.175746,0.560656,2.984195,4.443869,2.791677,1.318850,0.583064,2.913122,3.654649,2.185553,1.129305,0.586540,2.536225,3.691016,2.027891,0.950311,0.496855,3.263324,4.224805,2.349338,1.330024,0.519812,2.794268,4.068422,2.134836,1.185287,0.559592,3.272031,4.671419,2.357995,1.370968,0.568098,3.190303,4.164890,2.568260,1.254866,0.604426,3.196976,3.922749,2.235840,1.261406,0.597721,3.224936,4.230049,2.415124,1.113047,0.541465,2.695981,3.105871,1.946811,1.021160,0.434127,2.906070,3.842384,2.186990,1.213646,0.496408,2.717475,3.394140,1.974408,1.066213,0.554981,3.582875,4.387368,2.339584,1.201913,0.619042,3.137877,4.245254,2.106300,1.342780,0.599218,2.912347,3.734238,2.015370,1.037495,0.542415,2.906922,3.900014,2.309824,1.271649,0.592813,2.628063,3.560349,1.988163,1.197941,0.498267,2.914481,4.253494,2.444711,1.352906,0.613838,2.834579,3.934273,2.054905,1.108005,0.513498,2.747006,3.917990,2.081870,1.208062,0.525544,3.000651,3.729706,1.974877,1.093000,0.547570,3.190657,4.134708,2.222103,1.291057,0.582817,2.746520,3.830241,2.148855,1.057755,0.527201,2.615755,3.171551,1.912939,1.192306,0.527710,3.294764,4.187649,2.143632,1.310056,0.621330,2.642688,4.098017,2.025727,1.114359,0.488780,3.273850,4.366348,2.254671,1.289331,0.517709,3.352320,4.588895,2.386526,1.266174,0.623958,2.862371,3.848281,2.084640,1.269638,0.562956,2.832828,3.502197,2.020987,1.145334,0.509313,3.192216,3.553558,1.981622,1.074639,0.545826,neutral,neutral_baseline,good
1783252802.171875,22,0,-9.2088,-7.9419,0.2899,-1.6047,4.0356,5.9621,8.2748,4.8151,3.8365,1.9662,-3.5415,-3.8894,-6.7858,-7.9134,-4.5620,-6.4083,-8.0483,4.6027,9.9828,13.3454,13.4364,8.3589,6.3661,3.1277,-3.6169,-5.7648,-15.5144,-9.3855,-14.2620,-3.8789,-6.4687,-2.1691,95,4,98,,,,0,22,0,0.999496,0.019969,0.031756,0.015251,-0.019157,-0.011875,0.980378,31.16495,-4.40678,-40.86753,4,4,4,4,4,4,4,4,4,4,4,4,4,4,4,4,4,4,4,4,4,4,4,4,4,4,4,4,4,4,4,4,96,0.995,95,4,4,4,4,4,4,4,4,4,4,4,4,4,4,4,4,4,4,4,4,4,4,4,4,4,4,4,4,4,4,4,4,1,44.360,0.443604,0.000,1.000,1,18.583,0.185832,0.000,1.000,1,28.198,0.281983,0.000,1.000,1,49.864,0.498636,0.000,1.000,1,43.249,0.432493,0.000,1.000,1,40.133,0.401330,0.000,1.000,3.226778,4.483350,2.335009,1.148520,0.604668,2.936565,4.261698,2.561636,1.378768,0.563795,2.988928,4.279406,2.164386,1.144780,0.517576,3.138728,4.188073,1.864639,1.176037,0.502913,3.169136,4.437688,2.208938,1.256849,0.623979,2.900391,3.884160,2.048158,1.177254,0.511331,3.176960,4.271141,2.358153,1.205943,0.642570,3.274912,4.129747,2.106500,1.242358,0.608268,3.119976,4.252564,2.281179,1.281318,0.570588,3.264114,3.758824,2.273463,1.062126,0.564803,2.535634,3.700332,2.014039,1.090364,0.505192,2.839335,3.962763,2.100283,1.242626,0.564201,2.716108,3.548427,2.156151,1.067166,0.505933,3.565003,4.139277,2.428014,1.302133,0.540777,3.313773,3.893460,2.426608,1.393683,0.594388,2.461803,3.355803,2.132603,1.230780,0.542178,3.252920,3.715111,2.094210,1.357184,0.526413,2.491857,3.458064,2.093599,1.039159,0.547082,3.447147,4.518426,2.296293,1.287688,0.652418,2.737250,3.270886,2.180059,1.044679,0.549326,2.933674,3.943401,2.415173,1.076403,0.557096,2.881692,3.629435,2.144535,1.217146,0.522484,3.209095,4.159399,2.382394,1.338493,0.563517,2.770557,3.521902,1.967080,1.165292,0.501398,2.441125,3.850748,2.102374,1.058821,0.540065,3.412000,4.438060,2.771295,1.298890,0.588905,2.916458,3.567476,2.153311,1.129896,0.527800,3.310496,3.629669,2.197220,1.311966,0.570959,2.996317,4.632315,2.147536,1.272197,0.642770,3.118354,4.388211,2.456336,1.179549,0.593570,3.011413,3.726265,1.881248,1.268278,0.495405,2.946583,4.003931,1.991033,1.118037,0.489812,neutral,neutral_baseline,good
1783252802.179688,23,0,-10.8216,-6.1751,3.5956,4.2204,1.8888,9.8608,9.7884,5.2890,5.8678,-4.8478,-5.3280,-8.2370,-8.3399,-6.5308,-7.7345,-2.4296,4.1904,6.2811,11.4859,6.5830,3.5197,4.4835,5.7779,-6.9067,-3.3111,-11.0067,-8.5262,-9.6266,-11.3580,-1.7451,-1.1041,4.1901,95,4,98,,,,0,23,0,0.999494,0.019975,0.031816,0.015144,-0.020643,-0.006149,0.979299,31.16406,-4.40748,-40.86714,4,4,4,4,4,4,4,4,4,4,4,4,4,4,4,4,4,4,4,4,4,4,4,4,4,4,4,4,4,4,4,4,96,0.995,95,4,4,4,4,4,4,4,4,4,4,4,4,4,4,4,4,4,4,4,4,4,4,4,4,4,4,4,4,4,4,4,4,1,41.972,0.419724,0.000,1.000,1,19.354,0.193538,0.000,1.000,1,21.640,0.216398,0.000,1.000,1,48.197,0.481974,0.000,1.000,1,47.982,0.479815,0.000,1.000,1,43.728,0.437285,0.000,1.000,3.385997,4.382877,2.482679,1.354328,0.580437,3.260483,3.554381,2.352182,1.294273,0.649297,2.727792,4.101036,1.980224,1.086084,0.449900,2.774163,3.802861,1.913006,1.009614,0.501516,3.045108,4.543932,2.026513,1.416888,0.549342,2.826000,3.950613,1.915454,0.951141,0.527119,3.210060,4.654470,2.530433,1.363367,0.634088,3.071514,4.364948,2.095107,1.394462,0.632583,2.976074,4.786576,2.369650,1.209774,0.573461,3.297408,4.182561,2.309221,1.302273,0.589827,2.797282,3.559612,1.905607,1.047713,0.477718,2.973858,3.872476,1.972556,1.257832,0.524666,2.828112,3.547568,2.129922,1.214821,0.492217,3.313184,4.201997,2.365643,1.209272,0.612973,3.083284,4.447390,2.256445,1.259840,0.584905,2.803503,3.433724,2.094840,1.077660,0.495488,2.553882,4.340869,2.456448,1.221799,0.534442,2.563484,3.122520,2.091378,1.189554,0.525995,3.362540,4.256400,2.287713,1.202252,0.599720,2.617409,3.712517,2.361489,1.100996,0.548853,2.796205,3.846396,2.240672,1.170556,0.517003,2.700909,4.063945,2.017036,1.163202,0.519107,3.137759,4.443112,2.253668,1.175020,0.521566,2.967048,3.624395,2.099540,1.128973,0.521157,2.768630,3.623984,2.066744,0.957884,0.482079,3.476643,4.620130,2.254869,1.281233,0.609835,2.828560,4.140251,2.259248,1.195155,0.595532,3.242966,4.327106,2.370712,1.203147,0.633291,2.879618,4.164565,2.525760,1.451859,0.660351,3.151646,3.849450,2.338479,1.107133,0.577042,3.121209,3.663625,2.195212,1.075490,0.531026,2.693630,3.957627,2.184484,1.138412,0.542116,neutral,neutral_baseline,good
1783252802.187500,24,0,-3.4117,2.3345,3.4947,5.0632,12.3563,9.6976,6.0193,7.5742,4.9582,-3.2950,-7.4690,-9.3842,-9.6574,-8.7317,-2.9500,-0.5683,4.9031,11.2921,7.5005,5.7310,10.8657,-0.4159,-2.3188,-6.7422,-9.0491,-8.2789,-6.4825,-4.6027,1.3968,-0.2462,2.7302,11.8792,95,4,98,,,,0,24,0,0.999492,0.019980,0.031875,0.015037,-0.006120,-0.004115,0.982558,31.16316,-4.40817,-40.86675,4,4,4,4,4,4,4,4,4,4,4,4,4,4,4,4,4,4,4,4,4,4,4,4,4,4,4,4,4,4,4,4,96,0.995,95,4,4,4,4,4,4,4,4,4,4,4,4,4,4,4,4,4,4,4,4,4,4,4,4,4,4,4,4,4,4,4,4,1,43.779,0.437790,0.000,1.000,1,15.923,0.159227,0.000,1.000,1,21.289,0.212889,0.000,1.000,1,46.994,0.469939,0.000,1.000,1,42.763,0.427635,0.000,1.000,1,40.914,0.409140,0.000,1.000,3.172123,4.003127,2.105964,1.331678,0.620049,2.965023,4.933089,2.102545,1.283220,0.570018,3.037838,3.741294,2.357849,1.132165,0.504474,2.652096,3.868004,1.859641,1.191403,0.492381,3.162946,4.447321,2.790029,1.310751,0.676477,2.806855,3.743732,2.335947,1.046660,0.469457,3.051931,4.697925,2.492738,1.318491,0.605721,3.035032,4.689668,2.259215,1.088009,0.557198,3.209161,4.151139,2.324748,1.227029,0.531866,3.073353,3.799573,2.373448,1.166396,0.580629,2.746512,3.897139,2.045627,1.042225,0.506138,3.136327,3.565821,2.067412,1.133770,0.531578,2.759210,4.132466,2.285708,1.179705,0.527807,2.936455,4.068388,2.417104,1.335587,0.630129,3.263681,4.369394,2.220842,1.115267,0.619227,2.798624,3.787131,1.753780,1.096954,0.500748,2.820640,4.432897,2.238060,1.266430,0.580428,2.698565,3.504633,2.300077,0.968787,0.493837,3.146231,4.458899,2.544969,1.272013,0.566963,2.911732,3.661866,2.083405,1.082454,0.588894,2.709567,4.015613,1.977261,1.166791,0.542264,3.081202,3.918114,2.191223,1.051005,0.518311,3.383206,4.350296,2.346704,1.302818,0.569693,2.821740,3.505886,1.945960,1.079542,0.513508,2.830367,3.887402,2.124852,1.096861,0.537350,3.401944,4.403572,2.325382,1.292621,0.564231,2.697382,4.249770,2.306310,1.149710,0.524296,3.142260,4.319584,2.178442,1.461762,0.585768,3.032664,4.562570,2.757852,1.310731,0.604056,3.540823,3.635974,2.048176,1.264514,0.527000,2.916777,3.663498,2.127935,1.051483,0.522718,3.065556,4.348135,2.260610,1.073003,0.537247,neutral,neutral_baseline,good
1783252802.195312,25,0,1.9317,5.6428,11.7163,7.1338,8.7238,3.4644,3.5833,4.6919,-7.2458,-7.2470,-10.6421,-15.2328,-6.1403,-5.9653,-2.2335,6.9125,7.5015,7.3597,5.0033,10.0169,5.2448,-5.9388,-3.8812,-5.3788,-6.7633,-6.2602,-2.8600,0.5909,4.5659,7.7458,7.7465,3.0237,95,4,98,,,,0,25,0,0.999490,0.019984,0.031934,0.014928,-0.024196,0.016742,0.987428,31.16225,-4.40886,-40.86636,4,4,4,4,4,4,4,4,4,4,4,4,4,4,4,4,4,4,4,4,4,4,4,4,4,4,4,4,4,4,4,4,96,0.995,95,4,4,4,4,4,4,4,4,4,4,4,4,4,4,4,4,4,4,4,4,4,4,4,4,4,4,4,4,4,4,4,4,1,45.877,0.458773,0.000,1.000,1,20.431,0.204311,0.000,1.000,1,22.047,0.220473,0.000,1.000,1,44.500,0.444996,0.000,1.000,1,43.905,0.439051,0.000,1.000,1,39.373,0.393728,0.000,1.000,3.295622,3.698738,2.445556,1.150881,0.586188,3.016818,4.283132,2.339777,1.335488,0.546298,2.951678,4.167810,2.156832,1.220937,0.495913,2.821391,3.289911,2.004881,0.957780,0.495284,3.623029,4.569321,2.414104,1.290901,0.609808,2.918344,3.540449,2.094494,1.217960,0.486645,3.555698,4.333965,2.161377,1.306243,0.557068,3.273163,4.452298,2.493621,1.268715,0.593050,3.335394,4.008484,2.227404,1.318550,0.612122,2.838558,4.072802,2.243290,1.298824,0.554018,2.748925,3.772818,2.171017,1.181887,0.491525,2.779273,3.512210,2.066562,1.162822,0.512147,2.657797,3.606927,2.200893,1.073887,0.513958,3.363697,4.480359,2.563098,1.178237,0.518594,3.263849,3.664064,2.480616,1.266299,0.614670,3.017528,2.989594,2.172137,1.183620,0.479227,3.081063,4.358332,2.439610,1.290958,0.528513,2.554067,3.688961,1.900024,1.076560,0.480244,3.557149,4.345459,2.261154,1.163393,0.571235,3.047674,3.563767,2.112474,1.157335,0.564876,2.961752,3.824915,1.980109,1.172979,0.530411,2.975467,3.776075,2.252905,1.184863,0.478522,3.576811,4.244208,2.538171,1.208266,0.632576,3.137632,3.250582,2.001080,0.993505,0.514620,2.723545,3.980346,2.085062,1.106039,0.495840,3.205932,4.842586,2.315930,1.255643,0.542873,2.992114,3.904263,2.231902,1.208863,0.480758,3.247898,4.510244,2.299646,1.233361,0.573167,3.432261,3.860108,2.377071,1.312786,0.580928,2.910496,4.476291,2.004416,1.322217,0.570637,2.795306,4.034270,2.525568,1.081458,0.531604,3.058400,3.873339,2.277018,1.238293,0.518408,neutral,neutral_baseline,good
1783252802.203125,26,0,5.5712,8.6910,9.1548,3.6157,9.1401,-0.7230,-2.7201,-5.6031,-13.1695,-13.4582,-12.9248,-8.9827,-8.6694,-1.7067,4.5059,10.6411,10.8083,8.0984,2.5519,0.5777,1.2959,-5.1703,0.8327,-8.7406,-5.2003,-1.4626,4.4273,-0.6845,4.8709,3.7355,5.7209,5.5687,95,4,98,,,,0,26,0,0.999488,0.019988,0.031992,0.014819,-0.016099,0.010610,0.987183,31.16133,-4.40956,-40.86598,4,4,4,4,4,4,4,4,4,4,4,4,4,4,4,4,4,4,4,4,4,4,4,4,4,4,4,4,4,4,4,4,96,0.995,95,4,4,4,4,4,4,4,4,4,4,4,4,4,4,4,4,4,4,4,4,4,4,4,4,4,4,4,4,4,4,4,4,1,47.250,0.472499,0.000,1.000,1,18.396,0.183964,0.000,1.000,1,24.384,0.243836,0.000,1.000,1,46.310,0.463095,0.000,1.000,1,42.778,0.427776,0.000,1.000,1,45.070,0.450703,0.000,1.000,3.003746,3.760643,2.353562,1.265541,0.548446,3.728789,3.807778,2.413977,1.191204,0.551745,2.885465,3.792686,2.160533,1.101160,0.568449,2.716034,3.859342,1.910117,1.193711,0.522883,2.864527,4.421309,2.468112,1.425542,0.532340,2.426820,3.805905,1.903185,1.193409,0.492555,2.816482,4.222750,2.512762,1.191113,0.588118,3.205033,4.148725,2.396983,1.379156,0.569876,3.243313,4.630841,2.067855,1.297891,0.582325,2.990014,3.868252,2.366216,1.337754,0.518925,2.660242,3.628377,1.760176,1.124098,0.509635,2.763299,4.025089,2.024384,1.089730,0.548432,2.550109,3.371531,1.988623,1.089962,0.512738,3.023821,4.217608,2.105187,1.209454,0.592953,3.508402,4.138361,2.046360,1.402111,0.559029,2.568011,3.148305,1.970297,1.024512,0.514866,3.087904,4.539324,2.227537,1.364117,0.597804,2.997058,3.782710,2.106070,1.080459,0.561421,3.315625,3.999197,2.359950,1.169635,0.558445,2.986938,3.895984,2.186287,1.222185,0.488780,3.143341,4.194286,1.983464,1.158373,0.559000,3.013828,3.546380,2.349673,1.106704,0.528555,3.258671,4.563247,2.168449,1.162599,0.578775,3.003721,4.041486,2.146977,1.165641,0.546406,2.713955,3.699821,2.255046,1.102399,0.513521,2.981628,4.418613,2.252247,1.384077,0.627124,2.966483,4.023819,1.980054,1.093323,0.482537,3.133152,4.450914,2.404965,1.282824,0.591803,3.492774,4.894186,2.181631,1.218255,0.617987,3.020191,4.294418,2.256707,1.344779,0.586830,2.518736,3.703088,2.133793,1.097858,0.545516,3.024222,4.354874,2.050736,1.178806,0.545450,neutral,neutral_baseline,good
1783252802.210938,27,0,8.0002,9.2129,6.8570,9.3534,4.5630,-1.7206,-8.0863,-10.9747,-8.3278,-14.2080,-5.9217,-1.5403,-6.3843,7.4060,6.1284,11.5947,5.7802,7.8435,4.7730,2.2858,-2.3351,-6.1168,-6.8550,-9.7561,-3.7346,0.8623,2.9653,2.7420,3.5132,2.2708,4.4702,-1.1327,95,4,98,,,,0,27,0,0.999486,0.019991,0.032050,0.014709,-0.016476,0.005377,0.986477,31.16040,-4.41026,-40.86559,4,4,4,4,4,4,4,4,4,4,4,4,4,4,4,4,4,4,4,4,4,4,4,4,4,4,4,4,4,4,4,4,96,0.995,95,4,4,4,4,4,4,4,4,4,4,4,4,4,4,4,4,4,4,4,4,4,4,4,4,4,4,4,4,4,4,4,4,1,44.693,0.446932,0.000,1.000,1,24.770,0.247696,0.000,1.000,1,21.145,0.211454,0.000,1.000,1,45.762,0.457617,0.000,1.000,1,43.218,0.432183,0.000,1.000,1,38.205,0.382053,0.000,1.000,3.057140,4.349890,2.241527,1.301865,0.553686,3.435853,4.069991,2.350039,1.315927,0.613525,2.879808,3.654953,2.261523,1.139844,0.571970,2.836943,3.789974,1.774227,1.031113,0.489298,3.310101,4.258088,2.412513,1.325472,0.600172,3.033801,3.632311,2.145177,0.997194,0.500069,2.924216,3.913511,2.489135,1.318272,0.545013,3.203883,4.068788,2.448849,1.215551,0.579033,2.966950,4.487959,2.217812,1.225698,0.540270,3.303141,3.881669,2.213267,1.171501,0.576413,3.012229,3.500346,2.085575,1.154833,0.519980,2.892616,3.790386,2.042504,1.040502,0.484225,2.839867,3.706995,2.158072,1.118837,0.461407,3.024359,4.349005,2.417737,1.285454,0.551044,3.164242,4.133494,2.280236,1.317230,0.594448,2.954180,4.064384,2.270210,1.206901,0.506713,2.934375,4.067421,2.117812,1.265494,0.572755,2.846784,3.569907,1.728461,1.118710,0.514582,3.196655,4.139018,2.171232,1.299734,0.583127,2.913952,3.664676,2.139535,0.997790,0.527781,2.773883,3.743872,2.234971,1.071528,0.542409,2.811850,3.372376,2.050171,1.169178,0.499795,3.134591,3.879444,2.393925,1.303067,0.604119,2.746345,3.859145,1.988460,1.074990,0.503208,2.767734,3.708317,1.933104,1.094131,0.509995,2.922909,4.135271,2.423748,1.431116,0.651270,2.837178,3.950371,2.097435,1.003930,0.586078,3.357252,4.191736,2.436913,1.308476,0.562116,2.944682,4.352308,2.661748,1.410396,0.635767,3.036761,4.391872,2.272375,1.158111,0.549619,2.743523,3.942244,1.884364,1.024703,0.506680,2.835513,4.105469,2.082539,1.173251,0.546910,neutral,neutral_baseline,good
1783252802.218750,28,0,9.4066,6.2165,2.8770,3.2954,0.3247,-5.5653,-7.4764,-12.0309,-10.3181,-5.6940,-6.5701,4.8118,5.9172,11.3890,13.7366,11.2994,6.3528,7.8663,0.4988,-3.9531,-6.5407,-1.9929,-7.3743,-5.6287,-4.6888,-2.0971,2.1783,6.4760,2.9512,3.6622,0.8616,-1.3970,95,4,98,,,,0,28,0,0.999484,0.019994,0.032107,0.014597,-0.026864,0.014494,0.977565,31.15946,-4.41096,-40.86520,4,4,4,4,4,4,4,4,4,4,4,4,4,4,4,4,4,4,4,4,4,4,4,4,4,4,4,4,4,4,4,4,96,0.995,95,4,4,4,4,4,4,4,4,4,4,4,4,4,4,4,4,4,4,4,4,4,4,4,4,4,4,4,4,4,4,4,4,1,44.522,0.445224,0.000,1.000,1,23.136,0.231362,0.000,1.000,1,19.199,0.191994,0.000,1.000,1,47.818,0.478178,0.000,1.000,1,43.514,0.435144,0.000,1.000,1,37.495,0.374954,0.000,1.000,3.474842,4.092380,2.242536,1.205737,0.554143,2.758659,4.429579,2.288208,1.298750,0.570408,2.972127,3.895009,1.999258,1.305749,0.523017,2.654674,3.614884,1.978469,1.155594,0.490890,3.300070,4.335177,2.431644,1.527366,0.585154,2.882241,4.098594,1.990592,1.028706,0.502361,3.204374,4.389390,2.364984,1.210401,0.582875,3.673357,4.000733,2.388733,1.278627,0.627800,3.200778,3.577013,2.316744,1.149904,0.540521,3.301841,4.314256,2.080729,1.313908,0.563651,2.776995,4.086317,1.921177,1.181951,0.494726,2.473239,3.804650,2.237188,1.002622,0.518957,2.786607,3.539866,2.007622,1.011607,0.498605,2.879243,4.319511,2.327072,1.273168,0.605894,3.031891,4.100953,2.385858,1.211941,0.562693,2.964280,3.630936,1.893010,1.097661,0.509571,3.480504,4.136870,2.392914,1.259234,0.606922,3.032852,3.647122,2.255444,1.117508,0.496282,3.358426,4.606052,2.306707,1.254626,0.584679,2.986941,3.845444,2.123639,1.132856,0.595981,2.897212,3.653746,2.027827,1.002675,0.511032,2.602153,4.089688,1.954271,1.152335,0.512729,3.317593,4.066922,2.416086,1.239068,0.567778,2.668588,3.238499,2.191882,0.984580,0.520086,2.741151,3.904927,2.212807,1.144524,0.527703,3.049191,4.471748,2.301907,1.154812,0.555609,2.675669,4.057502,2.181586,1.283689,0.547777,3.117754,4.112879,2.363522,1.330764,0.640214,3.112098,3.822419,2.414681,1.399219,0.592794,3.236229,4.064769,2.162656,1.301964,0.567646,2.746169,3.461568,2.079816,1.185977,0.529512,2.944053,4.052347,2.074985,1.222656,0.540935,neutral,neutral_baseline,good
1783252802.226562,29,0,8.9740,6.0464,3.9894,-0.0032,-8.2378,-11.2396,-11.9409,-4.3789,-5.6886,-2.3389,-3.5216,7.2240,10.9804,11.8585,9.9381,9.8781,6.3148,0.6051,-6.4306,-11.1043,-5.2989,-10.4158,-4.0097,-0.9026,-1.1679,-0.3059,3.6978,7.0127,5.2128,0.5128,1.3059,3.4257,95,4,98,,,,0,29,0,0.999483,0.019996,0.032163,0.014485,-0.007296,0.010074,0.995309,31.15852,-4.41166,-40.86482,4,4,4,4,4,4,4,4,4,4,4,4,4,4,4,4,4,4,4,4,4,4,4,4,4,4,4,4,4,4,4,4,96,0.995,95,4,4,4,4,4,4,4,4,4,4,4,4,4,4,4,4,4,4,4,4,4,4,4,4,4,4,4,4,4,4,4,4,1,44.838,0.448377,0.000,1.000,1,26.323,0.263227,0.000,1.000,1,22.273,0.222731,0.000,1.000,1,47.217,0.472168,0.000,1.000,1,42.475,0.424751,0.000,1.000,1,39.093,0.390934,0.000,1.000,2.944323,3.766067,2.471711,1.253614,0.567722,2.793917,4.129408,2.233100,1.182430,0.583551,2.786219,3.700760,2.103044,1.263139,0.564127,2.579431,3.935651,1.934596,1.141804,0.515713,3.445309,4.033206,2.346062,1.257644,0.615856,2.719029,3.645322,2.234410,1.128764,0.514340,2.851870,4.429866,2.447216,1.454128,0.559156,3.076532,4.775663,2.440181,1.167228,0.585191,3.381788,3.742301,2.093426,1.226130,0.549806,3.102898,3.786554,2.340146,1.211459,0.641804,2.924422,3.616590,2.075811,1.202091,0.481848,3.002030,3.419854,2.000517,1.100363,0.516255,2.824780,3.735208,2.042180,1.073768,0.513845,3.283658,4.499044,2.228588,1.210407,0.637864,3.012134,4.458318,2.397767,1.284883,0.595455,2.513544,3.477899,2.011060,1.023700,0.505795,3.148164,4.256616,2.331124,1.226794,0.569215,2.990309,3.659346,1.958445,1.091647,0.468614,3.289805,4.081579,2.432049,1.298911,0.550902,3.015453,4.234219,2.186712,1.246868,0.553575,2.892033,3.957781,1.863124,1.173153,0.540454,3.061580,3.779014,2.203561,1.218626,0.515571,3.016573,4.286664,2.253933,1.313465,0.595246,2.628904,3.215182,1.668870,0.957296,0.534223,2.774617,3.547234,2.131953,1.132509,0.565850,3.200736,4.078052,2.411984,1.102751,0.576368,2.717532,4.041466,1.848270,1.224656,0.580314,3.170725,4.118243,2.557087,1.364729,0.614680,3.277212,4.066003,2.512152,1.404518,0.524936,3.257828,4.025261,2.281212,1.391803,0.540057,3.056352,4.258647,2.092713,1.095340,0.570441,2.860033,3.974052,2.040434,1.258639,0.523872,neutral,neutral_baseline,good
1783252802.234375,30,0,5.9503,1.4505,-3.5743,-1.1000,-6.1343,-9.1263,-10.1565,-9.3019,-2.0342,2.5479,2.0771,8.3691,5.4199,8.5997,10.2096,3.0712,-1.6739,-3.8206,-6.9776,-14.0805,-8.2928,-8.9083,-0.7053,1.9672,6.0022,5.1457,1.7729,4.8068,0.6238,-0.6334,-1.9753,-2.4372,95,4,98,,,,0,30,0,0.999481,0.019997,0.032220,0.014372,-0.010877,0.009941,0.969355,31.15756,-4.41236,-40.86444,4,4,4,4,4,4,4,4,4,4,4,4,4,4,4,4,4,4,4,4,4,4,4,4,4,4,4,4,4,4,4,4,96,0.995,95,4,4,4,4,4,4,4,4,4,4,4,4,4,4,4,4,4,4,4,4,4,4,4,4,4,4,4,4,4,4,4,4,1,44.977,0.449767,0.000,1.000,1,19.385,0.193851,0.000,1.000,1,20.353,0.203529,0.000,1.000,1,46.968,0.469683,0.000,1.000,1,42.838,0.428375,0.000,1.000,1,39.118,0.391184,0.000,1.000,3.206281,3.882151,2.209904,1.186237,0.597900,3.010889,4.314165,2.111037,1.283294,0.542731,2.903901,3.470807,2.163581,1.139210,0.534413,2.676111,3.754455,2.077332,1.188385,0.534124,3.160178,4.177927,2.262126,1.187454,0.551741,3.125045,3.937142,2.163010,1.109065,0.502221,2.964376,4.560363,2.321701,1.316909,0.549239,3.422181,4.461940,2.322947,1.262565,0.563571,2.863331,3.721078,2.330217,1.201827,0.580174,3.335040,4.106935,2.181415,1.343009,0.541888,2.657316,3.509738,2.092935,1.052001,0.468138,2.758463,3.960853,2.184887,1.154159,0.610659,2.735753,3.705974,1.931434,1.134377,0.535403,3.310673,4.644216,2.269877,1.196657,0.581088,3.229026,4.313025,2.607537,1.170271,0.531094,2.720844,3.708820,1.732267,1.194609,0.483284,3.310719,4.226930,2.366040,1.220881,0.559014,2.820835,4.062081,2.085840,1.031213,0.499131,3.125174,4.354545,2.441943,1.270647,0.631863,2.921169,3.800259,2.230173,1.148462,0.519535,2.764134,3.934063,2.067038,1.109784,0.518635,2.626001,4.284645,2.148448,1.042769,0.536276,3.349699,4.231138,2.326316,1.126540,0.551743,2.851460,4.025512,2.181192,1.194433,0.510188,2.723412,3.522476,2.101027,1.094272,0.547393,3.694208,4.374366,2.008310,1.297974,0.595497,3.024493,3.850377,2.324484,1.063310,0.566098,3.212201,4.232172,2.152588,1.290139,0.609859,3.533350,4.184959,2.344993,1.292311,0.611703,2.738882,4.320316,2.243122,1.337201,0.551741,2.863888,3.683074,2.194663,1.106322,0.507630,2.876219,3.866993,2.370268,1.095606,0.549618,neutral,neutral_baseline,good
1783252802.242188,31,0,8.9372,-4.5809,-3.5806,-1.8622,-6.7806,-7.7916,-5.7892,-3.7452,-1.7460,0.8815,6.3494,11.5378,7.2335,0.4177,-0.3884,-6.5931,-5.4268,-5.4844,-9.6407,-6.7649,-5.0759,-4.7158,-3.3594,3.5224,7.1311,5.7814,6.9210,9.1762,2.7098,-2.2147,-3.3241,-1.9333,95,4,98,,,,0,31,0,0.999479,0.019998,0.032275,0.014257,-0.017683,0.005912,0.991670,31.15659,-4.41306,-40.86405,4,4,4,4,4,4,4,4,4,4,4,4,4,4,4,4,4,4,4,4,4,4,4,4,4,4,4,4,4,4,4,4,96,0.995,95,4,4,4,4,4,4,4,4,4,4,4,4,4,4,4,4,4,4,4,4,4,4,4,4,4,4,4,4,4,4,4,4,1,43.841,0.438415,0.000,1.000,1,19.355,0.193547,0.000,1.000,1,26.212,0.262118,0.000,1.000,1,48.692,0.486922,0.000,1.000,1,45.243,0.452425,0.000,1.000,1,40.946,0.409463,0.000,1.000,3.209895,3.807536,2.335749,1.277301,0.558826,3.089749,4.104693,2.161284,1.332566,0.609577,2.947302,4.103641,2.293276,1.188608,0.525355,2.964941,3.544068,2.003484,1.164852,0.514650,3.416652,4.303663,2.437059,1.162100,0.621736,2.961910,3.458814,2.267204,1.024386,0.502859,2.505073,4.203739,2.671229,1.407920,0.585166,3.457063,4.223806,2.245390,1.253388,0.567104,3.238197,4.099380,2.394810,1.344125,0.604290,3.069923,4.141221,2.254422,1.080951,0.615007,2.981891,3.881011,2.134867,1.021460,0.490978,2.875523,3.548878,2.280169,1.027988,0.509841,3.145037,3.397385,1.851035,1.173313,0.528564,3.136803,4.386201,2.367716,1.217727,0.533529,3.308844,4.513312,2.194682,1.039813,0.587562,2.703026,3.667721,1.994482,1.021104,0.538080,3.529386,4.212171,2.111099,1.301794,0.561167,2.603256,3.784660,2.139482,1.102707,0.527033,3.298119,4.326888,2.459214,1.423193,0.602290,2.885814,3.666112,2.046667,1.167032,0.566387,2.856811,3.098268,2.218201,1.148442,0.489925,2.957369,3.731125,2.152871,1.087680,0.512814,3.468048,4.615917,2.369458,1.318036,0.617790,2.767460,3.769460,1.814609,1.096028,0.497346,2.907408,3.471421,2.293015,1.141398,0.496647,3.418119,4.596075,2.391386,1.409657,0.569426,2.650335,3.877879,2.227624,1.183525,0.501422,3.261010,4.534728,2.535140,1.290140,0.681475,3.272274,4.349834,2.237271,1.183557,0.653909,2.737818,3.899945,2.058986,1.127500,0.532273,2.874348,3.760068,1.978167,1.121277,0.498759,2.893536,4.207181,2.294046,1.168753,0.520482,neutral,neutral_baseline,good
1783252802.250000,32,0,-0.5876,-2.2187,-3.0387,-10.3845,-9.7250,-7.5909,-1.4494,2.2856,4.3045,1.6470,2.2912,8.8121,4.8850,1.4311,1.0590,-9.4733,-7.5709,-9.5390,-5.4127,-2.5305,-0.0826,4.7191,7.1282,3.1159,5.4955,2.5671,0.7047,1.6307,-2.7534,-3.9252,-8.3424,-2.7046,95,4,98,,,,0,32,0,0.999477,0.019999,0.032330,0.014142,-0.007359,0.018167,0.982291,31.15561,-4.41376,-40.86367,4,4,4,4,4,4,4,4,4,4,4,4,4,4,4,4,4,4,4,4,4,4,4,4,4,4,4,4,4,4,4,4,96,0.995,95,4,4,4,4,4,4,4,4,4,4,4,4,4,4,4,4,4,4,4,4,4,4,4,4,4,4,4,4,4,4,4,4,1,46.185,0.461851,0.000,1.000,1,23.634,0.236343,0.000,1.000,1,21.788,0.217876,0.000,1.000,1,45.714,0.457138,0.000,1.000,1,40.357,0.403575,0.000,1.000,1,38.986,0.389863,0.000,1.000,3.182783,3.689505,2.377906,1.187877,0.588429,3.017529,4.397799,2.084856,1.388396,0.609637,2.508931,3.879927,2.065359,1.165336,0.524119,3.012780,3.502879,2.095301,0.945523,0.525207,3.166051,4.272014,2.449458,1.485372,0.666312,2.809532,3.963858,1.989540,0.995315,0.493211,3.907789,4.267755,2.303740,1.283330,0.608639,3.466383,4.322636,2.480500,1.459692,0.600872,3.169055,4.267105,2.258586,1.189493,0.547890,3.029570,4.172074,2.221612,1.332313,0.545110,2.988800,3.536078,2.009784,1.068855,0.518205,2.588785,3.922167,2.237466,1.163469,0.473249,2.702683,3.928049,2.114996,1.090516,0.508167,3.357581,4.154584,2.163703,1.123846,0.617856,3.160194,4.334899,2.302295,1.441072,0.528723,3.031185,3.777885,1.952180,1.073458,0.525059,3.073947,4.277939,2.086043,1.146385,0.550461,2.879545,3.697323,2.049654,1.072512,0.510716,2.869035,3.955381,2.616109,1.228644,0.632204,3.006407,3.706666,2.145565,0.996145,0.569252,2.978414,3.995610,2.182208,1.091678,0.576235,2.836802,3.882278,2.050170,1.140652,0.526377,3.162034,4.267052,2.348676,1.265305,0.633055,2.801553,3.831599,2.120295,1.130718,0.553857,2.728494,3.511374,1.934514,1.121354,0.517149,3.172291,4.367352,2.587264,1.097556,0.603043,2.918075,4.133706,1.919817,1.206631,0.507666,3.116791,4.319167,2.499122,1.355513,0.571945,3.253051,4.085984,2.500068,1.299953,0.566035,3.226703,4.183471,2.194138,1.329766,0.538915,2.928366,4.036913,2.160688,1.152456,0.533156,3.135269,3.605351,2.425240,1.147027,0.547100,neutral,neutral_baseline,good
1783252802.257812,33,0,-1.6202,-7.7097,-11.8526,-10.3988,-9.7785,-10.6141,-5.7034,5.9136,2.7296,7.3958,6.1364,4.9945,4.0444,-0.6863,-3.9296,-5.9911,-4.8517,-1.9132,-2.9620,1.7336,4.3305,1.4513,12.3323,5.2129,7.1000,1.2600,1.4056,-3.2836,-3.2528,-4.4561,-4.1430,-2.1657,95,4,98,,,,0,33,0,0.999475,0.019998,0.032385,0.014026,-0.015076,0.008156,0.994293,31.15463,-4.41447,-40.86329,4,4,4,4,4,4,4,4,4,4,4,4,4,4,4,4,4,4,4,4,4,4,4,4,4,4,4,4,4,4,4,4,96,0.995,95,4,4,4,4,4,4,4,4,4,4,4,4,4,4,4,4,4,4,4,4,4,4,4,4,4,4,4,4,4,4,4,4,1,43.791,0.437909,0.000,1.000,1,22.224,0.222243,0.000,1.000,1,20.839,0.208391,0.000,1.000,1,42.179,0.421791,0.000,1.000,1,44.649,0.446491,0.000,1.000,1,39.874,0.398744,0.000,1.000,3.283857,4.046393,2.110894,1.263965,0.549184,3.218568,4.122347,2.376062,1.322008,0.572823,2.923245,3.640245,1.834937,1.108242,0.588033,2.601695,3.815433,2.072231,1.167624,0.507124,2.974318,4.270883,2.386929,1.291948,0.597691,2.768549,3.746105,2.019679,1.183683,0.486081,3.517831,4.211680,2.221132,1.493490,0.594127,3.418798,4.178277,2.380919,1.400827,0.561703,3.132222,3.783387,2.259432,1.189820,0.590609,3.326627,3.979545,2.404548,1.259507,0.576406,2.862752,3.763561,1.988783,1.018909,0.513343,2.757465,3.599268,1.989784,1.185145,0.554088,2.921428,4.059668,2.069951,0.963868,0.472435,3.168550,4.349136,2.066157,1.213237,0.626050,3.173661,4.177249,2.486244,1.296993,0.550832,2.802998,3.653696,2.037810,1.103558,0.520269,3.107117,4.414630,2.347250,1.230572,0.601569,2.529009,3.653918,2.233233,1.152366,0.498682,3.211908,4.387605,2.256807,1.276123,0.595033,2.734596,3.922581,1.922552,1.195416,0.473601,2.732457,3.965224,2.181288,1.202537,0.507923,2.850743,3.608824,1.992177,1.083742,0.509177,3.090905,3.933340,2.257226,1.213761,0.595536,2.477059,3.397655,2.118486,1.152169,0.450683,2.643662,3.415613,2.110257,1.036590,0.450529,3.228522,4.212583,2.444510,1.209642,0.566126,2.799393,4.093034,2.143023,1.111691,0.510623,3.112908,4.526596,2.353828,1.378375,0.528703,3.139167,4.348016,2.359479,1.223184,0.637481,3.234882,3.906444,2.150603,1.334451,0.604647,2.696923,3.867119,1.994740,1.139150,0.547760,3.064707,4.387411,2.151124,1.292701,0.553828,neutral,neutral_baseline,good
1783252802.265625,34,0,-7.6319,-13.3806,-12.1677,-12.4961,-5.2175,-2.4083,-0.1517,3.8456,5.6788,7.5048,2.7841,3.2260,-0.6760,-4.8141,-5.9239,-9.4056,-2.1419,0.8152,4.1914,6.1455,5.7545,3.4268,1.4792,7.3943,5.2409,-3.8830,-2.7783,-8.5587,-6.6837,-2.9789,-4.0317,-1.6533,95,4,98,,,,0,34,0,0.999474,0.019997,0.032439,0.013909,-0.025401,0.005722,0.996811,31.15363,-4.41518,-40.86291,4,4,4,4,4,4,4,4,4,4,4,4,4,4,4,4,4,4,4,4,4,4,4,4,4,4,4,4,4,4,4,4,96,0.995,95,4,4,4,4,4,4,4,4,4,4,4,4,4,4,4,4,4,4,4,4,4,4,4,4,4,4,4,4,4,4,4,4,1,42.104,0.421039,0.000,1.000,1,23.115,0.231152,0.000,1.000,1,17.622,0.176215,0.000,1.000,1,51.988,0.519882,0.000,1.000,1,41.878,0.418783,0.000,1.000,1,40.869,0.408686,0.000,1.000,2.974604,4.431214,2.435904,1.283355,0.541700,3.145422,4.288476,2.462853,1.395400,0.584365,2.683939,3.947104,2.180185,1.186453,0.518960,2.757399,3.569961,2.106210,1.086407,0.525492,3.093093,4.458442,2.447284,1.309352,0.544809,2.543772,3.196755,1.981693,1.084071,0.471876,2.971888,4.848056,2.164033,1.214909,0.552406,3.108264,4.429524,2.245514,1.354282,0.564205,3.179118,4.232535,2.124331,1.284364,0.533980,2.980209,3.865184,2.149629,1.229556,0.584779,2.726419,3.752004,2.091265,0.998629,0.527364,2.963143,4.111219,2.126933,1.091054,0.499157,2.718275,3.624924,2.124841,1.119060,0.515356,3.068539,4.966442,2.333310,1.202289,0.616529,3.462620,4.253555,2.255477,1.175791,0.549984,2.928690,3.501447,1.945696,1.125071,0.467573,3.368403,4.127348,2.299739,1.153531,0.525261,2.805017,3.753471,1.940887,1.057765,0.461319,2.996278,3.835573,2.722491,1.358182,0.565136,2.779809,3.868873,2.235238,1.078813,0.569999,3.092333,4.144992,2.282628,1.109586,0.483175,2.949895,3.681913,1.995476,1.127509,0.469357,3.170650,4.563039,2.382840,1.283141,0.613833,2.959666,3.616372,2.009252,1.087644,0.479842,2.897658,3.846693,1.866805,1.067522,0.538444,3.271295,4.289894,2.410913,1.426299,0.549515,2.835188,3.736739,2.208452,1.183541,0.562698,2.928497,4.399676,2.225361,1.324236,0.603081,3.192288,4.320409,2.491971,1.369588,0.593304,2.799625,3.978666,2.357631,1.324061,0.594493,2.834893,3.832119,2.090858,1.039630,0.491438,2.873102,3.682166,2.024396,1.291944,0.583035,neutral,neutral_baseline,good
1783252802.273438,35,0,-11.5307,-9.4232,-8.7205,-6.8219,-3.0789,4.0988,2.6851,7.7880,7.7407,8.1962,6.5780,3.5835,-7.5348,-1.5662,-2.7290,-1.6217,-4.9896,2.0518,6.5717,0.1387,0.2119,5.5501,-0.3903,-2.4230,-5.4787,-3.2465,-4.0341,-0.9653,0.5830,5.0196,-1.4483,7.9079,95,4,98,,,,0,35,0,0.999472,0.019996,0.032492,0.013791,-0.025129,0.006108,0.987660,31.15263,-4.41589,-40.86253,4,4,4,4,4,4,4,4,4,4,4,4,4,4,4,4,4,4,4,4,4,4,4,4,4,4,4,4,4,4,4,4,96,0.995,95,4,4,4,4,4,4,4,4,4,4,4,4,4,4,4,4,4,4,4,4,4,4,4,4,4,4,4,4,4,4,4,4,1,41.788,0.417879,0.000,1.000,1,22.380,0.223796,0.000,1.000,1,19.822,0.198216,0.000,1.000,1,44.374,0.443742,0.000,1.000,1,46.192,0.461924,0.000,1.000,1,44.128,0.441277,0.000,1.000,3.357281,4.558763,2.393693,1.221865,0.583289,3.103379,4.348926,2.155930,1.399461,0.591566,2.873202,3.934650,2.153041,1.127634,0.574084,2.545943,3.504560,2.120545,1.059851,0.474646,3.544132,4.484213,2.079936,1.373830,0.591209,2.754111,3.702598,2.076476,1.194315,0.537338,3.376358,4.695641,2.593531,1.312119,0.618140,3.306302,4.231507,2.509743,1.337016,0.592252,2.905988,4.165101,2.311600,1.210116,0.583168,3.291574,4.084811,1.994962,1.173007,0.579358,2.719905,3.576120,1.981016,1.207769,0.571620,3.023203,4.228524,2.221325,1.158909,0.511385,2.592186,3.839908,2.185151,1.200954,0.476162,3.430923,4.113368,2.534357,1.191407,0.596984,3.343815,3.889522,2.457094,1.242058,0.549431,2.772257,4.195955,2.080215,1.315563,0.489851,3.054099,4.532005,2.002717,1.226285,0.486235,2.930987,3.969383,1.832804,1.052532,0.484141,3.135154,4.081646,2.292718,1.276023,0.561504,2.691131,3.811942,2.195309,1.177698,0.481695,2.991647,3.789196,2.126655,1.219537,0.515394,2.739853,3.422739,2.178923,1.144677,0.570444,3.105943,3.814690,2.434420,1.376317,0.640084,2.876366,3.240526,2.069158,1.127467,0.463833,2.934716,3.243883,2.468588,1.154983,0.542392,3.134116,4.420523,2.379807,1.347868,0.606252,2.678835,4.012599,2.249803,1.185746,0.542632,2.836119,4.241871,2.202737,1.251401,0.537506,3.171465,4.329268,2.462401,1.335120,0.645128,3.115190,4.103442,2.490791,1.242608,0.599896,3.020834,3.478558,2.098898,1.094652,0.501788,2.995095,4.432865,2.110133,1.275002,0.558647,neutral,neutral_baseline,good
1783252802.281250,36,0,-13.4473,-2.6566,-1.6905,1.6214,1.7523,10.4461,9.9111,6.8748,10.1426,3.0245,2.3621,-2.0320,-4.5180,-4.0577,-4.1434,-4.7516,-1.0913,0.3106,4.9970,2.2922,-2.5501,-0.3131,-5.2323,-8.5012,-6.4218,-6.8064,-3.4533,-3.7012,-1.2196,5.1598,8.4401,10.5336,95,4,98,,,,0,36,0,0.999470,0.019994,0.032545,0.013672,-0.027403,0.022639,0.989173,31.15161,-4.41659,-40.86216,4,4,4,4,4,4,4,4,4,4,4,4,4,4,4,4,4,4,4,4,4,4,4,4,4,4,4,4,4,4,4,4,96,0.995,95,4,4,4,4,4,4,4,4,4,4,4,4,4,4,4,4,4,4,4,4,4,4,4,4,4,4,4,4,4,4,4,4,1,38.702,0.387023,0.000,1.000,1,20.570,0.205702,0.000,1.000,1,22.046,0.220463,0.000,1.000,1,48.081,0.480809,0.000,1.000,1,39.754,0.397537,0.000,1.000,1,39.072,0.390719,0.000,1.000,3.352195,4.290575,2.340241,1.312662,0.570701,2.798185,4.336204,2.575861,1.213580,0.497997,2.675382,3.895293,2.065130,1.252257,0.530354,2.785715,3.704508,2.139689,1.216696,0.499871,3.120535,3.953825,2.434154,1.359956,0.557271,2.914241,4.262515,1.987259,1.220148,0.508727,3.298867,4.260045,2.484706,1.249031,0.558073,3.394489,4.156847,2.401218,1.251862,0.537253,2.977156,4.422478,2.007753,1.057970,0.564338,3.474924,4.512976,2.405441,1.333539,0.566101,2.714897,3.414522,2.174195,1.082086,0.482678,3.083514,3.774764,2.025293,1.189431,0.498207,2.560730,3.327405,2.081820,1.108642,0.537701,3.063519,3.758155,2.169777,1.353259,0.542466,3.333052,4.387989,2.420548,1.256363,0.614908,3.075394,3.774908,2.018805,1.110074,0.475636,3.026608,4.538973,2.194136,1.262339,0.546479,2.953977,3.741336,2.093662,1.104347,0.538491,2.983750,4.511430,2.135489,1.328272,0.625571,3.026377,3.645493,2.106467,1.100866,0.526869,2.963524,3.740023,2.080248,1.158942,0.506381,2.607846,3.742530,2.080232,1.219315,0.574371,3.171316,4.141852,2.121685,1.359427,0.579748,2.669405,3.917493,1.860781,1.035161,0.508325,2.859267,3.452887,1.901520,1.124955,0.486883,3.194428,3.737683,2.356637,1.328815,0.501056,2.531915,3.732919,2.297676,1.165382,0.495844,3.459966,4.005091,2.344735,1.374328,0.590205,3.617527,4.153636,2.598699,1.354622,0.582925,3.264009,3.997471,2.312233,1.321152,0.541146,2.583675,3.463224,2.196872,1.167570,0.485614,3.061862,3.979838,2.137351,1.182202,0.606043,neutral,neutral_baseline,good
1783252802.289062,37,0,-7.3340,-3.1613,2.4202,8.7729,12.1006,4.8965,11.3463,5.1461,5.4133,-0.9985,-5.5296,-6.3045,-9.1313,-7.3789,-1.3420,-0.8517,0.0284,-1.5035,1.0207,1.2337,-0.0821,0.9053,-4.9137,-5.1560,-3.2845,-1.9969,0.5091,2.4343,5.8890,7.7314,2.3816,4.8860,95,4,98,,,,0,37,0,0.999469,0.019991,0.032597,0.013552,-0.015193,0.014162,0.994626,31.15059,-4.41731,-40.86178,4,4,4,4,4,4,4,4,4,4,4,4,4,4,4,4,4,4,4,4,4,4,4,4,4,4,4,4,4,4,4,4,96,0.995,95,4,4,4,4,4,4,4,4,4,4,4,4,4,4,4,4,4,4,4,4,4,4,4,4,4,4,4,4,4,4,4,4,1,37.963,0.379631,0.000,1.000,1,24.618,0.246182,0.000,1.000,1,20.867,0.208669,0.000,1.000,1,49.683,0.496828,0.000,1.000,1,42.581,0.425812,0.000,1.000,1,43.113,0.431131,0.000,1.000,3.355513,3.922903,2.408572,1.067201,0.606815,3.256962,4.526293,2.360863,1.283054,0.550827,2.936929,4.014776,2.127194,1.246073,0.602929,2.911526,3.756860,1.871599,1.142069,0.502808,3.481468,4.459098,2.422673,1.261279,0.609066,2.857519,3.677635,2.081945,1.055181,0.496508,3.432165,4.000159,2.399689,1.255029,0.606999,3.224678,3.987209,2.423809,1.415835,0.530085,3.007784,4.238578,2.388844,1.308412,0.615246,3.220514,3.957516,2.320408,1.273893,0.549339,2.843976,3.531033,2.117163,1.096638,0.494468,2.922268,3.454890,2.300018,1.050467,0.504965,2.781293,4.066605,1.999900,0.978085,0.510386,3.388932,4.308180,2.299617,1.170054,0.575769,3.245849,4.400869,2.294398,1.345849,0.636396,2.948410,4.269144,2.104201,1.197643,0.483427,2.812680,3.936158,2.413928,1.131920,0.605138,2.898595,3.636497,1.878475,1.052665,0.501512,3.834863,4.306208,2.393128,1.230871,0.608015,2.866083,4.046784,2.158939,1.128131,0.532242,2.885968,4.064248,2.097542,1.097265,0.512172,2.796758,3.970636,2.144439,1.083974,0.478169,3.101975,4.297811,2.482147,1.234458,0.569360,2.725264,3.613613,2.128878,1.100862,0.496078,2.976910,3.844269,1.964654,1.071596,0.520050,3.009260,4.340013,2.417124,1.190869,0.635502,2.695010,3.499802,2.165292,1.065063,0.462863,2.938989,4.137099,2.498342,1.094556,0.612615,2.915435,4.782121,2.359640,1.114136,0.637386,2.978552,4.479697,2.307359,1.230526,0.588067,2.370757,3.825394,1.863694,1.299381,0.514450,2.829951,3.692926,2.273499,1.162321,0.520087,neutral,neutral_baseline,good
1783252802.296875,38,0,-2.2721,1.9495,0.7340,4.6448,12.4193,7.0886,2.9902,5.3543,0.3976,-2.4871,-7.6302,-2.1982,-7.5342,-8.8067,-0.8274,2.5154,3.0129,2.4996,4.4685,2.6960,-1.3443,-0.6638,-4.0866,-1.1095,-1.0318,-4.5894,3.2507,9.4195,8.6594,6.7902,5.7810,4.7820,95,4,98,,,,0,38,0,0.999467,0.019988,0.032649,0.013431,-0.004416,-0.004900,0.987710,31.14956,-4.41802,-40.86140,4,4,4,4,4,4,4,4,4,4,4,4,4,4,4,4,4,4,4,4,4,4,4,4,4,4,4,4,4,4,4,4,96,0.995,95,4,4,4,4,4,4,4,4,4,4,4,4,4,4,4,4,4,4,4,4,4,4,4,4,4,4,4,4,4,4,4,4,1,45.782,0.457819,0.000,1.000,1,19.936,0.199363,0.000,1.000,1,21.421,0.214205,0.000,1.000,1,49.062,0.490625,0.000,1.000,1,44.284,0.442841,0.000,1.000,1,45.668,0.456685,0.000,1.000,3.135409,3.844869,2.364292,1.312633,0.588230,3.605515,4.040756,2.316237,1.194366,0.542281,2.733089,4.179674,2.355232,1.254503,0.558427,2.978112,3.741488,2.069880,1.211354,0.466742,3.227385,4.360773,2.473040,1.403941,0.608864,2.996353,3.850169,2.029610,1.101077,0.490615,3.042072,4.590423,2.368053,1.337344,0.584703,3.437387,3.910962,2.174037,1.278347,0.522591,3.378366,4.152973,2.110551,1.200886,0.568811,3.131456,4.320536,2.508932,1.231515,0.595212,2.669550,3.853798,2.019064,1.179958,0.494295,2.706463,3.728534,1.723253,1.087044,0.479818,2.847155,3.800664,1.916543,1.176208,0.515702,3.149044,4.284873,2.328113,1.363583,0.576941,3.600022,3.894906,2.052729,1.050798,0.562188,2.750995,3.525340,2.007299,1.210692,0.546808,3.004478,4.005147,2.121222,1.305181,0.535306,2.902846,3.246572,2.032204,1.147031,0.516967,3.140625,4.480524,2.308051,1.277212,0.589010,2.803684,4.024202,1.902702,1.088058,0.547099,2.563512,3.935079,2.270237,1.144622,0.495408,2.767386,3.694027,1.983399,1.149295,0.452662,3.096885,4.160738,2.563715,1.315518,0.543560,2.763591,3.889328,2.012729,1.154905,0.453236,2.851530,3.864492,1.880553,1.138551,0.534931,3.275178,4.552452,2.216074,1.327071,0.666521,3.050940,3.568705,2.300268,1.094501,0.510782,3.498421,4.528939,2.323991,1.372390,0.556923,3.440831,4.395551,2.352378,1.245577,0.533094,3.064533,3.878997,2.322472,1.252382,0.590561,2.895753,3.884623,2.066807,1.055168,0.466434,2.767301,4.311000,2.144629,1.173182,0.575003,neutral,neutral_baseline,good
1783252802.304688,39,0,-0.8554,4.6244,4.6709,9.2558,3.8280,4.6322,-1.3752,-4.0739,-6.2125,-6.5162,-6.3584,-5.9395,-6.4758,0.1408,0.0801,1.7228,1.3660,0.8911,5.3886,-2.0862,-1.8157,-4.4384,0.7533,-5.0063,0.7344,4.4890,6.9632,6.8840,3.0601,3.6512,-0.5621,1.9135,95,4,98,,,,0,39,0,0.999465,0.019984,0.032700,0.013309,-0.023507,-0.013069,0.987367,31.14851,-4.41873,-40.86103,4,4,4,4,4,4,4,4,4,4,4,4,4,4,4,4,4,4,4,4,4,4,4,4,4,4,4,4,4,4,4,4,96,0.995,95,4,4,4,4,4,4,4,4,4,4,4,4,4,4,4,4,4,4,4,4,4,4,4,4,4,4,4,4,4,4,4,4,1,45.417,0.454173,0.000,1.000,1,25.348,0.253477,0.000,1.000,1,23.405,0.234054,0.000,1.000,1,50.280,0.502800,0.000,1.000,1,39.272,0.392722,0.000,1.000,1,37.677,0.376766,0.000,1.000,3.378358,4.288541,2.099057,1.331730,0.581001,3.295048,4.525658,2.250846,1.257426,0.570572,2.784945,4.286321,2.433149,1.301990,0.550251,2.663678,3.899597,1.759800,1.070750,0.568508,3.251358,4.430164,2.399664,1.171512,0.634556,2.777728,3.615035,2.345051,1.113010,0.501691,3.420326,4.287991,2.374680,1.280057,0.640102,3.534030,4.318508,2.315059,1.238454,0.625975,2.981230,4.650848,2.085879,1.367952,0.580020,3.158375,3.529727,2.376707,1.118548,0.558625,2.927179,3.562605,1.875155,1.098584,0.437842,3.073842,3.676818,2.169415,1.247573,0.529219,2.921526,3.824525,2.088209,1.080972,0.519945,3.329686,4.246698,2.408958,1.250572,0.587749,2.851554,4.042007,2.224753,1.289493,0.568053,2.754923,3.254904,2.030309,1.016512,0.518863,3.397878,3.988255,2.436673,1.148756,0.565360,2.552748,3.340403,2.002811,1.076022,0.502552,3.121852,4.412032,2.423412,1.397174,0.562647,2.924158,3.779236,1.940296,1.112629,0.487545,2.667195,3.515906,2.052513,1.193035,0.582079,2.813807,3.790388,2.253591,1.114265,0.574168,3.201631,4.069752,2.305948,1.381376,0.505179,2.869487,3.927404,2.158302,1.140858,0.472572,2.684086,3.728176,2.076221,1.172916,0.520543,3.305110,4.508554,2.458962,1.417582,0.570637,2.975861,3.630328,1.972012,1.104950,0.481864,3.329054,4.706245,2.402817,1.295407,0.649249,3.444583,4.152444,2.420904,1.275303,0.574509,3.191061,4.167073,2.461096,1.391122,0.510339,2.737307,3.813933,1.923847,1.120547,0.518283,2.526540,3.879207,2.012313,1.191756,0.541975,neutral,neutral_baseline,good
1783252802.312500,40,0,4.7227,7.9127,9.4957,4.0139,0.5055,-1.3544,-3.4300,-7.4715,-9.5658,-4.5676,-1.1329,-0.2965,-0.0300,-1.7745,9.0515,5.0723,0.7212,0.9683,-0.9110,-2.4708,-0.2197,-5.8775,-2.2911,1.5890,4.8811,3.9132,6.5602,3.0697,3.8256,2.2136,0.7739,-6.7961,95,4,98,,,,0,40,0,0.999464,0.019980,0.032751,0.013187,-0.021971,-0.003003,0.982124,31.14746,-4.41945,-40.86065,4,4,4,4,4,4,4,4,4,4,4,4,4,4,4,4,4,4,4,4,4,4,4,4,4,4,4,4,4,4,4,4,96,0.995,95,4,4,4,4,4,4,4,4,4,4,4,4,4,4,4,4,4,4,4,4,4,4,4,4,4,4,4,4,4,4,4,4,1,44.051,0.440515,0.000,1.000,1,24.627,0.246266,0.000,1.000,1,23.356,0.233559,0.000,1.000,1,47.584,0.475841,0.000,1.000,1,40.013,0.400127,0.000,1.000,1,41.640,0.416400,0.000,1.000,3.686503,4.231946,2.378570,1.432966,0.587592,3.316680,4.711998,2.293749,1.357232,0.598684,3.176818,3.967728,2.092108,1.247795,0.534390,2.795127,3.436160,2.223808,0.998734,0.453230,3.453721,4.249130,2.105690,1.364596,0.634318,2.803663,3.695039,2.017347,1.184974,0.509425,2.852300,4.422100,2.272668,1.399970,0.544773,3.355122,3.897305,2.500351,1.221765,0.586310,3.296392,4.320306,2.307360,1.379665,0.574132,3.134935,4.544791,2.287293,1.312703,0.653199,2.697258,3.970920,1.849135,1.084675,0.551523,2.822075,3.738351,2.291157,1.246711,0.455039,2.865601,3.538158,1.894451,0.979876,0.495340,3.366255,3.882817,2.393273,1.208748,0.592364,3.006232,4.293438,2.534938,1.212996,0.623260,2.619289,4.184063,2.066901,1.144318,0.495993,3.089573,4.379534,2.069037,1.187973,0.521642,2.932358,3.765431,2.069821,1.148382,0.503568,3.519911,4.363759,2.578202,1.328397,0.593621,2.909376,3.444347,2.149852,1.220748,0.531727,2.815717,3.774188,2.089152,1.120645,0.499944,3.112670,3.846764,2.155125,1.326004,0.509632,3.309394,3.915259,2.394895,1.392755,0.693685,2.767920,3.625184,1.988241,1.027280,0.477052,2.515090,3.583590,2.202689,1.099346,0.491748,3.424862,4.382035,2.513115,1.351022,0.567126,3.174121,3.959731,2.138836,1.174814,0.551812,3.386741,3.821608,2.365856,1.330837,0.644107,2.803680,4.411981,2.425817,1.311904,0.608175,2.936820,3.714463,2.280103,1.148710,0.578669,2.821506,3.747608,2.139720,1.115691,0.465376,2.952566,3.814188,1.995939,1.137792,0.574845,neutral,neutral_baseline,good
1783252802.320312,41,0,6.2968,2.4647,9.1696,1.7289,0.7774,1.4162,-3.6785,-4.8301,-2.4502,-0.7447,1.1207,5.6948,3.3015,4.9943,6.4936,4.0757,1.1338,0.7437,-6.3195,-4.9894,-4.4733,-3.2030,-1.8851,-3.9480,2.8464,8.9681,5.5286,6.9294,-1.4429,-0.4405,-4.1429,-7.1496,95,4,98,,,,0,41,0,0.999462,0.019975,0.032801,0.013063,-0.006394,0.006266,0.990489,31.14640,-4.42016,-40.86028,4,4,4,4,4,4,4,4,4,4,4,4,4,4,4,4,4,4,4,4,4,4,4,4,4,4,4,4,4,4,4,4,96,0.995,95,4,4,4,4,4,4,4,4,4,4,4,4,4,4,4,4,4,4,4,4,4,4,4,4,4,4,4,4,4,4,4,4,1,47.622,0.476215,0.000,1.000,1,23.479,0.234794,0.000,1.000,1,20.694,0.206940,0.000,1.000,1,44.929,0.449285,0.000,1.000,1,46.537,0.465371,0.000,1.000,1,44.413,0.444126,0.000,1.000,2.917312,4.297964,2.268384,1.261300,0.575485,3.194092,4.595828,2.484756,1.266364,0.514940,3.083145,4.067424,2.193423,1.134916,0.567416,2.880955,3.618094,2.040613,1.090023,0.494102,3.648416,4.038855,2.583196,1.268347,0.631207,2.681479,3.775805,2.079837,1.117577,0.542897,3.507892,4.209025,2.407660,1.299144,0.545742,3.129881,4.232957,2.265203,1.288208,0.568702,3.050635,3.886982,2.345918,1.335947,0.541312,3.268878,4.084025,2.216926,1.296562,0.564527,2.614865,3.958131,1.838991,1.129270,0.530237,2.730124,3.887402,2.076293,1.217187,0.518795,2.900371,3.265059,1.999770,1.159683,0.530813,3.225684,4.084320,2.504447,1.377591,0.634536,3.175911,4.650271,2.254311,1.368792,0.571562,2.790248,3.681746,2.016656,0.984997,0.487803,2.604571,4.069133,2.395014,1.115122,0.492580,2.597262,3.861487,1.864499,1.145051,0.504185,3.156688,4.014571,2.351480,1.315425,0.630012,2.868521,4.185697,2.229833,1.159713,0.486024,2.843953,4.151537,2.273436,1.213314,0.522936,2.796937,3.693010,2.250686,1.059185,0.524431,3.202853,4.234074,2.226878,1.364050,0.564295,2.696877,3.610962,2.044080,1.252633,0.458166,2.616049,3.991815,1.960966,1.214717,0.480982,2.903801,4.400825,2.433823,1.220304,0.619024,2.837971,4.010332,2.059391,1.401400,0.535692,3.480463,4.341654,2.349076,1.243110,0.565861,3.011770,4.400272,2.394619,1.330253,0.614855,3.104807,4.167370,2.243270,1.224111,0.588343,2.699749,3.564118,1.978775,1.192196,0.538146,2.936906,4.214026,2.216503,1.139075,0.564954,neutral,neutral_baseline,good
1783252802.328125,42,0,3.2365,3.5556,1.5836,0.6557,-0.1784,-0.0046,-4.5787,-3.9604,6.0272,2.3338,1.7233,8.3073,3.4896,1.5903,5.7129,-2.4163,-3.7407,-8.9823,-5.6758,-11.2077,-3.6374,-3.3510,-1.2795,4.6116,4.1314,5.7708,5.5146,4.5135,3.9650,-0.1296,-6.4480,-11.5449,95,4,98,,,,0,42,0,0.999460,0.019969,0.032851,0.012939,-0.007880,0.001743,0.995960,31.14533,-4.42088,-40.85991,4,4,4,4,4,4,4,4,4,4,4,4,4,4,4,4,4,4,4,4,4,4,4,4,4,4,4,4,4,4,4,4,96,0.995,95,4,4,4,4,4,4,4,4,4,4,4,4,4,4,4,4,4,4,4,4,4,4,4,4,4,4,4,4,4,4,4,4,1,41.867,0.418667,0.000,1.000,1,22.196,0.221964,0.000,1.000,1,25.728,0.257279,0.000,1.000,1,50.236,0.502357,0.000,1.000,1,45.729,0.457289,0.000,1.000,1,39.481,0.394813,0.000,1.000,3.366431,3.732075,2.399262,1.373919,0.652591,3.507037,3.936735,2.392828,1.199732,0.594741,3.294075,3.782681,2.090496,1.172249,0.535927,3.091660,3.590039,2.174664,1.091634,0.484785,2.968050,4.572020,2.438109,1.155241,0.574635,2.428808,3.720373,2.253570,1.131061,0.483912,3.556479,4.333190,2.244233,1.316105,0.609427,3.425690,4.093784,2.450927,1.230186,0.588769,3.227900,4.787474,2.493690,1.154926,0.621086,3.175611,3.896908,2.368408,1.182303,0.566296,2.815726,3.511108,1.823198,1.122798,0.487887,2.548683,3.577092,2.202346,1.173462,0.513091,2.953983,3.870322,1.965333,1.170022,0.506258,3.078735,4.398048,2.627032,1.380621,0.664607,3.109870,4.462486,2.325084,1.310319,0.576299,2.510430,3.692600,2.096880,1.054167,0.539540,3.327914,4.236775,2.180938,1.290905,0.584611,2.899593,3.268339,2.138354,1.080328,0.489587,2.940180,4.534177,2.292301,1.349458,0.596059,2.736251,3.942281,1.984961,1.187564,0.551224,2.942439,3.915486,1.966814,1.103038,0.537130,2.972919,3.756035,2.260916,1.093284,0.550383,3.114511,4.175564,2.470292,1.347546,0.561298,2.703228,3.872002,2.085684,1.180322,0.547862,2.763202,3.634003,2.156506,1.086435,0.541465,3.303979,4.712294,2.084427,1.390276,0.660377,3.177625,4.378264,2.022852,1.037755,0.537396,3.369488,4.370046,2.372981,1.225702,0.616980,3.663958,4.551357,2.161798,1.387223,0.623969,3.217339,3.815170,2.453614,1.198760,0.608481,2.650287,3.535225,1.925094,1.059066,0.537295,2.897059,4.123791,2.202438,1.101195,0.581046,neutral,neutral_baseline,good
1783252802.335938,43,0,6.4977,9.9716,1.8878,2.6322,-2.3123,-2.0340,-2.8064,1.7548,-3.7551,2.5920,4.9830,3.3674,6.3642,0.0991,-0.4116,-9.4472,-6.2460,-6.2589,-7.7969,-8.3767,-2.3230,0.5672,1.9298,4.4791,9.5455,9.0234,6.2284,6.7106,-3.0195,-1.5244,-6.0242,-5.6937,95,4,98,,,,0,43,0,0.999459,0.019963,0.032900,0.012814,-0.007107,0.007380,0.971405,31.14426,-4.42160,-40.85954,4,4,4,4,4,4,4,4,4,4,4,4,4,4,4,4,4,4,4,4,4,4,4,4,4,4,4,4,4,4,4,4,96,0.995,95,4,4,4,4,4,4,4,4,4,4,4,4,4,4,4,4,4,4,4,4,4,4,4,4,4,4,4,4,4,4,4,4,1,43.687,0.436872,0.000,1.000,1,18.751,0.187506,0.000,1.000,1,22.382,0.223824,0.000,1.000,1,45.478,0.454784,0.000,1.000,1,45.579,0.455788,0.000,1.000,1,40.005,0.400048,0.000,1.000,3.012538,4.330035,2.463077,1.051083,0.564780,3.192558,4.215006,2.626135,1.289904,0.596085,2.889026,3.562263,2.227237,1.215764,0.569437,2.596080,3.668821,2.305278,1.099674,0.488106,3.142308,3.996589,2.504905,1.338961,0.518258,2.717030,3.570787,2.105090,1.095736,0.512175,2.868172,4.054238,2.265666,1.390371,0.580331,3.201617,4.116531,2.316081,1.273812,0.583090,3.270748,4.177951,2.305733,1.292376,0.547061,3.196210,3.879836,2.269637,1.279175,0.520590,2.788157,3.630700,2.036954,1.077878,0.469619,2.803160,3.628198,2.173627,1.104662,0.534054,2.987250,3.693386,1.936515,1.068625,0.499255,3.177088,4.299928,2.332795,1.120008,0.567596,3.007187,4.319397,2.194590,1.333949,0.577317,2.744372,3.681676,2.258159,1.114753,0.495465,2.935448,4.262260,1.996461,1.068012,0.613792,2.949632,3.545044,2.102320,1.067836,0.505927,3.316573,4.275913,2.465919,1.169415,0.620955,2.792978,3.755318,2.088083,1.133241,0.521295,2.960345,3.585625,2.071293,1.277879,0.479833,2.756049,3.572253,2.135259,1.277609,0.528199,3.242354,4.107201,2.336550,1.213002,0.518661,2.841574,3.395297,1.987595,1.159419,0.537440,2.794983,4.011673,2.036004,0.981080,0.495989,3.077611,4.807301,2.221068,1.373964,0.559870,2.737103,4.170826,2.191629,1.130777,0.545273,3.278032,4.314866,2.250120,1.190735,0.630967,3.126821,3.873755,2.209153,1.324805,0.609115,2.964242,3.994671,2.177701,1.227253,0.576516,2.960016,3.911897,2.126653,1.143927,0.476229,3.045066,3.954400,2.223101,1.136674,0.547111,neutral,neutral_baseline,good
