title:EmotivPRO Dummy V1 Split record_performance_metrics.csv, start timestamp:1783252800.000000, stop timestamp:1783252829.992188, headset type:EPOCFLEX, headset serial:DUMMYFLEX32, headset firmware:000, channels:33, sampling rate:128, samples:3840, version:1.0, stream types:EEG|MOTION|PM|BP
Timestamp,PM.Engagement.IsActive,PM.Engagement.Scaled,PM.Engagement.Raw,PM.Engagement.Min,PM.Engagement.Max,PM.Excitement.IsActive,PM.Excitement.Scaled,PM.Excitement.Raw,PM.Excitement.Min,PM.Excitement.Max,PM.Stress.IsActive,PM.Stress.Scaled,PM.Stress.Raw,PM.Stress.Min,PM.Stress.Max,PM.Relaxation.IsActive,PM.Relaxation.Scaled,PM.Relaxation.Raw,PM.Relaxation.Min,PM.Relaxation.Max,PM.Interest.IsActive,PM.Interest.Scaled,PM.Interest.Raw,PM.Interest.Min,PM.Interest.Max,PM.Focus.IsActive,PM.Focus.Scaled,PM.Focus.Raw,PM.Focus.Min,PM.Focus.Max,Demo.State,Demo.QualityFlag
1783252800.000000,1,44.190,0.441900,0.000,1.000,1,19.661,0.196607,0.000,1.000,1,16.952,0.169523,0.000,1.000,1,47.118,0.471184,0.000,1.000,1,37.494,0.374945,0.000,1.000,1,37.784,0.377844,0.000,1.000,neutral,good
1783252800.007812,1,43.465,0.434652,0.000,1.000,1,16.819,0.168192,0.000,1.000,1,17.135,0.171349,0.000,1.000,1,43.070,0.430703,0.000,1.000,1,37.122,0.371223,0.000,1.000,1,39.623,0.396232,0.000,1.000,neutral,good
1783252800.015625,1,46.885,0.468849,0.000,1.000,1,13.701,0.137014,0.000,1.000,1,21.244,0.212439,0.000,1.000,1,41.352,0.413524,0.000,1.000,1,33.576,0.335755,0.000,1.000,1,32.977,0.329774,0.000,1.000,neutral,good
1783252800.023438,1,40.088,0.400881,0.000,1.000,1,17.618,0.176181,0.000,1.000,1,23.177,0.231770,0.000,1.000,1,44.534,0.445338,0.000,1.000,1,39.623,0.396228,0.000,1.000,1,36.815,0.368154,0.000,1.000,neutral,good
1783252800.031250,1,43.316,0.433156,0.000,1.000,1,16.030,0.160305,0.000,1.000,1,23.320,0.233200,0.000,1.000,1,42.184,0.421836,0.000,1.000,1,36.110,0.361099,0.000,1.000,1,41.028,0.410280,0.000,1.000,neutral,good
1783252800.039062,1,41.915,0.419147,0.000,1.000,1,15.023,0.150226,0.000,1.000,1,19.996,0.199962,0.000,1.000,1,42.231,0.422314,0.000,1.000,1,40.599,0.405990,0.000,1.000,1,35.120,0.351200,0.000,1.000,neutral,good
1783252800.046875,1,43.117,0.431166,0.000,1.000,1,17.073,0.170726,0.000,1.000,1,22.635,0.226349,0.000,1.000,1,49.510,0.495096,0.000,1.000,1,41.740,0.417397,0.000,1.000,1,42.515,0.425150,0.000,1.000,neutral,good
1783252800.054688,1,38.343,0.383432,0.000,1.000,1,18.953,0.189529,0.000,1.000,1,17.013,0.170132,0.000,1.000,1,41.740,0.417399,0.000,1.000,1,44.093,0.440932,0.000,1.000,1,39.774,0.397735,0.000,1.000,neutral,good
1783252800.062500,1,43.301,0.433007,0.000,1.000,1,15.538,0.155377,0.000,1.000,1,22.417,0.224171,0.000,1.000,1,45.172,0.451722,0.000,1.000,1,45.123,0.451234,0.000,1.000,1,39.314,0.393145,0.000,1.000,neutral,good
1783252800.070312,1,46.652,0.466523,0.000,1.000,1,16.296,0.162955,0.000,1.000,1,18.529,0.185291,0.000,1.000,1,45.459,0.454591,0.000,1.000,1,41.264,0.412637,0.000,1.000,1,39.100,0.391004,0.000,1.000,neutral,good
1783252800.078125,1,38.990,0.389904,0.000,1.000,1,13.144,0.131444,0.000,1.000,1,20.799,0.207986,0.000,1.000,1,42.024,0.420238,0.000,1.000,1,45.586,0.455862,0.000,1.000,1,44.001,0.440012,0.000,1.000,neutral,good
1783252800.085938,1,41.242,0.412416,0.000,1.000,1,20.927,0.209272,0.000,1.000,1,22.624,0.226238,0.000,1.000,1,46.196,0.461956,0.000,1.000,1,37.631,0.376314,0.000,1.000,1,39.530,0.395303,0.000,1.000,neutral,good
1783252800.093750,1,41.800,0.417999,0.000,1.000,1,21.430,0.214304,0.000,1.000,1,23.016,0.230165,0.000,1.000,1,46.239,0.462387,0.000,1.000,1,38.035,0.380353,0.000,1.000,1,38.498,0.384977,0.000,1.000,neutral,good
1783252800.101562,1,44.885,0.448853,0.000,1.000,1,19.726,0.197263,0.000,1.000,1,18.688,0.186882,0.000,1.000,1,43.848,0.438485,0.000,1.000,1,39.092,0.390916,0.000,1.000,1,40.974,0.409736,0.000,1.000,neutral,good
1783252800.109375,1,39.950,0.399497,0.000,1.000,1,21.932,0.219318,0.000,1.000,1,20.904,0.209042,0.000,1.000,1,46.016,0.460164,0.000,1.000,1,41.744,0.417437,0.000,1.000,1,38.985,0.389853,0.000,1.000,neutral,good
1783252800.117188,1,38.552,0.385519,0.000,1.000,1,18.472,0.184724,0.000,1.000,1,22.854,0.228544,0.000,1.000,1,46.919,0.469186,0.000,1.000,1,42.291,0.422913,0.000,1.000,1,42.996,0.429958,0.000,1.000,neutral,good
1783252800.125000,1,38.645,0.386454,0.000,1.000,1,20.173,0.201727,0.000,1.000,1,20.205,0.202046,0.000,1.000,1,43.074,0.430742,0.000,1.000,1,41.449,0.414490,0.000,1.000,1,42.062,0.420622,0.000,1.000,neutral,good
1783252800.132812,1,43.628,0.436281,0.000,1.000,1,17.729,0.177290,0.000,1.000,1,17.363,0.173627,0.000,1.000,1,46.933,0.469326,0.000,1.000,1,41.465,0.414646,0.000,1.000,1,34.686,0.346856,0.000,1.000,neutral,good
1783252800.140625,1,41.937,0.419371,0.000,1.000,1,17.882,0.178823,0.000,1.000,1,20.135,0.201348,0.000,1.000,1,45.235,0.452354,0.000,1.000,1,43.745,0.437450,0.000,1.000,1,39.240,0.392400,0.000,1.000,neutral,good
1783252800.148438,1,40.932,0.409318,0.000,1.000,1,19.935,0.199348,0.000,1.000,1,18.806,0.188061,0.000,1.000,1,44.784,0.447835,0.000,1.000,1,36.516,0.365163,0.000,1.000,1,35.298,0.352983,0.000,1.000,neutral,good
1783252800.156250,1,45.536,0.455360,0.000,1.000,1,17.856,0.178557,0.000,1.000,1,15.401,0.154006,0.000,1.000,1,43.055,0.430548,0.000,1.000,1,36.800,0.368004,0.000,1.000,1,34.635,0.346345,0.000,1.000,neutral,good
1783252800.164062,1,40.251,0.402509,0.000,1.000,1,20.766,0.207658,0.000,1.000,1,22.065,0.220645,0.000,1.000,1,44.507,0.445072,0.000,1.000,1,41.570,0.415699,0.000,1.000,1,38.467,0.384667,0.000,1.000,neutral,good
1783252800.171875,1,43.106,0.431059,0.000,1.000,1,18.923,0.189232,0.000,1.000,1,21.239,0.212390,0.000,1.000,1,41.077,0.410773,0.000,1.000,1,36.404,0.364036,0.000,1.000,1,41.825,0.418248,0.000,1.000,neutral,good
1783252800.179688,1,41.719,0.417187,0.000,1.000,1,20.764,0.207637,0.000,1.000,1,21.038,0.210379,0.000,1.000,1,46.104,0.461042,0.000,1.000,1,39.622,0.396217,0.000,1.000,1,37.993,0.379930,0.000,1.000,neutral,good
1783252800.187500,1,39.001,0.390005,0.000,1.000,1,13.311,0.133106,0.000,1.000,1,19.547,0.195465,0.000,1.000,1,46.050,0.460496,0.000,1.000,1,37.402,0.374021,0.000,1.000,1,33.884,0.338843,0.000,1.000,neutral,good
1783252800.195312,1,49.399,0.493992,0.000,1.000,1,19.762,0.197624,0.000,1.000,1,17.001,0.170014,0.000,1.000,1,41.937,0.419368,0.000,1.000,1,38.126,0.381263,0.000,1.000,1,37.296,0.372958,0.000,1.000,neutral,good
1783252800.203125,1,43.731,0.437307,0.000,1.000,1,16.566,0.165661,0.000,1.000,1,22.028,0.220280,0.000,1.000,1,41.844,0.418442,0.000,1.000,1,39.351,0.393512,0.000,1.000,1,36.787,0.367874,0.000,1.000,neutral,good
1783252800.210938,1,41.960,0.419597,0.000,1.000,1,19.160,0.191603,0.000,1.000,1,22.281,0.222810,0.000,1.000,1,44.857,0.448567,0.000,1.000,1,37.688,0.376884,0.000,1.000,1,39.457,0.394573,0.000,1.000,neutral,good
1783252800.218750,1,40.422,0.404219,0.000,1.000,1,18.813,0.188132,0.000,1.000,1,18.226,0.182265,0.000,1.000,1,48.749,0.487492,0.000,1.000,1,42.775,0.427748,0.000,1.000,1,40.071,0.400705,0.000,1.000,neutral,good
1783252800.226562,1,43.712,0.437116,0.000,1.000,1,21.372,0.213717,0.000,1.000,1,22.557,0.225568,0.000,1.000,1,45.898,0.458976,0.000,1.000,1,39.083,0.390826,0.000,1.000,1,40.433,0.404330,0.000,1.000,neutral,good
1783252800.234375,1,38.283,0.382835,0.000,1.000,1,19.592,0.195920,0.000,1.000,1,20.755,0.207554,0.000,1.000,1,46.242,0.462422,0.000,1.000,1,37.548,0.375483,0.000,1.000,1,39.612,0.396120,0.000,1.000,neutral,good
1783252800.242188,1,40.935,0.409350,0.000,1.000,1,20.989,0.209893,0.000,1.000,1,20.668,0.206677,0.000,1.000,1,43.188,0.431876,0.000,1.000,1,38.671,0.386710,0.000,1.000,1,36.886,0.368856,0.000,1.000,neutral,good
1783252800.250000,1,38.759,0.387590,0.000,1.000,1,20.646,0.206460,0.000,1.000,1,17.350,0.173497,0.000,1.000,1,46.050,0.460499,0.000,1.000,1,38.354,0.383544,0.000,1.000,1,34.432,0.344316,0.000,1.000,neutral,good
1783252800.257812,1,44.995,0.449948,0.000,1.000,1,21.201,0.212014,0.000,1.000,1,21.962,0.219616,0.000,1.000,1,42.876,0.428760,0.000,1.000,1,35.291,0.352910,0.000,1.000,1,38.823,0.388229,0.000,1.000,neutral,good
1783252800.265625,1,43.258,0.432577,0.000,1.000,1,15.145,0.151454,0.000,1.000,1,17.704,0.177042,0.000,1.000,1,49.903,0.499032,0.000,1.000,1,38.987,0.389866,0.000,1.000,1,39.638,0.396376,0.000,1.000,neutral,good
1783252800.273438,1,39.861,0.398614,0.000,1.000,1,19.177,0.191771,0.000,1.000,1,15.752,0.157519,0.000,1.000,1,47.090,0.470905,0.000,1.000,1,38.472,0.384718,0.000,1.000,1,42.505,0.425054,0.000,1.000,neutral,good
1783252800.281250,1,43.189,0.431888,0.000,1.000,1,18.331,0.183311,0.000,1.000,1,23.769,0.237690,0.000,1.000,1,45.947,0.459472,0.000,1.000,1,43.540,0.435405,0.000,1.000,1,38.856,0.388558,0.000,1.000,neutral,good
1783252800.289062,1,36.976,0.369757,0.000,1.000,1,14.522,0.145218,0.000,1.000,1,20.568,0.205682,0.000,1.000,1,46.310,0.463103,0.000,1.000,1,39.335,0.393346,0.000,1.000,1,37.464,0.374636,0.000,1.000,neutral,good
1783252800.296875,1,39.586,0.395859,0.000,1.000,1,19.414,0.194142,0.000,1.000,1,22.243,0.222433,0.000,1.000,1,48.844,0.488438,0.000,1.000,1,38.167,0.381667,0.000,1.000,1,33.251,0.332513,0.000,1.000,neutral,good
1783252800.304688,1,43.414,0.434144,0.000,1.000,1,20.264,0.202641,0.000,1.000,1,19.970,0.199702,0.000,1.000,1,48.230,0.482303,0.000,1.000,1,39.260,0.392595,0.000,1.000,1,37.072,0.370720,0.000,1.000,neutral,good
1783252800.312500,1,38.342,0.383415,0.000,1.000,1,18.380,0.183796,0.000,1.000,1,18.510,0.185099,0.000,1.000,1,46.055,0.460554,0.000,1.000,1,41.893,0.418931,0.000,1.000,1,35.355,0.353546,0.000,1.000,neutral,good
1783252800.320312,1,42.792,0.427918,0.000,1.000,1,18.139,0.181389,0.000,1.000,1,17.690,0.176901,0.000,1.000,1,44.530,0.445302,0.000,1.000,1,41.703,0.417025,0.000,1.000,1,35.923,0.359229,0.000,1.000,neutral,good
1783252800.328125,1,44.036,0.440364,0.000,1.000,1,18.147,0.181465,0.000,1.000,1,22.280,0.222804,0.000,1.000,1,45.370,0.453704,0.000,1.000,1,37.380,0.373805,0.000,1.000,1,39.047,0.390469,0.000,1.000,neutral,good
1783252800.335938,1,43.567,0.435675,0.000,1.000,1,20.108,0.201081,0.000,1.000,1,18.940,0.189400,0.000,1.000,1,40.774,0.407742,0.000,1.000,1,41.325,0.413248,0.000,1.000,1,35.962,0.359616,0.000,1.000,neutral,good
1783252800.343750,1,42.625,0.426251,0.000,1.000,1,12.775,0.127751,0.000,1.000,1,18.389,0.183888,0.000,1.000,1,46.413,0.464132,0.000,1.000,1,40.225,0.402252,0.000,1.000,1,35.803,0.358030,0.000,1.000,neutral,good
1783252800.351562,1,44.034,0.440336,0.000,1.000,1,20.773,0.207730,0.000,1.000,1,22.880,0.228797,0.000,1.000,1,46.754,0.467543,0.000,1.000,1,39.581,0.395805,0.000,1.000,1,38.917,0.389174,0.000,1.000,neutral,good
1783252800.359375,1,40.683,0.406833,0.000,1.000,1,18.989,0.189886,0.000,1.000,1,21.732,0.217316,0.000,1.000,1,42.420,0.424202,0.000,1.000,1,42.020,0.420203,0.000,1.000,1,38.177,0.381769,0.000,1.000,neutral,good
1783252800.367188,1,48.875,0.488750,0.000,1.000,1,14.358,0.143584,0.000,1.000,1,25.292,0.252922,0.000,1.000,1,43.662,0.436621,0.000,1.000,1,40.419,0.404194,0.000,1.000,1,43.061,0.430609,0.000,1.000,neutral,good
1783252800.375000,1,43.375,0.433749,0.000,1.000,1,16.426,0.164259,0.000,1.000,1,20.412,0.204119,0.000,1.000,1,43.672,0.436724,0.000,1.000,1,38.971,0.389712,0.000,1.000,1,32.397,0.323967,0.000,1.000,neutral,good
1783252800.382812,1,37.630,0.376298,0.000,1.000,1,16.082,0.160819,0.000,1.000,1,21.200,0.211997,0.000,1.000,1,42.701,0.427011,0.000,1.000,1,42.235,0.422352,0.000,1.000,1,40.322,0.403221,0.000,1.000,neutral,good
1783252800.390625,1,39.378,0.393777,0.000,1.000,1,18.415,0.184151,0.000,1.000,1,22.386,0.223862,0.000,1.000,1,50.174,0.501738,0.000,1.000,1,45.909,0.459089,0.000,1.000,1,39.231,0.392309,0.000,1.000,neutral,good
1783252800.398438,1,39.972,0.399716,0.000,1.000,1,20.561,0.205609,0.000,1.000,1,21.998,0.219980,0.000,1.000,1,47.224,0.472244,0.000,1.000,1,40.245,0.402448,0.000,1.000,1,40.855,0.408550,0.000,1.000,neutral,good
1783252800.406250,1,44.821,0.448211,0.000,1.000,1,13.513,0.135126,0.000,1.000,1,20.511,0.205105,0.000,1.000,1,45.939,0.459388,0.000,1.000,1,39.891,0.398907,0.000,1.000,1,39.023,0.390233,0.000,1.000,neutral,good
1783252800.414062,1,38.816,0.388163,0.000,1.000,1,14.622,0.146217,0.000,1.000,1,20.059,0.200586,0.000,1.000,1,50.352,0.503520,0.000,1.000,1,43.011,0.430107,0.000,1.000,1,36.329,0.363295,0.000,1.000,neutral,good
1783252800.421875,1,40.582,0.405815,0.000,1.000,1,20.451,0.204512,0.000,1.000,1,16.649,0.166490,0.000,1.000,1,46.810,0.468104,0.000,1.000,1,44.526,0.445257,0.000,1.000,1,34.082,0.340820,0.000,1.000,neutral,good
1783252800.429688,1,41.768,0.417677,0.000,1.000,1,25.400,0.254004,0.000,1.000,1,20.101,0.201006,0.000,1.000,1,44.066,0.440656,0.000,1.000,1,42.970,0.429696,0.000,1.000,1,34.580,0.345799,0.000,1.000,neutral,good
1783252800.437500,1,40.348,0.403479,0.000,1.000,1,21.645,0.216450,0.000,1.000,1,21.239,0.212394,0.000,1.000,1,45.502,0.455020,0.000,1.000,1,38.756,0.387562,0.000,1.000,1,35.082,0.350823,0.000,1.000,neutral,good
1783252800.445312,1,46.443,0.464428,0.000,1.000,1,18.399,0.183985,0.000,1.000,1,21.877,0.218769,0.000,1.000,1,41.608,0.416079,0.000,1.000,1,40.123,0.401226,0.000,1.000,1,44.596,0.445957,0.000,1.000,neutral,good
1783252800.453125,1,49.604,0.496038,0.000,1.000,1,19.569,0.195694,0.000,1.000,1,18.596,0.185959,0.000,1.000,1,45.802,0.458022,0.000,1.000,1,42.060,0.420604,0.000,1.000,1,38.552,0.385519,0.000,1.000,neutral,good
1783252800.460938,1,41.532,0.415316,0.000,1.000,1,19.127,0.191268,0.000,1.000,1,20.918,0.209183,0.000,1.000,1,45.832,0.458316,0.000,1.000,1,40.830,0.408302,0.000,1.000,1,42.041,0.420413,0.000,1.000,neutral,good
1783252800.468750,1,41.134,0.411337,0.000,1.000,1,14.142,0.141418,0.000,1.000,1,21.035,0.210346,0.000,1.000,1,47.736,0.477363,0.000,1.000,1,40.674,0.406739,0.000,1.000,1,39.417,0.394173,0.000,1.000,neutral,good
1783252800.476562,1,40.411,0.404110,0.000,1.000,1,20.824,0.208243,0.000,1.000,1,21.552,0.215516,0.000,1.000,1,47.978,0.479783,0.000,1.000,1,39.312,0.393122,0.000,1.000,1,39.419,0.394189,0.000,1.000,neutral,good
1783252800.484375,1,41.589,0.415887,0.000,1.000,1,15.086,0.150857,0.000,1.000,1,21.880,0.218798,0.000,1.000,1,44.166,0.441657,0.000,1.000,1,40.437,0.404365,0.000,1.000,1,34.987,0.349870,0.000,1.000,neutral,good
1783252800.492188,1,44.861,0.448614,0.000,1.000,1,21.829,0.218288,0.000,1.000,1,22.832,0.228321,0.000,1.000,1,43.904,0.439038,0.000,1.000,1,43.987,0.439865,0.000,1.000,1,35.777,0.357772,0.000,1.000,neutral,good
1783252800.500000,1,45.100,0.451004,0.000,1.000,1,22.319,0.223189,0.000,1.000,1,20.613,0.206125,0.000,1.000,1,41.387,0.413868,0.000,1.000,1,39.873,0.398729,0.000,1.000,1,35.099,0.350991,0.000,1.000,neutral,good
1783252800.507812,1,43.499,0.434986,0.000,1.000,1,20.028,0.200283,0.000,1.000,1,20.507,0.205067,0.000,1.000,1,43.220,0.432200,0.000,1.000,1,43.854,0.438536,0.000,1.000,1,36.420,0.364198,0.000,1.000,neutral,good
1783252800.515625,1,45.127,0.451268,0.000,1.000,1,20.074,0.200741,0.000,1.000,1,21.877,0.218769,0.000,1.000,1,46.824,0.468244,0.000,1.000,1,39.534,0.395338,0.000,1.000,1,38.689,0.386889,0.000,1.000,neutral,good
1783252800.523438,1,45.444,0.454440,0.000,1.000,1,17.762,0.177624,0.000,1.000,1,24.273,0.242727,0.000,1.000,1,45.779,0.457789,0.000,1.000,1,40.421,0.404207,0.000,1.000,1,42.159,0.421588,0.000,1.000,neutral,good
1783252800.531250,1,42.168,0.421677,0.000,1.000,1,15.846,0.158462,0.000,1.000,1,18.533,0.185334,0.000,1.000,1,45.966,0.459657,0.000,1.000,1,36.810,0.368103,0.000,1.000,1,36.452,0.364521,0.000,1.000,neutral,good
1783252800.539062,1,43.585,0.435850,0.000,1.000,1,20.199,0.201989,0.000,1.000,1,23.374,0.233741,0.000,1.000,1,45.752,0.457525,0.000,1.000,1,39.156,0.391556,0.000,1.000,1,34.693,0.346929,0.000,1.000,neutral,good
1783252800.546875,1,42.116,0.421159,0.000,1.000,1,15.968,0.159680,0.000,1.000,1,20.182,0.201820,0.000,1.000,1,52.486,0.524861,0.000,1.000,1,43.988,0.439880,0.000,1.000,1,42.434,0.424336,0.000,1.000,neutral,good
1783252800.554688,1,43.507,0.435067,0.000,1.000,1,19.554,0.195541,0.000,1.000,1,25.156,0.251565,0.000,1.000,1,45.976,0.459764,0.000,1.000,1,40.579,0.405785,0.000,1.000,1,35.256,0.352557,0.000,1.000,neutral,good
1783252800.562500,1,43.627,0.436270,0.000,1.000,1,21.219,0.212195,0.000,1.000,1,25.325,0.253254,0.000,1.000,1,45.115,0.451148,0.000,1.000,1,41.543,0.415434,0.000,1.000,1,39.573,0.395734,0.000,1.000,neutral,good
1783252800.570312,1,43.171,0.431715,0.000,1.000,1,21.658,0.216580,0.000,1.000,1,20.559,0.205588,0.000,1.000,1,43.707,0.437075,0.000,1.000,1,40.577,0.405771,0.000,1.000,1,36.024,0.360244,0.000,1.000,neutral,good
1783252800.578125,1,38.109,0.381087,0.000,1.000,1,20.079,0.200794,0.000,1.000,1,19.260,0.192601,0.000,1.000,1,47.273,0.472733,0.000,1.000,1,40.781,0.407811,0.000,1.000,1,38.008,0.380077,0.000,1.000,neutral,good
1783252800.585938,1,41.190,0.411898,0.000,1.000,1,17.772,0.177724,0.000,1.000,1,20.047,0.200469,0.000,1.000,1,45.704,0.457045,0.000,1.000,1,43.874,0.438743,0.000,1.000,1,36.194,0.361940,0.000,1.000,neutral,good
1783252800.593750,1,36.776,0.367759,0.000,1.000,1,22.332,0.223324,0.000,1.000,1,22.459,0.224585,0.000,1.000,1,48.974,0.489745,0.000,1.000,1,40.607,0.406066,0.000,1.000,1,36.681,0.366807,0.000,1.000,neutral,good
1783252800.601562,1,47.442,0.474416,0.000,1.000,1,20.304,0.203039,0.000,1.000,1,19.851,0.198506,0.000,1.000,1,47.404,0.474037,0.000,1.000,1,40.015,0.400148,0.000,1.000,1,37.655,0.376553,0.000,1.000,neutral,good
1783252800.609375,1,41.218,0.412178,0.000,1.000,1,23.545,0.235449,0.000,1.000,1,22.901,0.229008,0.000,1.000,1,46.154,0.461538,0.000,1.000,1,32.453,0.324534,0.000,1.000,1,39.316,0.393163,0.000,1.000,neutral,good
1783252800.617188,1,44.719,0.447188,0.000,1.000,1,21.697,0.216972,0.000,1.000,1,18.235,0.182354,0.000,1.000,1,45.305,0.453046,0.000,1.000,1,42.556,0.425559,0.000,1.000,1,35.693,0.356928,0.000,1.000,neutral,good
1783252800.625000,1,44.863,0.448630,0.000,1.000,1,22.180,0.221797,0.000,1.000,1,23.112,0.231124,0.000,1.000,1,47.414,0.474138,0.000,1.000,1,41.886,0.418863,0.000,1.000,1,42.048,0.420483,0.000,1.000,neutral,good
1783252800.632812,1,43.012,0.430116,0.000,1.000,1,21.570,0.215700,0.000,1.000,1,23.868,0.238685,0.000,1.000,1,47.152,0.471518,0.000,1.000,1,44.360,0.443601,0.000,1.000,1,40.182,0.401821,0.000,1.000,neutral,good
1783252800.640625,1,42.810,0.428097,0.000,1.000,1,16.921,0.169209,0.000,1.000,1,22.894,0.228936,0.000,1.000,1,44.939,0.449386,0.000,1.000,1,46.457,0.464567,0.000,1.000,1,40.439,0.404393,0.000,1.000,neutral,good
1783252800.648438,1,47.383,0.473834,0.000,1.000,1,23.463,0.234634,0.000,1.000,1,24.657,0.246567,0.000,1.000,1,50.010,0.500097,0.000,1.000,1,41.396,0.413957,0.000,1.000,1,36.842,0.368421,0.000,1.000,neutral,good
1783252800.656250,1,42.761,0.427611,0.000,1.000,1,19.984,0.199839,0.000,1.000,1,26.783,0.267825,0.000,1.000,1,47.246,0.472459,0.000,1.000,1,37.832,0.378318,0.000,1.000,1,40.699,0.406993,0.000,1.000,neutral,good
1783252800.664062,1,43.279,0.432789,0.000,1.000,1,20.647,0.206472,0.000,1.000,1,22.097,0.220970,0.000,1.000,1,45.599,0.455992,0.000,1.000,1,39.840,0.398400,0.000,1.000,1,40.317,0.403167,0.000,1.000,neutral,good
1783252800.671875,1,37.967,0.379675,0.000,1.000,1,16.347,0.163473,0.000,1.000,1,23.830,0.238296,0.000,1.000,1,47.177,0.471770,0.000,1.000,1,40.782,0.407821,0.000,1.000,1,36.735,0.367354,0.000,1.000,neutral,good
1783252800.679688,1,44.001,0.440015,0.000,1.000,1,17.639,0.176392,0.000,1.000,1,18.661,0.186606,0.000,1.000,1,47.177,0.471775,0.000,1.000,1,39.007,0.390068,0.000,1.000,1,38.062,0.380623,0.000,1.000,neutral,good
1783252800.687500,1,40.994,0.409942,0.000,1.000,1,17.808,0.178085,0.000,1.000,1,23.468,0.234680,0.000,1.000,1,52.042,0.520415,0.000,1.000,1,41.873,0.418729,0.000,1.000,1,42.610,0.426103,0.000,1.000,neutral,good
1783252800.695312,1,44.511,0.445115,0.000,1.000,1,22.570,0.225701,0.000,1.000,1,21.785,0.217848,0.000,1.000,1,43.920,0.439197,0.000,1.000,1,38.000,0.379999,0.000,1.000,1,39.837,0.398374,0.000,1.000,neutral,good
1783252800.703125,1,40.147,0.401472,0.000,1.000,1,18.347,0.183474,0.000,1.000,1,19.001,0.190007,0.000,1.000,1,46.388,0.463880,0.000,1.000,1,39.252,0.392515,0.000,1.000,1,39.194,0.391944,0.000,1.000,neutral,good
1783252800.710938,1,45.259,0.452587,0.000,1.000,1,21.110,0.211103,0.000,1.000,1,22.737,0.227370,0.000,1.000,1,47.817,0.478171,0.000,1.000,1,42.752,0.427520,0.000,1.000,1,42.405,0.424051,0.000,1.000,neutral,good
1783252800.718750,1,43.862,0.438619,0.000,1.000,1,14.812,0.148121,0.000,1.000,1,21.053,0.210530,0.000,1.000,1,47.863,0.478634,0.000,1.000,1,36.721,0.367213,0.000,1.000,1,41.426,0.414256,0.000,1.000,neutral,good
1783252800.726562,1,39.137,0.391372,0.000,1.000,1,20.077,0.200769,0.000,1.000,1,19.810,0.198103,0.000,1.000,1,44.526,0.445263,0.000,1.000,1,43.019,0.430192,0.000,1.000,1,41.404,0.414038,0.000,1.000,neutral,good
1783252800.734375,1,46.856,0.468555,0.000,1.000,1,23.433,0.234326,0.000,1.000,1,21.853,0.218526,0.000,1.000,1,47.675,0.476745,0.000,1.000,1,42.623,0.426227,0.000,1.000,1,39.023,0.390234,0.000,1.000,neutral,good
1783252800.742188,1,40.277,0.402768,0.000,1.000,1,16.768,0.167678,0.000,1.000,1,19.628,0.196280,0.000,1.000,1,48.536,0.485359,0.000,1.000,1,45.555,0.455555,0.000,1.000,1,39.543,0.395425,0.000,1.000,neutral,good
1783252800.750000,1,45.687,0.456868,0.000,1.000,1,19.876,0.198764,0.000,1.000,1,15.567,0.155673,0.000,1.000,1,47.056,0.470560,0.000,1.000,1,35.430,0.354296,0.000,1.000,1,40.386,0.403864,0.000,1.000,neutral,good
1783252800.757812,1,40.727,0.407271,0.000,1.000,1,19.412,0.194124,0.000,1.000,1,21.391,0.213911,0.000,1.000,1,44.593,0.445929,0.000,1.000,1,43.463,0.434632,0.000,1.000,1,34.541,0.345410,0.000,1.000,neutral,good
1783252800.765625,1,42.873,0.428734,0.000,1.000,1,22.213,0.222130,0.000,1.000,1,19.895,0.198953,0.000,1.000,1,44.252,0.442525,0.000,1.000,1,37.131,0.371310,0.000,1.000,1,39.182,0.391820,0.000,1.000,neutral,good
1783252800.773438,1,41.326,0.413258,0.000,1.000,1,18.540,0.185397,0.000,1.000,1,21.724,0.217240,0.000,1.000,1,43.918,0.439181,0.000,1.000,1,34.460,0.344596,0.000,1.000,1,38.164,0.381637,0.000,1.000,neutral,good
1783252800.781250,1,43.302,0.433024,0.000,1.000,1,19.355,0.193549,0.000,1.000,1,21.591,0.215914,0.000,1.000,1,46.323,0.463233,0.000,1.000,1,33.454,0.334539,0.000,1.000,1,39.522,0.395218,0.000,1.000,neutral,good
1783252800.789062,1,46.385,0.463854,0.000,1.000,1,19.763,0.197630,0.000,1.000,1,20.391,0.203906,0.000,1.000,1,47.201,0.472014,0.000,1.000,1,40.118,0.401184,0.000,1.000,1,38.659,0.386587,0.000,1.000,neutral,good
1783252800.796875,1,40.373,0.403735,0.000,1.000,1,18.694,0.186942,0.000,1.000,1,24.094,0.240943,0.000,1.000,1,49.366,0.493656,0.000,1.000,1,40.614,0.406137,0.000,1.000,1,38.994,0.389940,0.000,1.000,neutral,good
1783252800.804688,1,42.336,0.423364,0.000,1.000,1,17.906,0.179062,0.000,1.000,1,22.243,0.222431,0.000,1.000,1,40.876,0.408757,0.000,1.000,1,38.518,0.385184,0.000,1.000,1,34.944,0.349443,0.000,1.000,neutral,good
1783252800.812500,1,46.380,0.463797,0.000,1.000,1,21.041,0.210408,0.000,1.000,1,25.415,0.254145,0.000,1.000,1,53.083,0.530829,0.000,1.000,1,45.359,0.453589,0.000,1.000,1,38.967,0.389669,0.000,1.000,neutral,good
1783252800.820312,1,46.387,0.463869,0.000,1.000,1,20.224,0.202236,0.000,1.000,1,24.179,0.241788,0.000,1.000,1,44.890,0.448896,0.000,1.000,1,36.567,0.365671,0.000,1.000,1,43.078,0.430784,0.000,1.000,neutral,good
1783252800.828125,1,45.975,0.459750,0.000,1.000,1,20.649,0.206486,0.000,1.000,1,19.677,0.196771,0.000,1.000,1,44.080,0.440798,0.000,1.000,1,42.758,0.427576,0.000,1.000,1,38.059,0.380589,0.000,1.000,neutral,good
1783252800.835938,1,39.566,0.395664,0.000,1.000,1,23.632,0.236322,0.000,1.000,1,22.950,0.229499,0.000,1.000,1,44.284,0.442839,0.000,1.000,1,44.084,0.440835,0.000,1.000,1,43.563,0.435629,0.000,1.000,neutral,good
1783252800.843750,1,41.524,0.415240,0.000,1.000,1,22.879,0.228795,0.000,1.000,1,22.167,0.221671,0.000,1.000,1,49.403,0.494030,0.000,1.000,1,38.544,0.385444,0.000,1.000,1,40.382,0.403815,0.000,1.000,neutral,good
1783252800.851562,1,42.009,0.420085,0.000,1.000,1,17.868,0.178677,0.000,1.000,1,25.894,0.258941,0.000,1.000,1,49.231,0.492313,0.000,1.000,1,40.143,0.401426,0.000,1.000,1,39.109,0.391094,0.000,1.000,neutral,good
1783252800.859375,1,42.005,0.420048,0.000,1.000,1,16.819,0.168190,0.000,1.000,1,21.768,0.217678,0.000,1.000,1,54.783,0.547835,0.000,1.000,1,42.892,0.428917,0.000,1.000,1,36.199,0.361993,0.000,1.000,neutral,good
1783252800.867188,1,45.575,0.455749,0.000,1.000,1,23.133,0.231328,0.000,1.000,1,25.185,0.251852,0.000,1.000,1,49.050,0.490501,0.000,1.000,1,44.081,0.440807,0.000,1.000,1,39.993,0.399926,0.000,1.000,neutral,good
1783252800.875000,1,46.075,0.460753,0.000,1.000,1,18.141,0.181415,0.000,1.000,1,23.681,0.236808,0.000,1.000,1,47.981,0.479807,0.000,1.000,1,40.757,0.407574,0.000,1.000,1,40.626,0.406262,0.000,1.000,neutral,good
1783252800.882812,1,49.574,0.495737,0.000,1.000,1,24.288,0.242878,0.000,1.000,1,20.885,0.208852,0.000,1.000,1,44.406,0.444063,0.000,1.000,1,35.939,0.359393,0.000,1.000,1,41.357,0.413574,0.000,1.000,neutral,good
1783252800.890625,1,39.845,0.398449,0.000,1.000,1,18.992,0.189922,0.000,1.000,1,23.623,0.236226,0.000,1.000,1,47.032,0.470317,0.000,1.000,1,38.687,0.386867,0.000,1.000,1,41.453,0.414529,0.000,1.000,neutral,good
1783252800.898438,1,46.328,0.463282,0.000,1.000,1,17.836,0.178364,0.000,1.000,1,16.299,0.162994,0.000,1.000,1,45.318,0.453180,0.000,1.000,1,42.716,0.427164,0.000,1.000,1,41.105,0.411048,0.000,1.000,neutral,good
1783252800.906250,1,43.549,0.435493,0.000,1.000,1,21.363,0.213625,0.000,1.000,1,23.030,0.230296,0.000,1.000,1,44.413,0.444130,0.000,1.000,1,43.406,0.434062,0.000,1.000,1,40.327,0.403274,0.000,1.000,neutral,good
1783252800.914062,1,47.066,0.470663,0.000,1.000,1,19.978,0.199781,0.000,1.000,1,20.637,0.206371,0.000,1.000,1,47.733,0.477325,0.000,1.000,1,42.543,0.425427,0.000,1.000,1,37.813,0.378133,0.000,1.000,neutral,good
1783252800.921875,1,44.305,0.443045,0.000,1.000,1,16.793,0.167932,0.000,1.000,1,21.479,0.214793,0.000,1.000,1,47.526,0.475260,0.000,1.000,1,40.698,0.406978,0.000,1.000,1,35.167,0.351673,0.000,1.000,neutral,good
1783252800.929688,1,44.580,0.445802,0.000,1.000,1,24.262,0.242618,0.000,1.000,1,21.633,0.216330,0.000,1.000,1,48.524,0.485236,0.000,1.000,1,44.276,0.442761,0.000,1.000,1,39.246,0.392459,0.000,1.000,neutral,good
1783252800.937500,1,40.189,0.401888,0.000,1.000,1,19.708,0.197080,0.000,1.000,1,26.845,0.268446,0.000,1.000,1,42.800,0.428001,0.000,1.000,1,45.656,0.456561,0.000,1.000,1,40.268,0.402678,0.000,1.000,neutral,good
1783252800.945312,1,47.481,0.474813,0.000,1.000,1,17.820,0.178200,0.000,1.000,1,21.090,0.210898,0.000,1.000,1,49.055,0.490547,0.000,1.000,1,43.585,0.435849,0.000,1.000,1,40.559,0.405590,0.000,1.000,neutral,good
1783252800.953125,1,43.085,0.430845,0.000,1.000,1,17.080,0.170798,0.000,1.000,1,21.797,0.217973,0.000,1.000,1,49.197,0.491968,0.000,1.000,1,46.973,0.469732,0.000,1.000,1,42.928,0.429281,0.000,1.000,neutral,good
1783252800.960938,1,45.831,0.458315,0.000,1.000,1,16.871,0.168711,0.000,1.000,1,25.875,0.258754,0.000,1.000,1,44.927,0.449272,0.000,1.000,1,45.120,0.451197,0.000,1.000,1,39.460,0.394602,0.000,1.000,neutral,good
1783252800.968750,1,40.896,0.408960,0.000,1.000,1,19.441,0.194407,0.000,1.000,1,24.628,0.246281,0.000,1.000,1,47.070,0.470698,0.000,1.000,1,39.320,0.393203,0.000,1.000,1,39.424,0.394242,0.000,1.000,neutral,good
1783252800.976562,1,41.847,0.418469,0.000,1.000,1,18.734,0.187342,0.000,1.000,1,25.081,0.250810,0.000,1.000,1,43.815,0.438152,0.000,1.000,1,43.086,0.430865,0.000,1.000,1,40.430,0.404304,0.000,1.000,neutral,good
1783252800.984375,1,45.996,0.459956,0.000,1.000,1,16.981,0.169808,0.000,1.000,1,25.323,0.253228,0.000,1.000,1,47.328,0.473278,0.000,1.000,1,44.883,0.448833,0.000,1.000,1,34.130,0.341304,0.000,1.000,neutral,good
1783252800.992188,1,44.597,0.445968,0.000,1.000,1,16.811,0.168115,0.000,1.000,1,18.395,0.183951,0.000,1.000,1,49.182,0.491821,0.000,1.000,1,43.578,0.435776,0.000,1.000,1,41.156,0.411556,0.000,1.000,neutral,good
1783252801.000000,1,42.068,0.420678,0.000,1.000,1,18.955,0.189547,0.000,1.000,1,24.845,0.248447,0.000,1.000,1,46.026,0.460259,0.000,1.000,1,38.591,0.385914,0.000,1.000,1,42.783,0.427829,0.000,1.000,neutral,good
1783252801.007812,1,44.163,0.441631,0.000,1.000,1,17.373,0.173734,0.000,1.000,1,21.631,0.216305,0.000,1.000,1,44.363,0.443633,0.000,1.000,1,38.152,0.381522,0.000,1.000,1,40.160,0.401595,0.000,1.000,neutral,good
1783252801.015625,1,46.325,0.463250,0.000,1.000,1,23.254,0.232538,0.000,1.000,1,18.911,0.189108,0.000,1.000,1,45.718,0.457176,0.000,1.000,1,42.433,0.424327,0.000,1.000,1,42.032,0.420319,0.000,1.000,neutral,good
1783252801.023438,1,44.678,0.446778,0.000,1.000,1,19.496,0.194956,0.000,1.000,1,21.332,0.213318,0.000,1.000,1,49.698,0.496978,0.000,1.000,1,45.048,0.450477,0.000,1.000,1,43.602,0.436023,0.000,1.000,neutral,good
1783252801.031250,1,50.654,0.506538,0.000,1.000,1,14.250,0.142495,0.000,1.000,1,17.162,0.171616,0.000,1.000,1,46.166,0.461665,0.000,1.000,1,46.257,0.462574,0.000,1.000,1,41.501,0.415009,0.000,1.000,neutral,good
1783252801.039062,1,45.623,0.456234,0.000,1.000,1,20.793,0.207927,0.000,1.000,1,21.932,0.219324,0.000,1.000,1,42.763,0.427626,0.000,1.000,1,44.201,0.442007,0.000,1.000,1,36.531,0.365307,0.000,1.000,neutral,good
1783252801.046875,1,39.890,0.398902,0.000,1.000,1,20.780,0.207799,0.000,1.000,1,21.905,0.219053,0.000,1.000,1,46.224,0.462243,0.000,1.000,1,42.262,0.422623,0.000,1.000,1,38.643,0.386430,0.000,1.000,neutral,good
1783252801.054688,1,42.653,0.426534,0.000,1.000,1,19.635,0.196353,0.000,1.000,1,23.872,0.238721,0.000,1.000,1,45.058,0.450585,0.000,1.000,1,38.073,0.380734,0.000,1.000,1,37.961,0.379613,0.000,1.000,neutral,good
1783252801.062500,1,43.576,0.435764,0.000,1.000,1,21.451,0.214513,0.000,1.000,1,22.152,0.221516,0.000,1.000,1,46.765,0.467652,0.000,1.000,1,43.097,0.430974,0.000,1.000,1,37.482,0.374822,0.000,1.000,neutral,good
1783252801.070312,1,47.887,0.478875,0.000,1.000,1,20.855,0.208546,0.000,1.000,1,21.684,0.216840,0.000,1.000,1,46.835,0.468348,0.000,1.000,1,44.939,0.449387,0.000,1.000,1,37.766,0.377660,0.000,1.000,neutral,good
1783252801.078125,1,46.085,0.460851,0.000,1.000,1,24.049,0.240489,0.000,1.000,1,23.195,0.231955,0.000,1.000,1,47.884,0.478836,0.000,1.000,1,40.480,0.404804,0.000,1.000,1,38.036,0.380364,0.000,1.000,neutral,good
1783252801.085938,1,44.585,0.445853,0.000,1.000,1,17.846,0.178457,0.000,1.000,1,22.383,0.223831,0.000,1.000,1,45.143,0.451426,0.000,1.000,1,43.567,0.435669,0.000,1.000,1,41.838,0.418381,0.000,1.000,neutral,good
1783252801.093750,1,44.823,0.448232,0.000,1.000,1,16.316,0.163161,0.000,1.000,1,22.367,0.223669,0.000,1.000,1,46.769,0.467694,0.000,1.000,1,41.074,0.410745,0.000,1.000,1,40.306,0.403060,0.000,1.000,neutral,good
1783252801.101562,1,44.742,0.447420,0.000,1.000,1,17.773,0.177726,0.000,1.000,1,24.832,0.248316,0.000,1.000,1,50.630,0.506296,0.000,1.000,1,43.057,0.430571,0.000,1.000,1,42.380,0.423798,0.000,1.000,neutral,good
1783252801.109375,1,43.083,0.430825,0.000,1.000,1,18.821,0.188212,0.000,1.000,1,23.918,0.239176,0.000,1.000,1,44.873,0.448726,0.000,1.000,1,44.524,0.445235,0.000,1.000,1,41.104,0.411037,0.000,1.000,neutral,good
1783252801.117188,1,45.818,0.458175,0.000,1.000,1,20.199,0.201993,0.000,1.000,1,23.716,0.237165,0.000,1.000,1,50.486,0.504858,0.000,1.000,1,44.311,0.443107,0.000,1.000,1,35.110,0.351105,0.000,1.000,neutral,good
1783252801.125000,1,41.040,0.410402,0.000,1.000,1,18.900,0.189005,0.000,1.000,1,23.654,0.236544,0.000,1.000,1,44.902,0.449020,0.000,1.000,1,46.568,0.465680,0.000,1.000,1,40.972,0.409721,0.000,1.000,neutral,good
1783252801.132812,1,45.017,0.450170,0.000,1.000,1,21.681,0.216805,0.000,1.000,1,21.580,0.215804,0.000,1.000,1,43.568,0.435683,0.000,1.000,1,41.209,0.412088,0.000,1.000,1,36.225,0.362246,0.000,1.000,neutral,good
1783252801.140625,1,46.085,0.460852,0.000,1.000,1,20.928,0.209278,0.000,1.000,1,23.021,0.230209,0.000,1.000,1,49.632,0.496316,0.000,1.000,1,48.217,0.482168,0.000,1.000,1,33.791,0.337909,0.000,1.000,neutral,good
1783252801.148438,1,45.772,0.457719,0.000,1.000,1,18.952,0.189525,0.000,1.000,1,22.955,0.229552,0.000,1.000,1,50.047,0.500471,0.000,1.000,1,40.215,0.402152,0.000,1.000,1,43.712,0.437122,0.000,1.000,neutral,good
1783252801.156250,1,47.147,0.471469,0.000,1.000,1,21.558,0.215583,0.000,1.000,1,22.303,0.223033,0.000,1.000,1,46.351,0.463508,0.000,1.000,1,44.239,0.442392,0.000,1.000,1,33.719,0.337190,0.000,1.000,neutral,good
1783252801.164062,1,41.935,0.419352,0.000,1.000,1,21.386,0.213861,0.000,1.000,1,24.913,0.249128,0.000,1.000,1,48.738,0.487384,0.000,1.000,1,41.576,0.415763,0.000,1.000,1,40.629,0.406294,0.000,1.000,neutral,good
1783252801.171875,1,45.264,0.452643,0.000,1.000,1,17.138,0.171379,0.000,1.000,1,25.024,0.250240,0.000,1.000,1,47.874,0.478736,0.000,1.000,1,43.005,0.430046,0.000,1.000,1,39.648,0.396483,0.000,1.000,neutral,good
1783252801.179688,1,45.132,0.451319,0.000,1.000,1,24.290,0.242898,0.000,1.000,1,20.501,0.205011,0.000,1.000,1,47.801,0.478006,0.000,1.000,1,42.198,0.421985,0.000,1.000,1,38.958,0.389582,0.000,1.000,neutral,good
1783252801.187500,1,43.004,0.430044,0.000,1.000,1,20.146,0.201455,0.000,1.000,1,22.103,0.221031,0.000,1.000,1,48.315,0.483152,0.000,1.000,1,40.834,0.408342,0.000,1.000,1,41.496,0.414957,0.000,1.000,neutral,good
1783252801.195312,1,44.135,0.441347,0.000,1.000,1,22.739,0.227386,0.000,1.000,1,21.267,0.212672,0.000,1.000,1,46.072,0.460716,0.000,1.000,1,39.316,0.393163,0.000,1.000,1,43.650,0.436503,0.000,1.000,neutral,good
1783252801.203125,1,43.731,0.437308,0.000,1.000,1,15.433,0.154334,0.000,1.000,1,26.799,0.267995,0.000,1.000,1,44.941,0.449407,0.000,1.000,1,38.811,0.388114,0.000,1.000,1,41.715,0.417151,0.000,1.000,neutral,good
1783252801.210938,1,43.934,0.439343,0.000,1.000,1,21.984,0.219841,0.000,1.000,1,20.673,0.206726,0.000,1.000,1,46.032,0.460320,0.000,1.000,1,40.540,0.405398,0.000,1.000,1,40.983,0.409828,0.000,1.000,neutral,good
1783252801.218750,1,46.061,0.460613,0.000,1.000,1,20.991,0.209911,0.000,1.000,1,24.398,0.243977,0.000,1.000,1,45.831,0.458313,0.000,1.000,1,43.494,0.434943,0.000,1.000,1,41.751,0.417512,0.000,1.000,neutral,good
1783252801.226562,1,41.078,0.410781,0.000,1.000,1,14.873,0.148733,0.000,1.000,1,20.882,0.208823,0.000,1.000,1,45.322,0.453224,0.000,1.000,1,39.740,0.397400,0.000,1.000,1,39.533,0.395328,0.000,1.000,neutral,good
1783252801.234375,1,44.353,0.443527,0.000,1.000,1,21.569,0.215693,0.000,1.000,1,16.583,0.165826,0.000,1.000,1,39.932,0.399315,0.000,1.000,1,40.942,0.409423,0.000,1.000,1,43.214,0.432145,0.000,1.000,neutral,good
1783252801.242188,1,40.436,0.404358,0.000,1.000,1,21.718,0.217177,0.000,1.000,1,22.196,0.221963,0.000,1.000,1,43.160,0.431600,0.000,1.000,1,40.196,0.401965,0.000,1.000,1,39.044,0.390438,0.000,1.000,neutral,good
1783252801.250000,1,41.214,0.412137,0.000,1.000,1,19.975,0.199748,0.000,1.000,1,26.131,0.261315,0.000,1.000,1,46.661,0.466610,0.000,1.000,1,43.356,0.433561,0.000,1.000,1,42.401,0.424009,0.000,1.000,neutral,good
1783252801.257812,1,46.716,0.467165,0.000,1.000,1,17.542,0.175425,0.000,1.000,1,21.949,0.219491,0.000,1.000,1,51.694,0.516936,0.000,1.000,1,40.331,0.403308,0.000,1.000,1,36.347,0.363468,0.000,1.000,neutral,good
1783252801.265625,1,46.885,0.468855,0.000,1.000,1,20.131,0.201307,0.000,1.000,1,22.770,0.227702,0.000,1.000,1,44.825,0.448255,0.000,1.000,1,41.163,0.411625,0.000,1.000,1,42.580,0.425797,0.000,1.000,neutral,good
1783252801.273438,1,45.318,0.453178,0.000,1.000,1,19.742,0.197416,0.000,1.000,1,19.322,0.193222,0.000,1.000,1,50.539,0.505394,0.000,1.000,1,43.639,0.436393,0.000,1.000,1,40.432,0.404317,0.000,1.000,neutral,good
1783252801.281250,1,49.220,0.492198,0.000,1.000,1,20.955,0.209548,0.000,1.000,1,22.321,0.223209,0.000,1.000,1,46.582,0.465818,0.000,1.000,1,45.456,0.454559,0.000,1.000,1,39.692,0.396922,0.000,1.000,neutral,good
1783252801.289062,1,42.826,0.428262,0.000,1.000,1,19.882,0.198816,0.000,1.000,1,24.498,0.244978,0.000,1.000,1,46.328,0.463283,0.000,1.000,1,43.399,0.433989,0.000,1.000,1,40.537,0.405366,0.000,1.000,neutral,good
1783252801.296875,1,44.299,0.442993,0.000,1.000,1,19.872,0.198722,0.000,1.000,1,24.060,0.240599,0.000,1.000,1,43.165,0.431646,0.000,1.000,1,45.346,0.453456,0.000,1.000,1,38.569,0.385694,0.000,1.000,neutral,good
1783252801.304688,1,42.755,0.427552,0.000,1.000,1,18.623,0.186226,0.000,1.000,1,23.406,0.234061,0.000,1.000,1,44.916,0.449159,0.000,1.000,1,38.344,0.383440,0.000,1.000,1,39.197,0.391970,0.000,1.000,neutral,good
1783252801.312500,1,37.230,0.372296,0.000,1.000,1,15.595,0.155949,0.000,1.000,1,23.134,0.231337,0.000,1.000,1,43.228,0.432279,0.000,1.000,1,41.261,0.412614,0.000,1.000,1,40.488,0.404877,0.000,1.000,neutral,good
1783252801.320312,1,43.937,0.439371,0.000,1.000,1,17.633,0.176335,0.000,1.000,1,20.769,0.207691,0.000,1.000,1,47.643,0.476425,0.000,1.000,1,44.998,0.449978,0.000,1.000,1,39.704,0.397037,0.000,1.000,neutral,good
1783252801.328125,1,43.806,0.438058,0.000,1.000,1,22.111,0.221112,0.000,1.000,1,25.640,0.256402,0.000,1.000,1,49.487,0.494873,0.000,1.000,1,38.802,0.388017,0.000,1.000,1,39.355,0.393547,0.000,1.000,neutral,good
1783252801.335938,1,42.671,0.426705,0.000,1.000,1,17.070,0.170699,0.000,1.000,1,23.162,0.231619,0.000,1.000,1,46.707,0.467068,0.000,1.000,1,39.110,0.391105,0.000,1.000,1,40.803,0.408034,0.000,1.000,neutral,good
1783252801.343750,1,47.612,0.476124,0.000,1.000,1,21.952,0.219524,0.000,1.000,1,23.654,0.236536,0.000,1.000,1,49.174,0.491739,0.000,1.000,1,39.016,0.390162,0.000,1.000,1,42.527,0.425266,0.000,1.000,neutral,good
1783252801.351562,1,43.270,0.432704,0.000,1.000,1,22.045,0.220446,0.000,1.000,1,23.519,0.235189,0.000,1.000,1,45.605,0.456048,0.000,1.000,1,41.317,0.413173,0.000,1.000,1,40.001,0.400008,0.000,1.000,neutral,good
1783252801.359375,1,43.456,0.434558,0.000,1.000,1,21.863,0.218633,0.000,1.000,1,22.987,0.229872,0.000,1.000,1,52.152,0.521517,0.000,1.000,1,46.266,0.462664,0.000,1.000,1,39.499,0.394988,0.000,1.000,neutral,good
1783252801.367188,1,45.551,0.455512,0.000,1.000,1,19.880,0.198797,0.000,1.000,1,23.381,0.233812,0.000,1.000,1,50.201,0.502012,0.000,1.000,1,43.025,0.430247,0.000,1.000,1,38.768,0.387677,0.000,1.000,neutral,good
1783252801.375000,1,44.652,0.446525,0.000,1.000,1,17.151,0.171510,0.000,1.000,1,22.446,0.224465,0.000,1.000,1,46.089,0.460895,0.000,1.000,1,44.837,0.448367,0.000,1.000,1,44.674,0.446736,0.000,1.000,neutral,good
1783252801.382812,1,44.134,0.441344,0.000,1.000,1,17.656,0.176556,0.000,1.000,1,19.825,0.198247,0.000,1.000,1,49.073,0.490734,0.000,1.000,1,40.913,0.409130,0.000,1.000,1,40.645,0.406451,0.000,1.000,neutral,good
1783252801.390625,1,44.040,0.440397,0.000,1.000,1,22.309,0.223088,0.000,1.000,1,18.967,0.189672,0.000,1.000,1,53.386,0.533863,0.000,1.000,1,39.891,0.398915,0.000,1.000,1,40.454,0.404542,0.000,1.000,neutral,good
1783252801.398438,1,43.817,0.438173,0.000,1.000,1,20.216,0.202159,0.000,1.000,1,29.578,0.295779,0.000,1.000,1,50.517,0.505168,0.000,1.000,1,41.005,0.410045,0.000,1.000,1,40.994,0.409943,0.000,1.000,neutral,good
1783252801.406250,1,45.025,0.450251,0.000,1.000,1,16.631,0.166307,0.000,1.000,1,23.304,0.233036,0.000,1.000,1,48.982,0.489817,0.000,1.000,1,44.300,0.442997,0.000,1.000,1,40.718,0.407181,0.000,1.000,neutral,good
1783252801.414062,1,47.463,0.474626,0.000,1.000,1,20.731,0.207308,0.000,1.000,1,21.996,0.219955,0.000,1.000,1,46.900,0.469004,0.000,1.000,1,46.372,0.463719,0.000,1.000,1,41.104,0.411039,0.000,1.000,neutral,good
1783252801.421875,1,43.600,0.436000,0.000,1.000,1,19.466,0.194662,0.000,1.000,1,22.511,0.225106,0.000,1.000,1,45.408,0.454076,0.000,1.000,1,44.654,0.446544,0.000,1.000,1,36.644,0.366436,0.000,1.000,neutral,good
1783252801.429688,1,38.178,0.381776,0.000,1.000,1,18.959,0.189589,0.000,1.000,1,21.959,0.219587,0.000,1.000,1,51.764,0.517645,0.000,1.000,1,40.343,0.403434,0.000,1.000,1,38.873,0.388733,0.000,1.000,neutral,good
1783252801.437500,1,44.379,0.443788,0.000,1.000,1,23.242,0.232416,0.000,1.000,1,19.856,0.198556,0.000,1.000,1,43.061,0.430608,0.000,1.000,1,40.454,0.404536,0.000,1.000,1,37.332,0.373324,0.000,1.000,neutral,good
1783252801.445312,1,45.220,0.452201,0.000,1.000,1,20.568,0.205682,0.000,1.000,1,19.635,0.196349,0.000,1.000,1,46.202,0.462025,0.000,1.000,1,42.630,0.426300,0.000,1.000,1,39.131,0.391306,0.000,1.000,neutral,good
1783252801.453125,1,44.069,0.440693,0.000,1.000,1,18.443,0.184426,0.000,1.000,1,22.560,0.225605,0.000,1.000,1,49.244,0.492438,0.000,1.000,1,43.505,0.435051,0.000,1.000,1,40.546,0.405459,0.000,1.000,neutral,good
1783252801.460938,1,41.737,0.417368,0.000,1.000,1,18.407,0.184074,0.000,1.000,1,20.098,0.200981,0.000,1.000,1,52.535,0.525353,0.000,1.000,1,42.382,0.423824,0.000,1.000,1,42.639,0.426390,0.000,1.000,neutral,good
1783252801.468750,1,44.857,0.448570,0.000,1.000,1,20.899,0.208994,0.000,1.000,1,21.340,0.213399,0.000,1.000,1,46.765,0.467651,0.000,1.000,1,40.778,0.407782,0.000,1.000,1,46.090,0.460902,0.000,1.000,neutral,good
1783252801.476562,1,47.667,0.476672,0.000,1.000,1,22.030,0.220304,0.000,1.000,1,22.981,0.229806,0.000,1.000,1,47.592,0.475921,0.000,1.000,1,41.262,0.412616,0.000,1.000,1,42.531,0.425307,0.000,1.000,neutral,good
1783252801.484375,1,49.486,0.494863,0.000,1.000,1,17.257,0.172566,0.000,1.000,1,21.661,0.216608,0.000,1.000,1,47.508,0.475075,0.000,1.000,1,37.996,0.379964,0.000,1.000,1,42.237,0.422373,0.000,1.000,neutral,good
1783252801.492188,1,45.294,0.452938,0.000,1.000,1,21.157,0.211568,0.000,1.000,1,21.176,0.211759,0.000,1.000,1,47.116,0.471158,0.000,1.000,1,44.591,0.445910,0.000,1.000,1,42.641,0.426406,0.000,1.000,neutral,good
1783252801.500000,1,44.205,0.442051,0.000,1.000,1,19.968,0.199685,0.000,1.000,1,27.957,0.279570,0.000,1.000,1,46.480,0.464798,0.000,1.000,1,41.825,0.418248,0.000,1.000,1,41.645,0.416447,0.000,1.000,neutral,good
1783252801.507812,1,48.996,0.489960,0.000,1.000,1,24.331,0.243309,0.000,1.000,1,18.223,0.182232,0.000,1.000,1,43.895,0.438948,0.000,1.000,1,46.882,0.468823,0.000,1.000,1,39.356,0.393560,0.000,1.000,neutral,good
1783252801.515625,1,41.936,0.419355,0.000,1.000,1,20.495,0.204951,0.000,1.000,1,23.339,0.233393,0.000,1.000,1,52.105,0.521047,0.000,1.000,1,39.126,0.391261,0.000,1.000,1,36.633,0.366329,0.000,1.000,neutral,good
1783252801.523438,1,46.401,0.464012,0.000,1.000,1,18.913,0.189135,0.000,1.000,1,22.078,0.220775,0.000,1.000,1,49.030,0.490303,0.000,1.000,1,40.526,0.405255,0.000,1.000,1,46.720,0.467201,0.000,1.000,neutral,good
1783252801.531250,1,45.927,0.459272,0.000,1.000,1,20.143,0.201434,0.000,1.000,1,23.939,0.239392,0.000,1.000,1,52.171,0.521710,0.000,1.000,1,41.577,0.415769,0.000,1.000,1,39.250,0.392500,0.000,1.000,neutral,good
1783252801.539062,1,40.117,0.401170,0.000,1.000,1,17.328,0.173279,0.000,1.000,1,20.291,0.202907,0.000,1.000,1,47.558,0.475580,0.000,1.000,1,43.935,0.439349,0.000,1.000,1,39.802,0.398024,0.000,1.000,neutral,good
1783252801.546875,1,43.898,0.438983,0.000,1.000,1,17.864,0.178640,0.000,1.000,1,20.495,0.204953,0.000,1.000,1,50.372,0.503718,0.000,1.000,1,47.438,0.474382,0.000,1.000,1,36.239,0.362389,0.000,1.000,neutral,good
1783252801.554688,1,41.362,0.413615,0.000,1.000,1,16.944,0.169444,0.000,1.000,1,23.484,0.234835,0.000,1.000,1,48.840,0.488397,0.000,1.000,1,46.617,0.466174,0.000,1.000,1,38.685,0.386847,0.000,1.000,neutral,good
1783252801.562500,1,50.806,0.508058,0.000,1.000,1,17.923,0.179231,0.000,1.000,1,20.367,0.203667,0.000,1.000,1,50.243,0.502434,0.000,1.000,1,38.327,0.383270,0.000,1.000,1,41.934,0.419337,0.000,1.000,neutral,good
1783252801.570312,1,45.474,0.454741,0.000,1.000,1,19.146,0.191459,0.000,1.000,1,21.864,0.218636,0.000,1.000,1,44.102,0.441015,0.000,1.000,1,43.770,0.437698,0.000,1.000,1,41.105,0.411047,0.000,1.000,neutral,good
1783252801.578125,1,45.960,0.459598,0.000,1.000,1,20.176,0.201759,0.000,1.000,1,22.001,0.220009,0.000,1.000,1,46.175,0.461747,0.000,1.000,1,43.536,0.435361,0.000,1.000,1,44.366,0.443664,0.000,1.000,neutral,good
1783252801.585938,1,46.231,0.462310,0.000,1.000,1,23.358,0.233582,0.000,1.000,1,18.574,0.185741,0.000,1.000,1,41.964,0.419639,0.000,1.000,1,41.419,0.414187,0.000,1.000,1,41.002,0.410024,0.000,1.000,neutral,good
1783252801.593750,1,45.974,0.459739,0.000,1.000,1,17.252,0.172522,0.000,1.000,1,21.821,0.218208,0.000,1.000,1,46.030,0.460296,0.000,1.000,1,43.551,0.435506,0.000,1.000,1,40.209,0.402091,0.000,1.000,neutral,good
1783252801.601562,1,42.730,0.427305,0.000,1.000,1,22.723,0.227228,0.000,1.000,1,24.837,0.248374,0.000,1.000,1,48.698,0.486980,0.000,1.000,1,39.107,0.391070,0.000,1.000,1,39.450,0.394498,0.000,1.000,neutral,good
1783252801.609375,1,44.212,0.442124,0.000,1.000,1,22.834,0.228344,0.000,1.000,1,26.327,0.263265,0.000,1.000,1,46.791,0.467905,0.000,1.000,1,47.353,0.473525,0.000,1.000,1,38.439,0.384394,0.000,1.000,neutral,good
1783252801.617188,1,48.253,0.482529,0.000,1.000,1,21.103,0.211025,0.000,1.000,1,22.804,0.228035,0.000,1.000,1,47.966,0.479659,0.000,1.000,1,42.611,0.426107,0.000,1.000,1,43.016,0.430159,0.000,1.000,neutral,good
1783252801.625000,1,44.592,0.445916,0.000,1.000,1,17.364,0.173639,0.000,1.000,1,27.251,0.272515,0.000,1.000,1,45.871,0.458714,0.000,1.000,1,42.052,0.420522,0.000,1.000,1,42.354,0.423540,0.000,1.000,neutral,good
1783252801.632812,1,41.174,0.411743,0.000,1.000,1,20.796,0.207960,0.000,1.000,1,28.384,0.283839,0.000,1.000,1,50.914,0.509142,0.000,1.000,1,44.326,0.443264,0.000,1.000,1,36.720,0.367200,0.000,1.000,neutral,good
1783252801.640625,1,46.392,0.463923,0.000,1.000,1,19.757,0.197573,0.000,1.000,1,22.926,0.229255,0.000,1.000,1,50.611,0.506112,0.000,1.000,1,42.502,0.425016,0.000,1.000,1,37.277,0.372766,0.000,1.000,neutral,good
1783252801.648438,1,44.190,0.441900,0.000,1.000,1,20.449,0.204491,0.000,1.000,1,22.573,0.225728,0.000,1.000,1,47.557,0.475568,0.000,1.000,1,41.767,0.417675,0.000,1.000,1,42.013,0.420132,0.000,1.000,neutral,good
1783252801.656250,1,45.741,0.457405,0.000,1.000,1,19.991,0.199913,0.000,1.000,1,22.448,0.224485,0.000,1.000,1,43.940,0.439403,0.000,1.000,1,39.249,0.392491,0.000,1.000,1,40.274,0.402741,0.000,1.000,neutral,good
1783252801.664062,1,49.155,0.491553,0.000,1.000,1,20.418,0.204184,0.000,1.000,1,18.402,0.184023,0.000,1.000,1,48.527,0.485266,0.000,1.000,1,39.862,0.398616,0.000,1.000,1,45.358,0.453580,0.000,1.000,neutral,good
1783252801.671875,1,47.727,0.477270,0.000,1.000,1,18.823,0.188227,0.000,1.000,1,25.705,0.257055,0.000,1.000,1,49.270,0.492704,0.000,1.000,1,39.830,0.398304,0.000,1.000,1,40.196,0.401959,0.000,1.000,neutral,good
1783252801.679688,1,42.731,0.427309,0.000,1.000,1,20.801,0.208014,0.000,1.000,1,20.860,0.208600,0.000,1.000,1,48.512,0.485119,0.000,1.000,1,45.220,0.452201,0.000,1.000,1,36.575,0.365749,0.000,1.000,neutral,good
1783252801.687500,1,42.699,0.426994,0.000,1.000,1,22.640,0.226397,0.000,1.000,1,19.654,0.196541,0.000,1.000,1,44.909,0.449087,0.000,1.000,1,42.338,0.423383,0.000,1.000,1,43.884,0.438836,0.000,1.000,neutral,good
1783252801.695312,1,42.429,0.424288,0.000,1.000,1,14.047,0.140468,0.000,1.000,1,21.899,0.218992,0.000,1.000,1,50.923,0.509230,0.000,1.000,1,42.699,0.426992,0.000,1.000,1,40.711,0.407109,0.000,1.000,neutral,good
1783252801.703125,1,47.398,0.473976,0.000,1.000,1,17.758,0.177576,0.000,1.000,1,20.463,0.204625,0.000,1.000,1,47.613,0.476133,0.000,1.000,1,44.630,0.446296,0.000,1.000,1,42.093,0.420934,0.000,1.000,neutral,good
1783252801.710938,1,48.300,0.482997,0.000,1.000,1,17.547,0.175468,0.000,1.000,1,24.070,0.240696,0.000,1.000,1,47.052,0.470524,0.000,1.000,1,43.999,0.439994,0.000,1.000,1,42.958,0.429580,0.000,1.000,neutral,good
1783252801.718750,1,45.280,0.452804,0.000,1.000,1,25.440,0.254401,0.000,1.000,1,25.878,0.258776,0.000,1.000,1,47.953,0.479532,0.000,1.000,1,44.043,0.440429,0.000,1.000,1,38.162,0.381621,0.000,1.000,neutral,good
1783252801.726562,1,38.636,0.386364,0.000,1.000,1,19.873,0.198734,0.000,1.000,1,24.082,0.240816,0.000,1.000,1,48.411,0.484109,0.000,1.000,1,46.608,0.466083,0.000,1.000,1,40.028,0.400276,0.000,1.000,neutral,good
1783252801.734375,1,44.127,0.441271,0.000,1.000,1,18.873,0.188734,0.000,1.000,1,19.691,0.196911,0.000,1.000,1,47.295,0.472951,0.000,1.000,1,37.402,0.374024,0.000,1.000,1,41.193,0.411926,0.000,1.000,neutral,good
1783252801.742188,1,45.949,0.459487,0.000,1.000,1,19.909,0.199090,0.000,1.000,1,23.365,0.233646,0.000,1.000,1,46.721,0.467211,0.000,1.000,1,39.185,0.391850,0.000,1.000,1,41.350,0.413498,0.000,1.000,neutral,good
1783252801.750000,1,51.482,0.514819,0.000,1.000,1,19.007,0.190066,0.000,1.000,1,23.929,0.239287,0.000,1.000,1,48.004,0.480039,0.000,1.000,1,37.430,0.374299,0.000,1.000,1,41.406,0.414056,0.000,1.000,neutral,good
1783252801.757812,1,47.569,0.475687,0.000,1.000,1,23.348,0.233479,0.000,1.000,1,16.132,0.161317,0.000,1.000,1,46.115,0.461147,0.000,1.000,1,41.537,0.415370,0.000,1.000,1,42.770,0.427701,0.000,1.000,neutral,good
1783252801.765625,1,44.791,0.447907,0.000,1.000,1,24.652,0.246525,0.000,1.000,1,19.348,0.193481,0.000,1.000,1,46.599,0.465992,0.000,1.000,1,41.815,0.418150,0.000,1.000,1,39.454,0.394539,0.000,1.000,neutral,good
1783252801.773438,1,44.840,0.448396,0.000,1.000,1,26.041,0.260413,0.000,1.000,1,20.614,0.206141,0.000,1.000,1,45.348,0.453484,0.000,1.000,1,41.261,0.412612,0.000,1.000,1,44.478,0.444785,0.000,1.000,neutral,good
1783252801.781250,1,44.990,0.449904,0.000,1.000,1,20.908,0.209082,0.000,1.000,1,20.072,0.200719,0.000,1.000,1,50.970,0.509702,0.000,1.000,1,41.083,0.410830,0.000,1.000,1,41.630,0.416298,0.000,1.000,neutral,good
1783252801.789062,1,46.805,0.468045,0.000,1.000,1,20.924,0.209237,0.000,1.000,1,25.671,0.256708,0.000,1.000,1,48.018,0.480178,0.000,1.000,1,42.407,0.424069,0.000,1.000,1,41.748,0.417482,0.000,1.000,neutral,good
1783252801.796875,1,42.595,0.425949,0.000,1.000,1,23.256,0.232555,0.000,1.000,1,22.701,0.227006,0.000,1.000,1,49.863,0.498635,0.000,1.000,1,43.918,0.439183,0.000,1.000,1,37.330,0.373301,0.000,1.000,neutral,good
1783252801.804688,1,44.205,0.442047,0.000,1.000,1,22.665,0.226653,0.000,1.000,1,23.887,0.238867,0.000,1.000,1,51.027,0.510273,0.000,1.000,1,43.393,0.433929,0.000,1.000,1,35.903,0.359030,0.000,1.000,neutral,good
1783252801.812500,1,43.753,0.437532,0.000,1.000,1,21.731,0.217307,0.000,1.000,1,22.227,0.222274,0.000,1.000,1,47.525,0.475248,0.000,1.000,1,38.678,0.386778,0.000,1.000,1,39.883,0.398831,0.000,1.000,neutral,good
1783252801.820312,1,44.342,0.443422,0.000,1.000,1,24.037,0.240372,0.000,1.000,1,25.182,0.251821,0.000,1.000,1,47.811,0.478106,0.000,1.000,1,39.364,0.393637,0.000,1.000,1,41.523,0.415232,0.000,1.000,neutral,good
1783252801.828125,1,44.379,0.443789,0.000,1.000,1,21.121,0.211206,0.000,1.000,1,26.268,0.262679,0.000,1.000,1,47.110,0.471097,0.000,1.000,1,41.990,0.419900,0.000,1.000,1,36.633,0.366333,0.000,1.000,neutral,good
1783252801.835938,1,46.391,0.463908,0.000,1.000,1,19.990,0.199899,0.000,1.000,1,27.687,0.276871,0.000,1.000,1,46.168,0.461677,0.000,1.000,1,43.879,0.438785,0.000,1.000,1,45.939,0.459395,0.000,1.000,neutral,good
1783252801.843750,1,43.970,0.439697,0.000,1.000,1,19.057,0.190570,0.000,1.000,1,24.741,0.247408,0.000,1.000,1,50.737,0.507370,0.000,1.000,1,42.898,0.428982,0.000,1.000,1,43.340,0.433405,0.000,1.000,neutral,good
1783252801.851562,1,43.625,0.436250,0.000,1.000,1,20.918,0.209182,0.000,1.000,1,23.501,0.235012,0.000,1.000,1,46.996,0.469963,0.000,1.000,1,45.699,0.456994,0.000,1.000,1,39.072,0.390718,0.000,1.000,neutral,good
1783252801.859375,1,44.793,0.447928,0.000,1.000,1,24.292,0.242925,0.000,1.000,1,22.327,0.223266,0.000,1.000,1,49.293,0.492925,0.000,1.000,1,42.774,0.427741,0.000,1.000,1,36.153,0.361525,0.000,1.000,neutral,good
1783252801.867188,1,44.897,0.448973,0.000,1.000,1,22.193,0.221926,0.000,1.000,1,26.588,0.265880,0.000,1.000,1,47.379,0.473785,0.000,1.000,1,40.282,0.402824,0.000,1.000,1,40.796,0.407957,0.000,1.000,neutral,good
1783252801.875000,1,45.876,0.458760,0.000,1.000,1,23.766,0.237662,0.000,1.000,1,24.833,0.248329,0.000,1.000,1,51.444,0.514435,0.000,1.000,1,44.051,0.440514,0.000,1.000,1,36.816,0.368164,0.000,1.000,neutral,good
1783252801.882812,1,45.633,0.456326,0.000,1.000,1,18.288,0.182877,0.000,1.000,1,20.549,0.205486,0.000,1.000,1,50.451,0.504515,0.000,1.000,1,40.752,0.407517,0.000,1.000,1,43.486,0.434858,0.000,1.000,neutral,good
1783252801.890625,1,47.535,0.475354,0.000,1.000,1,26.688,0.266876,0.000,1.000,1,29.804,0.298037,0.000,1.000,1,48.475,0.484747,0.000,1.000,1,44.337,0.443372,0.000,1.000,1,36.056,0.360564,0.000,1.000,neutral,good
1783252801.898438,1,46.056,0.460558,0.000,1.000,1,18.637,0.186368,0.000,1.000,1,20.194,0.201939,0.000,1.000,1,47.060,0.470599,0.000,1.000,1,38.460,0.384604,0.000,1.000,1,39.369,0.393685,0.000,1.000,neutral,good
1783252801.906250,1,46.648,0.466475,0.000,1.000,1,19.777,0.197765,0.000,1.000,1,22.554,0.225537,0.000,1.000,1,47.065,0.470650,0.000,1.000,1,46.238,0.462385,0.000,1.000,1,43.207,0.432072,0.000,1.000,neutral,good
1783252801.914062,1,47.122,0.471224,0.000,1.000,1,23.355,0.233553,0.000,1.000,1,18.623,0.186228,0.000,1.000,1,46.117,0.461168,0.000,1.000,1,41.609,0.416093,0.000,1.000,1,34.813,0.348129,0.000,1.000,neutral,good
1783252801.921875,1,45.199,0.451992,0.000,1.000,1,22.583,0.225827,0.000,1.000,1,21.516,0.215157,0.000,1.000,1,47.310,0.473097,0.000,1.000,1,40.777,0.407765,0.000,1.000,1,43.567,0.435666,0.000,1.000,neutral,good
1783252801.929688,1,44.931,0.449311,0.000,1.000,1,23.490,0.234900,0.000,1.000,1,25.351,0.253511,0.000,1.000,1,49.653,0.496529,0.000,1.000,1,40.736,0.407361,0.000,1.000,1,43.221,0.432211,0.000,1.000,neutral,good
1783252801.937500,1,49.563,0.495628,0.000,1.000,1,22.582,0.225821,0.000,1.000,1,18.769,0.187688,0.000,1.000,1,48.901,0.489011,0.000,1.000,1,41.475,0.414750,0.000,1.000,1,44.942,0.449416,0.000,1.000,neutral,good
1783252801.945312,1,42.455,0.424552,0.000,1.000,1,19.734,0.197337,0.000,1.000,1,25.236,0.252365,0.000,1.000,1,48.686,0.486858,0.000,1.000,1,38.507,0.385071,0.000,1.000,1,39.731,0.397307,0.000,1.000,neutral,good
1783252801.953125,1,45.080,0.450804,0.000,1.000,1,23.718,0.237182,0.000,1.000,1,28.584,0.285843,0.000,1.000,1,45.247,0.452467,0.000,1.000,1,44.020,0.440197,0.000,1.000,1,39.658,0.396578,0.000,1.000,neutral,good
1783252801.960938,1,49.493,0.494926,0.000,1.000,1,21.416,0.214156,0.000,1.000,1,21.992,0.219924,0.000,1.000,1,49.007,0.490067,0.000,1.000,1,41.106,0.411064,0.000,1.000,1,45.581,0.455807,0.000,1.000,neutral,good
1783252801.968750,1,42.974,0.429739,0.000,1.000,1,18.185,0.181849,0.000,1.000,1,21.402,0.214023,0.000,1.000,1,44.809,0.448095,0.000,1.000,1,44.910,0.449100,0.000,1.000,1,39.771,0.397712,0.000,1.000,neutral,good
1783252801.976562,1,42.844,0.428440,0.000,1.000,1,21.251,0.212507,0.000,1.000,1,25.916,0.259158,0.000,1.000,1,49.883,0.498833,0.000,1.000,1,44.161,0.441614,0.000,1.000,1,43.463,0.434632,0.000,1.000,neutral,good
1783252801.984375,1,46.236,0.462357,0.000,1.000,1,25.909,0.259087,0.000,1.000,1,24.120,0.241198,0.000,1.000,1,50.970,0.509704,0.000,1.000,1,41.566,0.415656,0.000,1.000,1,39.291,0.392907,0.000,1.000,neutral,good
1783252801.992188,1,43.292,0.432917,0.000,1.000,1,19.517,0.195167,0.000,1.000,1,24.191,0.241907,0.000,1.000,1,47.176,0.471756,0.000,1.000,1,39.557,0.395565,0.000,1.000,1,40.475,0.404748,0.000,1.000,neutral,good
1783252802.000000,1,47.788,0.477876,0.000,1.000,1,22.106,0.221060,0.000,1.000,1,23.994,0.239945,0.000,1.000,1,45.900,0.458995,0.000,1.000,1,44.390,0.443900,0.000,1.000,1,40.421,0.404215,0.000,1.000,neutral,good
1783252802.007812,1,47.355,0.473548,0.000,1.000,1,15.251,0.152513,0.000,1.000,1,22.589,0.225893,0.000,1.000,1,43.421,0.434208,0.000,1.000,1,47.250,0.472502,0.000,1.000,1,40.195,0.401946,0.000,1.000,neutral,good
1783252802.015625,1,45.638,0.456383,0.000,1.000,1,22.078,0.220776,0.000,1.000,1,23.422,0.234221,0.000,1.000,1,49.343,0.493432,0.000,1.000,1,42.756,0.427564,0.000,1.000,1,40.866,0.408662,0.000,1.000,neutral,good
1783252802.023438,1,43.586,0.435857,0.000,1.000,1,20.823,0.208230,0.000,1.000,1,24.474,0.244738,0.000,1.000,1,46.711,0.467108,0.000,1.000,1,39.594,0.395936,0.000,1.000,1,44.694,0.446937,0.000,1.000,neutral,good
1783252802.031250,1,41.948,0.419479,0.000,1.000,1,21.094,0.210943,0.000,1.000,1,23.043,0.230430,0.000,1.000,1,43.677,0.436769,0.000,1.000,1,42.548,0.425478,0.000,1.000,1,41.458,0.414582,0.000,1.000,neutral,good
1783252802.039062,1,47.963,0.479628,0.000,1.000,1,21.286,0.212861,0.000,1.000,1,23.277,0.232772,0.000,1.000,1,46.623,0.466232,0.000,1.000,1,42.304,0.423036,0.000,1.000,1,39.589,0.395888,0.000,1.000,neutral,good
1783252802.046875,1,42.394,0.423937,0.000,1.000,1,19.058,0.190575,0.000,1.000,1,22.704,0.227042,0.000,1.000,1,50.412,0.504120,0.000,1.000,1,36.493,0.364933,0.000,1.000,1,44.136,0.441362,0.000,1.000,neutral,good
1783252802.054688,1,46.787,0.467874,0.000,1.000,1,20.555,0.205547,0.000,1.000,1,22.271,0.222705,0.000,1.000,1,50.203,0.502035,0.000,1.000,1,41.638,0.416376,0.000,1.000,1,38.925,0.389255,0.000,1.000,neutral,good
1783252802.062500,1,48.744,0.487437,0.000,1.000,1,23.984,0.239841,0.000,1.000,1,28.506,0.285059,0.000,1.000,1,49.790,0.497895,0.000,1.000,1,44.489,0.444886,0.000,1.000,1,39.173,0.391735,0.000,1.000,neutral,good
1783252802.070312,1,43.634,0.436344,0.000,1.000,1,24.159,0.241592,0.000,1.000,1,21.391,0.213905,0.000,1.000,1,42.826,0.428256,0.000,1.000,1,37.650,0.376504,0.000,1.000,1,45.146,0.451455,0.000,1.000,neutral,good
1783252802.078125,1,45.206,0.452058,0.000,1.000,1,20.997,0.209970,0.000,1.000,1,23.180,0.231800,0.000,1.000,1,50.258,0.502580,0.000,1.000,1,42.114,0.421136,0.000,1.000,1,39.058,0.390580,0.000,1.000,neutral,good
1783252802.085938,1,41.320,0.413205,0.000,1.000,1,20.741,0.207413,0.000,1.000,1,21.321,0.213210,0.000,1.000,1,49.904,0.499040,0.000,1.000,1,41.738,0.417383,0.000,1.000,1,39.340,0.393401,0.000,1.000,neutral,good
1783252802.093750,1,44.395,0.443946,0.000,1.000,1,19.778,0.197778,0.000,1.000,1,20.224,0.202237,0.000,1.000,1,47.145,0.471448,0.000,1.000,1,44.185,0.441851,0.000,1.000,1,42.071,0.420707,0.000,1.000,neutral,good
1783252802.101562,1,43.920,0.439196,0.000,1.000,1,17.978,0.179780,0.000,1.000,1,21.071,0.210708,0.000,1.000,1,51.913,0.519128,0.000,1.000,1,46.071,0.460713,0.000,1.000,1,36.344,0.363438,0.000,1.000,neutral,good
1783252802.109375,1,49.009,0.490093,0.000,1.000,1,22.397,0.223965,0.000,1.000,1,23.946,0.239456,0.000,1.000,1,42.373,0.423727,0.000,1.000,1,39.174,0.391739,0.000,1.000,1,36.763,0.367631,0.000,1.000,neutral,good
1783252802.117188,1,42.932,0.429318,0.000,1.000,1,16.042,0.160416,0.000,1.000,1,26.603,0.266031,0.000,1.000,1,49.465,0.494654,0.000,1.000,1,36.924,0.369244,0.000,1.000,1,39.884,0.398836,0.000,1.000,neutral,good
1783252802.125000,1,43.257,0.432570,0.000,1.000,1,26.607,0.266069,0.000,1.000,1,27.146,0.271463,0.000,1.000,1,52.809,0.528090,0.000,1.000,1,48.211,0.482106,0.000,1.000,1,42.019,0.420190,0.000,1.000,neutral,good
1783252802.132812,1,49.043,0.490431,0.000,1.000,1,18.025,0.180252,0.000,1.000,1,22.101,0.221008,0.000,1.000,1,43.312,0.433115,0.000,1.000,1,45.524,0.455236,0.000,1.000,1,44.244,0.442438,0.000,1.000,neutral,good
1783252802.140625,1,45.450,0.454496,0.000,1.000,1,23.429,0.234287,0.000,1.000,1,19.231,0.192306,0.000,1.000,1,46.115,0.461146,0.000,1.000,1,40.807,0.408069,0.000,1.000,1,39.607,0.396070,0.000,1.000,neutral,good
1783252802.148438,1,43.814,0.438140,0.000,1.000,1,24.133,0.241328,0.000,1.000,1,20.833,0.208331,0.000,1.000,1,52.129,0.521292,0.000,1.000,1,42.048,0.420480,0.000,1.000,1,39.639,0.396393,0.000,1.000,neutral,good
1783252802.156250,1,44.410,0.444096,0.000,1.000,1,18.096,0.180956,0.000,1.000,1,22.150,0.221496,0.000,1.000,1,47.699,0.476993,0.000,1.000,1,41.691,0.416906,0.000,1.000,1,41.516,0.415160,0.000,1.000,neutral,good
1783252802.164062,1,42.307,0.423068,0.000,1.000,1,20.451,0.204513,0.000,1.000,1,24.763,0.247629,0.000,1.000,1,46.027,0.460275,0.000,1.000,1,40.655,0.406554,0.000,1.000,1,41.858,0.418581,0.000,1.000,neutral,good
1783252802.171875,1,44.360,0.443604,0.000,1.000,1,18.583,0.185832,0.000,1.000,1,28.198,0.281983,0.000,1.000,1,49.864,0.498636,0.000,1.000,1,43.249,0.432493,0.000,1.000,1,40.133,0.401330,0.000,1.000,neutral,good
1783252802.179688,1,41.972,0.419724,0.000,1.000,1,19.354,0.193538,0.000,1.000,1,21.640,0.216398,0.000,1.000,1,48.197,0.481974,0.000,1.000,1,47.982,0.479815,0.000,1.000,1,43.728,0.437285,0.000,1.000,neutral,good
1783252802.187500,1,43.779,0.437790,0.000,1.000,1,15.923,0.159227,0.000,1.000,1,21.289,0.212889,0.000,1.000,1,46.994,0.469939,0.000,1.000,1,42.763,0.427635,0.000,1.000,1,40.914,0.409140,0.000,1.000,neutral,good
1783252802.195312,1,45.877,0.458773,0.000,1.000,1,20.431,0.204311,0.000,1.000,1,22.047,0.220473,0.000,1.000,1,44.500,0.444996,0.000,1.000,1,43.905,0.439051,0.000,1.000,1,39.373,0.393728,0.000,1.000,neutral,good
1783252802.203125,1,47.250,0.472499,0.000,1.000,1,18.396,0.183964,0.000,1.000,1,24.384,0.243836,0.000,1.000,1,46.310,0.463095,0.000,1.000,1,42.778,0.427776,0.000,1.000,1,45.070,0.450703,0.000,1.000,neutral,good
1783252802.210938,1,44.693,0.446932,0.000,1.000,1,24.770,0.247696,0.000,1.000,1,21.145,0.211454,0.000,1.000,1,45.762,0.457617,0.000,1.000,1,43.218,0.432183,0.000,1.000,1,38.205,0.382053,0.000,1.000,neutral,good
1783252802.218750,1,44.522,0.445224,0.000,1.000,1,23.136,0.231362,0.000,1.000,1,19.199,0.191994,0.000,1.000,1,47.818,0.478178,0.000,1.000,1,43.514,0.435144,0.000,1.000,1,37.495,0.374954,0.000,1.000,neutral,good
1783252802.226562,1,44.838,0.448377,0.000,1.000,1,26.323,0.263227,0.000,1.000,1,22.273,0.222731,0.000,1.000,1,47.217,0.472168,0.000,1.000,1,42.475,0.424751,0.000,1.000,1,39.093,0.390934,0.000,1.000,neutral,good
1783252802.234375,1,44.977,0.449767,0.000,1.000,1,19.385,0.193851,0.000,1.000,1,20.353,0.203529,0.000,1.000,1,46.968,0.469683,0.000,1.000,1,42.838,0.428375,0.000,1.000,1,39.118,0.391184,0.000,1.000,neutral,good
1783252802.242188,1,43.841,0.438415,0.000,1.000,1,19.355,0.193547,0.000,1.000,1,26.212,0.262118,0.000,1.000,1,48.692,0.486922,0.000,1.000,1,45.243,0.452425,0.000,1.000,1,40.946,0.409463,0.000,1.000,neutral,good
1783252802.250000,1,46.185,0.461851,0.000,1.000,1,23.634,0.236343,0.000,1.000,1,21.788,0.217876,0.000,1.000,1,45.714,0.457138,0.000,1.000,1,40.357,0.403575,0.000,1.000,1,38.986,0.389863,0.000,1.000,neutral,good
1783252802.257812,1,43.791,0.437909,0.000,1.000,1,22.224,0.222243,0.000,1.000,1,20.839,0.208391,0.000,1.000,1,42.179,0.421791,0.000,1.000,1,44.649,0.446491,0.000,1.000,1,39.874,0.398744,0.000,1.000,neutral,good
1783252802.265625,1,42.104,0.421039,0.000,1.000,1,23.115,0.231152,0.000,1.000,1,17.622,0.176215,0.000,1.000,1,51.988,0.519882,0.000,1.000,1,41.878,0.418783,0.000,1.000,1,40.869,0.408686,0.000,1.000,neutral,good
1783252802.273438,1,41.788,0.417879,0.000,1.000,1,22.380,0.223796,0.000,1.000,1,19.822,0.198216,0.000,1.000,1,44.374,0.443742,0.000,1.000,1,46.192,0.461924,0.000,1.000,1,44.128,0.441277,0.000,1.000,neutral,good
1783252802.281250,1,38.702,0.387023,0.000,1.000,1,20.570,0.205702,0.000,1.000,1,22.046,0.220463,0.000,1.000,1,48.081,0.480809,0.000,1.000,1,39.754,0.397537,0.000,1.000,1,39.072,0.390719,0.000,1.000,neutral,good
1783252802.289062,1,37.963,0.379631,0.000,1.000,1,24.618,0.246182,0.000,1.000,1,20.867,0.208669,0.000,1.000,1,49.683,0.496828,0.000,1.000,1,42.581,0.425812,0.000,1.000,1,43.113,0.431131,0.000,1.000,neutral,good
1783252802.296875,1,45.782,0.457819,0.000,1.000,1,19.936,0.199363,0.000,1.000,1,21.421,0.214205,0.000,1.000,1,49.062,0.490625,0.000,1.000,1,44.284,0.442841,0.000,1.000,1,45.668,0.456685,0.000,1.000,neutral,good
1783252802.304688,1,45.417,0.454173,0.000,1.000,1,25.348,0.253477,0.000,1.000,1,23.405,0.234054,0.000,1.000,1,50.280,0.502800,0.000,1.000,1,39.272,0.392722,0.000,1.000,1,37.677,0.376766,0.000,1.000,neutral,good
1783252802.312500,1,44.051,0.440515,0.000,1.000,1,24.627,0.246266,0.000,1.000,1,23.356,0.233559,0.000,1.000,1,47.584,0.475841,0.000,1.000,1,40.013,0.400127,0.000,1.000,1,41.640,0.416400,0.000,1.000,neutral,good
1783252802.320312,1,47.622,0.476215,0.000,1.000,1,23.479,0.234794,0.000,1.000,1,20.694,0.206940,0.000,1.000,1,44.929,0.449285,0.000,1.000,1,46.537,0.465371,0.000,1.000,1,44.413,0.444126,0.000,1.000,neutral,good
1783252802.328125,1,41.867,0.418667,0.000,1.000,1,22.196,0.221964,0.000,1.000,1,25.728,0.257279,0.000,1.000,1,50.236,0.502357,0.000,1.000,1,45.729,0.457289,0.000,1.000,1,39.481,0.394813,0.000,1.000,neutral,good
1783252802.335938,1,43.687,0.436872,0.000,1.000,1,18.751,0.187506,0.000,1.000,1,22.382,0.223824,0.000,1.000,1,45.478,0.454784,0.000,1.000,1,45.579,0.455788,0.000,1.000,1,40.005,0.400048,0.000,1.000,neutral,good
1783252802.343750,1,46.484,0.464838,0.000,1.000,1,18.809,0.188092,0.000,1.000,1,24.098,0.240977,0.000,1.000,1,49.312,0.493118,0.000,1.000,1,46.156,0.461564,0.000,1.000,1,41.442,0.414417,0.000,1.000,neutral,good
1783252802.351562,1,44.135,0.441353,0.000,1.000,1,23.137,0.231367,0.000,1.000,1,24.029,0.240288,0.000,1.000,1,49.112,0.491124,0.000,1.000,1,37.003,0.370034,0.000,1.000,1,40.434,0.404339,0.000,1.000,neutral,good
1783252802.359375,1,46.945,0.469452,0.000,1.000,1,20.193,0.201929,0.000,1.000,1,22.611,0.226106,0.000,1.000,1,48.525,0.485249,0.000,1.000,1,42.868,0.428684,0.000,1.000,1,39.700,0.397000,0.000,1.000,neutral,good
1783252802.367188,1,44.048,0.440476,0.000,1.000,1,20.109,0.201088,0.000,1.000,1,19.927,0.199272,0.000,1.000,1,47.589,0.475886,0.000,1.000,1,42.705,0.427055,0.000,1.000,1,39.281,0.392811,0.000,1.000,neutral,good
1783252802.375000,1,46.426,0.464255,0.000,1.000,1,19.370,0.193696,0.000,1.000,1,25.312,0.253119,0.000,1.000,1,43.533,0.435329,0.000,1.000,1,41.566,0.415658,0.000,1.000,1,42.802,0.428018,0.000,1.000,neutral,good
1783252802.382812,1,43.777,0.437774,0.000,1.000,1,21.532,0.215319,0.000,1.000,1,23.807,0.238066,0.000,1.000,1,47.481,0.474808,0.000,1.000,1,45.321,0.453210,0.000,1.000,1,37.824,0.378240,0.000,1.000,neutral,good
1783252802.390625,1,43.935,0.439351,0.000,1.000,1,21.100,0.211004,0.000,1.000,1,20.331,0.203308,0.000,1.000,1,41.928,0.419281,0.000,1.000,1,38.600,0.386000,0.000,1.000,1,41.275,0.412751,0.000,1.000,neutral,good
1783252802.398438,1,43.299,0.432988,0.000,1.000,1,21.052,0.210517,0.000,1.000,1,20.995,0.209948,0.000,1.000,1,48.302,0.483024,0.000,1.000,1,41.474,0.414744,0.000,1.000,1,41.086,0.410861,0.000,1.000,neutral,good
1783252802.406250,1,48.421,0.484214,0.000,1.000,1,22.522,0.225215,0.000,1.000,1,18.764,0.187641,0.000,1.000,1,46.632,0.466325,0.000,1.000,1,39.180,0.391804,0.000,1.000,1,39.956,0.399564,0.000,1.000,neutral,good
1783252802.414062,1,42.530,0.425303,0.000,1.000,1,19.993,0.199934,0.000,1.000,1,26.034,0.260336,0.000,1.000,1,48.356,0.483561,0.000,1.000,1,45.751,0.457508,0.000,1.000,1,41.057,0.410573,0.000,1.000,neutral,good
1783252802.421875,1,41.763,0.417626,0.000,1.000,1,20.663,0.206631,0.000,1.000,1,20.176,0.201760,0.000,1.000,1,47.893,0.478932,0.000,1.000,1,40.697,0.406966,0.000,1.000,1,40.199,0.401985,0.000,1.000,neutral,good
1783252802.429688,1,47.104,0.471040,0.000,1.000,1,23.980,0.239802,0.000,1.000,1,24.415,0.244148,0.000,1.000,1,49.698,0.496977,0.000,1.000,1,45.366,0.453656,0.000,1.000,1,39.670,0.396704,0.000,1.000,neutral,good
1783252802.437500,1,42.536,0.425360,0.000,1.000,1,18.217,0.182171,0.000,1.000,1,21.657,0.216572,0.000,1.000,1,44.348,0.443476,0.000,1.000,1,42.765,0.427649,0.000,1.000,1,41.616,0.416160,0.000,1.000,neutral,good
1783252802.445312,1,41.586,0.415865,0.000,1.000,1,20.754,0.207538,0.000,1.000,1,18.666,0.186659,0.000,1.000,1,44.445,0.444446,0.000,1.000,1,43.553,0.435531,0.000,1.000,1,44.615,0.446151,0.000,1.000,neutral,good
1783252802.453125,1,45.771,0.457711,0.000,1.000,1,25.987,0.259874,0.000,1.000,1,18.219,0.182195,0.000,1.000,1,47.450,0.474497,0.000,1.000,1,39.552,0.395515,0.000,1.000,1,43.028,0.430275,0.000,1.000,neutral,good
1783252802.460938,1,44.773,0.447728,0.000,1.000,1,23.024,0.230242,0.000,1.000,1,25.765,0.257646,0.000,1.000,1,47.961,0.479607,0.000,1.000,1,41.343,0.413431,0.000,1.000,1,35.899,0.358989,0.000,1.000,neutral,good
1783252802.468750,1,43.876,0.438765,0.000,1.000,1,22.650,0.226502,0.000,1.000,1,22.459,0.224593,0.000,1.000,1,52.692,0.526921,0.000,1.000,1,48.304,0.483039,0.000,1.000,1,44.650,0.446497,0.000,1.000,neutral,good
1783252802.476562,1,45.293,0.452935,0.000,1.000,1,20.900,0.208997,0.000,1.000,1,20.025,0.200254,0.000,1.000,1,43.578,0.435777,0.000,1.000,1,40.989,0.409890,0.000,1.000,1,39.248,0.392478,0.000,1.000,neutral,good
1783252802.484375,1,47.579,0.475786,0.000,1.000,1,17.837,0.178366,0.000,1.000,1,18.852,0.188520,0.000,1.000,1,54.413,0.544130,0.000,1.000,1,42.858,0.428583,0.000,1.000,1,40.082,0.400822,0.000,1.000,neutral,good
1783252802.492188,1,43.014,0.430139,0.000,1.000,1,21.207,0.212072,0.000,1.000,1,24.820,0.248202,0.000,1.000,1,47.981,0.479807,0.000,1.000,1,40.733,0.407327,0.000,1.000,1,42.737,0.427374,0.000,1.000,neutral,good
1783252802.500000,1,46.335,0.463354,0.000,1.000,1,20.345,0.203454,0.000,1.000,1,21.925,0.219245,0.000,1.000,1,46.201,0.462009,0.000,1.000,1,41.484,0.414840,0.000,1.000,1,41.703,0.417025,0.000,1.000,neutral,good
1783252802.507812,1,45.916,0.459157,0.000,1.000,1,23.513,0.235129,0.000,1.000,1,23.361,0.233608,0.000,1.000,1,51.337,0.513371,0.000,1.000,1,44.038,0.440384,0.000,1.000,1,45.665,0.456649,0.000,1.000,neutral,good
1783252802.515625,1,40.800,0.408001,0.000,1.000,1,15.652,0.156517,0.000,1.000,1,23.833,0.238328,0.000,1.000,1,46.633,0.466335,0.000,1.000,1,41.926,0.419262,0.000,1.000,1,38.824,0.388240,0.000,1.000,neutral,good
1783252802.523438,1,40.174,0.401738,0.000,1.000,1,18.727,0.187266,0.000,1.000,1,20.112,0.201123,0.000,1.000,1,44.497,0.444968,0.000,1.000,1,43.897,0.438975,0.000,1.000,1,44.704,0.447038,0.000,1.000,neutral,good
1783252802.531250,1,49.424,0.494241,0.000,1.000,1,20.832,0.208320,0.000,1.000,1,23.672,0.236722,0.000,1.000,1,45.147,0.451472,0.000,1.000,1,42.261,0.422607,0.000,1.000,1,42.234,0.422336,0.000,1.000,neutral,good
1783252802.539062,1,49.704,0.497040,0.000,1.000,1,21.662,0.216622,0.000,1.000,1,21.432,0.214324,0.000,1.000,1,48.255,0.482553,0.000,1.000,1,44.501,0.445011,0.000,1.000,1,42.875,0.428753,0.000,1.000,neutral,good
1783252802.546875,1,43.128,0.431283,0.000,1.000,1,19.388,0.193876,0.000,1.000,1,23.226,0.232259,0.000,1.000,1,48.244,0.482440,0.000,1.000,1,42.750,0.427500,0.000,1.000,1,40.019,0.400190,0.000,1.000,neutral,good
1783252802.554688,1,50.368,0.503683,0.000,1.000,1,27.942,0.279424,0.000,1.000,1,23.925,0.239251,0.000,1.000,1,47.562,0.475621,0.000,1.000,1,41.053,0.410534,0.000,1.000,1,37.453,0.374526,0.000,1.000,neutral,good
1783252802.562500,1,46.588,0.465883,0.000,1.000,1,18.408,0.184075,0.000,1.000,1,31.046,0.310456,0.000,1.000,1,52.316,0.523156,0.000,1.000,1,46.228,0.462275,0.000,1.000,1,45.182,0.451816,0.000,1.000,neutral,good
1783252802.570312,1,44.506,0.445057,0.000,1.000,1,21.829,0.218289,0.000,1.000,1,20.278,0.202784,0.000,1.000,1,43.403,0.434028,0.000,1.000,1,46.517,0.465169,0.000,1.000,1,37.223,0.372227,0.000,1.000,neutral,good
1783252802.578125,1,46.797,0.467975,0.000,1.000,1,20.152,0.201518,0.000,1.000,1,23.042,0.230422,0.000,1.000,1,51.655,0.516551,0.000,1.000,1,38.612,0.386121,0.000,1.000,1,42.746,0.427456,0.000,1.000,neutral,good
1783252802.585938,1,43.993,0.439931,0.000,1.000,1,19.334,0.193339,0.000,1.000,1,25.592,0.255923,0.000,1.000,1,50.455,0.504548,0.000,1.000,1,41.293,0.412934,0.000,1.000,1,40.102,0.401023,0.000,1.000,neutral,good
1783252802.593750,1,45.671,0.456706,0.000,1.000,1,22.844,0.228435,0.000,1.000,1,21.230,0.212296,0.000,1.000,1,48.089,0.480888,0.000,1.000,1,42.028,0.420284,0.000,1.000,1,44.999,0.449995,0.000,1.000,neutral,good
1783252802.601562,1,46.040,0.460397,0.000,1.000,1,17.579,0.175791,0.000,1.000,1,24.014,0.240136,0.000,1.000,1,50.469,0.504689,0.000,1.000,1,47.301,0.473013,0.000,1.000,1,42.104,0.421042,0.000,1.000,neutral,good
1783252802.609375,1,42.285,0.422850,0.000,1.000,1,24.955,0.249546,0.000,1.000,1,25.558,0.255575,0.000,1.000,1,52.696,0.526956,0.000,1.000,1,44.995,0.449948,0.000,1.000,1,42.433,0.424326,0.000,1.000,neutral,good
1783252802.617188,1,39.422,0.394223,0.000,1.000,1,20.738,0.207379,0.000,1.000,1,26.779,0.267790,0.000,1.000,1,49.345,0.493447,0.000,1.000,1,46.574,0.465736,0.000,1.000,1,38.791,0.387906,0.000,1.000,neutral,good
1783252802.625000,1,40.119,0.401195,0.000,1.000,1,16.233,0.162334,0.000,1.000,1,23.549,0.235494,0.000,1.000,1,45.124,0.451243,0.000,1.000,1,41.792,0.417922,0.000,1.000,1,42.206,0.422063,0.000,1.000,neutral,good
1783252802.632812,1,41.284,0.412841,0.000,1.000,1,19.716,0.197162,0.000,1.000,1,23.982,0.239824,0.000,1.000,1,50.196,0.501962,0.000,1.000,1,40.845,0.408451,0.000,1.000,1,41.564,0.415641,0.000,1.000,neutral,good
1783252802.640625,1,43.849,0.438489,0.000,1.000,1,22.187,0.221873,0.000,1.000,1,21.165,0.211645,0.000,1.000,1,49.125,0.491253,0.000,1.000,1,38.512,0.385122,0.000,1.000,1,45.246,0.452465,0.000,1.000,neutral,good
1783252802.648438,1,42.733,0.427327,0.000,1.000,1,21.063,0.210625,0.000,1.000,1,27.259,0.272594,0.000,1.000,1,46.223,0.462226,0.000,1.000,1,44.347,0.443473,0.000,1.000,1,41.520,0.415201,0.000,1.000,neutral,good
1783252802.656250,1,46.628,0.466285,0.000,1.000,1,22.338,0.223384,0.000,1.000,1,21.055,0.210550,0.000,1.000,1,49.214,0.492139,0.000,1.000,1,44.338,0.443375,0.000,1.000,1,42.097,0.420970,0.000,1.000,neutral,good
1783252802.664062,1,48.270,0.482700,0.000,1.000,1,22.122,0.221224,0.000,1.000,1,23.914,0.239139,0.000,1.000,1,48.853,0.488527,0.000,1.000,1,43.653,0.436534,0.000,1.000,1,41.773,0.417726,0.000,1.000,neutral,good
1783252802.671875,1,44.514,0.445142,0.000,1.000,1,16.716,0.167155,0.000,1.000,1,27.288,0.272882,0.000,1.000,1,46.524,0.465241,0.000,1.000,1,42.167,0.421669,0.000,1.000,1,41.577,0.415770,0.000,1.000,neutral,good
1783252802.679688,1,44.754,0.447536,0.000,1.000,1,22.131,0.221308,0.000,1.000,1,24.023,0.240234,0.000,1.000,1,48.965,0.489653,0.000,1.000,1,43.402,0.434019,0.000,1.000,1,38.749,0.387490,0.000,1.000,neutral,good
1783252802.687500,1,44.269,0.442685,0.000,1.000,1,20.476,0.204763,0.000,1.000,1,25.729,0.257290,0.000,1.000,1,50.154,0.501537,0.000,1.000,1,48.132,0.481319,0.000,1.000,1,45.132,0.451321,0.000,1.000,neutral,good
1783252802.695312,1,45.996,0.459958,0.000,1.000,1,27.207,0.272069,0.000,1.000,1,21.221,0.212208,0.000,1.000,1,48.774,0.487741,0.000,1.000,1,45.035,0.450345,0.000,1.000,1,39.683,0.396828,0.000,1.000,neutral,good
1783252802.703125,1,47.277,0.472771,0.000,1.000,1,15.983,0.159825,0.000,1.000,1,24.747,0.247469,0.000,1.000,1,48.594,0.485941,0.000,1.000,1,42.572,0.425719,0.000,1.000,1,40.832,0.408320,0.000,1.000,neutral,good
1783252802.710938,1,39.358,0.393579,0.000,1.000,1,22.006,0.220059,0.000,1.000,1,20.783,0.207830,0.000,1.000,1,45.103,0.451027,0.000,1.000,1,43.029,0.430285,0.000,1.000,1,37.492,0.374921,0.000,1.000,neutral,good
1783252802.718750,1,47.977,0.479774,0.000,1.000,1,19.722,0.197215,0.000,1.000,1,25.799,0.257991,0.000,1.000,1,47.903,0.479026,0.000,1.000,1,46.306,0.463058,0.000,1.000,1,41.497,0.414974,0.000,1.000,neutral,good
1783252802.726562,1,45.006,0.450064,0.000,1.000,1,18.501,0.185009,0.000,1.000,1,24.414,0.244139,0.000,1.000,1,45.061,0.450614,0.000,1.000,1,41.935,0.419347,0.000,1.000,1,39.341,0.393410,0.000,1.000,neutral,good
1783252802.734375,1,44.767,0.447668,0.000,1.000,1,22.276,0.222760,0.000,1.000,1,20.531,0.205310,0.000,1.000,1,50.900,0.508995,0.000,1.000,1,44.085,0.440849,0.000,1.000,1,37.912,0.379122,0.000,1.000,neutral,good
1783252802.742188,1,45.828,0.458284,0.000,1.000,1,18.911,0.189113,0.000,1.000,1,18.619,0.186193,0.000,1.000,1,46.885,0.468850,0.000,1.000,1,42.680,0.426799,0.000,1.000,1,42.534,0.425337,0.000,1.000,neutral,good
1783252802.750000,1,42.702,0.427025,0.000,1.000,1,26.130,0.261302,0.000,1.000,1,27.248,0.272477,0.000,1.000,1,51.641,0.516407,0.000,1.000,1,41.564,0.415640,0.000,1.000,1,38.172,0.381724,0.000,1.000,neutral,good
1783252802.757812,1,43.567,0.435674,0.000,1.000,1,23.609,0.236088,0.000,1.000,1,26.777,0.267769,0.000,1.000,1,46.064,0.460644,0.000,1.000,1,40.837,0.408371,0.000,1.000,1,43.264,0.432635,0.000,1.000,neutral,good
1783252802.765625,1,45.154,0.451539,0.000,1.000,1,19.524,0.195240,0.000,1.000,1,27.847,0.278473,0.000,1.000,1,49.985,0.499854,0.000,1.000,1,43.135,0.431355,0.000,1.000,1,42.063,0.420627,0.000,1.000,neutral,good
1783252802.773438,1,45.344,0.453441,0.000,1.000,1,20.462,0.204622,0.000,1.000,1,21.786,0.217857,0.000,1.000,1,47.529,0.475294,0.000,1.000,1,40.046,0.400462,0.000,1.000,1,40.697,0.406972,0.000,1.000,neutral,good
1783252802.781250,1,45.933,0.459328,0.000,1.000,1,18.340,0.183401,0.000,1.000,1,22.093,0.220927,0.000,1.000,1,48.648,0.486481,0.000,1.000,1,42.160,0.421599,0.000,1.000,1,39.598,0.395979,0.000,1.000,neutral,good
1783252802.789062,1,41.988,0.419884,0.000,1.000,1,24.889,0.248886,0.000,1.000,1,23.532,0.235315,0.000,1.000,1,51.845,0.518446,0.000,1.000,1,44.345,0.443449,0.000,1.000,1,42.319,0.423186,0.000,1.000,neutral,good
1783252802.796875,1,48.603,0.486035,0.000,1.000,1,22.045,0.220453,0.000,1.000,1,21.274,0.212736,0.000,1.000,1,45.864,0.458642,0.000,1.000,1,39.753,0.397532,0.000,1.000,1,41.153,0.411535,0.000,1.000,neutral,good
1783252802.804688,1,41.078,0.410782,0.000,1.000,1,25.132,0.251322,0.000,1.000,1,21.507,0.215069,0.000,1.000,1,47.419,0.474189,0.000,1.000,1,47.061,0.470609,0.000,1.000,1,44.392,0.443918,0.000,1.000,neutral,good
1783252802.812500,1,46.972,0.469722,0.000,1.000,1,26.760,0.267604,0.000,1.000,1,24.855,0.248550,0.000,1.000,1,50.121,0.501205,0.000,1.000,1,38.208,0.382077,0.000,1.000,1,45.747,0.457466,0.000,1.000,neutral,good
1783252802.820312,1,43.689,0.436890,0.000,1.000,1,16.741,0.167413,0.000,1.000,1,23.694,0.236944,0.000,1.000,1,52.013,0.520132,0.000,1.000,1,43.237,0.432371,0.000,1.000,1,40.074,0.400744,0.000,1.000,neutral,good
1783252802.828125,1,44.786,0.447857,0.000,1.000,1,21.563,0.215626,0.000,1.000,1,24.053,0.240532,0.000,1.000,1,49.445,0.494448,0.000,1.000,1,44.083,0.440827,0.000,1.000,1,42.928,0.429283,0.000,1.000,neutral,good
1783252802.835938,1,45.046,0.450465,0.000,1.000,1,24.173,0.241730,0.000,1.000,1,20.717,0.207171,0.000,1.000,1,48.106,0.481065,0.000,1.000,1,43.353,0.433527,0.000,1.000,1,41.302,0.413019,0.000,1.000,neutral,good
1783252802.843750,1,48.467,0.484669,0.000,1.000,1,17.287,0.172870,0.000,1.000,1,20.849,0.208486,0.000,1.000,1,50.384,0.503841,0.000,1.000,1,41.376,0.413763,0.000,1.000,1,41.490,0.414899,0.000,1.000,neutral,good
1783252802.851562,1,41.418,0.414182,0.000,1.000,1,19.642,0.196417,0.000,1.000,1,23.551,0.235511,0.000,1.000,1,47.548,0.475478,0.000,1.000,1,43.056,0.430559,0.000,1.000,1,41.726,0.417265,0.000,1.000,neutral,good
1783252802.859375,1,47.823,0.478232,0.000,1.000,1,19.158,0.191584,0.000,1.000,1,22.062,0.220619,0.000,1.000,1,47.279,0.472788,0.000,1.000,1,45.141,0.451412,0.000,1.000,1,44.960,0.449599,0.000,1.000,neutral,good
1783252802.867188,1,50.254,0.502540,0.000,1.000,1,18.265,0.182652,0.000,1.000,1,27.238,0.272380,0.000,1.000,1,52.167,0.521666,0.000,1.000,1,38.420,0.384195,0.000,1.000,1,42.522,0.425216,0.000,1.000,neutral,good
1783252802.875000,1,47.135,0.471351,0.000,1.000,1,19.011,0.190114,0.000,1.000,1,21.660,0.216603,0.000,1.000,1,46.058,0.460575,0.000,1.000,1,38.537,0.385372,0.000,1.000,1,37.003,0.370029,0.000,1.000,neutral,good
1783252802.882812,1,45.274,0.452736,0.000,1.000,1,21.590,0.215900,0.000,1.000,1,20.667,0.206666,0.000,1.000,1,51.248,0.512483,0.000,1.000,1,45.225,0.452252,0.000,1.000,1,37.858,0.378583,0.000,1.000,neutral,good
1783252802.890625,1,49.559,0.495586,0.000,1.000,1,26.390,0.263900,0.000,1.000,1,22.729,0.227291,0.000,1.000,1,49.842,0.498418,0.000,1.000,1,45.424,0.454245,0.000,1.000,1,43.116,0.431159,0.000,1.000,neutral,good
1783252802.898438,1,44.874,0.448737,0.000,1.000,1,24.929,0.249292,0.000,1.000,1,25.788,0.257878,0.000,1.000,1,46.308,0.463079,0.000,1.000,1,47.061,0.470611,0.000,1.000,1,43.228,0.432282,0.000,1.000,neutral,good
1783252802.906250,1,45.089,0.450895,0.000,1.000,1,24.328,0.243277,0.000,1.000,1,27.604,0.276041,0.000,1.000,1,49.509,0.495086,0.000,1.000,1,40.761,0.407614,0.000,1.000,1,40.090,0.400897,0.000,1.000,neutral,good
1783252802.914062,1,47.676,0.476756,0.000,1.000,1,21.649,0.216494,0.000,1.000,1,23.489,0.234889,0.000,1.000,1,45.091,0.450911,0.000,1.000,1,45.005,0.450048,0.000,1.000,1,43.005,0.430049,0.000,1.000,neutral,good
1783252802.921875,1,45.119,0.451195,0.000,1.000,1,23.627,0.236269,0.000,1.000,1,20.229,0.202286,0.000,1.000,1,50.135,0.501348,0.000,1.000,1,43.087,0.430866,0.000,1.000,1,45.427,0.454269,0.000,1.000,neutral,good
1783252802.929688,1,45.273,0.452730,0.000,1.000,1,20.533,0.205328,0.000,1.000,1,24.222,0.242216,0.000,1.000,1,50.015,0.500150,0.000,1.000,1,41.336,0.413364,0.000,1.000,1,34.872,0.348724,0.000,1.000,neutral,good
1783252802.937500,1,44.938,0.449383,0.000,1.000,1,25.113,0.251128,0.000,1.000,1,21.883,0.218833,0.000,1.000,1,44.816,0.448164,0.000,1.000,1,40.824,0.408242,0.000,1.000,1,39.691,0.396911,0.000,1.000,neutral,good
1783252802.945312,1,48.760,0.487596,0.000,1.000,1,15.760,0.157597,0.000,1.000,1,18.910,0.189096,0.000,1.000,1,46.357,0.463574,0.000,1.000,1,43.659,0.436594,0.000,1.000,1,40.195,0.401950,0.000,1.000,neutral,good
1783252802.953125,1,45.681,0.456807,0.000,1.000,1,17.730,0.177297,0.000,1.000,1,22.194,0.221935,0.000,1.000,1,46.848,0.468479,0.000,1.000,1,41.393,0.413930,0.000,1.000,1,41.777,0.417766,0.000,1.000,neutral,good
1783252802.960938,1,45.926,0.459257,0.000,1.000,1,17.122,0.171215,0.000,1.000,1,23.292,0.232918,0.000,1.000,1,43.835,0.438351,0.000,1.000,1,44.964,0.449644,0.000,1.000,1,45.451,0.454513,0.000,1.000,neutral,good
1783252802.968750,1,47.678,0.476777,0.000,1.000,1,23.205,0.232055,0.000,1.000,1,22.766,0.227662,0.000,1.000,1,49.058,0.490581,0.000,1.000,1,45.418,0.454178,0.000,1.000,1,34.676,0.346763,0.000,1.000,neutral,good
1783252802.976562,1,47.486,0.474858,0.000,1.000,1,23.007,0.230073,0.000,1.000,1,21.671,0.216712,0.000,1.000,1,44.149,0.441494,0.000,1.000,1,43.224,0.432235,0.000,1.000,1,34.548,0.345478,0.000,1.000,neutral,good
1783252802.984375,1,41.009,0.410090,0.000,1.000,1,21.309,0.213086,0.000,1.000,1,18.698,0.186977,0.000,1.000,1,45.714,0.457138,0.000,1.000,1,45.436,0.454364,0.000,1.000,1,40.471,0.404713,0.000,1.000,neutral,good
1783252802.992188,1,45.566,0.455658,0.000,1.000,1,25.729,0.257286,0.000,1.000,1,24.256,0.242565,0.000,1.000,1,49.044,0.490438,0.000,1.000,1,43.625,0.436246,0.000,1.000,1,41.082,0.410819,0.000,1.000,neutral,good
1783252803.000000,1,40.037,0.400370,0.000,1.000,1,20.311,0.203111,0.000,1.000,1,22.307,0.223066,0.000,1.000,1,49.553,0.495532,0.000,1.000,1,42.549,0.425495,0.000,1.000,1,41.805,0.418049,0.000,1.000,neutral,good
1783252803.007812,1,45.984,0.459840,0.000,1.000,1,22.257,0.222571,0.000,1.000,1,16.921,0.169205,0.000,1.000,1,49.461,0.494606,0.000,1.000,1,43.008,0.430083,0.000,1.000,1,40.606,0.406058,0.000,1.000,neutral,good
1783252803.015625,1,45.146,0.451457,0.000,1.000,1,24.406,0.244063,0.000,1.000,1,23.998,0.239977,0.000,1.000,1,49.769,0.497694,0.000,1.000,1,40.993,0.409929,0.000,1.000,1,41.815,0.418148,0.000,1.000,neutral,good
1783252803.023438,1,37.117,0.371168,0.000,1.000,1,20.046,0.200464,0.000,1.000,1,23.471,0.234711,0.000,1.000,1,47.752,0.477520,0.000,1.000,1,42.181,0.421811,0.000,1.000,1,43.934,0.439343,0.000,1.000,neutral,good
1783252803.031250,1,46.081,0.460807,0.000,1.000,1,18.912,0.189120,0.000,1.000,1,22.916,0.229161,0.000,1.000,1,47.489,0.474889,0.000,1.000,1,41.487,0.414873,0.000,1.000,1,40.731,0.407308,0.000,1.000,neutral,good
1783252803.039062,1,43.812,0.438122,0.000,1.000,1,19.706,0.197063,0.000,1.000,1,25.456,0.254555,0.000,1.000,1,45.962,0.459625,0.000,1.000,1,46.173,0.461733,0.000,1.000,1,37.475,0.374755,0.000,1.000,neutral,good
1783252803.046875,1,48.364,0.483644,0.000,1.000,1,28.247,0.282472,0.000,1.000,1,22.732,0.227325,0.000,1.000,1,45.407,0.454075,0.000,1.000,1,41.839,0.418388,0.000,1.000,1,37.900,0.378996,0.000,1.000,neutral,good
1783252803.054688,1,43.015,0.430152,0.000,1.000,1,20.540,0.205400,0.000,1.000,1,25.421,0.254212,0.000,1.000,1,48.924,0.489245,0.000,1.000,1,44.576,0.445758,0.000,1.000,1,38.823,0.388226,0.000,1.000,neutral,good
1783252803.062500,1,44.717,0.447173,0.000,1.000,1,18.368,0.183683,0.000,1.000,1,22.514,0.225138,0.000,1.000,1,48.663,0.486630,0.000,1.000,1,44.951,0.449515,0.000,1.000,1,38.309,0.383086,0.000,1.000,neutral,good
1783252803.070312,1,41.861,0.418612,0.000,1.000,1,23.564,0.235645,0.000,1.000,1,21.565,0.215652,0.000,1.000,1,48.997,0.489969,0.000,1.000,1,43.345,0.433448,0.000,1.000,1,41.107,0.411070,0.000,1.000,neutral,good
1783252803.078125,1,43.348,0.433478,0.000,1.000,1,22.297,0.222967,0.000,1.000,1,24.642,0.246425,0.000,1.000,1,39.615,0.396152,0.000,1.000,1,42.535,0.425350,0.000,1.000,1,44.363,0.443629,0.000,1.000,neutral,good
1783252803.085938,1,47.871,0.478711,0.000,1.000,1,20.621,0.206209,0.000,1.000,1,20.858,0.208576,0.000,1.000,1,47.612,0.476120,0.000,1.000,1,44.318,0.443179,0.000,1.000,1,43.974,0.439743,0.000,1.000,neutral,good
1783252803.093750,1,42.261,0.422611,0.000,1.000,1,17.790,0.177898,0.000,1.000,1,21.155,0.211551,0.000,1.000,1,47.266,0.472655,0.000,1.000,1,39.673,0.396734,0.000,1.000,1,40.771,0.407709,0.000,1.000,neutral,good
1783252803.101562,1,47.969,0.479693,0.000,1.000,1,21.178,0.211781,0.000,1.000,1,23.831,0.238305,0.000,1.000,1,48.001,0.480013,0.000,1.000,1,44.946,0.449459,0.000,1.000,1,37.734,0.377337,0.000,1.000,neutral,good
1783252803.109375,1,45.112,0.451121,0.000,1.000,1,14.665,0.146652,0.000,1.000,1,21.161,0.211611,0.000,1.000,1,47.194,0.471936,0.000,1.000,1,41.838,0.418375,0.000,1.000,1,39.634,0.396343,0.000,1.000,neutral,good
1783252803.117188,1,49.340,0.493397,0.000,1.000,1,17.470,0.174697,0.000,1.000,1,23.250,0.232496,0.000,1.000,1,48.531,0.485313,0.000,1.000,1,38.519,0.385185,0.000,1.000,1,42.905,0.429051,0.000,1.000,neutral,good
1783252803.125000,1,45.487,0.454869,0.000,1.000,1,18.814,0.188137,0.000,1.000,1,22.702,0.227016,0.000,1.000,1,49.379,0.493786,0.000,1.000,1,46.147,0.461473,0.000,1.000,1,42.555,0.425553,0.000,1.000,neutral,good
1783252803.132812,1,38.855,0.388549,0.000,1.000,1,19.505,0.195051,0.000,1.000,1,23.045,0.230449,0.000,1.000,1,45.122,0.451217,0.000,1.000,1,39.946,0.399461,0.000,1.000,1,44.007,0.440070,0.000,1.000,neutral,good
1783252803.140625,1,39.182,0.391824,0.000,1.000,1,17.572,0.175722,0.000,1.000,1,21.181,0.211811,0.000,1.000,1,46.376,0.463762,0.000,1.000,1,41.360,0.413601,0.000,1.000,1,37.127,0.371274,0.000,1.000,neutral,good
1783252803.148438,1,45.151,0.451514,0.000,1.000,1,15.209,0.152086,0.000,1.000,1,22.831,0.228310,0.000,1.000,1,46.568,0.465682,0.000,1.000,1,40.559,0.405594,0.000,1.000,1,41.256,0.412564,0.000,1.000,neutral,good
1783252803.156250,1,50.257,0.502573,0.000,1.000,1,18.906,0.189058,0.000,1.000,1,24.345,0.243453,0.000,1.000,1,48.295,0.482953,0.000,1.000,1,46.274,0.462740,0.000,1.000,1,40.093,0.400926,0.000,1.000,neutral,good
1783252803.164062,1,43.883,0.438831,0.000,1.000,1,25.464,0.254637,0.000,1.000,1,21.627,0.216266,0.000,1.000,1,45.735,0.457352,0.000,1.000,1,47.851,0.478511,0.000,1.000,1,37.245,0.372447,0.000,1.000,neutral,good
1783252803.171875,1,42.899,0.428986,0.000,1.000,1,19.891,0.198913,0.000,1.000,1,23.071,0.230714,0.000,1.000,1,51.009,0.510092,0.000,1.000,1,42.025,0.420248,0.000,1.000,1,38.826,0.388260,0.000,1.000,neutral,good
1783252803.179688,1,43.327,0.433266,0.000,1.000,1,14.828,0.148276,0.000,1.000,1,19.054,0.190544,0.000,1.000,1,48.964,0.489644,0.000,1.000,1,43.291,0.432906,0.000,1.000,1,39.928,0.399280,0.000,1.000,neutral,good
1783252803.187500,1,47.875,0.478749,0.000,1.000,1,21.462,0.214621,0.000,1.000,1,24.089,0.240892,0.000,1.000,1,45.585,0.455847,0.000,1.000,1,46.500,0.465002,0.000,1.000,1,40.087,0.400867,0.000,1.000,neutral,good
1783252803.195312,1,43.061,0.430614,0.000,1.000,1,21.223,0.212227,0.000,1.000,1,21.586,0.215863,0.000,1.000,1,46.829,0.468285,0.000,1.000,1,42.213,0.422128,0.000,1.000,1,41.133,0.411333,0.000,1.000,neutral,good
1783252803.203125,1,46.417,0.464174,0.000,1.000,1,21.288,0.212881,0.000,1.000,1,20.189,0.201887,0.000,1.000,1,44.536,0.445360,0.000,1.000,1,43.778,0.437781,0.000,1.000,1,41.526,0.415260,0.000,1.000,neutral,good
1783252803.210938,1,42.341,0.423414,0.000,1.000,1,20.238,0.202381,0.000,1.000,1,20.728,0.207282,0.000,1.000,1,45.368,0.453679,0.000,1.000,1,40.731,0.407312,0.000,1.000,1,40.079,0.400791,0.000,1.000,neutral,good
1783252803.218750,1,45.834,0.458337,0.000,1.000,1,21.218,0.212180,0.000,1.000,1,28.423,0.284228,0.000,1.000,1,51.589,0.515892,0.000,1.000,1,39.659,0.396595,0.000,1.000,1,39.911,0.399106,0.000,1.000,neutral,good
1783252803.226562,1,40.086,0.400857,0.000,1.000,1,18.581,0.185807,0.000,1.000,1,20.915,0.209148,0.000,1.000,1,50.818,0.508181,0.000,1.000,1,44.998,0.449977,0.000,1.000,1,39.056,0.390564,0.000,1.000,neutral,good
1783252803.234375,1,47.131,0.471305,0.000,1.000,1,20.216,0.202159,0.000,1.000,1,22.427,0.224270,0.000,1.000,1,46.006,0.460057,0.000,1.000,1,43.985,0.439846,0.000,1.000,1,44.262,0.442624,0.000,1.000,neutral,good
1783252803.242188,1,42.654,0.426544,0.000,1.000,1,22.679,0.226792,0.000,1.000,1,20.979,0.209788,0.000,1.000,1,49.809,0.498089,0.000,1.000,1,43.077,0.430767,0.000,1.000,1,43.655,0.436555,0.000,1.000,neutral,good
1783252803.250000,1,42.280,0.422803,0.000,1.000,1,17.143,0.171429,0.000,1.000,1,22.702,0.227017,0.000,1.000,1,46.321,0.463208,0.000,1.000,1,38.569,0.385692,0.000,1.000,1,39.786,0.397855,0.000,1.000,neutral,good
1783252803.257812,1,44.251,0.442507,0.000,1.000,1,20.535,0.205345,0.000,1.000,1,23.288,0.232885,0.000,1.000,1,47.097,0.470966,0.000,1.000,1,43.726,0.437259,0.000,1.000,1,36.803,0.368030,0.000,1.000,neutral,good
1783252803.265625,1,48.187,0.481867,0.000,1.000,1,23.426,0.234260,0.000,1.000,1,22.667,0.226672,0.000,1.000,1,48.399,0.483989,0.000,1.000,1,43.444,0.434440,0.000,1.000,1,44.805,0.448049,0.000,1.000,neutral,good
1783252803.273438,1,44.034,0.440335,0.000,1.000,1,22.729,0.227294,0.000,1.000,1,25.946,0.259463,0.000,1.000,1,49.754,0.497542,0.000,1.000,1,45.072,0.450722,0.000,1.000,1,41.824,0.418239,0.000,1.000,neutral,good
1783252803.281250,1,45.563,0.455629,0.000,1.000,1,19.784,0.197842,0.000,1.000,1,26.931,0.269306,0.000,1.000,1,45.335,0.453351,0.000,1.000,1,43.999,0.439994,0.000,1.000,1,41.352,0.413519,0.000,1.000,neutral,good
1783252803.289062,1,45.580,0.455800,0.000,1.000,1,17.250,0.172501,0.000,1.000,1,20.131,0.201311,0.000,1.000,1,49.504,0.495040,0.000,1.000,1,46.144,0.461436,0.000,1.000,1,42.047,0.420469,0.000,1.000,neutral,good
1783252803.296875,1,45.975,0.459752,0.000,1.000,1,24.877,0.248775,0.000,1.000,1,24.718,0.247184,0.000,1.000,1,44.697,0.446969,0.000,1.000,1,43.362,0.433618,0.000,1.000,1,38.607,0.386068,0.000,1.000,neutral,good
1783252803.304688,1,43.909,0.439086,0.000,1.000,1,23.438,0.234376,0.000,1.000,1,23.316,0.233162,0.000,1.000,1,46.861,0.468606,0.000,1.000,1,40.541,0.405410,0.000,1.000,1,38.856,0.388558,0.000,1.000,neutral,good
1783252803.312500,1,41.230,0.412304,0.000,1.000,1,22.591,0.225913,0.000,1.000,1,22.579,0.225786,0.000,1.000,1,48.450,0.484501,0.000,1.000,1,44.974,0.449737,0.000,1.000,1,43.282,0.432816,0.000,1.000,neutral,good
1783252803.320312,1,42.658,0.426578,0.000,1.000,1,22.419,0.224186,0.000,1.000,1,22.850,0.228501,0.000,1.000,1,48.740,0.487396,0.000,1.000,1,40.482,0.404816,0.000,1.000,1,38.316,0.383156,0.000,1.000,neutral,good
1783252803.328125,1,43.554,0.435544,0.000,1.000,1,21.962,0.219616,0.000,1.000,1,22.734,0.227338,0.000,1.000,1,48.824,0.488238,0.000,1.000,1,41.184,0.411840,0.000,1.000,1,41.892,0.418925,0.000,1.000,neutral,good
1783252803.335938,1,41.440,0.414400,0.000,1.000,1,22.317,0.223171,0.000,1.000,1,21.000,0.210004,0.000,1.000,1,47.691,0.476911,0.000,1.000,1,43.953,0.439526,0.000,1.000,1,39.255,0.392554,0.000,1.000,neutral,good
1783252803.343750,1,42.595,0.425948,0.000,1.000,1,21.637,0.216369,0.000,1.000,1,20.192,0.201916,0.000,1.000,1,46.141,0.461415,0.000,1.000,1,44.426,0.444258,0.000,1.000,1,43.464,0.434645,0.000,1.000,neutral,good
1783252803.351562,1,43.940,0.439400,0.000,1.000,1,25.063,0.250630,0.000,1.000,1,24.714,0.247136,0.000,1.000,1,51.727,0.517273,0.000,1.000,1,39.373,0.393735,0.000,1.000,1,41.298,0.412976,0.000,1.000,neutral,good
1783252803.359375,1,42.605,0.426051,0.000,1.000,1,21.662,0.216615,0.000,1.000,1,18.820,0.188197,0.000,1.000,1,48.696,0.486962,0.000,1.000,1,44.177,0.441768,0.000,1.000,1,41.313,0.413129,0.000,1.000,neutral,good
1783252803.367188,1,41.967,0.419666,0.000,1.000,1,16.129,0.161293,0.000,1.000,1,18.001,0.180007,0.000,1.000,1,48.140,0.481402,0.000,1.000,1,39.904,0.399036,0.000,1.000,1,39.714,0.397142,0.000,1.000,neutral,good
1783252803.375000,1,44.950,0.449495,0.000,1.000,1,24.532,0.245324,0.000,1.000,1,24.207,0.242072,0.000,1.000,1,48.782,0.487821,0.000,1.000,1,41.570,0.415696,0.000,1.000,1,38.745,0.387446,0.000,1.000,neutral,good
1783252803.382812,1,46.847,0.468471,0.000,1.000,1,21.097,0.210967,0.000,1.000,1,22.352,0.223525,0.000,1.000,1,45.814,0.458140,0.000,1.000,1,42.949,0.429493,0.000,1.000,1,38.910,0.389102,0.000,1.000,neutral,good
1783252803.390625,1,40.460,0.404599,0.000,1.000,1,19.265,0.192650,0.000,1.000,1,19.478,0.194781,0.000,1.000,1,44.925,0.449246,0.000,1.000,1,37.971,0.379706,0.000,1.000,1,41.288,0.412876,0.000,1.000,neutral,good
1783252803.398438,1,43.693,0.436925,0.000,1.000,1,23.324,0.233245,0.000,1.000,1,21.267,0.212666,0.000,1.000,1,43.666,0.436664,0.000,1.000,1,44.994,0.449936,0.000,1.000,1,39.196,0.391964,0.000,1.000,neutral,good
1783252803.406250,1,46.078,0.460779,0.000,1.000,1,22.613,0.226127,0.000,1.000,1,26.651,0.266514,0.000,1.000,1,45.568,0.455683,0.000,1.000,1,42.769,0.427695,0.000,1.000,1,37.367,0.373672,0.000,1.000,neutral,good
1783252803.414062,1,43.344,0.433444,0.000,1.000,1,25.988,0.259880,0.000,1.000,1,18.940,0.189397,0.000,1.000,1,49.442,0.494417,0.000,1.000,1,45.191,0.451912,0.000,1.000,1,42.087,0.420869,0.000,1.000,neutral,good
1783252803.421875,1,43.357,0.433574,0.000,1.000,1,17.664,0.176638,0.000,1.000,1,24.362,0.243615,0.000,1.000,1,47.463,0.474626,0.000,1.000,1,40.079,0.400786,0.000,1.000,1,37.638,0.376378,0.000,1.000,neutral,good
1783252803.429688,1,45.672,0.456719,0.000,1.000,1,21.060,0.210597,0.000,1.000,1,23.039,0.230393,0.000,1.000,1,46.202,0.462019,0.000,1.000,1,41.043,0.410434,0.000,1.000,1,37.259,0.372587,0.000,1.000,neutral,good
1783252803.437500,1,43.060,0.430596,0.000,1.000,1,18.064,0.180635,0.000,1.000,1,24.881,0.248811,0.000,1.000,1,46.414,0.464141,0.000,1.000,1,44.576,0.445765,0.000,1.000,1,38.193,0.381929,0.000,1.000,neutral,good
1783252803.445312,1,41.117,0.411171,0.000,1.000,1,21.008,0.210076,0.000,1.000,1,22.519,0.225190,0.000,1.000,1,47.173,0.471728,0.000,1.000,1,40.792,0.407915,0.000,1.000,1,41.334,0.413336,0.000,1.000,neutral,good
1783252803.453125,1,42.433,0.424334,0.000,1.000,1,16.699,0.166992,0.000,1.000,1,21.454,0.214538,0.000,1.000,1,48.463,0.484633,0.000,1.000,1,47.034,0.470345,0.000,1.000,1,44.442,0.444423,0.000,1.000,neutral,good
1783252803.460938,1,43.303,0.433030,0.000,1.000,1,19.642,0.196416,0.000,1.000,1,23.653,0.236526,0.000,1.000,1,49.224,0.492243,0.000,1.000,1,40.821,0.408211,0.000,1.000,1,43.764,0.437643,0.000,1.000,neutral,good
1783252803.468750,1,44.223,0.442227,0.000,1.000,1,22.460,0.224599,0.000,1.000,1,27.728,0.277279,0.000,1.000,1,43.748,0.437479,0.000,1.000,1,39.685,0.396846,0.000,1.000,1,40.916,0.409159,0.000,1.000,neutral,good
1783252803.476562,1,44.629,0.446294,0.000,1.000,1,17.086,0.170864,0.000,1.000,1,22.296,0.222959,0.000,1.000,1,53.133,0.531335,0.000,1.000,1,44.852,0.448523,0.000,1.000,1,41.394,0.413937,0.000,1.000,neutral,good
1783252803.484375,1,43.309,0.433093,0.000,1.000,1,22.952,0.229524,0.000,1.000,1,23.869,0.238689,0.000,1.000,1,50.069,0.500692,0.000,1.000,1,47.392,0.473918,0.000,1.000,1,39.671,0.396711,0.000,1.000,neutral,good
1783252803.492188,1,46.027,0.460269,0.000,1.000,1,20.719,0.207186,0.000,1.000,1,25.432,0.254324,0.000,1.000,1,44.450,0.444499,0.000,1.000,1,42.228,0.422282,0.000,1.000,1,41.355,0.413551,0.000,1.000,neutral,good
1783252803.500000,1,45.422,0.454219,0.000,1.000,1,19.767,0.197669,0.000,1.000,1,21.380,0.213796,0.000,1.000,1,48.633,0.486329,0.000,1.000,1,43.311,0.433114,0.000,1.000,1,39.057,0.390565,0.000,1.000,neutral,good
1783252803.507812,1,42.971,0.429709,0.000,1.000,1,19.469,0.194687,0.000,1.000,1,24.575,0.245751,0.000,1.000,1,51.265,0.512652,0.000,1.000,1,40.207,0.402066,0.000,1.000,1,41.192,0.411916,0.000,1.000,neutral,good
1783252803.515625,1,46.563,0.465632,0.000,1.000,1,22.322,0.223215,0.000,1.000,1,20.322,0.203222,0.000,1.000,1,46.661,0.466614,0.000,1.000,1,40.824,0.408237,0.000,1.000,1,41.130,0.411296,0.000,1.000,neutral,good
1783252803.523438,1,41.348,0.413485,0.000,1.000,1,20.475,0.204750,0.000,1.000,1,23.105,0.231050,0.000,1.000,1,43.881,0.438814,0.000,1.000,1,42.090,0.420897,0.000,1.000,1,37.719,0.377195,0.000,1.000,neutral,good
1783252803.531250,1,43.470,0.434699,0.000,1.000,1,18.928,0.189277,0.000,1.000,1,21.383,0.213829,0.000,1.000,1,47.921,0.479213,0.000,1.000,1,41.216,0.412159,0.000,1.000,1,39.855,0.398551,0.000,1.000,neutral,good
1783252803.539062,1,42.842,0.428418,0.000,1.000,1,20.389,0.203889,0.000,1.000,1,15.472,0.154716,0.000,1.000,1,47.587,0.475867,0.000,1.000,1,47.576,0.475762,0.000,1.000,1,40.080,0.400804,0.000,1.000,neutral,good
1783252803.546875,1,41.643,0.416431,0.000,1.000,1,15.792,0.157922,0.000,1.000,1,22.072,0.220721,0.000,1.000,1,53.186,0.531858,0.000,1.000,1,36.111,0.361109,0.000,1.000,1,40.544,0.405438,0.000,1.000,neutral,good
1783252803.554688,1,43.655,0.436546,0.000,1.000,1,21.637,0.216375,0.000,1.000,1,26.245,0.262450,0.000,1.000,1,47.876,0.478759,0.000,1.000,1,39.377,0.393773,0.000,1.000,1,37.122,0.371218,0.000,1.000,neutral,good
1783252803.562500,1,45.864,0.458641,0.000,1.000,1,19.033,0.190334,0.000,1.000,1,22.667,0.226669,0.000,1.000,1,50.316,0.503155,0.000,1.000,1,41.805,0.418054,0.000,1.000,1,42.824,0.428241,0.000,1.000,neutral,good
1783252803.570312,1,46.400,0.464001,0.000,1.000,1,20.293,0.202933,0.000,1.000,1,15.740,0.157398,0.000,1.000,1,46.699,0.466989,0.000,1.000,1,40.107,0.401070,0.000,1.000,1,38.320,0.383204,0.000,1.000,neutral,good
1783252803.578125,1,45.941,0.459414,0.000,1.000,1,22.881,0.228813,0.000,1.000,1,22.286,0.222858,0.000,1.000,1,45.666,0.456660,0.000,1.000,1,44.127,0.441268,0.000,1.000,1,36.706,0.367061,0.000,1.000,neutral,good
1783252803.585938,1,42.007,0.420072,0.000,1.000,1,22.048,0.220483,0.000,1.000,1,24.157,0.241569,0.000,1.000,1,48.222,0.482220,0.000,1.000,1,39.533,0.395332,0.000,1.000,1,38.378,0.383781,0.000,1.000,neutral,good
1783252803.593750,1,42.578,0.425782,0.000,1.000,1,19.268,0.192680,0.000,1.000,1,18.628,0.186280,0.000,1.000,1,44.655,0.446550,0.000,1.000,1,37.946,0.379461,0.000,1.000,1,39.452,0.394525,0.000,1.000,neutral,good
1783252803.601562,1,44.650,0.446501,0.000,1.000,1,21.174,0.211735,0.000,1.000,1,22.560,0.225604,0.000,1.000,1,48.122,0.481216,0.000,1.000,1,40.725,0.407251,0.000,1.000,1,42.006,0.420060,0.000,1.000,neutral,good
1783252803.609375,1,46.940,0.469405,0.000,1.000,1,17.371,0.173710,0.000,1.000,1,18.029,0.180294,0.000,1.000,1,46.938,0.469380,0.000,1.000,1,37.489,0.374889,0.000,1.000,1,37.107,0.371073,0.000,1.000,neutral,good
1783252803.617188,1,42.067,0.420667,0.000,1.000,1,23.335,0.233349,0.000,1.000,1,23.631,0.236307,0.000,1.000,1,44.164,0.441639,0.000,1.000,1,46.479,0.464791,0.000,1.000,1,38.571,0.385706,0.000,1.000,neutral,good
1783252803.625000,1,45.621,0.456212,0.000,1.000,1,20.521,0.205205,0.000,1.000,1,21.108,0.211077,0.000,1.000,1,47.564,0.475638,0.000,1.000,1,39.055,0.390547,0.000,1.000,1,38.875,0.388745,0.000,1.000,neutral,good
1783252803.632812,1,47.281,0.472808,0.000,1.000,1,20.681,0.206807,0.000,1.000,1,23.183,0.231828,0.000,1.000,1,47.578,0.475782,0.000,1.000,1,43.468,0.434676,0.000,1.000,1,42.517,0.425170,0.000,1.000,neutral,good
1783252803.640625,1,42.742,0.427421,0.000,1.000,1,21.153,0.211535,0.000,1.000,1,27.237,0.272371,0.000,1.000,1,49.893,0.498931,0.000,1.000,1,40.375,0.403746,0.000,1.000,1,39.205,0.392048,0.000,1.000,neutral,good
1783252803.648438,1,51.809,0.518093,0.000,1.000,1,20.439,0.204386,0.000,1.000,1,18.282,0.182823,0.000,1.000,1,51.565,0.515650,0.000,1.000,1,40.522,0.405217,0.000,1.000,1,36.278,0.362783,0.000,1.000,neutral,good
1783252803.656250,1,45.320,0.453198,0.000,1.000,1,18.957,0.189570,0.000,1.000,1,23.033,0.230325,0.000,1.000,1,43.418,0.434176,0.000,1.000,1,42.347,0.423468,0.000,1.000,1,41.421,0.414211,0.000,1.000,neutral,good
1783252803.664062,1,44.171,0.441708,0.000,1.000,1,16.507,0.165071,0.000,1.000,1,17.235,0.172353,0.000,1.000,1,43.447,0.434467,0.000,1.000,1,41.802,0.418016,0.000,1.000,1,38.120,0.381203,0.000,1.000,neutral,good
1783252803.671875,1,48.336,0.483362,0.000,1.000,1,23.637,0.236372,0.000,1.000,1,22.210,0.222100,0.000,1.000,1,52.568,0.525685,0.000,1.000,1,41.344,0.413436,0.000,1.000,1,37.689,0.376892,0.000,1.000,neutral,good
1783252803.679688,1,42.737,0.427375,0.000,1.000,1,14.265,0.142655,0.000,1.000,1,24.884,0.248841,0.000,1.000,1,45.090,0.450895,0.000,1.000,1,41.465,0.414649,0.000,1.000,1,41.165,0.411648,0.000,1.000,neutral,good
1783252803.687500,1,44.160,0.441595,0.000,1.000,1,21.722,0.217215,0.000,1.000,1,20.375,0.203746,0.000,1.000,1,50.761,0.507614,0.000,1.000,1,39.197,0.391966,0.000,1.000,1,40.236,0.402355,0.000,1.000,neutral,good
1783252803.695312,1,43.235,0.432353,0.000,1.000,1,21.618,0.216179,0.000,1.000,1,23.734,0.237337,0.000,1.000,1,48.554,0.485542,0.000,1.000,1,46.162,0.461615,0.000,1.000,1,44.224,0.442237,0.000,1.000,neutral,good
1783252803.703125,1,46.907,0.469069,0.000,1.000,1,16.308,0.163079,0.000,1.000,1,24.080,0.240803,0.000,1.000,1,50.643,0.506429,0.000,1.000,1,43.800,0.438000,0.000,1.000,1,41.892,0.418922,0.000,1.000,neutral,good
1783252803.710938,1,43.491,0.434914,0.000,1.000,1,17.574,0.175742,0.000,1.000,1,21.656,0.216562,0.000,1.000,1,45.059,0.450587,0.000,1.000,1,41.744,0.417444,0.000,1.000,1,40.960,0.409603,0.000,1.000,neutral,good
1783252803.718750,1,40.504,0.405037,0.000,1.000,1,18.966,0.189660,0.000,1.000,1,20.272,0.202725,0.000,1.000,1,45.549,0.455493,0.000,1.000,1,39.654,0.396542,0.000,1.000,1,42.367,0.423669,0.000,1.000,neutral,good
1783252803.726562,1,41.164,0.411641,0.000,1.000,1,21.313,0.213128,0.000,1.000,1,22.643,0.226434,0.000,1.000,1,47.394,0.473939,0.000,1.000,1,41.031,0.410311,0.000,1.000,1,38.913,0.389131,0.000,1.000,neutral,good
1783252803.734375,1,41.856,0.418555,0.000,1.000,1,18.321,0.183214,0.000,1.000,1,22.289,0.222892,0.000,1.000,1,52.289,0.522892,0.000,1.000,1,42.237,0.422370,0.000,1.000,1,39.078,0.390776,0.000,1.000,neutral,good
1783252803.742188,1,43.707,0.437065,0.000,1.000,1,23.613,0.236131,0.000,1.000,1,22.619,0.226195,0.000,1.000,1,45.228,0.452281,0.000,1.000,1,43.429,0.434285,0.000,1.000,1,38.840,0.388399,0.000,1.000,neutral,good
1783252803.750000,1,39.639,0.396386,0.000,1.000,1,24.944,0.249438,0.000,1.000,1,19.500,0.195003,0.000,1.000,1,46.781,0.467809,0.000,1.000,1,46.842,0.468417,0.000,1.000,1,39.925,0.399254,0.000,1.000,neutral,good
1783252803.757812,1,40.096,0.400960,0.000,1.000,1,17.728,0.177283,0.000,1.000,1,22.777,0.227769,0.000,1.000,1,45.765,0.457648,0.000,1.000,1,40.426,0.404260,0.000,1.000,1,39.738,0.397381,0.000,1.000,neutral,good
1783252803.765625,1,45.117,0.451166,0.000,1.000,1,20.742,0.207422,0.000,1.000,1,18.358,0.183583,0.000,1.000,1,45.013,0.450130,0.000,1.000,1,40.364,0.403643,0.000,1.000,1,40.183,0.401828,0.000,1.000,neutral,good
1783252803.773438,1,45.434,0.454342,0.000,1.000,1,16.256,0.162557,0.000,1.000,1,24.324,0.243243,0.000,1.000,1,50.725,0.507245,0.000,1.000,1,42.326,0.423264,0.000,1.000,1,40.316,0.403155,0.000,1.000,neutral,good
1783252803.781250,1,45.316,0.453163,0.000,1.000,1,22.408,0.224078,0.000,1.000,1,18.002,0.180016,0.000,1.000,1,51.491,0.514913,0.000,1.000,1,45.028,0.450283,0.000,1.000,1,44.460,0.444595,0.000,1.000,neutral,good
1783252803.789062,1,45.772,0.457725,0.000,1.000,1,18.886,0.188862,0.000,1.000,1,21.378,0.213778,0.000,1.000,1,49.479,0.494789,0.000,1.000,1,39.098,0.390981,0.000,1.000,1,39.999,0.399986,0.000,1.000,neutral,good
1783252803.796875,1,45.404,0.454045,0.000,1.000,1,20.505,0.205051,0.000,1.000,1,22.345,0.223455,0.000,1.000,1,49.222,0.492222,0.000,1.000,1,39.789,0.397893,0.000,1.000,1,39.933,0.399326,0.000,1.000,neutral,good
1783252803.804688,1,43.251,0.432506,0.000,1.000,1,21.684,0.216841,0.000,1.000,1,17.948,0.179485,0.000,1.000,1,43.773,0.437728,0.000,1.000,1,39.777,0.397768,0.000,1.000,1,40.194,0.401942,0.000,1.000,neutral,good
1783252803.812500,1,44.568,0.445681,0.000,1.000,1,23.526,0.235258,0.000,1.000,1,16.441,0.164405,0.000,1.000,1,47.743,0.477431,0.000,1.000,1,39.404,0.394041,0.000,1.000,1,35.813,0.358129,0.000,1.000,neutral,good
1783252803.820312,1,44.771,0.447714,0.000,1.000,1,21.803,0.218030,0.000,1.000,1,20.013,0.200130,0.000,1.000,1,51.927,0.519274,0.000,1.000,1,42.827,0.428272,0.000,1.000,1,42.736,0.427364,0.000,1.000,neutral,good
1783252803.828125,1,48.241,0.482411,0.000,1.000,1,20.536,0.205361,0.000,1.000,1,20.110,0.201104,0.000,1.000,1,43.390,0.433904,0.000,1.000,1,45.801,0.458009,0.000,1.000,1,42.687,0.426866,0.000,1.000,neutral,good
1783252803.835938,1,46.893,0.468926,0.000,1.000,1,22.561,0.225605,0.000,1.000,1,23.584,0.235837,0.000,1.000,1,49.020,0.490201,0.000,1.000,1,46.766,0.467661,0.000,1.000,1,40.379,0.403790,0.000,1.000,neutral,good
1783252803.843750,1,50.085,0.500848,0.000,1.000,1,22.595,0.225953,0.000,1.000,1,19.805,0.198052,0.000,1.000,1,47.959,0.479594,0.000,1.000,1,44.609,0.446085,0.000,1.000,1,42.181,0.421805,0.000,1.000,neutral,good
1783252803.851562,1,45.185,0.451854,0.000,1.000,1,17.649,0.176493,0.000,1.000,1,23.112,0.231123,0.000,1.000,1,48.608,0.486084,0.000,1.000,1,39.167,0.391668,0.000,1.000,1,41.636,0.416360,0.000,1.000,neutral,good
1783252803.859375,1,44.198,0.441982,0.000,1.000,1,20.111,0.201105,0.000,1.000,1,18.846,0.188456,0.000,1.000,1,47.859,0.478586,0.000,1.000,1,42.025,0.420254,0.000,1.000,1,39.770,0.397699,0.000,1.000,neutral,good
1783252803.867188,1,46.210,0.462096,0.000,1.000,1,21.508,0.215077,0.000,1.000,1,21.596,0.215956,0.000,1.000,1,44.244,0.442442,0.000,1.000,1,42.758,0.427581,0.000,1.000,1,34.846,0.348460,0.000,1.000,neutral,good
1783252803.875000,1,44.180,0.441800,0.000,1.000,1,20.440,0.204399,0.000,1.000,1,21.733,0.217332,0.000,1.000,1,47.046,0.470461,0.000,1.000,1,44.734,0.447341,0.000,1.000,1,40.721,0.407215,0.000,1.000,neutral,good
1783252803.882812,1,40.920,0.409198,0.000,1.000,1,22.636,0.226362,0.000,1.000,1,24.757,0.247568,0.000,1.000,1,49.700,0.496998,0.000,1.000,1,46.204,0.462038,0.000,1.000,1,41.582,0.415823,0.000,1.000,neutral,good
1783252803.890625,1,42.270,0.422704,0.000,1.000,1,19.465,0.194649,0.000,1.000,1,24.715,0.247149,0.000,1.000,1,50.847,0.508472,0.000,1.000,1,40.772,0.407716,0.000,1.000,1,41.118,0.411182,0.000,1.000,neutral,good
1783252803.898438,1,40.254,0.402539,0.000,1.000,1,23.045,0.230452,0.000,1.000,1,21.604,0.216044,0.000,1.000,1,43.479,0.434788,0.000,1.000,1,42.997,0.429968,0.000,1.000,1,39.403,0.394025,0.000,1.000,neutral,good
1783252803.906250,1,44.289,0.442893,0.000,1.000,1,19.049,0.190492,0.000,1.000,1,23.197,0.231974,0.000,1.000,1,48.529,0.485294,0.000,1.000,1,44.061,0.440606,0.000,1.000,1,39.917,0.399173,0.000,1.000,neutral,good
1783252803.914062,1,43.743,0.437432,0.000,1.000,1,20.881,0.208806,0.000,1.000,1,21.306,0.213061,0.000,1.000,1,44.450,0.444500,0.000,1.000,1,42.940,0.429404,0.000,1.000,1,40.976,0.409763,0.000,1.000,neutral,good
1783252803.921875,1,45.262,0.452617,0.000,1.000,1,19.336,0.193356,0.000,1.000,1,24.248,0.242477,0.000,1.000,1,43.097,0.430966,0.000,1.000,1,38.456,0.384561,0.000,1.000,1,38.969,0.389692,0.000,1.000,neutral,good
1783252803.929688,1,45.535,0.455346,0.000,1.000,1,16.753,0.167532,0.000,1.000,1,23.446,0.234464,0.000,1.000,1,49.722,0.497224,0.000,1.000,1,42.431,0.424313,0.000,1.000,1,39.502,0.395017,0.000,1.000,neutral,good
1783252803.937500,1,41.010,0.410097,0.000,1.000,1,18.326,0.183257,0.000,1.000,1,19.405,0.194049,0.000,1.000,1,41.741,0.417410,0.000,1.000,1,45.210,0.452099,0.000,1.000,1,38.545,0.385451,0.000,1.000,neutral,good
1783252803.945312,1,44.679,0.446795,0.000,1.000,1,18.313,0.183132,0.000,1.000,1,23.214,0.232145,0.000,1.000,1,46.284,0.462841,0.000,1.000,1,41.690,0.416902,0.000,1.000,1,37.915,0.379154,0.000,1.000,neutral,good
1783252803.953125,1,43.045,0.430447,0.000,1.000,1,20.907,0.209070,0.000,1.000,1,18.689,0.186889,0.000,1.000,1,46.219,0.462193,0.000,1.000,1,39.313,0.393128,0.000,1.000,1,34.132,0.341320,0.000,1.000,neutral,good
1783252803.960938,1,47.990,0.479899,0.000,1.000,1,18.564,0.185644,0.000,1.000,1,25.080,0.250796,0.000,1.000,1,49.807,0.498071,0.000,1.000,1,39.498,0.394978,0.000,1.000,1,38.071,0.380707,0.000,1.000,neutral,good
1783252803.968750,1,43.448,0.434475,0.000,1.000,1,17.011,0.170110,0.000,1.000,1,25.003,0.250027,0.000,1.000,1,42.184,0.421838,0.000,1.000,1,40.541,0.405407,0.000,1.000,1,43.533,0.435329,0.000,1.000,neutral,good
1783252803.976562,1,44.472,0.444724,0.000,1.000,1,20.584,0.205837,0.000,1.000,1,19.089,0.190886,0.000,1.000,1,48.959,0.489585,0.000,1.000,1,42.746,0.427463,0.000,1.000,1,43.110,0.431104,0.000,1.000,neutral,good
1783252803.984375,1,44.211,0.442109,0.000,1.000,1,21.110,0.211101,0.000,1.000,1,25.681,0.256811,0.000,1.000,1,44.102,0.441024,0.000,1.000,1,40.187,0.401871,0.000,1.000,1,45.549,0.455495,0.000,1.000,neutral,good
1783252803.992188,1,40.922,0.409225,0.000,1.000,1,22.862,0.228616,0.000,1.000,1,26.534,0.265337,0.000,1.000,1,50.475,0.504746,0.000,1.000,1,43.468,0.434683,0.000,1.000,1,35.852,0.358522,0.000,1.000,neutral,good
1783252804.000000,1,45.668,0.456683,0.000,1.000,1,18.826,0.188259,0.000,1.000,1,24.270,0.242705,0.000,1.000,1,48.012,0.480124,0.000,1.000,1,44.207,0.442065,0.000,1.000,1,43.902,0.439020,0.000,1.000,neutral,good
1783252804.007812,1,41.372,0.413717,0.000,1.000,1,20.968,0.209682,0.000,1.000,1,23.368,0.233676,0.000,1.000,1,45.586,0.455861,0.000,1.000,1,42.869,0.428690,0.000,1.000,1,38.610,0.386098,0.000,1.000,neutral,good
1783252804.015625,1,43.396,0.433956,0.000,1.000,1,17.737,0.177365,0.000,1.000,1,22.020,0.220196,0.000,1.000,1,46.227,0.462271,0.000,1.000,1,42.899,0.428986,0.000,1.000,1,36.355,0.363550,0.000,1.000,neutral,good
1783252804.023438,1,46.456,0.464557,0.000,1.000,1,18.591,0.185910,0.000,1.000,1,20.682,0.206815,0.000,1.000,1,49.585,0.495845,0.000,1.000,1,43.219,0.432191,0.000,1.000,1,39.326,0.393256,0.000,1.000,neutral,good
1783252804.031250,1,48.699,0.486992,0.000,1.000,1,19.907,0.199066,0.000,1.000,1,22.004,0.220037,0.000,1.000,1,43.565,0.435651,0.000,1.000,1,43.200,0.431995,0.000,1.000,1,38.100,0.381000,0.000,1.000,neutral,good
1783252804.039062,1,46.167,0.461674,0.000,1.000,1,21.067,0.210670,0.000,1.000,1,18.932,0.189325,0.000,1.000,1,46.536,0.465356,0.000,1.000,1,42.421,0.424205,0.000,1.000,1,38.147,0.381473,0.000,1.000,neutral,good
1783252804.046875,1,44.230,0.442296,0.000,1.000,1,24.064,0.240645,0.000,1.000,1,23.848,0.238478,0.000,1.000,1,44.498,0.444979,0.000,1.000,1,38.795,0.387947,0.000,1.000,1,42.390,0.423901,0.000,1.000,neutral,good
1783252804.054688,1,43.276,0.432764,0.000,1.000,1,21.411,0.214109,0.000,1.000,1,25.694,0.256943,0.000,1.000,1,51.143,0.511429,0.000,1.000,1,41.052,0.410515,0.000,1.000,1,42.763,0.427631,0.000,1.000,neutral,good
1783252804.062500,1,48.507,0.485066,0.000,1.000,1,20.826,0.208260,0.000,1.000,1,20.242,0.202420,0.000,1.000,1,45.400,0.454004,0.000,1.000,1,40.828,0.408284,0.000,1.000,1,40.927,0.409268,0.000,1.000,neutral,good
1783252804.070312,1,41.255,0.412545,0.000,1.000,1,20.031,0.200306,0.000,1.000,1,23.406,0.234064,0.000,1.000,1,46.425,0.464249,0.000,1.000,1,36.239,0.362391,0.000,1.000,1,40.356,0.403560,0.000,1.000,neutral,good
1783252804.078125,1,43.244,0.432437,0.000,1.000,1,21.731,0.217315,0.000,1.000,1,18.759,0.187592,0.000,1.000,1,46.622,0.466224,0.000,1.000,1,44.994,0.449943,0.000,1.000,1,39.236,0.392356,0.000,1.000,neutral,good
1783252804.085938,1,47.851,0.478507,0.000,1.000,1,20.976,0.209764,0.000,1.000,1,18.671,0.186710,0.000,1.000,1,48.306,0.483058,0.000,1.000,1,42.866,0.428664,0.000,1.000,1,36.256,0.362559,0.000,1.000,neutral,good
1783252804.093750,1,41.726,0.417262,0.000,1.000,1,17.430,0.174300,0.000,1.000,1,22.442,0.224419,0.000,1.000,1,49.855,0.498546,0.000,1.000,1,39.076,0.390762,0.000,1.000,1,38.682,0.386821,0.000,1.000,neutral,good
1783252804.101562,1,41.355,0.413550,0.000,1.000,1,19.417,0.194168,0.000,1.000,1,22.436,0.224356,0.000,1.000,1,43.010,0.430104,0.000,1.000,1,39.375,0.393755,0.000,1.000,1,36.764,0.367637,0.000,1.000,neutral,good
1783252804.109375,1,48.740,0.487405,0.000,1.000,1,21.102,0.211024,0.000,1.000,1,25.010,0.250096,0.000,1.000,1,45.895,0.458950,0.000,1.000,1,38.865,0.388654,0.000,1.000,1,41.606,0.416064,0.000,1.000,neutral,good
1783252804.117188,1,44.167,0.441672,0.000,1.000,1,18.354,0.183537,0.000,1.000,1,20.507,0.205070,0.000,1.000,1,42.207,0.422075,0.000,1.000,1,41.704,0.417035,0.000,1.000,1,39.775,0.397753,0.000,1.000,neutral,good
1783252804.125000,1,48.271,0.482709,0.000,1.000,1,19.357,0.193574,0.000,1.000,1,24.803,0.248032,0.000,1.000,1,45.063,0.450628,0.000,1.000,1,41.985,0.419851,0.000,1.000,1,40.620,0.406197,0.000,1.000,neutral,good
1783252804.132812,1,42.811,0.428114,0.000,1.000,1,10.294,0.102937,0.000,1.000,1,25.021,0.250210,0.000,1.000,1,46.770,0.467699,0.000,1.000,1,40.691,0.406906,0.000,1.000,1,38.535,0.385354,0.000,1.000,neutral,good
1783252804.140625,1,39.000,0.390000,0.000,1.000,1,19.419,0.194193,0.000,1.000,1,18.507,0.185072,0.000,1.000,1,45.649,0.456491,0.000,1.000,1,38.557,0.385571,0.000,1.000,1,36.019,0.360186,0.000,1.000,neutral,good
1783252804.148438,1,43.364,0.433638,0.000,1.000,1,21.034,0.210342,0.000,1.000,1,21.024,0.210240,0.000,1.000,1,49.875,0.498753,0.000,1.000,1,44.835,0.448354,0.000,1.000,1,39.499,0.394992,0.000,1.000,neutral,good
1783252804.156250,1,44.840,0.448398,0.000,1.000,1,20.433,0.204334,0.000,1.000,1,21.914,0.219142,0.000,1.000,1,48.264,0.482642,0.000,1.000,1,41.107,0.411074,0.000,1.000,1,41.139,0.411394,0.000,1.000,neutral,good
1783252804.164062,1,45.373,0.453733,0.000,1.000,1,20.713,0.207130,0.000,1.000,1,27.755,0.277551,0.000,1.000,1,46.707,0.467073,0.000,1.000,1,43.398,0.433984,0.000,1.000,1,40.734,0.407339,0.000,1.000,neutral,good
1783252804.171875,1,45.930,0.459296,0.000,1.000,1,20.876,0.208759,0.000,1.000,1,24.907,0.249070,0.000,1.000,1,45.498,0.454977,0.000,1.000,1,40.144,0.401439,0.000,1.000,1,38.662,0.386620,0.000,1.000,neutral,good
1783252804.179688,1,43.964,0.439640,0.000,1.000,1,17.183,0.171832,0.000,1.000,1,22.656,0.226561,0.000,1.000,1,47.606,0.476061,0.000,1.000,1,41.962,0.419616,0.000,1.000,1,46.248,0.462482,0.000,1.000,neutral,good
1783252804.187500,1,43.514,0.435140,0.000,1.000,1,20.367,0.203670,0.000,1.000,1,19.571,0.195707,0.000,1.000,1,50.711,0.507110,0.000,1.000,1,37.148,0.371480,0.000,1.000,1,41.314,0.413140,0.000,1.000,neutral,good
1783252804.195312,1,40.080,0.400803,0.000,1.000,1,20.749,0.207490,0.000,1.000,1,20.610,0.206097,0.000,1.000,1,45.995,0.459946,0.000,1.000,1,37.107,0.371072,0.000,1.000,1,36.501,0.365006,0.000,1.000,neutral,good
1783252804.203125,1,41.785,0.417846,0.000,1.000,1,14.675,0.146745,0.000,1.000,1,20.202,0.202025,0.000,1.000,1,47.601,0.476010,0.000,1.000,1,36.106,0.361057,0.000,1.000,1,38.887,0.388869,0.000,1.000,neutral,good
1783252804.210938,1,43.232,0.432315,0.000,1.000,1,19.737,0.197370,0.000,1.000,1,18.919,0.189193,0.000,1.000,1,42.627,0.426274,0.000,1.000,1,46.149,0.461488,0.000,1.000,1,39.859,0.398594,0.000,1.000,neutral,good
1783252804.218750,1,42.796,0.427964,0.000,1.000,1,19.456,0.194565,0.000,1.000,1,18.510,0.185105,0.000,1.000,1,45.169,0.451687,0.000,1.000,1,45.748,0.457484,0.000,1.000,1,39.944,0.399436,0.000,1.000,neutral,good
1783252804.226562,1,42.989,0.429891,0.000,1.000,1,18.510,0.185096,0.000,1.000,1,19.230,0.192300,0.000,1.000,1,44.807,0.448070,0.000,1.000,1,36.910,0.369097,0.000,1.000,1,40.003,0.400028,0.000,1.000,neutral,good
1783252804.234375,1,43.673,0.436734,0.000,1.000,1,19.332,0.193316,0.000,1.000,1,21.558,0.215583,0.000,1.000,1,47.711,0.477106,0.000,1.000,1,46.773,0.467734,0.000,1.000,1,37.572,0.375721,0.000,1.000,neutral,good
1783252804.242188,1,38.888,0.388882,0.000,1.000,1,17.798,0.177976,0.000,1.000,1,20.584,0.205840,0.000,1.000,1,47.876,0.478758,0.000,1.000,1,43.276,0.432763,0.000,1.000,1,39.332,0.393320,0.000,1.000,neutral,good
1783252804.250000,1,49.287,0.492874,0.000,1.000,1,20.734,0.207339,0.000,1.000,1,23.210,0.232102,0.000,1.000,1,49.288,0.492881,0.000,1.000,1,37.169,0.371695,0.000,1.000,1,44.387,0.443868,0.000,1.000,neutral,good
1783252804.257812,1,40.628,0.406281,0.000,1.000,1,19.980,0.199800,0.000,1.000,1,22.646,0.226455,0.000,1.000,1,44.389,0.443893,0.000,1.000,1,42.790,0.427902,0.000,1.000,1,37.998,0.379977,0.000,1.000,neutral,good
1783252804.265625,1,40.713,0.407132,0.000,1.000,1,16.932,0.169318,0.000,1.000,1,22.777,0.227767,0.000,1.000,1,49.343,0.493430,0.000,1.000,1,42.234,0.422342,0.000,1.000,1,38.079,0.380786,0.000,1.000,neutral,good
1783252804.273438,1,41.335,0.413346,0.000,1.000,1,19.885,0.198849,0.000,1.000,1,21.101,0.211008,0.000,1.000,1,47.236,0.472363,0.000,1.000,1,40.874,0.408740,0.000,1.000,1,43.317,0.433172,0.000,1.000,neutral,good
1783252804.281250,1,42.355,0.423548,0.000,1.000,1,17.526,0.175261,0.000,1.000,1,19.077,0.190773,0.000,1.000,1,45.712,0.457125,0.000,1.000,1,40.878,0.408780,0.000,1.000,1,39.068,0.390684,0.000,1.000,neutral,good
1783252804.289062,1,49.424,0.494238,0.000,1.000,1,21.152,0.211518,0.000,1.000,1,20.864,0.208644,0.000,1.000,1,44.436,0.444363,0.000,1.000,1,41.793,0.417925,0.000,1.000,1,37.730,0.377304,0.000,1.000,neutral,good
1783252804.296875,1,42.262,0.422619,0.000,1.000,1,21.796,0.217957,0.000,1.000,1,21.489,0.214893,0.000,1.000,1,46.956,0.469564,0.000,1.000,1,41.341,0.413413,0.000,1.000,1,36.574,0.365742,0.000,1.000,neutral,good
1783252804.304688,1,42.635,0.426352,0.000,1.000,1,19.253,0.192532,0.000,1.000,1,22.537,0.225372,0.000,1.000,1,41.412,0.414124,0.000,1.000,1,40.351,0.403506,0.000,1.000,1,39.841,0.398406,0.000,1.000,neutral,good
1783252804.312500,1,47.692,0.476918,0.000,1.000,1,18.471,0.184708,0.000,1.000,1,21.920,0.219199,0.000,1.000,1,44.825,0.448245,0.000,1.000,1,38.624,0.386235,0.000,1.000,1,41.427,0.414275,0.000,1.000,neutral,good
1783252804.320312,1,45.633,0.456328,0.000,1.000,1,16.473,0.164728,0.000,1.000,1,19.848,0.198477,0.000,1.000,1,46.895,0.468952,0.000,1.000,1,38.665,0.386649,0.000,1.000,1,38.412,0.384121,0.000,1.000,neutral,good
1783252804.328125,1,43.547,0.435467,0.000,1.000,1,18.199,0.181986,0.000,1.000,1,22.908,0.229084,0.000,1.000,1,44.576,0.445758,0.000,1.000,1,38.336,0.383365,0.000,1.000,1,39.066,0.390663,0.000,1.000,neutral,good
1783252804.335938,1,44.848,0.448476,0.000,1.000,1,16.998,0.169985,0.000,1.000,1,23.931,0.239312,0.000,1.000,1,47.253,0.472535,0.000,1.000,1,41.755,0.417547,0.000,1.000,1,43.310,0.433101,0.000,1.000,neutral,good
1783252804.343750,1,48.945,0.489454,0.000,1.000,1,21.784,0.217840,0.000,1.000,1,20.354,0.203536,0.000,1.000,1,49.714,0.497139,0.000,1.000,1,42.591,0.425912,0.000,1.000,1,34.953,0.349525,0.000,1.000,neutral,good
1783252804.351562,1,42.443,0.424427,0.000,1.000,1,20.903,0.209034,0.000,1.000,1,20.728,0.207283,0.000,1.000,1,45.186,0.451863,0.000,1.000,1,44.497,0.444971,0.000,1.000,1,40.819,0.408195,0.000,1.000,neutral,good
1783252804.359375,1,42.773,0.427728,0.000,1.000,1,20.551,0.205508,0.000,1.000,1,19.971,0.199706,0.000,1.000,1,43.580,0.435797,0.000,1.000,1,40.067,0.400672,0.000,1.000,1,35.986,0.359857,0.000,1.000,neutral,good
1783252804.367188,1,47.262,0.472624,0.000,1.000,1,24.070,0.240702,0.000,1.000,1,22.913,0.229131,0.000,1.000,1,46.647,0.466469,0.000,1.000,1,40.100,0.400997,0.000,1.000,1,40.538,0.405379,0.000,1.000,neutral,good
1783252804.375000,1,47.276,0.472764,0.000,1.000,1,20.663,0.206629,0.000,1.000,1,24.963,0.249629,0.000,1.000,1,47.223,0.472235,0.000,1.000,1,44.263,0.442631,0.000,1.000,1,42.890,0.428896,0.000,1.000,neutral,good
1783252804.382812,1,43.940,0.439396,0.000,1.000,1,21.286,0.212856,0.000,1.000,1,18.804,0.188043,0.000,1.000,1,46.166,0.461657,0.000,1.000,1,38.692,0.386920,0.000,1.000,1,38.953,0.389535,0.000,1.000,neutral,good
1783252804.390625,1,45.464,0.454642,0.000,1.000,1,21.034,0.210345,0.000,1.000,1,24.752,0.247521,0.000,1.000,1,44.943,0.449434,0.000,1.000,1,42.461,0.424608,0.000,1.000,1,38.817,0.388174,0.000,1.000,neutral,good
1783252804.398438,1,39.349,0.393488,0.000,1.000,1,17.167,0.171673,0.000,1.000,1,20.503,0.205030,0.000,1.000,1,45.046,0.450465,0.000,1.000,1,40.602,0.406020,0.000,1.000,1,41.599,0.415987,0.000,1.000,neutral,good
1783252804.406250,1,39.812,0.398115,0.000,1.000,1,19.421,0.194207,0.000,1.000,1,18.812,0.188124,0.000,1.000,1,48.720,0.487196,0.000,1.000,1,39.158,0.391582,0.000,1.000,1,39.405,0.394053,0.000,1.000,neutral,good
1783252804.414062,1,50.787,0.507875,0.000,1.000,1,19.338,0.193382,0.000,1.000,1,24.089,0.240886,0.000,1.000,1,46.878,0.468777,0.000,1.000,1,43.648,0.436478,0.000,1.000,1,40.666,0.406658,0.000,1.000,neutral,good
1783252804.421875,1,42.520,0.425202,0.000,1.000,1,22.635,0.226352,0.000,1.000,1,16.834,0.168340,0.000,1.000,1,50.132,0.501322,0.000,1.000,1,39.468,0.394682,0.000,1.000,1,36.148,0.361478,0.000,1.000,neutral,good
1783252804.429688,1,44.704,0.447045,0.000,1.000,1,23.396,0.233963,0.000,1.000,1,21.560,0.215602,0.000,1.000,1,43.426,0.434255,0.000,1.000,1,39.396,0.393961,0.000,1.000,1,38.266,0.382662,0.000,1.000,neutral,good
1783252804.437500,1,47.855,0.478550,0.000,1.000,1,22.647,0.226469,0.000,1.000,1,21.829,0.218291,0.000,1.000,1,44.414,0.444141,0.000,1.000,1,36.810,0.368097,0.000,1.000,1,45.368,0.453681,0.000,1.000,neutral,good
1783252804.445312,1,36.769,0.367693,0.000,1.000,1,23.194,0.231942,0.000,1.000,1,20.967,0.209668,0.000,1.000,1,42.839,0.428386,0.000,1.000,1,38.026,0.380264,0.000,1.000,1,40.009,0.400094,0.000,1.000,neutral,good
1783252804.453125,1,45.577,0.455766,0.000,1.000,1,18.564,0.185640,0.000,1.000,1,20.630,0.206299,0.000,1.000,1,45.468,0.454681,0.000,1.000,1,43.719,0.437188,0.000,1.000,1,39.995,0.399948,0.000,1.000,neutral,good
1783252804.460938,1,43.259,0.432590,0.000,1.000,1,16.353,0.163526,0.000,1.000,1,20.939,0.209392,0.000,1.000,1,46.881,0.468811,0.000,1.000,1,37.931,0.379313,0.000,1.000,1,41.100,0.411005,0.000,1.000,neutral,good
1783252804.468750,1,43.375,0.433748,0.000,1.000,1,19.086,0.190864,0.000,1.000,1,19.075,0.190751,0.000,1.000,1,42.663,0.426630,0.000,1.000,1,42.107,0.421071,0.000,1.000,1,38.640,0.386398,0.000,1.000,neutral,good
1783252804.476562,1,41.201,0.412009,0.000,1.000,1,20.419,0.204194,0.000,1.000,1,19.703,0.197029,0.000,1.000,1,46.242,0.462419,0.000,1.000,1,38.023,0.380234,0.000,1.000,1,37.117,0.371174,0.000,1.000,neutral,good
1783252804.484375,1,42.417,0.424173,0.000,1.000,1,15.049,0.150485,0.000,1.000,1,22.863,0.228632,0.000,1.000,1,48.471,0.484709,0.000,1.000,1,36.528,0.365283,0.000,1.000,1,38.105,0.381051,0.000,1.000,neutral,good
1783252804.492188,1,44.653,0.446533,0.000,1.000,1,18.679,0.186786,0.000,1.000,1,20.403,0.204032,0.000,1.000,1,40.617,0.406173,0.000,1.000,1,43.368,0.433685,0.000,1.000,1,40.883,0.408827,0.000,1.000,neutral,good
1783252804.500000,1,46.460,0.464601,0.000,1.000,1,17.713,0.177133,0.000,1.000,1,24.968,0.249676,0.000,1.000,1,47.580,0.475799,0.000,1.000,1,42.665,0.426647,0.000,1.000,1,39.405,0.394049,0.000,1.000,neutral,good
1783252804.507812,1,45.373,0.453734,0.000,1.000,1,17.777,0.177773,0.000,1.000,1,23.376,0.233761,0.000,1.000,1,51.368,0.513683,0.000,1.000,1,40.446,0.404455,0.000,1.000,1,37.104,0.371043,0.000,1.000,neutral,good
1783252804.515625,1,45.904,0.459045,0.000,1.000,1,20.690,0.206899,0.000,1.000,1,19.775,0.197748,0.000,1.000,1,46.936,0.469362,0.000,1.000,1,40.877,0.408771,0.000,1.000,1,36.857,0.368569,0.000,1.000,neutral,good
1783252804.523438,1,40.836,0.408358,0.000,1.000,1,21.031,0.210309,0.000,1.000,1,17.353,0.173528,0.000,1.000,1,50.316,0.503158,0.000,1.000,1,41.533,0.415325,0.000,1.000,1,39.603,0.396032,0.000,1.000,neutral,good
1783252804.531250,1,41.829,0.418287,0.000,1.000,1,20.982,0.209822,0.000,1.000,1,20.801,0.208009,0.000,1.000,1,49.316,0.493157,0.000,1.000,1,39.946,0.399455,0.000,1.000,1,37.719,0.377188,0.000,1.000,neutral,good
1783252804.539062,1,44.494,0.444936,0.000,1.000,1,19.029,0.190286,0.000,1.000,1,25.618,0.256179,0.000,1.000,1,44.799,0.447988,0.000,1.000,1,42.786,0.427863,0.000,1.000,1,39.311,0.393106,0.000,1.000,neutral,good
1783252804.546875,1,42.165,0.421653,0.000,1.000,1,18.922,0.189221,0.000,1.000,1,20.562,0.205621,0.000,1.000,1,43.840,0.438398,0.000,1.000,1,41.770,0.417703,0.000,1.000,1,37.898,0.378977,0.000,1.000,neutral,good
1783252804.554688,1,42.928,0.429276,0.000,1.000,1,19.262,0.192623,0.000,1.000,1,15.413,0.154135,0.000,1.000,1,46.581,0.465808,0.000,1.000,1,42.989,0.429889,0.000,1.000,1,41.161,0.411606,0.000,1.000,neutral,good
1783252804.562500,1,41.470,0.414704,0.000,1.000,1,22.615,0.226154,0.000,1.000,1,17.996,0.179957,0.000,1.000,1,38.971,0.389714,0.000,1.000,1,41.528,0.415280,0.000,1.000,1,38.434,0.384338,0.000,1.000,neutral,good
1783252804.570312,1,45.965,0.459650,0.000,1.000,1,18.770,0.187695,0.000,1.000,1,21.788,0.217875,0.000,1.000,1,43.810,0.438100,0.000,1.000,1,36.136,0.361360,0.000,1.000,1,36.608,0.366076,0.000,1.000,neutral,good
1783252804.578125,1,44.220,0.442203,0.000,1.000,1,16.332,0.163315,0.000,1.000,1,22.093,0.220929,0.000,1.000,1,47.796,0.477955,0.000,1.000,1,42.610,0.426097,0.000,1.000,1,35.540,0.355405,0.000,1.000,neutral,good
1783252804.585938,1,47.249,0.472490,0.000,1.000,1,16.390,0.163905,0.000,1.000,1,18.108,0.181083,0.000,1.000,1,43.715,0.437146,0.000,1.000,1,43.601,0.436011,0.000,1.000,1,40.297,0.402966,0.000,1.000,neutral,good
1783252804.593750,1,40.544,0.405436,0.000,1.000,1,18.494,0.184938,0.000,1.000,1,18.617,0.186175,0.000,1.000,1,43.332,0.433316,0.000,1.000,1,40.542,0.405419,0.000,1.000,1,40.739,0.407387,0.000,1.000,neutral,good
1783252804.601562,1,41.098,0.410984,0.000,1.000,1,20.186,0.201865,0.000,1.000,1,20.580,0.205801,0.000,1.000,1,44.250,0.442499,0.000,1.000,1,43.193,0.431931,0.000,1.000,1,34.902,0.349020,0.000,1.000,neutral,good
1783252804.609375,1,42.782,0.427825,0.000,1.000,1,16.767,0.167674,0.000,1.000,1,16.176,0.161758,0.000,1.000,1,40.744,0.407443,0.000,1.000,1,40.755,0.407553,0.000,1.000,1,34.115,0.341146,0.000,1.000,neutral,good
1783252804.617188,1,40.016,0.400159,0.000,1.000,1,17.555,0.175547,0.000,1.000,1,22.510,0.225101,0.000,1.000,1,45.838,0.458378,0.000,1.000,1,39.562,0.395618,0.000,1.000,1,38.749,0.387490,0.000,1.000,neutral,good
1783252804.625000,1,45.870,0.458699,0.000,1.000,1,21.668,0.216680,0.000,1.000,1,22.466,0.224659,0.000,1.000,1,45.953,0.459532,0.000,1.000,1,39.847,0.398471,0.000,1.000,1,39.016,0.390159,0.000,1.000,neutral,good
1783252804.632812,1,42.452,0.424516,0.000,1.000,1,20.017,0.200169,0.000,1.000,1,24.252,0.242524,0.000,1.000,1,48.644,0.486440,0.000,1.000,1,41.055,0.410554,0.000,1.000,1,37.708,0.377075,0.000,1.000,neutral,good
1783252804.640625,1,41.455,0.414551,0.000,1.000,1,14.727,0.147274,0.000,1.000,1,17.835,0.178349,0.000,1.000,1,42.100,0.421003,0.000,1.000,1,40.739,0.407395,0.000,1.000,1,33.457,0.334569,0.000,1.000,neutral,good
1783252804.648438,1,47.230,0.472296,0.000,1.000,1,19.365,0.193649,0.000,1.000,1,22.074,0.220740,0.000,1.000,1,41.515,0.415155,0.000,1.000,1,39.779,0.397791,0.000,1.000,1,39.077,0.390771,0.000,1.000,neutral,good
1783252804.656250,1,39.460,0.394601,0.000,1.000,1,20.946,0.209460,0.000,1.000,1,19.272,0.192723,0.000,1.000,1,46.620,0.466197,0.000,1.000,1,40.448,0.404482,0.000,1.000,1,36.745,0.367453,0.000,1.000,neutral,good
1783252804.664062,1,48.674,0.486736,0.000,1.000,1,20.201,0.202012,0.000,1.000,1,20.812,0.208123,0.000,1.000,1,45.492,0.454923,0.000,1.000,1,40.649,0.406491,0.000,1.000,1,40.453,0.404528,0.000,1.000,neutral,good
1783252804.671875,1,43.842,0.438424,0.000,1.000,1,15.047,0.150475,0.000,1.000,1,18.747,0.187467,0.000,1.000,1,42.286,0.422856,0.000,1.000,1,42.574,0.425736,0.000,1.000,1,38.938,0.389381,0.000,1.000,neutral,good
1783252804.679688,1,47.546,0.475465,0.000,1.000,1,16.320,0.163196,0.000,1.000,1,18.056,0.180563,0.000,1.000,1,49.563,0.495627,0.000,1.000,1,43.850,0.438498,0.000,1.000,1,36.766,0.367665,0.000,1.000,neutral,good
1783252804.687500,1,42.169,0.421694,0.000,1.000,1,19.048,0.190481,0.000,1.000,1,19.829,0.198289,0.000,1.000,1,46.157,0.461566,0.000,1.000,1,40.744,0.407442,0.000,1.000,1,35.079,0.350789,0.000,1.000,neutral,good
1783252804.695312,1,38.337,0.383373,0.000,1.000,1,18.956,0.189559,0.000,1.000,1,17.633,0.176335,0.000,1.000,1,44.139,0.441391,0.000,1.000,1,37.396,0.373956,0.000,1.000,1,40.149,0.401486,0.000,1.000,neutral,good
1783252804.703125,1,41.520,0.415202,0.000,1.000,1,19.505,0.195052,0.000,1.000,1,18.938,0.189376,0.000,1.000,1,45.046,0.450464,0.000,1.000,1,40.719,0.407188,0.000,1.000,1,34.407,0.344067,0.000,1.000,neutral,good
1783252804.710938,1,39.447,0.394469,0.000,1.000,1,18.573,0.185725,0.000,1.000,1,22.773,0.227727,0.000,1.000,1,48.260,0.482595,0.000,1.000,1,41.339,0.413389,0.000,1.000,1,39.148,0.391481,0.000,1.000,neutral,good
1783252804.718750,1,42.543,0.425428,0.000,1.000,1,17.442,0.174416,0.000,1.000,1,20.394,0.203939,0.000,1.000,1,42.021,0.420206,0.000,1.000,1,41.406,0.414060,0.000,1.000,1,35.932,0.359315,0.000,1.000,neutral,good
1783252804.726562,1,48.914,0.489138,0.000,1.000,1,23.291,0.232909,0.000,1.000,1,22.335,0.223350,0.000,1.000,1,53.523,0.535228,0.000,1.000,1,41.402,0.414023,0.000,1.000,1,33.922,0.339219,0.000,1.000,neutral,good
1783252804.734375,1,40.867,0.408669,0.000,1.000,1,19.023,0.190231,0.000,1.000,1,20.492,0.204916,0.000,1.000,1,48.180,0.481796,0.000,1.000,1,39.793,0.397928,0.000,1.000,1,41.476,0.414758,0.000,1.000,neutral,good
1783252804.742188,1,49.552,0.495520,0.000,1.000,1,18.076,0.180765,0.000,1.000,1,17.927,0.179269,0.000,1.000,1,47.911,0.479112,0.000,1.000,1,39.799,0.397990,0.000,1.000,1,39.405,0.394055,0.000,1.000,neutral,good
1783252804.750000,1,45.727,0.457270,0.000,1.000,1,18.871,0.188710,0.000,1.000,1,21.173,0.211726,0.000,1.000,1,42.850,0.428504,0.000,1.000,1,43.383,0.433830,0.000,1.000,1,38.693,0.386932,0.000,1.000,neutral,good
1783252804.757812,1,45.916,0.459159,0.000,1.000,1,18.448,0.184481,0.000,1.000,1,22.048,0.220479,0.000,1.000,1,43.910,0.439099,0.000,1.000,1,41.264,0.412640,0.000,1.000,1,36.542,0.365424,0.000,1.000,neutral,good
1783252804.765625,1,45.416,0.454160,0.000,1.000,1,15.873,0.158729,0.000,1.000,1,21.358,0.213579,0.000,1.000,1,48.161,0.481613,0.000,1.000,1,44.563,0.445634,0.000,1.000,1,34.656,0.346561,0.000,1.000,neutral,good
1783252804.773438,1,37.739,0.377390,0.000,1.000,1,19.351,0.193515,0.000,1.000,1,20.383,0.203827,0.000,1.000,1,43.917,0.439172,0.000,1.000,1,42.504,0.425040,0.000,1.000,1,38.475,0.384747,0.000,1.000,neutral,good
1783252804.781250,1,38.320,0.383200,0.000,1.000,1,18.362,0.183623,0.000,1.000,1,18.656,0.186559,0.000,1.000,1,46.892,0.468919,0.000,1.000,1,42.209,0.422091,0.000,1.000,1,36.596,0.365960,0.000,1.000,neutral,good
1783252804.789062,1,42.331,0.423314,0.000,1.000,1,20.492,0.204922,0.000,1.000,1,19.594,0.195943,0.000,1.000,1,49.433,0.494331,0.000,1.000,1,38.213,0.382129,0.000,1.000,1,38.126,0.381264,0.000,1.000,neutral,good
1783252804.796875,1,41.830,0.418302,0.000,1.000,1,16.664,0.166638,0.000,1.000,1,19.882,0.198818,0.000,1.000,1,45.770,0.457699,0.000,1.000,1,42.422,0.424225,0.000,1.000,1,42.156,0.421561,0.000,1.000,neutral,good
1783252804.804688,1,43.657,0.436572,0.000,1.000,1,19.949,0.199494,0.000,1.000,1,19.081,0.190814,0.000,1.000,1,46.164,0.461643,0.000,1.000,1,42.072,0.420722,0.000,1.000,1,33.556,0.335563,0.000,1.000,neutral,good
1783252804.812500,1,42.678,0.426777,0.000,1.000,1,21.496,0.214963,0.000,1.000,1,22.520,0.225201,0.000,1.000,1,46.209,0.462095,0.000,1.000,1,36.401,0.364013,0.000,1.000,1,36.707,0.367073,0.000,1.000,neutral,good
1783252804.820312,1,38.025,0.380246,0.000,1.000,1,19.211,0.192108,0.000,1.000,1,20.828,0.208285,0.000,1.000,1,41.448,0.414480,0.000,1.000,1,39.741,0.397405,0.000,1.000,1,37.219,0.372189,0.000,1.000,neutral,good
1783252804.828125,1,44.392,0.443925,0.000,1.000,1,12.435,0.124352,0.000,1.000,1,20.472,0.204724,0.000,1.000,1,50.793,0.507927,0.000,1.000,1,40.225,0.402247,0.000,1.000,1,42.581,0.425805,0.000,1.000,neutral,good
1783252804.835938,1,40.755,0.407554,0.000,1.000,1,18.923,0.189231,0.000,1.000,1,23.160,0.231600,0.000,1.000,1,46.085,0.460847,0.000,1.000,1,36.255,0.362554,0.000,1.000,1,39.743,0.397426,0.000,1.000,neutral,good
1783252804.843750,1,42.020,0.420199,0.000,1.000,1,16.529,0.165291,0.000,1.000,1,18.872,0.188718,0.000,1.000,1,54.190,0.541901,0.000,1.000,1,43.473,0.434735,0.000,1.000,1,38.438,0.384383,0.000,1.000,neutral,good
1783252804.851562,1,43.995,0.439953,0.000,1.000,1,14.481,0.144807,0.000,1.000,1,18.040,0.180403,0.000,1.000,1,45.369,0.453690,0.000,1.000,1,41.767,0.417674,0.000,1.000,1,41.009,0.410092,0.000,1.000,neutral,good
1783252804.859375,1,41.584,0.415843,0.000,1.000,1,18.978,0.189781,0.000,1.000,1,18.126,0.181261,0.000,1.000,1,41.605,0.416055,0.000,1.000,1,41.173,0.411728,0.000,1.000,1,40.286,0.402861,0.000,1.000,neutral,good
1783252804.867188,1,43.041,0.430408,0.000,1.000,1,16.052,0.160523,0.000,1.000,1,17.016,0.170164,0.000,1.000,1,48.665,0.486646,0.000,1.000,1,44.854,0.448540,0.000,1.000,1,42.996,0.429957,0.000,1.000,neutral,good
1783252804.875000,1,44.142,0.441420,0.000,1.000,1,18.389,0.183886,0.000,1.000,1,18.134,0.181339,0.000,1.000,1,42.369,0.423687,0.000,1.000,1,36.398,0.363983,0.000,1.000,1,40.506,0.405058,0.000,1.000,neutral,good
1783252804.882812,1,46.089,0.460889,0.000,1.000,1,23.473,0.234733,0.000,1.000,1,23.314,0.233143,0.000,1.000,1,46.370,0.463696,0.000,1.000,1,35.433,0.354330,0.000,1.000,1,37.634,0.376338,0.000,1.000,neutral,good
1783252804.890625,1,45.497,0.454970,0.000,1.000,1,16.153,0.161531,0.000,1.000,1,23.848,0.238477,0.000,1.000,1,45.590,0.455904,0.000,1.000,1,37.674,0.376742,0.000,1.000,1,42.063,0.420625,0.000,1.000,neutral,good
1783252804.898438,1,45.202,0.452019,0.000,1.000,1,21.594,0.215944,0.000,1.000,1,24.175,0.241752,0.000,1.000,1,43.741,0.437412,0.000,1.000,1,36.218,0.362180,0.000,1.000,1,34.458,0.344579,0.000,1.000,neutral,good
1783252804.906250,1,41.589,0.415885,0.000,1.000,1,17.914,0.179144,0.000,1.000,1,20.870,0.208699,0.000,1.000,1,42.299,0.422991,0.000,1.000,1,41.025,0.410248,0.000,1.000,1,34.824,0.348240,0.000,1.000,neutral,good
1783252804.914062,1,41.092,0.410922,0.000,1.000,1,22.252,0.222520,0.000,1.000,1,18.568,0.185678,0.000,1.000,1,44.726,0.447263,0.000,1.000,1,39.715,0.397147,0.000,1.000,1,40.284,0.402843,0.000,1.000,neutral,good
1783252804.921875,1,40.936,0.409363,0.000,1.000,1,20.916,0.209159,0.000,1.000,1,20.737,0.207369,0.000,1.000,1,42.785,0.427852,0.000,1.000,1,39.741,0.397411,0.000,1.000,1,38.422,0.384215,0.000,1.000,neutral,good
1783252804.929688,1,40.682,0.406819,0.000,1.000,1,15.656,0.156565,0.000,1.000,1,22.390,0.223895,0.000,1.000,1,51.599,0.515991,0.000,1.000,1,40.227,0.402265,0.000,1.000,1,38.645,0.386450,0.000,1.000,neutral,good
1783252804.937500,1,43.627,0.436268,0.000,1.000,1,19.093,0.190934,0.000,1.000,1,23.254,0.232543,0.000,1.000,1,46.837,0.468374,0.000,1.000,1,40.039,0.400388,0.000,1.000,1,37.505,0.375049,0.000,1.000,neutral,good
1783252804.945312,1,44.899,0.448994,0.000,1.000,1,24.251,0.242514,0.000,1.000,1,20.797,0.207967,0.000,1.000,1,47.802,0.478023,0.000,1.000,1,41.183,0.411835,0.000,1.000,1,36.082,0.360818,0.000,1.000,neutral,good
1783252804.953125,1,43.750,0.437496,0.000,1.000,1,20.622,0.206220,0.000,1.000,1,23.102,0.231024,0.000,1.000,1,40.128,0.401284,0.000,1.000,1,44.599,0.445986,0.000,1.000,1,34.553,0.345525,0.000,1.000,neutral,good
1783252804.960938,1,41.864,0.418636,0.000,1.000,1,19.317,0.193166,0.000,1.000,1,17.676,0.176760,0.000,1.000,1,44.151,0.441514,0.000,1.000,1,41.362,0.413616,0.000,1.000,1,39.702,0.397016,0.000,1.000,neutral,good
1783252804.968750,1,38.668,0.386684,0.000,1.000,1,19.617,0.196168,0.000,1.000,1,19.555,0.195552,0.000,1.000,1,46.903,0.469032,0.000,1.000,1,39.912,0.399119,0.000,1.000,1,35.316,0.353161,0.000,1.000,neutral,good
1783252804.976562,1,41.249,0.412491,0.000,1.000,1,20.122,0.201219,0.000,1.000,1,23.518,0.235176,0.000,1.000,1,44.608,0.446078,0.000,1.000,1,36.228,0.362283,0.000,1.000,1,37.560,0.375600,0.000,1.000,neutral,good
1783252804.984375,1,40.532,0.405322,0.000,1.000,1,15.002,0.150017,0.000,1.000,1,22.048,0.220482,0.000,1.000,1,46.728,0.467283,0.000,1.000,1,36.300,0.362997,0.000,1.000,1,36.494,0.364938,0.000,1.000,neutral,good
1783252804.992188,1,43.928,0.439276,0.000,1.000,1,16.127,0.161272,0.000,1.000,1,23.642,0.236424,0.000,1.000,1,43.643,0.436430,0.000,1.000,1,43.975,0.439751,0.000,1.000,1,37.803,0.378027,0.000,1.000,neutral,good
1783252805.000000,1,64.485,0.644846,0.000,1.000,1,51.890,0.518904,0.000,1.000,1,91.398,0.913977,0.000,1.000,1,10.923,0.109229,0.000,1.000,1,42.919,0.429186,0.000,1.000,1,53.837,0.538373,0.000,1.000,stress,good
1783252805.007812,1,65.805,0.658050,0.000,1.000,1,52.776,0.527756,0.000,1.000,1,90.577,0.905773,0.000,1.000,1,13.481,0.134811,0.000,1.000,1,45.983,0.459825,0.000,1.000,1,53.710,0.537104,0.000,1.000,stress,good
1783252805.015625,1,69.909,0.699092,0.000,1.000,1,52.163,0.521628,0.000,1.000,1,90.585,0.905846,0.000,1.000,1,15.981,0.159808,0.000,1.000,1,50.655,0.506546,0.000,1.000,1,53.420,0.534204,0.000,1.000,stress,good
1783252805.023438,1,65.889,0.658895,0.000,1.000,1,46.763,0.467627,0.000,1.000,1,93.578,0.935778,0.000,1.000,1,11.967,0.119669,0.000,1.000,1,49.270,0.492697,0.000,1.000,1,51.574,0.515743,0.000,1.000,stress,good
1783252805.031250,1,69.675,0.696749,0.000,1.000,1,53.135,0.531354,0.000,1.000,1,86.746,0.867464,0.000,1.000,1,10.940,0.109400,0.000,1.000,1,45.866,0.458662,0.000,1.000,1,53.736,0.537358,0.000,1.000,stress,good
1783252805.039062,1,67.120,0.671204,0.000,1.000,1,54.953,0.549528,0.000,1.000,1,84.775,0.847745,0.000,1.000,1,11.926,0.119264,0.000,1.000,1,43.322,0.433215,0.000,1.000,1,52.550,0.525500,0.000,1.000,stress,good
1783252805.046875,1,65.902,0.659015,0.000,1.000,1,54.182,0.541817,0.000,1.000,1,89.303,0.893029,0.000,1.000,1,16.561,0.165610,0.000,1.000,1,52.304,0.523038,0.000,1.000,1,51.061,0.510608,0.000,1.000,stress,good
1783252805.054688,1,69.180,0.691805,0.000,1.000,1,55.876,0.558759,0.000,1.000,1,86.479,0.864788,0.000,1.000,1,8.991,0.089912,0.000,1.000,1,49.980,0.499797,0.000,1.000,1,47.552,0.475524,0.000,1.000,stress,good
1783252805.062500,1,62.136,0.621358,0.000,1.000,1,50.754,0.507539,0.000,1.000,1,86.732,0.867324,0.000,1.000,1,13.701,0.137005,0.000,1.000,1,44.809,0.448091,0.000,1.000,1,49.788,0.497885,0.000,1.000,stress,good
1783252805.070312,1,64.289,0.642892,0.000,1.000,1,50.189,0.501890,0.000,1.000,1,89.825,0.898253,0.000,1.000,1,13.530,0.135303,0.000,1.000,1,48.771,0.487715,0.000,1.000,1,48.434,0.484339,0.000,1.000,stress,good
1783252805.078125,1,71.276,0.712764,0.000,1.000,1,50.333,0.503334,0.000,1.000,1,83.543,0.835427,0.000,1.000,1,8.960,0.089597,0.000,1.000,1,46.135,0.461346,0.000,1.000,1,49.642,0.496425,0.000,1.000,stress,good
1783252805.085938,1,65.671,0.656708,0.000,1.000,1,53.390,0.533904,0.000,1.000,1,87.596,0.875959,0.000,1.000,1,9.186,0.091860,0.000,1.000,1,46.256,0.462561,0.000,1.000,1,55.280,0.552805,0.000,1.000,stress,good
1783252805.093750,1,66.904,0.669042,0.000,1.000,1,51.857,0.518569,0.000,1.000,1,86.367,0.863673,0.000,1.000,1,13.080,0.130799,0.000,1.000,1,45.205,0.452046,0.000,1.000,1,50.505,0.505047,0.000,1.000,stress,good
1783252805.101562,1,65.358,0.653577,0.000,1.000,1,51.692,0.516917,0.000,1.000,1,85.024,0.850241,0.000,1.000,1,10.870,0.108702,0.000,1.000,1,47.255,0.472551,0.000,1.000,1,51.815,0.518145,0.000,1.000,stress,good
1783252805.109375,1,67.080,0.670800,0.000,1.000,1,54.282,0.542818,0.000,1.000,1,89.459,0.894586,0.000,1.000,1,9.008,0.090076,0.000,1.000,1,46.191,0.461914,0.000,1.000,1,52.210,0.522105,0.000,1.000,stress,good
1783252805.117188,1,69.109,0.691090,0.000,1.000,1,52.085,0.520852,0.000,1.000,1,81.694,0.816945,0.000,1.000,1,15.501,0.155007,0.000,1.000,1,45.981,0.459814,0.000,1.000,1,49.292,0.492923,0.000,1.000,stress,good
1783252805.125000,1,63.195,0.631952,0.000,1.000,1,51.165,0.511653,0.000,1.000,1,85.982,0.859816,0.000,1.000,1,8.572,0.085716,0.000,1.000,1,45.913,0.459127,0.000,1.000,1,51.269,0.512685,0.000,1.000,stress,good
1783252805.132812,1,71.342,0.713417,0.000,1.000,1,51.260,0.512602,0.000,1.000,1,82.358,0.823580,0.000,1.000,1,11.559,0.115591,0.000,1.000,1,44.814,0.448139,0.000,1.000,1,53.703,0.537029,0.000,1.000,stress,good
1783252805.140625,1,70.455,0.704549,0.000,1.000,1,53.881,0.538815,0.000,1.000,1,87.662,0.876621,0.000,1.000,1,12.545,0.125451,0.000,1.000,1,50.788,0.507879,0.000,1.000,1,56.311,0.563111,0.000,1.000,stress,good
1783252805.148438,1,66.387,0.663874,0.000,1.000,1,51.892,0.518917,0.000,1.000,1,86.520,0.865203,0.000,1.000,1,11.948,0.119485,0.000,1.000,1,46.604,0.466036,0.000,1.000,1,52.273,0.522725,0.000,1.000,stress,good
1783252805.156250,1,65.337,0.653373,0.000,1.000,1,53.087,0.530875,0.000,1.000,1,87.022,0.870216,0.000,1.000,1,15.341,0.153407,0.000,1.000,1,46.043,0.460433,0.000,1.000,1,52.975,0.529753,0.000,1.000,stress,good
1783252805.164062,1,64.810,0.648101,0.000,1.000,1,51.648,0.516482,0.000,1.000,1,90.043,0.900431,0.000,1.000,1,7.281,0.072809,0.000,1.000,1,48.281,0.482807,0.000,1.000,1,52.332,0.523315,0.000,1.000,stress,good
1783252805.171875,1,70.262,0.702625,0.000,1.000,1,53.484,0.534836,0.000,1.000,1,91.779,0.917788,0.000,1.000,1,9.043,0.090433,0.000,1.000,1,49.671,0.496707,0.000,1.000,1,54.690,0.546904,0.000,1.000,stress,good
1783252805.179688,1,63.544,0.635441,0.000,1.000,1,53.830,0.538302,0.000,1.000,1,83.420,0.834204,0.000,1.000,1,12.618,0.126184,0.000,1.000,1,44.196,0.441961,0.000,1.000,1,52.234,0.522337,0.000,1.000,stress,good
1783252805.187500,1,64.485,0.644853,0.000,1.000,1,50.334,0.503342,0.000,1.000,1,89.176,0.891761,0.000,1.000,1,16.292,0.162919,0.000,1.000,1,46.184,0.461844,0.000,1.000,1,50.019,0.500185,0.000,1.000,stress,good
1783252805.195312,1,67.455,0.674548,0.000,1.000,1,50.862,0.508618,0.000,1.000,1,82.063,0.820634,0.000,1.000,1,13.710,0.137102,0.000,1.000,1,46.515,0.465148,0.000,1.000,1,52.215,0.522153,0.000,1.000,stress,good
1783252805.203125,1,68.239,0.682389,0.000,1.000,1,54.780,0.547802,0.000,1.000,1,91.399,0.913989,0.000,1.000,1,11.339,0.113389,0.000,1.000,1,48.317,0.483171,0.000,1.000,1,50.241,0.502406,0.000,1.000,stress,good
1783252805.210938,1,63.090,0.630902,0.000,1.000,1,49.503,0.495031,0.000,1.000,1,90.910,0.909098,0.000,1.000,1,11.851,0.118510,0.000,1.000,1,44.885,0.448852,0.000,1.000,1,52.108,0.521076,0.000,1.000,stress,good
1783252805.218750,1,66.040,0.660401,0.000,1.000,1,52.262,0.522620,0.000,1.000,1,83.074,0.830743,0.000,1.000,1,11.420,0.114198,0.000,1.000,1,50.784,0.507837,0.000,1.000,1,54.523,0.545225,0.000,1.000,stress,good
1783252805.226562,1,68.991,0.689909,0.000,1.000,1,52.148,0.521482,0.000,1.000,1,79.389,0.793888,0.000,1.000,1,8.471,0.084706,0.000,1.000,1,48.005,0.480049,0.000,1.000,1,45.165,0.451654,0.000,1.000,stress,good
1783252805.234375,1,65.136,0.651358,0.000,1.000,1,51.714,0.517137,0.000,1.000,1,86.729,0.867287,0.000,1.000,1,13.708,0.137077,0.000,1.000,1,45.174,0.451738,0.000,1.000,1,48.566,0.485662,0.000,1.000,stress,good
1783252805.242188,1,68.882,0.688822,0.000,1.000,1,50.504,0.505042,0.000,1.000,1,86.253,0.862529,0.000,1.000,1,14.172,0.141716,0.000,1.000,1,47.435,0.474347,0.000,1.000,1,55.478,0.554779,0.000,1.000,stress,good
1783252805.250000,1,64.168,0.641676,0.000,1.000,1,51.065,0.510648,0.000,1.000,1,87.436,0.874357,0.000,1.000,1,11.909,0.119092,0.000,1.000,1,49.436,0.494356,0.000,1.000,1,43.515,0.435146,0.000,1.000,stress,good
1783252805.257812,1,65.379,0.653787,0.000,1.000,1,49.357,0.493573,0.000,1.000,1,88.564,0.885635,0.000,1.000,1,12.102,0.121025,0.000,1.000,1,48.429,0.484292,0.000,1.000,1,48.959,0.489589,0.000,1.000,stress,good
1783252805.265625,1,67.974,0.679741,0.000,1.000,1,49.886,0.498859,0.000,1.000,1,82.395,0.823947,0.000,1.000,1,12.736,0.127363,0.000,1.000,1,50.783,0.507826,0.000,1.000,1,51.216,0.512163,0.000,1.000,stress,good
1783252805.273438,1,64.467,0.644672,0.000,1.000,1,47.884,0.478838,0.000,1.000,1,87.907,0.879071,0.000,1.000,1,7.763,0.077634,0.000,1.000,1,47.382,0.473815,0.000,1.000,1,50.279,0.502794,0.000,1.000,stress,good
1783252805.281250,1,69.641,0.696414,0.000,1.000,1,49.504,0.495036,0.000,1.000,1,86.708,0.867080,0.000,1.000,1,12.482,0.124815,0.000,1.000,1,46.957,0.469570,0.000,1.000,1,51.030,0.510302,0.000,1.000,stress,good
1783252805.289062,1,63.744,0.637437,0.000,1.000,1,49.411,0.494106,0.000,1.000,1,83.838,0.838376,0.000,1.000,1,10.419,0.104191,0.000,1.000,1,46.305,0.463050,0.000,1.000,1,50.152,0.501524,0.000,1.000,stress,good
1783252805.296875,1,66.379,0.663791,0.000,1.000,1,48.660,0.486604,0.000,1.000,1,88.029,0.880292,0.000,1.000,1,11.812,0.118115,0.000,1.000,1,45.760,0.457602,0.000,1.000,1,43.923,0.439226,0.000,1.000,stress,good
1783252805.304688,1,66.295,0.662946,0.000,1.000,1,52.412,0.524120,0.000,1.000,1,85.648,0.856484,0.000,1.000,1,10.661,0.106610,0.000,1.000,1,47.694,0.476936,0.000,1.000,1,53.720,0.537203,0.000,1.000,stress,good
1783252805.312500,1,64.349,0.643487,0.000,1.000,1,51.617,0.516174,0.000,1.000,1,87.821,0.878210,0.000,1.000,1,13.047,0.130471,0.000,1.000,1,47.731,0.477307,0.000,1.000,1,47.449,0.474486,0.000,1.000,stress,good
1783252805.320312,1,62.792,0.627920,0.000,1.000,1,48.080,0.480805,0.000,1.000,1,86.429,0.864293,0.000,1.000,1,11.577,0.115767,0.000,1.000,1,48.884,0.488844,0.000,1.000,1,50.594,0.505941,0.000,1.000,stress,good
1783252805.328125,1,64.008,0.640076,0.000,1.000,1,55.071,0.550707,0.000,1.000,1,88.100,0.880999,0.000,1.000,1,11.536,0.115361,0.000,1.000,1,46.239,0.462394,0.000,1.000,1,51.973,0.519730,0.000,1.000,stress,good
1783252805.335938,1,64.941,0.649411,0.000,1.000,1,49.152,0.491521,0.000,1.000,1,87.709,0.877093,0.000,1.000,1,8.560,0.085598,0.000,1.000,1,51.022,0.510222,0.000,1.000,1,54.114,0.541138,0.000,1.000,stress,good
1783252805.343750,1,66.864,0.668644,0.000,1.000,1,55.781,0.557808,0.000,1.000,1,88.129,0.881294,0.000,1.000,1,16.634,0.166337,0.000,1.000,1,48.195,0.481951,0.000,1.000,1,54.171,0.541711,0.000,1.000,stress,good
1783252805.351562,1,68.580,0.685804,0.000,1.000,1,48.839,0.488395,0.000,1.000,1,85.129,0.851293,0.000,1.000,1,16.436,0.164358,0.000,1.000,1,50.119,0.501191,0.000,1.000,1,49.889,0.498893,0.000,1.000,stress,good
1783252805.359375,1,66.743,0.667432,0.000,1.000,1,50.036,0.500359,0.000,1.000,1,85.449,0.854486,0.000,1.000,1,11.070,0.110704,0.000,1.000,1,47.372,0.473715,0.000,1.000,1,46.295,0.462948,0.000,1.000,stress,good
1783252805.367188,1,61.884,0.618843,0.000,1.000,1,47.835,0.478346,0.000,1.000,1,81.779,0.817787,0.000,1.000,1,9.654,0.096543,0.000,1.000,1,47.315,0.473152,0.000,1.000,1,48.088,0.480880,0.000,1.000,stress,good
1783252805.375000,1,66.144,0.661445,0.000,1.000,1,53.819,0.538185,0.000,1.000,1,86.316,0.863159,0.000,1.000,1,12.635,0.126349,0.000,1.000,1,51.123,0.511232,0.000,1.000,1,49.061,0.490614,0.000,1.000,stress,good
1783252805.382812,1,68.145,0.681447,0.000,1.000,1,50.298,0.502976,0.000,1.000,1,88.509,0.885090,0.000,1.000,1,9.203,0.092025,0.000,1.000,1,46.650,0.466496,0.000,1.000,1,49.439,0.494387,0.000,1.000,stress,good
1783252805.390625,1,62.534,0.625338,0.000,1.000,1,49.655,0.496555,0.000,1.000,1,85.831,0.858311,0.000,1.000,1,9.946,0.099459,0.000,1.000,1,41.388,0.413885,0.000,1.000,1,53.922,0.539224,0.000,1.000,stress,good
1783252805.398438,1,62.621,0.626208,0.000,1.000,1,53.699,0.536993,0.000,1.000,1,86.096,0.860958,0.000,1.000,1,15.412,0.154118,0.000,1.000,1,42.926,0.429256,0.000,1.000,1,50.392,0.503918,0.000,1.000,stress,good
1783252805.406250,1,67.244,0.672440,0.000,1.000,1,51.903,0.519033,0.000,1.000,1,89.801,0.898007,0.000,1.000,1,11.558,0.115577,0.000,1.000,1,46.863,0.468627,0.000,1.000,1,53.816,0.538159,0.000,1.000,stress,good
1783252805.414062,1,65.664,0.656640,0.000,1.000,1,55.729,0.557295,0.000,1.000,1,86.933,0.869325,0.000,1.000,1,14.423,0.144235,0.000,1.000,1,45.207,0.452074,0.000,1.000,1,52.016,0.520164,0.000,1.000,stress,good
1783252805.421875,1,69.243,0.692428,0.000,1.000,1,55.397,0.553966,0.000,1.000,1,89.065,0.890650,0.000,1.000,1,12.530,0.125305,0.000,1.000,1,45.367,0.453674,0.000,1.000,1,54.416,0.544164,0.000,1.000,stress,good
1783252805.429688,1,64.110,0.641105,0.000,1.000,1,53.270,0.532702,0.000,1.000,1,86.461,0.864612,0.000,1.000,1,6.434,0.064343,0.000,1.000,1,47.937,0.479369,0.000,1.000,1,50.792,0.507915,0.000,1.000,stress,good
1783252805.437500,1,61.654,0.616539,0.000,1.000,1,50.844,0.508444,0.000,1.000,1,82.538,0.825384,0.000,1.000,1,14.059,0.140587,0.000,1.000,1,45.833,0.458330,0.000,1.000,1,48.332,0.483317,0.000,1.000,stress,good
1783252805.445312,1,63.065,0.630650,0.000,1.000,1,47.852,0.478517,0.000,1.000,1,86.695,0.866948,0.000,1.000,1,11.262,0.112622,0.000,1.000,1,47.182,0.471817,0.000,1.000,1,46.693,0.466925,0.000,1.000,stress,good
1783252805.453125,1,67.441,0.674411,0.000,1.000,1,45.299,0.452994,0.000,1.000,1,81.479,0.814789,0.000,1.000,1,10.323,0.103233,0.000,1.000,1,49.033,0.490329,0.000,1.000,1,49.648,0.496477,0.000,1.000,stress,good
1783252805.460938,1,63.724,0.637238,0.000,1.000,1,52.032,0.520321,0.000,1.000,1,84.991,0.849906,0.000,1.000,1,12.412,0.124123,0.000,1.000,1,47.489,0.474889,0.000,1.000,1,50.941,0.509411,0.000,1.000,stress,good
1783252805.468750,1,66.854,0.668542,0.000,1.000,1,52.707,0.527065,0.000,1.000,1,85.532,0.855316,0.000,1.000,1,9.158,0.091576,0.000,1.000,1,46.623,0.466230,0.000,1.000,1,46.685,0.466849,0.000,1.000,stress,good
1783252805.476562,1,65.937,0.659368,0.000,1.000,1,49.841,0.498411,0.000,1.000,1,81.647,0.816473,0.000,1.000,1,10.345,0.103446,0.000,1.000,1,46.418,0.464182,0.000,1.000,1,56.902,0.569018,0.000,1.000,stress,good
1783252805.484375,1,63.870,0.638702,0.000,1.000,1,49.085,0.490854,0.000,1.000,1,85.519,0.855193,0.000,1.000,1,7.771,0.077715,0.000,1.000,1,47.979,0.479790,0.000,1.000,1,50.784,0.507842,0.000,1.000,stress,good
1783252805.492188,1,62.905,0.629047,0.000,1.000,1,48.103,0.481026,0.000,1.000,1,84.378,0.843783,0.000,1.000,1,8.732,0.087317,0.000,1.000,1,47.197,0.471972,0.000,1.000,1,51.190,0.511897,0.000,1.000,stress,good
1783252805.500000,1,67.840,0.678404,0.000,1.000,1,52.425,0.524249,0.000,1.000,1,83.506,0.835059,0.000,1.000,1,11.806,0.118063,0.000,1.000,1,44.691,0.446911,0.000,1.000,1,55.496,0.554961,0.000,1.000,stress,good
1783252805.507812,1,63.561,0.635614,0.000,1.000,1,51.577,0.515770,0.000,1.000,1,84.840,0.848400,0.000,1.000,1,9.858,0.098577,0.000,1.000,1,41.340,0.413402,0.000,1.000,1,50.439,0.504389,0.000,1.000,stress,good
1783252805.515625,1,64.141,0.641406,0.000,1.000,1,47.132,0.471321,0.000,1.000,1,87.730,0.877298,0.000,1.000,1,13.595,0.135953,0.000,1.000,1,49.083,0.490826,0.000,1.000,1,50.042,0.500418,0.000,1.000,stress,good
1783252805.523438,1,64.079,0.640789,0.000,1.000,1,46.545,0.465450,0.000,1.000,1,90.331,0.903313,0.000,1.000,1,12.192,0.121923,0.000,1.000,1,47.034,0.470338,0.000,1.000,1,52.221,0.522209,0.000,1.000,stress,good
1783252805.531250,1,66.886,0.668862,0.000,1.000,1,49.332,0.493321,0.000,1.000,1,85.653,0.856526,0.000,1.000,1,15.708,0.157077,0.000,1.000,1,48.698,0.486980,0.000,1.000,1,52.356,0.523559,0.000,1.000,stress,good
1783252805.539062,1,68.750,0.687497,0.000,1.000,1,53.741,0.537408,0.000,1.000,1,87.977,0.879768,0.000,1.000,1,10.248,0.102485,0.000,1.000,1,48.816,0.488162,0.000,1.000,1,52.326,0.523263,0.000,1.000,stress,good
1783252805.546875,1,67.360,0.673602,0.000,1.000,1,50.322,0.503224,0.000,1.000,1,86.461,0.864609,0.000,1.000,1,9.472,0.094719,0.000,1.000,1,46.916,0.469156,0.000,1.000,1,49.743,0.497425,0.000,1.000,stress,good
1783252805.554688,1,69.956,0.699560,0.000,1.000,1,52.247,0.522466,0.000,1.000,1,88.182,0.881818,0.000,1.000,1,6.779,0.067792,0.000,1.000,1,48.258,0.482575,0.000,1.000,1,51.895,0.518945,0.000,1.000,stress,good
1783252805.562500,1,63.165,0.631653,0.000,1.000,1,47.997,0.479969,0.000,1.000,1,82.623,0.826232,0.000,1.000,1,15.165,0.151649,0.000,1.000,1,47.529,0.475286,0.000,1.000,1,53.621,0.536208,0.000,1.000,stress,good
1783252805.570312,1,70.509,0.705088,0.000,1.000,1,53.645,0.536451,0.000,1.000,1,88.259,0.882593,0.000,1.000,1,12.279,0.122792,0.000,1.000,1,45.982,0.459825,0.000,1.000,1,50.985,0.509847,0.000,1.000,stress,good
1783252805.578125,1,66.261,0.662612,0.000,1.000,1,53.876,0.538759,0.000,1.000,1,88.558,0.885578,0.000,1.000,1,16.359,0.163588,0.000,1.000,1,48.322,0.483221,0.000,1.000,1,50.910,0.509105,0.000,1.000,stress,good
1783252805.585938,1,60.222,0.602224,0.000,1.000,1,48.095,0.480955,0.000,1.000,1,87.586,0.875865,0.000,1.000,1,12.540,0.125403,0.000,1.000,1,45.179,0.451791,0.000,1.000,1,49.872,0.498717,0.000,1.000,stress,good
1783252805.593750,1,66.653,0.666531,0.000,1.000,1,48.545,0.485445,0.000,1.000,1,90.730,0.907297,0.000,1.000,1,11.426,0.114264,0.000,1.000,1,48.278,0.482780,0.000,1.000,1,50.566,0.505659,0.000,1.000,stress,good
1783252805.601562,1,64.290,0.642898,0.000,1.000,1,53.695,0.536949,0.000,1.000,1,85.377,0.853774,0.000,1.000,1,8.270,0.082697,0.000,1.000,1,46.568,0.465675,0.000,1.000,1,49.262,0.492620,0.000,1.000,stress,good
1783252805.609375,1,63.119,0.631193,0.000,1.000,1,50.601,0.506014,0.000,1.000,1,87.377,0.873773,0.000,1.000,1,12.197,0.121969,0.000,1.000,1,46.889,0.468893,0.000,1.000,1,52.095,0.520949,0.000,1.000,stress,good
1783252805.617188,1,67.117,0.671165,0.000,1.000,1,49.604,0.496039,0.000,1.000,1,87.462,0.874621,0.000,1.000,1,13.755,0.137551,0.000,1.000,1,49.305,0.493053,0.000,1.000,1,49.403,0.494033,0.000,1.000,stress,good
1783252805.625000,1,69.537,0.695372,0.000,1.000,1,52.471,0.524709,0.000,1.000,1,88.483,0.884826,0.000,1.000,1,12.887,0.128875,0.000,1.000,1,50.615,0.506147,0.000,1.000,1,55.670,0.556699,0.000,1.000,stress,good
1783252805.632812,1,67.041,0.670415,0.000,1.000,1,51.658,0.516580,0.000,1.000,1,86.753,0.867534,0.000,1.000,1,11.467,0.114670,0.000,1.000,1,43.962,0.439615,0.000,1.000,1,51.475,0.514753,0.000,1.000,stress,good
1783252805.640625,1,66.156,0.661561,0.000,1.000,1,50.595,0.505946,0.000,1.000,1,88.721,0.887208,0.000,1.000,1,9.298,0.092979,0.000,1.000,1,44.667,0.446669,0.000,1.000,1,52.295,0.522948,0.000,1.000,stress,good
1783252805.648438,1,59.667,0.596665,0.000,1.000,1,48.559,0.485586,0.000,1.000,1,88.277,0.882770,0.000,1.000,1,7.168,0.071678,0.000,1.000,1,49.723,0.497235,0.000,1.000,1,51.655,0.516548,0.000,1.000,stress,good
1783252805.656250,1,62.831,0.628315,0.000,1.000,1,53.160,0.531596,0.000,1.000,1,85.183,0.851831,0.000,1.000,1,10.053,0.100532,0.000,1.000,1,45.904,0.459040,0.000,1.000,1,53.195,0.531948,0.000,1.000,stress,good
1783252805.664062,1,66.802,0.668025,0.000,1.000,1,54.827,0.548273,0.000,1.000,1,86.345,0.863452,0.000,1.000,1,11.321,0.113210,0.000,1.000,1,47.222,0.472221,0.000,1.000,1,49.747,0.497472,0.000,1.000,stress,good
1783252805.671875,1,66.198,0.661976,0.000,1.000,1,50.321,0.503208,0.000,1.000,1,84.273,0.842728,0.000,1.000,1,15.359,0.153594,0.000,1.000,1,47.070,0.470699,0.000,1.000,1,43.681,0.436813,0.000,1.000,stress,good
1783252805.679688,1,62.828,0.628276,0.000,1.000,1,52.703,0.527025,0.000,1.000,1,87.659,0.876593,0.000,1.000,1,15.086,0.150863,0.000,1.000,1,48.123,0.481228,0.000,1.000,1,48.916,0.489159,0.000,1.000,stress,good
1783252805.687500,1,64.253,0.642528,0.000,1.000,1,49.141,0.491412,0.000,1.000,1,80.627,0.806274,0.000,1.000,1,10.142,0.101416,0.000,1.000,1,48.414,0.484143,0.000,1.000,1,50.781,0.507807,0.000,1.000,stress,good
1783252805.695312,1,60.357,0.603572,0.000,1.000,1,47.873,0.478729,0.000,1.000,1,88.183,0.881826,0.000,1.000,1,10.537,0.105369,0.000,1.000,1,47.288,0.472884,0.000,1.000,1,48.968,0.489678,0.000,1.000,stress,good
1783252805.703125,1,62.793,0.627928,0.000,1.000,1,51.576,0.515764,0.000,1.000,1,90.413,0.904127,0.000,1.000,1,8.948,0.089483,0.000,1.000,1,47.219,0.472187,0.000,1.000,1,53.388,0.533878,0.000,1.000,stress,good
1783252805.710938,1,66.371,0.663711,0.000,1.000,1,50.157,0.501573,0.000,1.000,1,89.682,0.896815,0.000,1.000,1,7.148,0.071481,0.000,1.000,1,41.768,0.417682,0.000,1.000,1,49.124,0.491240,0.000,1.000,stress,good
1783252805.718750,1,62.164,0.621636,0.000,1.000,1,46.308,0.463082,0.000,1.000,1,85.010,0.850100,0.000,1.000,1,9.883,0.098828,0.000,1.000,1,45.286,0.452861,0.000,1.000,1,53.051,0.530511,0.000,1.000,stress,good
1783252805.726562,1,66.422,0.664219,0.000,1.000,1,53.853,0.538529,0.000,1.000,1,87.261,0.872611,0.000,1.000,1,8.291,0.082908,0.000,1.000,1,46.469,0.464689,0.000,1.000,1,49.658,0.496582,0.000,1.000,stress,good
1783252805.734375,1,64.511,0.645107,0.000,1.000,1,50.134,0.501338,0.000,1.000,1,87.436,0.874358,0.000,1.000,1,8.928,0.089278,0.000,1.000,1,45.906,0.459064,0.000,1.000,1,51.027,0.510272,0.000,1.000,stress,good
1783252805.742188,1,63.449,0.634485,0.000,1.000,1,52.100,0.520999,0.000,1.000,1,88.151,0.881515,0.000,1.000,1,9.469,0.094685,0.000,1.000,1,42.466,0.424662,0.000,1.000,1,50.241,0.502411,0.000,1.000,stress,good
1783252805.750000,1,61.641,0.616414,0.000,1.000,1,49.083,0.490832,0.000,1.000,1,83.959,0.839591,0.000,1.000,1,10.759,0.107591,0.000,1.000,1,50.679,0.506791,0.000,1.000,1,52.426,0.524261,0.000,1.000,stress,good
1783252805.757812,1,67.288,0.672875,0.000,1.000,1,47.026,0.470256,0.000,1.000,1,87.732,0.877323,0.000,1.000,1,6.668,0.066681,0.000,1.000,1,43.405,0.434050,0.000,1.000,1,50.269,0.502688,0.000,1.000,stress,good
1783252805.765625,1,62.565,0.625649,0.000,1.000,1,47.252,0.472521,0.000,1.000,1,88.082,0.880825,0.000,1.000,1,9.943,0.099432,0.000,1.000,1,40.569,0.405692,0.000,1.000,1,50.411,0.504106,0.000,1.000,stress,good
1783252805.773438,1,61.434,0.614340,0.000,1.000,1,50.329,0.503287,0.000,1.000,1,84.792,0.847920,0.000,1.000,1,14.155,0.141551,0.000,1.000,1,45.978,0.459779,0.000,1.000,1,51.860,0.518597,0.000,1.000,stress,good
1783252805.781250,1,65.226,0.652260,0.000,1.000,1,52.904,0.529044,0.000,1.000,1,89.206,0.892062,0.000,1.000,1,9.349,0.093485,0.000,1.000,1,48.522,0.485221,0.000,1.000,1,55.167,0.551668,0.000,1.000,stress,good
1783252805.789062,1,67.189,0.671885,0.000,1.000,1,55.905,0.559053,0.000,1.000,1,85.437,0.854374,0.000,1.000,1,7.954,0.079539,0.000,1.000,1,46.990,0.469902,0.000,1.000,1,44.331,0.443306,0.000,1.000,stress,good
1783252805.796875,1,64.908,0.649078,0.000,1.000,1,52.052,0.520525,0.000,1.000,1,83.229,0.832290,0.000,1.000,1,11.192,0.111918,0.000,1.000,1,47.866,0.478661,0.000,1.000,1,53.557,0.535573,0.000,1.000,stress,good
1783252805.804688,1,65.825,0.658248,0.000,1.000,1,51.115,0.511155,0.000,1.000,1,87.780,0.877796,0.000,1.000,1,4.865,0.048653,0.000,1.000,1,52.592,0.525918,0.000,1.000,1,52.022,0.520216,0.000,1.000,stress,good
1783252805.812500,1,64.735,0.647349,0.000,1.000,1,49.837,0.498367,0.000,1.000,1,86.594,0.865938,0.000,1.000,1,11.118,0.111180,0.000,1.000,1,43.725,0.437247,0.000,1.000,1,45.567,0.455668,0.000,1.000,stress,good
1783252805.820312,1,66.202,0.662022,0.000,1.000,1,47.114,0.471138,0.000,1.000,1,84.813,0.848131,0.000,1.000,1,12.418,0.124184,0.000,1.000,1,49.749,0.497487,0.000,1.000,1,52.075,0.520753,0.000,1.000,stress,good
1783252805.828125,1,65.542,0.655419,0.000,1.000,1,51.426,0.514263,0.000,1.000,1,85.299,0.852987,0.000,1.000,1,9.318,0.093175,0.000,1.000,1,49.824,0.498242,0.000,1.000,1,53.792,0.537921,0.000,1.000,stress,good
1783252805.835938,1,65.771,0.657710,0.000,1.000,1,48.135,0.481350,0.000,1.000,1,86.463,0.864630,0.000,1.000,1,12.096,0.120955,0.000,1.000,1,44.696,0.446956,0.000,1.000,1,48.533,0.485326,0.000,1.000,stress,good
1783252805.843750,1,68.825,0.688253,0.000,1.000,1,48.116,0.481159,0.000,1.000,1,85.753,0.857529,0.000,1.000,1,11.832,0.118320,0.000,1.000,1,46.999,0.469994,0.000,1.000,1,51.621,0.516208,0.000,1.000,stress,good
1783252805.851562,1,65.277,0.652769,0.000,1.000,1,54.160,0.541602,0.000,1.000,1,86.116,0.861161,0.000,1.000,1,6.716,0.067158,0.000,1.000,1,41.834,0.418339,0.000,1.000,1,45.346,0.453455,0.000,1.000,stress,good
1783252805.859375,1,64.855,0.648551,0.000,1.000,1,52.333,0.523328,0.000,1.000,1,86.243,0.862431,0.000,1.000,1,9.605,0.096052,0.000,1.000,1,51.075,0.510747,0.000,1.000,1,45.735,0.457353,0.000,1.000,stress,good
1783252805.867188,1,60.705,0.607045,0.000,1.000,1,51.929,0.519287,0.000,1.000,1,85.319,0.853186,0.000,1.000,1,10.657,0.106571,0.000,1.000,1,48.805,0.488053,0.000,1.000,1,53.519,0.535193,0.000,1.000,stress,good
1783252805.875000,1,65.075,0.650746,0.000,1.000,1,48.938,0.489381,0.000,1.000,1,89.673,0.896730,0.000,1.000,1,6.471,0.064709,0.000,1.000,1,44.951,0.449514,0.000,1.000,1,49.924,0.499241,0.000,1.000,stress,good
1783252805.882812,1,65.660,0.656598,0.000,1.000,1,52.265,0.522649,0.000,1.000,1,83.164,0.831637,0.000,1.000,1,9.098,0.090979,0.000,1.000,1,47.421,0.474206,0.000,1.000,1,48.534,0.485342,0.000,1.000,stress,good
1783252805.890625,1,61.194,0.611939,0.000,1.000,1,49.937,0.499371,0.000,1.000,1,80.118,0.801183,0.000,1.000,1,6.753,0.067525,0.000,1.000,1,44.618,0.446177,0.000,1.000,1,53.597,0.535973,0.000,1.000,stress,good
1783252805.898438,1,60.026,0.600256,0.000,1.000,1,51.006,0.510058,0.000,1.000,1,91.192,0.911921,0.000,1.000,1,8.109,0.081089,0.000,1.000,1,45.247,0.452473,0.000,1.000,1,47.201,0.472006,0.000,1.000,stress,good
1783252805.906250,1,64.321,0.643211,0.000,1.000,1,51.324,0.513239,0.000,1.000,1,86.101,0.861011,0.000,1.000,1,11.550,0.115497,0.000,1.000,1,45.761,0.457607,0.000,1.000,1,48.753,0.487532,0.000,1.000,stress,good
1783252805.914062,1,68.209,0.682094,0.000,1.000,1,53.759,0.537593,0.000,1.000,1,85.917,0.859172,0.000,1.000,1,8.135,0.081348,0.000,1.000,1,46.381,0.463811,0.000,1.000,1,50.240,0.502397,0.000,1.000,stress,good
1783252805.921875,1,68.354,0.683542,0.000,1.000,1,51.326,0.513265,0.000,1.000,1,83.678,0.836776,0.000,1.000,1,13.184,0.131840,0.000,1.000,1,49.834,0.498335,0.000,1.000,1,50.751,0.507515,0.000,1.000,stress,good
1783252805.929688,1,61.960,0.619595,0.000,1.000,1,50.212,0.502122,0.000,1.000,1,84.626,0.846259,0.000,1.000,1,10.718,0.107176,0.000,1.000,1,45.258,0.452575,0.000,1.000,1,51.426,0.514258,0.000,1.000,stress,good
1783252805.937500,1,62.251,0.622514,0.000,1.000,1,51.074,0.510737,0.000,1.000,1,86.026,0.860260,0.000,1.000,1,8.093,0.080931,0.000,1.000,1,44.751,0.447506,0.000,1.000,1,50.707,0.507074,0.000,1.000,stress,good
1783252805.945312,1,64.047,0.640465,0.000,1.000,1,48.758,0.487578,0.000,1.000,1,82.408,0.824083,0.000,1.000,1,5.793,0.057925,0.000,1.000,1,49.729,0.497290,0.000,1.000,1,47.588,0.475876,0.000,1.000,stress,good
1783252805.953125,1,61.937,0.619369,0.000,1.000,1,50.685,0.506852,0.000,1.000,1,86.978,0.869776,0.000,1.000,1,11.122,0.111223,0.000,1.000,1,46.374,0.463743,0.000,1.000,1,49.557,0.495573,0.000,1.000,stress,good
1783252805.960938,1,64.061,0.640608,0.000,1.000,1,52.339,0.523390,0.000,1.000,1,83.167,0.831669,0.000,1.000,1,8.861,0.088611,0.000,1.000,1,47.019,0.470193,0.000,1.000,1,53.777,0.537775,0.000,1.000,stress,good
1783252805.968750,1,66.589,0.665891,0.000,1.000,1,51.209,0.512086,0.000,1.000,1,84.684,0.846842,0.000,1.000,1,10.158,0.101583,0.000,1.000,1,46.849,0.468487,0.000,1.000,1,50.078,0.500776,0.000,1.000,stress,good
1783252805.976562,1,63.440,0.634399,0.000,1.000,1,51.141,0.511408,0.000,1.000,1,83.831,0.838307,0.000,1.000,1,11.070,0.110703,0.000,1.000,1,46.036,0.460364,0.000,1.000,1,49.204,0.492041,0.000,1.000,stress,good
1783252805.984375,1,61.656,0.616565,0.000,1.000,1,51.744,0.517444,0.000,1.000,1,82.595,0.825947,0.000,1.000,1,7.552,0.075518,0.000,1.000,1,43.896,0.438963,0.000,1.000,1,49.868,0.498678,0.000,1.000,stress,good
1783252805.992188,1,65.209,0.652092,0.000,1.000,1,51.403,0.514030,0.000,1.000,1,83.944,0.839443,0.000,1.000,1,10.641,0.106411,0.000,1.000,1,46.005,0.460055,0.000,1.000,1,51.310,0.513104,0.000,1.000,stress,good
1783252806.000000,1,67.874,0.678736,0.000,1.000,1,49.320,0.493203,0.000,1.000,1,81.431,0.814311,0.000,1.000,1,9.975,0.099751,0.000,1.000,1,46.142,0.461417,0.000,1.000,1,54.232,0.542319,0.000,1.000,stress,good
1783252806.007812,1,63.777,0.637772,0.000,1.000,1,48.238,0.482379,0.000,1.000,1,86.059,0.860588,0.000,1.000,1,7.172,0.071718,0.000,1.000,1,45.824,0.458243,0.000,1.000,1,56.477,0.564772,0.000,1.000,stress,good
1783252806.015625,1,65.825,0.658254,0.000,1.000,1,49.828,0.498283,0.000,1.000,1,88.221,0.882208,0.000,1.000,1,9.544,0.095443,0.000,1.000,1,44.345,0.443451,0.000,1.000,1,50.259,0.502587,0.000,1.000,stress,good
1783252806.023438,1,66.317,0.663167,0.000,1.000,1,48.437,0.484373,0.000,1.000,1,83.509,0.835092,0.000,1.000,1,14.823,0.148233,0.000,1.000,1,45.907,0.459065,0.000,1.000,1,56.355,0.563550,0.000,1.000,stress,good
1783252806.031250,1,65.185,0.651846,0.000,1.000,1,49.122,0.491222,0.000,1.000,1,85.392,0.853916,0.000,1.000,1,15.171,0.151713,0.000,1.000,1,48.177,0.481773,0.000,1.000,1,54.142,0.541416,0.000,1.000,stress,good
1783252806.039062,1,63.684,0.636844,0.000,1.000,1,53.606,0.536062,0.000,1.000,1,84.594,0.845939,0.000,1.000,1,13.457,0.134570,0.000,1.000,1,46.458,0.464578,0.000,1.000,1,50.963,0.509632,0.000,1.000,stress,good
1783252806.046875,1,59.008,0.590085,0.000,1.000,1,47.289,0.472886,0.000,1.000,1,84.898,0.848982,0.000,1.000,1,10.425,0.104254,0.000,1.000,1,51.609,0.516086,0.000,1.000,1,50.975,0.509748,0.000,1.000,stress,good
1783252806.054688,1,63.105,0.631048,0.000,1.000,1,54.370,0.543697,0.000,1.000,1,80.731,0.807306,0.000,1.000,1,10.153,0.101527,0.000,1.000,1,48.083,0.480827,0.000,1.000,1,50.585,0.505847,0.000,1.000,stress,good
1783252806.062500,1,62.724,0.627237,0.000,1.000,1,49.280,0.492798,0.000,1.000,1,83.667,0.836670,0.000,1.000,1,12.321,0.123208,0.000,1.000,1,43.794,0.437944,0.000,1.000,1,49.348,0.493483,0.000,1.000,stress,good
1783252806.070312,1,59.819,0.598192,0.000,1.000,1,50.258,0.502582,0.000,1.000,1,87.049,0.870492,0.000,1.000,1,5.061,0.050606,0.000,1.000,1,44.743,0.447433,0.000,1.000,1,47.773,0.477734,0.000,1.000,stress,good
1783252806.078125,1,65.067,0.650668,0.000,1.000,1,50.981,0.509808,0.000,1.000,1,82.860,0.828599,0.000,1.000,1,10.723,0.107234,0.000,1.000,1,45.434,0.454342,0.000,1.000,1,47.362,0.473618,0.000,1.000,stress,good
1783252806.085938,1,63.594,0.635935,0.000,1.000,1,47.093,0.470934,0.000,1.000,1,80.667,0.806671,0.000,1.000,1,8.480,0.084795,0.000,1.000,1,43.195,0.431954,0.000,1.000,1,51.485,0.514849,0.000,1.000,stress,good
1783252806.093750,1,64.836,0.648361,0.000,1.000,1,51.259,0.512591,0.000,1.000,1,86.727,0.867275,0.000,1.000,1,10.460,0.104604,0.000,1.000,1,45.423,0.454234,0.000,1.000,1,46.655,0.466552,0.000,1.000,stress,good
1783252806.101562,1,63.945,0.639449,0.000,1.000,1,49.006,0.490061,0.000,1.000,1,87.702,0.877023,0.000,1.000,1,11.384,0.113843,0.000,1.000,1,41.380,0.413798,0.000,1.000,1,46.883,0.468829,0.000,1.000,stress,good
1783252806.109375,1,63.311,0.633112,0.000,1.000,1,47.224,0.472238,0.000,1.000,1,81.663,0.816635,0.000,1.000,1,13.969,0.139691,0.000,1.000,1,48.161,0.481609,0.000,1.000,1,48.130,0.481298,0.000,1.000,stress,good
1783252806.117188,1,64.907,0.649068,0.000,1.000,1,52.211,0.522110,0.000,1.000,1,82.698,0.826977,0.000,1.000,1,7.684,0.076840,0.000,1.000,1,46.519,0.465191,0.000,1.000,1,50.363,0.503625,0.000,1.000,stress,good
1783252806.125000,1,65.031,0.650312,0.000,1.000,1,47.882,0.478817,0.000,1.000,1,82.148,0.821483,0.000,1.000,1,12.933,0.129334,0.000,1.000,1,44.381,0.443808,0.000,1.000,1,47.235,0.472353,0.000,1.000,stress,good
1783252806.132812,1,62.019,0.620190,0.000,1.000,1,47.141,0.471411,0.000,1.000,1,82.793,0.827930,0.000,1.000,1,13.645,0.136453,0.000,1.000,1,52.166,0.521662,0.000,1.000,1,50.009,0.500092,0.000,1.000,stress,good
1783252806.140625,1,65.604,0.656037,0.000,1.000,1,44.748,0.447481,0.000,1.000,1,83.077,0.830772,0.000,1.000,1,8.349,0.083494,0.000,1.000,1,47.843,0.478425,0.000,1.000,1,48.900,0.489002,0.000,1.000,stress,good
1783252806.148438,1,63.399,0.633987,0.000,1.000,1,47.085,0.470852,0.000,1.000,1,90.166,0.901655,0.000,1.000,1,14.502,0.145016,0.000,1.000,1,45.031,0.450312,0.000,1.000,1,52.597,0.525972,0.000,1.000,stress,good
1783252806.156250,1,65.040,0.650405,0.000,1.000,1,50.487,0.504868,0.000,1.000,1,85.652,0.856523,0.000,1.000,1,12.191,0.121909,0.000,1.000,1,50.711,0.507114,0.000,1.000,1,53.902,0.539022,0.000,1.000,stress,good
1783252806.164062,1,66.129,0.661295,0.000,1.000,1,45.419,0.454194,0.000,1.000,1,86.749,0.867495,0.000,1.000,1,6.044,0.060445,0.000,1.000,1,43.486,0.434862,0.000,1.000,1,50.620,0.506200,0.000,1.000,stress,good
1783252806.171875,1,64.688,0.646878,0.000,1.000,1,49.983,0.499832,0.000,1.000,1,88.414,0.884140,0.000,1.000,1,13.963,0.139629,0.000,1.000,1,45.294,0.452935,0.000,1.000,1,48.092,0.480923,0.000,1.000,stress,good
1783252806.179688,1,64.162,0.641623,0.000,1.000,1,47.569,0.475693,0.000,1.000,1,89.206,0.892057,0.000,1.000,1,8.342,0.083421,0.000,1.000,1,52.434,0.524339,0.000,1.000,1,47.220,0.472198,0.000,1.000,stress,good
1783252806.187500,1,61.874,0.618736,0.000,1.000,1,50.152,0.501522,0.000,1.000,1,85.441,0.854407,0.000,1.000,1,8.748,0.087482,0.000,1.000,1,48.817,0.488170,0.000,1.000,1,53.300,0.533000,0.000,1.000,stress,good
1783252806.195312,1,64.766,0.647663,0.000,1.000,1,49.316,0.493158,0.000,1.000,1,84.065,0.840650,0.000,1.000,1,9.994,0.099935,0.000,1.000,1,45.558,0.455581,0.000,1.000,1,45.889,0.458890,0.000,1.000,stress,good
1783252806.203125,1,62.447,0.624469,0.000,1.000,1,50.074,0.500735,0.000,1.000,1,81.140,0.811405,0.000,1.000,1,13.988,0.139883,0.000,1.000,1,48.110,0.481105,0.000,1.000,1,50.709,0.507095,0.000,1.000,stress,good
1783252806.210938,1,64.005,0.640053,0.000,1.000,1,55.952,0.559524,0.000,1.000,1,83.839,0.838389,0.000,1.000,1,10.628,0.106284,0.000,1.000,1,48.420,0.484198,0.000,1.000,1,54.390,0.543897,0.000,1.000,stress,good
1783252806.218750,1,62.734,0.627342,0.000,1.000,1,47.127,0.471274,0.000,1.000,1,82.883,0.828833,0.000,1.000,1,5.874,0.058742,0.000,1.000,1,51.298,0.512976,0.000,1.000,1,50.980,0.509803,0.000,1.000,stress,good
1783252806.226562,1,62.765,0.627648,0.000,1.000,1,48.840,0.488405,0.000,1.000,1,80.971,0.809705,0.000,1.000,1,9.252,0.092518,0.000,1.000,1,45.723,0.457228,0.000,1.000,1,51.168,0.511680,0.000,1.000,stress,good
1783252806.234375,1,60.701,0.607007,0.000,1.000,1,49.019,0.490193,0.000,1.000,1,80.929,0.809294,0.000,1.000,1,10.222,0.102224,0.000,1.000,1,41.947,0.419468,0.000,1.000,1,48.100,0.481004,0.000,1.000,stress,good
1783252806.242188,1,62.960,0.629598,0.000,1.000,1,49.792,0.497918,0.000,1.000,1,84.711,0.847111,0.000,1.000,1,10.156,0.101563,0.000,1.000,1,47.015,0.470148,0.000,1.000,1,46.988,0.469880,0.000,1.000,stress,good
1783252806.250000,1,59.432,0.594321,0.000,1.000,1,45.877,0.458774,0.000,1.000,1,87.829,0.878291,0.000,1.000,1,10.274,0.102741,0.000,1.000,1,45.810,0.458100,0.000,1.000,1,49.698,0.496976,0.000,1.000,stress,good
1783252806.257812,1,63.952,0.639524,0.000,1.000,1,50.956,0.509563,0.000,1.000,1,86.546,0.865465,0.000,1.000,1,10.062,0.100622,0.000,1.000,1,44.270,0.442696,0.000,1.000,1,48.376,0.483764,0.000,1.000,stress,good
1783252806.265625,1,62.636,0.626361,0.000,1.000,1,50.520,0.505205,0.000,1.000,1,86.272,0.862721,0.000,1.000,1,8.133,0.081325,0.000,1.000,1,41.673,0.416734,0.000,1.000,1,51.134,0.511343,0.000,1.000,stress,good
1783252806.273438,1,64.194,0.641936,0.000,1.000,1,47.620,0.476202,0.000,1.000,1,82.207,0.822070,0.000,1.000,1,9.410,0.094103,0.000,1.000,1,47.970,0.479705,0.000,1.000,1,46.261,0.462613,0.000,1.000,stress,good
1783252806.281250,1,61.559,0.615592,0.000,1.000,1,47.303,0.473027,0.000,1.000,1,85.516,0.855163,0.000,1.000,1,14.916,0.149160,0.000,1.000,1,44.802,0.448019,0.000,1.000,1,52.085,0.520852,0.000,1.000,stress,good
1783252806.289062,1,62.233,0.622326,0.000,1.000,1,48.610,0.486099,0.000,1.000,1,87.495,0.874947,0.000,1.000,1,9.370,0.093696,0.000,1.000,1,45.320,0.453203,0.000,1.000,1,49.345,0.493445,0.000,1.000,stress,good
1783252806.296875,1,69.497,0.694972,0.000,1.000,1,45.041,0.450414,0.000,1.000,1,85.093,0.850926,0.000,1.000,1,8.078,0.080784,0.000,1.000,1,45.032,0.450315,0.000,1.000,1,54.666,0.546655,0.000,1.000,stress,good
1783252806.304688,1,66.649,0.666494,0.000,1.000,1,48.567,0.485666,0.000,1.000,1,84.128,0.841281,0.000,1.000,1,8.521,0.085205,0.000,1.000,1,44.748,0.447483,0.000,1.000,1,48.663,0.486634,0.000,1.000,stress,good
1783252806.312500,1,65.804,0.658045,0.000,1.000,1,46.612,0.466123,0.000,1.000,1,82.316,0.823155,0.000,1.000,1,10.266,0.102662,0.000,1.000,1,49.918,0.499182,0.000,1.000,1,52.829,0.528289,0.000,1.000,stress,good
1783252806.320312,1,65.611,0.656114,0.000,1.000,1,52.882,0.528821,0.000,1.000,1,89.694,0.896940,0.000,1.000,1,7.396,0.073965,0.000,1.000,1,44.322,0.443217,0.000,1.000,1,51.188,0.511885,0.000,1.000,stress,good
1783252806.328125,1,64.367,0.643665,0.000,1.000,1,49.493,0.494934,0.000,1.000,1,85.741,0.857415,0.000,1.000,1,6.190,0.061903,0.000,1.000,1,45.005,0.450046,0.000,1.000,1,50.440,0.504396,0.000,1.000,stress,good
1783252806.335938,1,59.352,0.593515,0.000,1.000,1,50.281,0.502808,0.000,1.000,1,80.984,0.809845,0.000,1.000,1,10.649,0.106489,0.000,1.000,1,46.233,0.462328,0.000,1.000,1,52.675,0.526751,0.000,1.000,stress,good
1783252806.343750,1,63.164,0.631641,0.000,1.000,1,49.327,0.493266,0.000,1.000,1,85.137,0.851374,0.000,1.000,1,12.473,0.124734,0.000,1.000,1,44.338,0.443381,0.000,1.000,1,54.701,0.547014,0.000,1.000,stress,good
1783252806.351562,1,61.444,0.614439,0.000,1.000,1,52.510,0.525101,0.000,1.000,1,86.571,0.865706,0.000,1.000,1,10.072,0.100722,0.000,1.000,1,47.861,0.478614,0.000,1.000,1,48.940,0.489397,0.000,1.000,stress,good
1783252806.359375,1,62.693,0.626928,0.000,1.000,1,49.927,0.499266,0.000,1.000,1,84.324,0.843238,0.000,1.000,1,9.339,0.093388,0.000,1.000,1,42.835,0.428353,0.000,1.000,1,48.383,0.483831,0.000,1.000,stress,good
1783252806.367188,1,61.559,0.615591,0.000,1.000,1,48.258,0.482583,0.000,1.000,1,78.917,0.789169,0.000,1.000,1,9.791,0.097910,0.000,1.000,1,46.999,0.469990,0.000,1.000,1,51.243,0.512431,0.000,1.000,stress,good
1783252806.375000,1,68.942,0.689420,0.000,1.000,1,50.025,0.500255,0.000,1.000,1,85.260,0.852604,0.000,1.000,1,7.804,0.078041,0.000,1.000,1,43.275,0.432746,0.000,1.000,1,50.172,0.501723,0.000,1.000,stress,good
1783252806.382812,1,63.954,0.639539,0.000,1.000,1,47.834,0.478340,0.000,1.000,1,88.439,0.884386,0.000,1.000,1,10.478,0.104784,0.000,1.000,1,43.472,0.434720,0.000,1.000,1,47.039,0.470393,0.000,1.000,stress,good
1783252806.390625,1,64.387,0.643870,0.000,1.000,1,41.493,0.414928,0.000,1.000,1,84.898,0.848979,0.000,1.000,1,7.398,0.073981,0.000,1.000,1,43.934,0.439342,0.000,1.000,1,49.028,0.490279,0.000,1.000,stress,good
1783252806.398438,1,63.189,0.631893,0.000,1.000,1,49.828,0.498282,0.000,1.000,1,82.430,0.824303,0.000,1.000,1,8.199,0.081985,0.000,1.000,1,44.173,0.441731,0.000,1.000,1,46.793,0.467931,0.000,1.000,stress,good
1783252806.406250,1,64.179,0.641787,0.000,1.000,1,51.553,0.515526,0.000,1.000,1,84.786,0.847858,0.000,1.000,1,7.316,0.073156,0.000,1.000,1,49.717,0.497167,0.000,1.000,1,46.952,0.469519,0.000,1.000,stress,good
1783252806.414062,1,63.192,0.631921,0.000,1.000,1,53.439,0.534390,0.000,1.000,1,80.874,0.808738,0.000,1.000,1,10.139,0.101395,0.000,1.000,1,42.467,0.424666,0.000,1.000,1,49.296,0.492960,0.000,1.000,stress,good
1783252806.421875,1,61.942,0.619416,0.000,1.000,1,53.210,0.532099,0.000,1.000,1,83.515,0.835154,0.000,1.000,1,12.248,0.122484,0.000,1.000,1,46.225,0.462250,0.000,1.000,1,49.638,0.496379,0.000,1.000,stress,good
1783252806.429688,1,63.751,0.637506,0.000,1.000,1,51.343,0.513432,0.000,1.000,1,81.182,0.811818,0.000,1.000,1,11.608,0.116079,0.000,1.000,1,47.468,0.474684,0.000,1.000,1,48.147,0.481469,0.000,1.000,stress,good
1783252806.437500,1,60.821,0.608213,0.000,1.000,1,46.391,0.463907,0.000,1.000,1,85.422,0.854222,0.000,1.000,1,8.312,0.083123,0.000,1.000,1,46.393,0.463934,0.000,1.000,1,51.742,0.517416,0.000,1.000,stress,good
1783252806.445312,1,66.088,0.660881,0.000,1.000,1,47.849,0.478491,0.000,1.000,1,87.481,0.874808,0.000,1.000,1,7.162,0.071625,0.000,1.000,1,44.558,0.445582,0.000,1.000,1,51.926,0.519257,0.000,1.000,stress,good
1783252806.453125,1,64.467,0.644666,0.000,1.000,1,46.946,0.469455,0.000,1.000,1,85.816,0.858155,0.000,1.000,1,7.615,0.076152,0.000,1.000,1,43.447,0.434473,0.000,1.000,1,50.337,0.503370,0.000,1.000,stress,good
1783252806.460938,1,65.231,0.652308,0.000,1.000,1,47.664,0.476640,0.000,1.000,1,87.113,0.871130,0.000,1.000,1,14.120,0.141204,0.000,1.000,1,49.240,0.492397,0.000,1.000,1,52.910,0.529099,0.000,1.000,stress,good
1783252806.468750,1,57.658,0.576579,0.000,1.000,1,49.303,0.493027,0.000,1.000,1,86.308,0.863079,0.000,1.000,1,13.853,0.138534,0.000,1.000,1,48.479,0.484793,0.000,1.000,1,52.039,0.520390,0.000,1.000,stress,good
1783252806.476562,1,59.800,0.598003,0.000,1.000,1,50.951,0.509508,0.000,1.000,1,87.351,0.873515,0.000,1.000,1,12.818,0.128178,0.000,1.000,1,44.685,0.446848,0.000,1.000,1,45.535,0.455351,0.000,1.000,stress,good
1783252806.484375,1,62.366,0.623664,0.000,1.000,1,50.815,0.508154,0.000,1.000,1,86.036,0.860361,0.000,1.000,1,14.018,0.140178,0.000,1.000,1,49.061,0.490613,0.000,1.000,1,48.448,0.484477,0.000,1.000,stress,good
1783252806.492188,1,65.801,0.658014,0.000,1.000,1,44.279,0.442788,0.000,1.000,1,79.594,0.795935,0.000,1.000,1,10.462,0.104623,0.000,1.000,1,47.322,0.473225,0.000,1.000,1,51.581,0.515810,0.000,1.000,stress,good
1783252806.500000,1,63.404,0.634045,0.000,1.000,1,48.665,0.486646,0.000,1.000,1,77.565,0.775650,0.000,1.000,1,9.144,0.091436,0.000,1.000,1,45.601,0.456008,0.000,1.000,1,50.657,0.506573,0.000,1.000,stress,good
1783252806.507812,1,62.287,0.622872,0.000,1.000,1,49.885,0.498853,0.000,1.000,1,84.836,0.848365,0.000,1.000,1,15.755,0.157553,0.000,1.000,1,46.177,0.461772,0.000,1.000,1,47.986,0.479859,0.000,1.000,stress,good
1783252806.515625,1,60.336,0.603364,0.000,1.000,1,49.243,0.492426,0.000,1.000,1,79.775,0.797749,0.000,1.000,1,10.587,0.105874,0.000,1.000,1,48.617,0.486167,0.000,1.000,1,47.979,0.479791,0.000,1.000,stress,good
1783252806.523438,1,61.884,0.618837,0.000,1.000,1,47.979,0.479787,0.000,1.000,1,83.823,0.838226,0.000,1.000,1,11.335,0.113347,0.000,1.000,1,45.153,0.451533,0.000,1.000,1,45.654,0.456538,0.000,1.000,stress,good
1783252806.531250,1,66.527,0.665273,0.000,1.000,1,48.448,0.484481,0.000,1.000,1,83.868,0.838683,0.000,1.000,1,9.722,0.097225,0.000,1.000,1,43.063,0.430628,0.000,1.000,1,50.914,0.509142,0.000,1.000,stress,good
1783252806.539062,1,66.092,0.660924,0.000,1.000,1,52.159,0.521589,0.000,1.000,1,86.752,0.867524,0.000,1.000,1,11.044,0.110437,0.000,1.000,1,44.485,0.444850,0.000,1.000,1,46.832,0.468317,0.000,1.000,stress,good
1783252806.546875,1,64.575,0.645750,0.000,1.000,1,52.581,0.525807,0.000,1.000,1,82.822,0.828221,0.000,1.000,1,5.727,0.057270,0.000,1.000,1,44.219,0.442194,0.000,1.000,1,47.863,0.478625,0.000,1.000,stress,good
1783252806.554688,1,61.824,0.618245,0.000,1.000,1,49.320,0.493204,0.000,1.000,1,81.805,0.818050,0.000,1.000,1,8.254,0.082537,0.000,1.000,1,46.333,0.463327,0.000,1.000,1,50.082,0.500821,0.000,1.000,stress,good
1783252806.562500,1,69.126,0.691263,0.000,1.000,1,46.639,0.466393,0.000,1.000,1,80.708,0.807085,0.000,1.000,1,6.859,0.068594,0.000,1.000,1,45.463,0.454633,0.000,1.000,1,45.094,0.450942,0.000,1.000,stress,good
1783252806.570312,1,64.581,0.645812,0.000,1.000,1,47.858,0.478585,0.000,1.000,1,86.231,0.862310,0.000,1.000,1,10.754,0.107538,0.000,1.000,1,47.103,0.471031,0.000,1.000,1,50.965,0.509649,0.000,1.000,stress,good
1783252806.578125,1,63.443,0.634433,0.000,1.000,1,50.271,0.502712,0.000,1.000,1,86.371,0.863714,0.000,1.000,1,7.977,0.079773,0.000,1.000,1,47.759,0.477587,0.000,1.000,1,49.326,0.493259,0.000,1.000,stress,good
1783252806.585938,1,59.006,0.590062,0.000,1.000,1,48.790,0.487904,0.000,1.000,1,82.505,0.825049,0.000,1.000,1,9.798,0.097984,0.000,1.000,1,44.445,0.444447,0.000,1.000,1,51.168,0.511676,0.000,1.000,stress,good
1783252806.593750,1,65.483,0.654828,0.000,1.000,1,45.970,0.459704,0.000,1.000,1,84.563,0.845626,0.000,1.000,1,10.329,0.103292,0.000,1.000,1,48.962,0.489616,0.000,1.000,1,50.056,0.500565,0.000,1.000,stress,good
1783252806.601562,1,65.422,0.654225,0.000,1.000,1,48.424,0.484241,0.000,1.000,1,84.770,0.847705,0.000,1.000,1,11.962,0.119619,0.000,1.000,1,44.637,0.446367,0.000,1.000,1,49.779,0.497794,0.000,1.000,stress,good
1783252806.609375,1,66.992,0.669922,0.000,1.000,1,46.345,0.463448,0.000,1.000,1,81.124,0.811241,0.000,1.000,1,7.324,0.073242,0.000,1.000,1,44.664,0.446639,0.000,1.000,1,46.444,0.464435,0.000,1.000,stress,good
1783252806.617188,1,69.072,0.690722,0.000,1.000,1,47.295,0.472945,0.000,1.000,1,80.130,0.801304,0.000,1.000,1,5.830,0.058302,0.000,1.000,1,43.380,0.433803,0.000,1.000,1,51.356,0.513556,0.000,1.000,stress,good
1783252806.625000,1,62.675,0.626746,0.000,1.000,1,51.191,0.511911,0.000,1.000,1,84.414,0.844143,0.000,1.000,1,13.649,0.136490,0.000,1.000,1,44.172,0.441718,0.000,1.000,1,48.882,0.488824,0.000,1.000,stress,good
1783252806.632812,1,64.176,0.641764,0.000,1.000,1,46.468,0.464684,0.000,1.000,1,84.115,0.841149,0.000,1.000,1,12.186,0.121859,0.000,1.000,1,48.244,0.482441,0.000,1.000,1,48.894,0.488943,0.000,1.000,stress,good
1783252806.640625,1,64.740,0.647404,0.000,1.000,1,51.674,0.516739,0.000,1.000,1,82.046,0.820462,0.000,1.000,1,8.610,0.086097,0.000,1.000,1,47.766,0.477663,0.000,1.000,1,50.220,0.502198,0.000,1.000,stress,good
1783252806.648438,1,64.192,0.641921,0.000,1.000,1,47.449,0.474486,0.000,1.000,1,82.665,0.826646,0.000,1.000,1,7.712,0.077122,0.000,1.000,1,42.349,0.423487,0.000,1.000,1,49.654,0.496535,0.000,1.000,stress,good
1783252806.656250,1,66.596,0.665956,0.000,1.000,1,47.557,0.475567,0.000,1.000,1,89.085,0.890852,0.000,1.000,1,10.544,0.105435,0.000,1.000,1,46.802,0.468024,0.000,1.000,1,53.666,0.536664,0.000,1.000,stress,good
1783252806.664062,1,67.150,0.671500,0.000,1.000,1,44.494,0.444938,0.000,1.000,1,84.802,0.848020,0.000,1.000,1,9.116,0.091162,0.000,1.000,1,46.426,0.464265,0.000,1.000,1,52.956,0.529556,0.000,1.000,stress,good
1783252806.671875,1,62.486,0.624859,0.000,1.000,1,51.621,0.516214,0.000,1.000,1,83.408,0.834077,0.000,1.000,1,9.961,0.099607,0.000,1.000,1,48.218,0.482185,0.000,1.000,1,46.620,0.466197,0.000,1.000,stress,good
1783252806.679688,1,58.776,0.587757,0.000,1.000,1,44.630,0.446305,0.000,1.000,1,82.212,0.822118,0.000,1.000,1,5.227,0.052267,0.000,1.000,1,45.800,0.457996,0.000,1.000,1,45.876,0.458756,0.000,1.000,stress,good
1783252806.687500,1,61.227,0.612270,0.000,1.000,1,51.104,0.511044,0.000,1.000,1,83.054,0.830541,0.000,1.000,1,11.257,0.112568,0.000,1.000,1,45.635,0.456353,0.000,1.000,1,49.867,0.498674,0.000,1.000,stress,good
1783252806.695312,1,63.341,0.633407,0.000,1.000,1,49.604,0.496043,0.000,1.000,1,81.293,0.812927,0.000,1.000,1,8.329,0.083289,0.000,1.000,1,50.570,0.505703,0.000,1.000,1,47.658,0.476583,0.000,1.000,stress,good
1783252806.703125,1,64.603,0.646026,0.000,1.000,1,51.567,0.515673,0.000,1.000,1,84.245,0.842455,0.000,1.000,1,0.533,0.005330,0.000,1.000,1,44.656,0.446562,0.000,1.000,1,47.418,0.474181,0.000,1.000,stress,good
1783252806.710938,1,64.494,0.644939,0.000,1.000,1,51.227,0.512267,0.000,1.000,1,84.348,0.843481,0.000,1.000,1,8.309,0.083091,0.000,1.000,1,47.399,0.473989,0.000,1.000,1,49.188,0.491884,0.000,1.000,stress,good
1783252806.718750,1,64.782,0.647820,0.000,1.000,1,48.642,0.486422,0.000,1.000,1,85.592,0.855916,0.000,1.000,1,9.645,0.096449,0.000,1.000,1,48.911,0.489109,0.000,1.000,1,53.556,0.535561,0.000,1.000,stress,good
1783252806.726562,1,63.335,0.633355,0.000,1.000,1,50.759,0.507594,0.000,1.000,1,90.956,0.909555,0.000,1.000,1,12.332,0.123320,0.000,1.000,1,45.876,0.458759,0.000,1.000,1,50.487,0.504866,0.000,1.000,stress,good
1783252806.734375,1,61.896,0.618963,0.000,1.000,1,49.474,0.494741,0.000,1.000,1,83.879,0.838795,0.000,1.000,1,12.748,0.127484,0.000,1.000,1,46.688,0.466879,0.000,1.000,1,48.612,0.486125,0.000,1.000,stress,good
1783252806.742188,1,60.212,0.602118,0.000,1.000,1,51.029,0.510286,0.000,1.000,1,84.610,0.846099,0.000,1.000,1,9.318,0.093180,0.000,1.000,1,47.553,0.475527,0.000,1.000,1,49.750,0.497501,0.000,1.000,stress,good
1783252806.750000,1,58.733,0.587327,0.000,1.000,1,51.548,0.515482,0.000,1.000,1,85.611,0.856110,0.000,1.000,1,11.536,0.115357,0.000,1.000,1,38.931,0.389306,0.000,1.000,1,52.319,0.523189,0.000,1.000,stress,good
1783252806.757812,1,66.820,0.668205,0.000,1.000,1,49.292,0.492918,0.000,1.000,1,81.979,0.819788,0.000,1.000,1,6.909,0.069088,0.000,1.000,1,44.921,0.449207,0.000,1.000,1,49.456,0.494563,0.000,1.000,stress,good
1783252806.765625,1,66.536,0.665361,0.000,1.000,1,46.850,0.468498,0.000,1.000,1,84.112,0.841123,0.000,1.000,1,11.697,0.116966,0.000,1.000,1,49.116,0.491160,0.000,1.000,1,48.652,0.486517,0.000,1.000,stress,good
1783252806.773438,1,61.223,0.612227,0.000,1.000,1,48.718,0.487183,0.000,1.000,1,90.220,0.902204,0.000,1.000,1,10.425,0.104253,0.000,1.000,1,49.224,0.492243,0.000,1.000,1,51.103,0.511035,0.000,1.000,stress,good
1783252806.781250,1,59.979,0.599791,0.000,1.000,1,51.101,0.511011,0.000,1.000,1,79.963,0.799628,0.000,1.000,1,8.827,0.088272,0.000,1.000,1,44.812,0.448120,0.000,1.000,1,51.665,0.516648,0.000,1.000,stress,good
1783252806.789062,1,59.002,0.590025,0.000,1.000,1,47.796,0.477963,0.000,1.000,1,91.587,0.915867,0.000,1.000,1,9.622,0.096223,0.000,1.000,1,45.203,0.452033,0.000,1.000,1,48.782,0.487819,0.000,1.000,stress,good
1783252806.796875,1,60.206,0.602062,0.000,1.000,1,55.678,0.556775,0.000,1.000,1,82.065,0.820654,0.000,1.000,1,12.757,0.127566,0.000,1.000,1,48.437,0.484372,0.000,1.000,1,45.618,0.456177,0.000,1.000,stress,good
1783252806.804688,1,63.247,0.632473,0.000,1.000,1,49.398,0.493982,0.000,1.000,1,85.182,0.851821,0.000,1.000,1,9.123,0.091233,0.000,1.000,1,46.841,0.468413,0.000,1.000,1,50.985,0.509849,0.000,1.000,stress,good
1783252806.812500,1,63.631,0.636307,0.000,1.000,1,47.657,0.476567,0.000,1.000,1,82.912,0.829118,0.000,1.000,1,6.282,0.062822,0.000,1.000,1,45.608,0.456077,0.000,1.000,1,50.334,0.503342,0.000,1.000,stress,good
1783252806.820312,1,64.178,0.641779,0.000,1.000,1,50.746,0.507462,0.000,1.000,1,85.500,0.854999,0.000,1.000,1,6.065,0.060650,0.000,1.000,1,46.713,0.467132,0.000,1.000,1,48.097,0.480974,0.000,1.000,stress,good
1783252806.828125,1,68.676,0.686758,0.000,1.000,1,46.400,0.464004,0.000,1.000,1,82.404,0.824042,0.000,1.000,1,8.853,0.088529,0.000,1.000,1,45.690,0.456900,0.000,1.000,1,50.396,0.503960,0.000,1.000,stress,good
1783252806.835938,1,64.641,0.646410,0.000,1.000,1,50.047,0.500468,0.000,1.000,1,87.605,0.876052,0.000,1.000,1,8.046,0.080462,0.000,1.000,1,44.695,0.446948,0.000,1.000,1,50.723,0.507232,0.000,1.000,stress,good
1783252806.843750,1,57.350,0.573500,0.000,1.000,1,50.989,0.509894,0.000,1.000,1,79.737,0.797374,0.000,1.000,1,7.826,0.078257,0.000,1.000,1,44.880,0.448802,0.000,1.000,1,46.014,0.460135,0.000,1.000,stress,good
1783252806.851562,1,66.616,0.666159,0.000,1.000,1,51.541,0.515413,0.000,1.000,1,87.635,0.876346,0.000,1.000,1,9.214,0.092141,0.000,1.000,1,45.600,0.455995,0.000,1.000,1,48.737,0.487367,0.000,1.000,stress,good
1783252806.859375,1,66.860,0.668602,0.000,1.000,1,47.031,0.470314,0.000,1.000,1,81.275,0.812749,0.000,1.000,1,12.249,0.122493,0.000,1.000,1,44.608,0.446076,0.000,1.000,1,51.876,0.518756,0.000,1.000,stress,good
1783252806.867188,1,63.105,0.631048,0.000,1.000,1,49.651,0.496508,0.000,1.000,1,78.050,0.780502,0.000,1.000,1,10.971,0.109706,0.000,1.000,1,43.285,0.432848,0.000,1.000,1,49.162,0.491624,0.000,1.000,stress,good
1783252806.875000,1,66.802,0.668019,0.000,1.000,1,54.118,0.541182,0.000,1.000,1,83.570,0.835704,0.000,1.000,1,8.073,0.080729,0.000,1.000,1,39.434,0.394340,0.000,1.000,1,52.973,0.529731,0.000,1.000,stress,good
1783252806.882812,1,62.596,0.625956,0.000,1.000,1,52.899,0.528992,0.000,1.000,1,85.781,0.857805,0.000,1.000,1,8.567,0.085675,0.000,1.000,1,40.520,0.405197,0.000,1.000,1,48.981,0.489808,0.000,1.000,stress,good
1783252806.890625,1,66.329,0.663287,0.000,1.000,1,53.194,0.531939,0.000,1.000,1,82.688,0.826878,0.000,1.000,1,10.476,0.104758,0.000,1.000,1,44.475,0.444754,0.000,1.000,1,52.676,0.526763,0.000,1.000,stress,good
1783252806.898438,1,67.962,0.679620,0.000,1.000,1,45.026,0.450261,0.000,1.000,1,84.206,0.842061,0.000,1.000,1,11.969,0.119695,0.000,1.000,1,48.002,0.480021,0.000,1.000,1,49.049,0.490495,0.000,1.000,stress,good
1783252806.906250,1,62.516,0.625162,0.000,1.000,1,46.313,0.463129,0.000,1.000,1,87.190,0.871901,0.000,1.000,1,11.661,0.116607,0.000,1.000,1,44.755,0.447553,0.000,1.000,1,52.100,0.521003,0.000,1.000,stress,good
1783252806.914062,1,66.397,0.663975,0.000,1.000,1,51.296,0.512961,0.000,1.000,1,85.365,0.853650,0.000,1.000,1,10.708,0.107078,0.000,1.000,1,44.144,0.441443,0.000,1.000,1,46.666,0.466658,0.000,1.000,stress,good
1783252806.921875,1,63.961,0.639612,0.000,1.000,1,51.199,0.511990,0.000,1.000,1,84.866,0.848658,0.000,1.000,1,10.962,0.109622,0.000,1.000,1,42.920,0.429200,0.000,1.000,1,47.505,0.475054,0.000,1.000,stress,good
1783252806.929688,1,63.007,0.630067,0.000,1.000,1,50.299,0.502990,0.000,1.000,1,83.694,0.836943,0.000,1.000,1,13.716,0.137165,0.000,1.000,1,47.591,0.475907,0.000,1.000,1,51.414,0.514141,0.000,1.000,stress,good
1783252806.937500,1,64.340,0.643404,0.000,1.000,1,46.863,0.468632,0.000,1.000,1,80.342,0.803418,0.000,1.000,1,9.749,0.097490,0.000,1.000,1,47.501,0.475015,0.000,1.000,1,51.336,0.513356,0.000,1.000,stress,good
1783252806.945312,1,64.682,0.646820,0.000,1.000,1,48.850,0.488502,0.000,1.000,1,84.960,0.849603,0.000,1.000,1,7.628,0.076281,0.000,1.000,1,46.749,0.467493,0.000,1.000,1,50.134,0.501344,0.000,1.000,stress,good
1783252806.953125,1,60.842,0.608416,0.000,1.000,1,48.034,0.480341,0.000,1.000,1,87.288,0.872879,0.000,1.000,1,14.129,0.141294,0.000,1.000,1,44.471,0.444706,0.000,1.000,1,45.962,0.459621,0.000,1.000,stress,good
1783252806.960938,1,67.011,0.670112,0.000,1.000,1,51.346,0.513464,0.000,1.000,1,88.322,0.883223,0.000,1.000,1,8.410,0.084103,0.000,1.000,1,44.062,0.440618,0.000,1.000,1,50.379,0.503793,0.000,1.000,stress,good
1783252806.968750,1,59.657,0.596572,0.000,1.000,1,47.910,0.479099,0.000,1.000,1,81.866,0.818655,0.000,1.000,1,12.516,0.125162,0.000,1.000,1,45.935,0.459346,0.000,1.000,1,50.437,0.504373,0.000,1.000,stress,good
1783252806.976562,1,62.898,0.628977,0.000,1.000,1,52.547,0.525474,0.000,1.000,1,83.065,0.830653,0.000,1.000,1,9.149,0.091494,0.000,1.000,1,45.270,0.452696,0.000,1.000,1,49.607,0.496065,0.000,1.000,stress,good
1783252806.984375,1,67.661,0.676608,0.000,1.000,1,45.264,0.452644,0.000,1.000,1,82.133,0.821328,0.000,1.000,1,9.010,0.090104,0.000,1.000,1,43.543,0.435433,0.000,1.000,1,51.166,0.511657,0.000,1.000,stress,good
1783252806.992188,1,61.601,0.616006,0.000,1.000,1,50.557,0.505568,0.000,1.000,1,86.669,0.866691,0.000,1.000,1,9.441,0.094410,0.000,1.000,1,43.876,0.438758,0.000,1.000,1,51.690,0.516899,0.000,1.000,stress,good
1783252807.000000,1,62.301,0.623006,0.000,1.000,1,44.683,0.446832,0.000,1.000,1,83.791,0.837910,0.000,1.000,1,10.150,0.101498,0.000,1.000,1,46.801,0.468006,0.000,1.000,1,48.039,0.480391,0.000,1.000,stress,good
1783252807.007812,1,63.570,0.635700,0.000,1.000,1,50.111,0.501111,0.000,1.000,1,85.572,0.855722,0.000,1.000,1,10.604,0.106036,0.000,1.000,1,45.625,0.456252,0.000,1.000,1,48.018,0.480182,0.000,1.000,stress,good
1783252807.015625,1,64.004,0.640036,0.000,1.000,1,51.415,0.514154,0.000,1.000,1,91.135,0.911347,0.000,1.000,1,10.410,0.104097,0.000,1.000,1,46.364,0.463636,0.000,1.000,1,46.427,0.464268,0.000,1.000,stress,good
1783252807.023438,1,63.140,0.631397,0.000,1.000,1,50.145,0.501454,0.000,1.000,1,82.348,0.823481,0.000,1.000,1,13.789,0.137886,0.000,1.000,1,46.310,0.463102,0.000,1.000,1,51.671,0.516713,0.000,1.000,stress,good
1783252807.031250,1,62.171,0.621715,0.000,1.000,1,49.061,0.490611,0.000,1.000,1,83.033,0.830328,0.000,1.000,1,10.212,0.102116,0.000,1.000,1,43.999,0.439993,0.000,1.000,1,47.355,0.473553,0.000,1.000,stress,good
1783252807.039062,1,58.032,0.580324,0.000,1.000,1,51.733,0.517330,0.000,1.000,1,82.664,0.826641,0.000,1.000,1,10.077,0.100774,0.000,1.000,1,45.060,0.450600,0.000,1.000,1,50.029,0.500289,0.000,1.000,stress,good
1783252807.046875,1,62.576,0.625756,0.000,1.000,1,48.726,0.487259,0.000,1.000,1,86.441,0.864413,0.000,1.000,1,6.854,0.068541,0.000,1.000,1,40.598,0.405981,0.000,1.000,1,50.386,0.503857,0.000,1.000,stress,good
1783252807.054688,1,61.006,0.610056,0.000,1.000,1,44.284,0.442839,0.000,1.000,1,81.919,0.819193,0.000,1.000,1,9.339,0.093395,0.000,1.000,1,46.048,0.460481,0.000,1.000,1,48.871,0.488714,0.000,1.000,stress,good
1783252807.062500,1,61.076,0.610761,0.000,1.000,1,50.867,0.508674,0.000,1.000,1,86.675,0.866748,0.000,1.000,1,7.074,0.070743,0.000,1.000,1,43.727,0.437268,0.000,1.000,1,50.301,0.503011,0.000,1.000,stress,good
1783252807.070312,1,59.079,0.590791,0.000,1.000,1,52.333,0.523327,0.000,1.000,1,83.254,0.832541,0.000,1.000,1,7.586,0.075859,0.000,1.000,1,52.410,0.524101,0.000,1.000,1,48.875,0.488747,0.000,1.000,stress,good
1783252807.078125,1,61.491,0.614906,0.000,1.000,1,52.621,0.526214,0.000,1.000,1,83.735,0.837355,0.000,1.000,1,9.693,0.096931,0.000,1.000,1,43.194,0.431936,0.000,1.000,1,52.971,0.529710,0.000,1.000,stress,good
1783252807.085938,1,61.034,0.610345,0.000,1.000,1,49.316,0.493157,0.000,1.000,1,82.446,0.824463,0.000,1.000,1,7.948,0.079485,0.000,1.000,1,49.867,0.498671,0.000,1.000,1,47.321,0.473211,0.000,1.000,stress,good
1783252807.093750,1,60.463,0.604629,0.000,1.000,1,48.812,0.488118,0.000,1.000,1,83.859,0.838586,0.000,1.000,1,15.308,0.153076,0.000,1.000,1,43.107,0.431075,0.000,1.000,1,47.887,0.478873,0.000,1.000,stress,good
1783252807.101562,1,64.965,0.649654,0.000,1.000,1,46.765,0.467647,0.000,1.000,1,82.871,0.828714,0.000,1.000,1,11.242,0.112423,0.000,1.000,1,51.000,0.510004,0.000,1.000,1,48.243,0.482427,0.000,1.000,stress,good
1783252807.109375,1,63.658,0.636580,0.000,1.000,1,49.458,0.494579,0.000,1.000,1,82.009,0.820094,0.000,1.000,1,8.321,0.083212,0.000,1.000,1,44.539,0.445386,0.000,1.000,1,53.069,0.530688,0.000,1.000,stress,good
1783252807.117188,1,66.474,0.664740,0.000,1.000,1,49.657,0.496572,0.000,1.000,1,84.328,0.843276,0.000,1.000,1,8.908,0.089078,0.000,1.000,1,44.495,0.444952,0.000,1.000,1,49.602,0.496021,0.000,1.000,stress,good
1783252807.125000,1,62.358,0.623585,0.000,1.000,1,49.231,0.492307,0.000,1.000,1,83.717,0.837167,0.000,1.000,1,6.940,0.069403,0.000,1.000,1,46.503,0.465025,0.000,1.000,1,49.476,0.494760,0.000,1.000,stress,good
1783252807.132812,1,60.561,0.605614,0.000,1.000,1,47.611,0.476112,0.000,1.000,1,80.419,0.804189,0.000,1.000,1,7.254,0.072536,0.000,1.000,1,43.754,0.437537,0.000,1.000,1,50.961,0.509614,0.000,1.000,stress,good
1783252807.140625,1,67.955,0.679549,0.000,1.000,1,51.064,0.510636,0.000,1.000,1,83.014,0.830137,0.000,1.000,1,10.228,0.102281,0.000,1.000,1,49.115,0.491146,0.000,1.000,1,49.032,0.490318,0.000,1.000,stress,good
1783252807.148438,1,66.689,0.666887,0.000,1.000,1,48.134,0.481344,0.000,1.000,1,83.566,0.835662,0.000,1.000,1,6.674,0.066737,0.000,1.000,1,46.501,0.465013,0.000,1.000,1,45.710,0.457101,0.000,1.000,stress,good
1783252807.156250,1,62.754,0.627538,0.000,1.000,1,44.299,0.442988,0.000,1.000,1,83.370,0.833703,0.000,1.000,1,7.443,0.074427,0.000,1.000,1,42.970,0.429700,0.000,1.000,1,52.247,0.522469,0.000,1.000,stress,good
1783252807.164062,1,65.313,0.653131,0.000,1.000,1,48.611,0.486113,0.000,1.000,1,86.573,0.865731,0.000,1.000,1,7.913,0.079130,0.000,1.000,1,43.844,0.438435,0.000,1.000,1,46.413,0.464126,0.000,1.000,stress,good
1783252807.171875,1,66.084,0.660843,0.000,1.000,1,50.518,0.505181,0.000,1.000,1,82.720,0.827205,0.000,1.000,1,10.123,0.101230,0.000,1.000,1,46.465,0.464649,0.000,1.000,1,50.698,0.506983,0.000,1.000,stress,good
1783252807.179688,1,60.683,0.606830,0.000,1.000,1,50.196,0.501963,0.000,1.000,1,81.768,0.817684,0.000,1.000,1,6.487,0.064871,0.000,1.000,1,46.703,0.467026,0.000,1.000,1,46.734,0.467342,0.000,1.000,stress,good
1783252807.187500,1,62.408,0.624083,0.000,1.000,1,53.215,0.532153,0.000,1.000,1,86.087,0.860868,0.000,1.000,1,4.665,0.046650,0.000,1.000,1,46.510,0.465103,0.000,1.000,1,47.542,0.475415,0.000,1.000,stress,good
1783252807.195312,1,63.598,0.635983,0.000,1.000,1,49.496,0.494959,0.000,1.000,1,84.918,0.849175,0.000,1.000,1,6.127,0.061267,0.000,1.000,1,45.880,0.458797,0.000,1.000,1,45.402,0.454015,0.000,1.000,stress,good
1783252807.203125,1,67.373,0.673730,0.000,1.000,1,53.716,0.537162,0.000,1.000,1,83.931,0.839306,0.000,1.000,1,12.364,0.123637,0.000,1.000,1,44.274,0.442736,0.000,1.000,1,49.063,0.490635,0.000,1.000,stress,good
1783252807.210938,1,62.338,0.623377,0.000,1.000,1,48.100,0.481004,0.000,1.000,1,83.301,0.833008,0.000,1.000,1,10.661,0.106614,0.000,1.000,1,43.586,0.435862,0.000,1.000,1,46.749,0.467489,0.000,1.000,stress,good
1783252807.218750,1,66.422,0.664218,0.000,1.000,1,49.519,0.495190,0.000,1.000,1,83.178,0.831781,0.000,1.000,1,9.032,0.090321,0.000,1.000,1,44.329,0.443289,0.000,1.000,1,47.661,0.476611,0.000,1.000,stress,good
1783252807.226562,1,62.598,0.625984,0.000,1.000,1,47.429,0.474288,0.000,1.000,1,81.486,0.814856,0.000,1.000,1,9.112,0.091123,0.000,1.000,1,38.760,0.387599,0.000,1.000,1,48.105,0.481045,0.000,1.000,stress,good
1783252807.234375,1,63.663,0.636625,0.000,1.000,1,50.962,0.509624,0.000,1.000,1,82.247,0.822467,0.000,1.000,1,7.147,0.071475,0.000,1.000,1,43.108,0.431081,0.000,1.000,1,45.310,0.453095,0.000,1.000,stress,good
1783252807.242188,1,64.310,0.643101,0.000,1.000,1,52.110,0.521097,0.000,1.000,1,82.496,0.824956,0.000,1.000,1,8.905,0.089049,0.000,1.000,1,45.464,0.454642,0.000,1.000,1,51.396,0.513957,0.000,1.000,stress,good
1783252807.250000,1,57.530,0.575300,0.000,1.000,1,50.842,0.508416,0.000,1.000,1,81.352,0.813522,0.000,1.000,1,10.078,0.100777,0.000,1.000,1,47.347,0.473469,0.000,1.000,1,48.188,0.481884,0.000,1.000,stress,good
1783252807.257812,1,62.205,0.622053,0.000,1.000,1,47.620,0.476198,0.000,1.000,1,83.941,0.839414,0.000,1.000,1,5.686,0.056865,0.000,1.000,1,41.599,0.415994,0.000,1.000,1,50.537,0.505375,0.000,1.000,stress,good
1783252807.265625,1,67.316,0.673164,0.000,1.000,1,45.116,0.451155,0.000,1.000,1,86.475,0.864753,0.000,1.000,1,9.959,0.099590,0.000,1.000,1,45.685,0.456846,0.000,1.000,1,51.700,0.517004,0.000,1.000,stress,good
1783252807.273438,1,60.574,0.605736,0.000,1.000,1,53.181,0.531813,0.000,1.000,1,83.687,0.836875,0.000,1.000,1,8.084,0.080839,0.000,1.000,1,45.588,0.455884,0.000,1.000,1,48.377,0.483775,0.000,1.000,stress,good
1783252807.281250,1,58.732,0.587318,0.000,1.000,1,50.980,0.509803,0.000,1.000,1,80.947,0.809473,0.000,1.000,1,7.122,0.071223,0.000,1.000,1,46.004,0.460044,0.000,1.000,1,49.506,0.495063,0.000,1.000,stress,good
1783252807.289062,1,60.745,0.607446,0.000,1.000,1,45.584,0.455839,0.000,1.000,1,84.154,0.841544,0.000,1.000,1,8.527,0.085274,0.000,1.000,1,42.946,0.429464,0.000,1.000,1,52.683,0.526829,0.000,1.000,stress,good
1783252807.296875,1,65.703,0.657030,0.000,1.000,1,49.951,0.499513,0.000,1.000,1,84.079,0.840786,0.000,1.000,1,7.793,0.077932,0.000,1.000,1,42.754,0.427544,0.000,1.000,1,51.386,0.513865,0.000,1.000,stress,good
1783252807.304688,1,64.018,0.640181,0.000,1.000,1,47.685,0.476846,0.000,1.000,1,91.883,0.918829,0.000,1.000,1,9.460,0.094600,0.000,1.000,1,47.476,0.474762,0.000,1.000,1,48.627,0.486273,0.000,1.000,stress,good
1783252807.312500,1,57.051,0.570514,0.000,1.000,1,47.825,0.478246,0.000,1.000,1,82.858,0.828575,0.000,1.000,1,13.215,0.132149,0.000,1.000,1,47.328,0.473276,0.000,1.000,1,45.933,0.459333,0.000,1.000,stress,good
1783252807.320312,1,61.656,0.616558,0.000,1.000,1,48.625,0.486251,0.000,1.000,1,84.194,0.841943,0.000,1.000,1,12.452,0.124518,0.000,1.000,1,41.221,0.412210,0.000,1.000,1,50.358,0.503581,0.000,1.000,stress,good
1783252807.328125,1,64.530,0.645296,0.000,1.000,1,46.703,0.467034,0.000,1.000,1,85.144,0.851435,0.000,1.000,1,9.007,0.090074,0.000,1.000,1,47.474,0.474736,0.000,1.000,1,48.415,0.484151,0.000,1.000,stress,good
1783252807.335938,1,59.451,0.594511,0.000,1.000,1,52.200,0.521998,0.000,1.000,1,85.622,0.856223,0.000,1.000,1,8.195,0.081954,0.000,1.000,1,46.208,0.462084,0.000,1.000,1,49.130,0.491300,0.000,1.000,stress,good
1783252807.343750,1,65.828,0.658281,0.000,1.000,1,53.622,0.536219,0.000,1.000,1,83.112,0.831120,0.000,1.000,1,10.483,0.104829,0.000,1.000,1,43.246,0.432461,0.000,1.000,1,51.350,0.513502,0.000,1.000,stress,good
1783252807.351562,1,67.138,0.671385,0.000,1.000,1,46.688,0.466877,0.000,1.000,1,85.336,0.853355,0.000,1.000,1,8.516,0.085164,0.000,1.000,1,46.096,0.460958,0.000,1.000,1,49.517,0.495171,0.000,1.000,stress,good
1783252807.359375,1,63.148,0.631478,0.000,1.000,1,53.251,0.532508,0.000,1.000,1,84.054,0.840545,0.000,1.000,1,10.632,0.106317,0.000,1.000,1,41.610,0.416104,0.000,1.000,1,55.898,0.558979,0.000,1.000,stress,good
1783252807.367188,1,60.868,0.608681,0.000,1.000,1,51.258,0.512577,0.000,1.000,1,84.618,0.846183,0.000,1.000,1,8.276,0.082762,0.000,1.000,1,44.469,0.444694,0.000,1.000,1,52.326,0.523256,0.000,1.000,stress,good
1783252807.375000,1,56.374,0.563742,0.000,1.000,1,50.706,0.507060,0.000,1.000,1,86.550,0.865495,0.000,1.000,1,7.456,0.074559,0.000,1.000,1,45.071,0.450715,0.000,1.000,1,51.830,0.518302,0.000,1.000,stress,good
1783252807.382812,1,63.776,0.637759,0.000,1.000,1,49.272,0.492723,0.000,1.000,1,84.775,0.847747,0.000,1.000,1,8.827,0.088274,0.000,1.000,1,44.944,0.449441,0.000,1.000,1,43.812,0.438120,0.000,1.000,stress,good
1783252807.390625,1,65.412,0.654116,0.000,1.000,1,51.867,0.518669,0.000,1.000,1,84.084,0.840840,0.000,1.000,1,6.160,0.061598,0.000,1.000,1,45.855,0.458550,0.000,1.000,1,48.493,0.484927,0.000,1.000,stress,good
1783252807.398438,1,59.894,0.598942,0.000,1.000,1,48.151,0.481508,0.000,1.000,1,81.901,0.819005,0.000,1.000,1,8.776,0.087762,0.000,1.000,1,42.293,0.422933,0.000,1.000,1,45.187,0.451865,0.000,1.000,stress,good
1783252807.406250,1,67.107,0.671066,0.000,1.000,1,53.343,0.533433,0.000,1.000,1,88.049,0.880490,0.000,1.000,1,7.176,0.071759,0.000,1.000,1,46.131,0.461311,0.000,1.000,1,48.421,0.484210,0.000,1.000,stress,good
1783252807.414062,1,63.616,0.636161,0.000,1.000,1,49.393,0.493933,0.000,1.000,1,86.191,0.861914,0.000,1.000,1,6.076,0.060761,0.000,1.000,1,39.110,0.391103,0.000,1.000,1,48.738,0.487379,0.000,1.000,stress,good
1783252807.421875,1,61.028,0.610276,0.000,1.000,1,51.217,0.512175,0.000,1.000,1,84.834,0.848343,0.000,1.000,1,10.931,0.109314,0.000,1.000,1,46.623,0.466234,0.000,1.000,1,49.398,0.493982,0.000,1.000,stress,good
1783252807.429688,1,64.805,0.648051,0.000,1.000,1,45.829,0.458285,0.000,1.000,1,83.938,0.839375,0.000,1.000,1,5.141,0.051412,0.000,1.000,1,45.753,0.457533,0.000,1.000,1,46.188,0.461876,0.000,1.000,stress,good
1783252807.437500,1,63.809,0.638094,0.000,1.000,1,47.995,0.479950,0.000,1.000,1,83.418,0.834175,0.000,1.000,1,8.457,0.084570,0.000,1.000,1,41.700,0.416995,0.000,1.000,1,44.908,0.449083,0.000,1.000,stress,good
1783252807.445312,1,59.196,0.591965,0.000,1.000,1,46.449,0.464490,0.000,1.000,1,83.575,0.835752,0.000,1.000,1,10.420,0.104202,0.000,1.000,1,43.289,0.432886,0.000,1.000,1,45.608,0.456077,0.000,1.000,stress,good
1783252807.453125,1,64.904,0.649043,0.000,1.000,1,48.078,0.480780,0.000,1.000,1,84.308,0.843083,0.000,1.000,1,10.064,0.100644,0.000,1.000,1,40.648,0.406483,0.000,1.000,1,51.022,0.510224,0.000,1.000,stress,good
1783252807.460938,1,58.582,0.585816,0.000,1.000,1,52.288,0.522883,0.000,1.000,1,82.751,0.827506,0.000,1.000,1,11.573,0.115728,0.000,1.000,1,45.084,0.450837,0.000,1.000,1,56.693,0.566932,0.000,1.000,stress,good
1783252807.468750,1,64.271,0.642709,0.000,1.000,1,51.113,0.511133,0.000,1.000,1,87.341,0.873413,0.000,1.000,1,9.353,0.093527,0.000,1.000,1,46.129,0.461290,0.000,1.000,1,47.315,0.473146,0.000,1.000,stress,good
1783252807.476562,1,57.179,0.571794,0.000,1.000,1,49.586,0.495857,0.000,1.000,1,83.643,0.836429,0.000,1.000,1,8.811,0.088113,0.000,1.000,1,41.978,0.419781,0.000,1.000,1,48.656,0.486564,0.000,1.000,stress,good
1783252807.484375,1,65.087,0.650873,0.000,1.000,1,52.235,0.522345,0.000,1.000,1,84.133,0.841330,0.000,1.000,1,12.340,0.123396,0.000,1.000,1,45.424,0.454242,0.000,1.000,1,46.120,0.461197,0.000,1.000,stress,good
1783252807.492188,1,65.454,0.654538,0.000,1.000,1,48.634,0.486336,0.000,1.000,1,82.721,0.827213,0.000,1.000,1,8.865,0.088650,0.000,1.000,1,43.623,0.436227,0.000,1.000,1,51.120,0.511200,0.000,1.000,stress,good
1783252807.500000,1,60.479,0.604792,0.000,1.000,1,44.272,0.442715,0.000,1.000,1,79.997,0.799970,0.000,1.000,1,11.788,0.117878,0.000,1.000,1,44.139,0.441393,0.000,1.000,1,52.082,0.520816,0.000,1.000,stress,good
1783252807.507812,1,63.894,0.638941,0.000,1.000,1,49.111,0.491106,0.000,1.000,1,85.527,0.855265,0.000,1.000,1,7.698,0.076979,0.000,1.000,1,46.963,0.469634,0.000,1.000,1,50.541,0.505405,0.000,1.000,stress,good
1783252807.515625,1,62.206,0.622062,0.000,1.000,1,53.582,0.535825,0.000,1.000,1,87.460,0.874602,0.000,1.000,1,7.761,0.077614,0.000,1.000,1,41.455,0.414554,0.000,1.000,1,50.099,0.500991,0.000,1.000,stress,good
1783252807.523438,1,62.937,0.629367,0.000,1.000,1,48.148,0.481482,0.000,1.000,1,83.041,0.830409,0.000,1.000,1,7.421,0.074208,0.000,1.000,1,48.579,0.485790,0.000,1.000,1,45.105,0.451046,0.000,1.000,stress,good
1783252807.531250,1,61.444,0.614439,0.000,1.000,1,48.042,0.480418,0.000,1.000,1,88.439,0.884390,0.000,1.000,1,13.162,0.131621,0.000,1.000,1,44.324,0.443240,0.000,1.000,1,45.833,0.458326,0.000,1.000,stress,good
1783252807.539062,1,65.233,0.652327,0.000,1.000,1,42.229,0.422290,0.000,1.000,1,84.102,0.841017,0.000,1.000,1,13.505,0.135049,0.000,1.000,1,47.894,0.478942,0.000,1.000,1,48.006,0.480063,0.000,1.000,stress,good
1783252807.546875,1,62.585,0.625847,0.000,1.000,1,44.298,0.442979,0.000,1.000,1,85.681,0.856805,0.000,1.000,1,10.519,0.105190,0.000,1.000,1,45.220,0.452196,0.000,1.000,1,52.136,0.521359,0.000,1.000,stress,good
1783252807.554688,1,66.758,0.667581,0.000,1.000,1,47.859,0.478589,0.000,1.000,1,83.267,0.832672,0.000,1.000,1,13.564,0.135642,0.000,1.000,1,43.945,0.439455,0.000,1.000,1,46.887,0.468868,0.000,1.000,stress,good
1783252807.562500,1,59.180,0.591805,0.000,1.000,1,47.104,0.471043,0.000,1.000,1,87.993,0.879934,0.000,1.000,1,11.135,0.111345,0.000,1.000,1,42.100,0.420995,0.000,1.000,1,49.062,0.490625,0.000,1.000,stress,good
1783252807.570312,1,61.710,0.617100,0.000,1.000,1,49.232,0.492325,0.000,1.000,1,88.936,0.889357,0.000,1.000,1,11.456,0.114562,0.000,1.000,1,47.215,0.472146,0.000,1.000,1,49.779,0.497793,0.000,1.000,stress,good
1783252807.578125,1,63.947,0.639475,0.000,1.000,1,48.135,0.481350,0.000,1.000,1,87.453,0.874530,0.000,1.000,1,10.519,0.105192,0.000,1.000,1,49.122,0.491224,0.000,1.000,1,50.132,0.501325,0.000,1.000,stress,good
1783252807.585938,1,61.990,0.619903,0.000,1.000,1,46.664,0.466636,0.000,1.000,1,79.679,0.796793,0.000,1.000,1,7.029,0.070294,0.000,1.000,1,47.619,0.476186,0.000,1.000,1,49.440,0.494395,0.000,1.000,stress,good
1783252807.593750,1,62.667,0.626668,0.000,1.000,1,46.620,0.466197,0.000,1.000,1,80.082,0.800824,0.000,1.000,1,7.395,0.073946,0.000,1.000,1,46.997,0.469971,0.000,1.000,1,50.945,0.509447,0.000,1.000,stress,good
1783252807.601562,1,61.141,0.611406,0.000,1.000,1,48.626,0.486257,0.000,1.000,1,86.735,0.867345,0.000,1.000,1,11.932,0.119316,0.000,1.000,1,47.812,0.478118,0.000,1.000,1,47.839,0.478394,0.000,1.000,stress,good
1783252807.609375,1,68.124,0.681236,0.000,1.000,1,50.320,0.503195,0.000,1.000,1,84.538,0.845375,0.000,1.000,1,9.644,0.096441,0.000,1.000,1,45.233,0.452333,0.000,1.000,1,48.264,0.482644,0.000,1.000,stress,good
1783252807.617188,1,63.299,0.632987,0.000,1.000,1,49.219,0.492191,0.000,1.000,1,81.008,0.810077,0.000,1.000,1,9.268,0.092685,0.000,1.000,1,47.179,0.471789,0.000,1.000,1,46.991,0.469914,0.000,1.000,stress,good
1783252807.625000,1,65.906,0.659062,0.000,1.000,1,46.923,0.469228,0.000,1.000,1,79.055,0.790551,0.000,1.000,1,7.127,0.071268,0.000,1.000,1,48.871,0.488706,0.000,1.000,1,48.185,0.481848,0.000,1.000,stress,good
1783252807.632812,1,59.234,0.592340,0.000,1.000,1,50.705,0.507049,0.000,1.000,1,82.504,0.825036,0.000,1.000,1,11.761,0.117606,0.000,1.000,1,46.557,0.465574,0.000,1.000,1,45.861,0.458605,0.000,1.000,stress,good
1783252807.640625,1,63.599,0.635995,0.000,1.000,1,47.442,0.474423,0.000,1.000,1,82.862,0.828616,0.000,1.000,1,11.155,0.111546,0.000,1.000,1,49.740,0.497402,0.000,1.000,1,49.985,0.499847,0.000,1.000,stress,good
1783252807.648438,1,60.623,0.606225,0.000,1.000,1,39.374,0.393737,0.000,1.000,1,84.363,0.843632,0.000,1.000,1,5.865,0.058646,0.000,1.000,1,43.133,0.431327,0.000,1.000,1,47.362,0.473617,0.000,1.000,stress,good
1783252807.656250,1,60.150,0.601504,0.000,1.000,1,44.643,0.446426,0.000,1.000,1,83.806,0.838057,0.000,1.000,1,6.083,0.060831,0.000,1.000,1,42.280,0.422799,0.000,1.000,1,49.598,0.495981,0.000,1.000,stress,good
1783252807.664062,1,57.390,0.573898,0.000,1.000,1,49.080,0.490800,0.000,1.000,1,81.858,0.818578,0.000,1.000,1,8.815,0.088147,0.000,1.000,1,44.902,0.449017,0.000,1.000,1,50.314,0.503143,0.000,1.000,stress,good
1783252807.671875,1,65.059,0.650594,0.000,1.000,1,46.183,0.461826,0.000,1.000,1,85.540,0.855397,0.000,1.000,1,9.222,0.092215,0.000,1.000,1,40.957,0.409574,0.000,1.000,1,48.308,0.483077,0.000,1.000,stress,good
1783252807.679688,1,61.586,0.615860,0.000,1.000,1,51.148,0.511479,0.000,1.000,1,87.691,0.876908,0.000,1.000,1,6.153,0.061529,0.000,1.000,1,46.776,0.467759,0.000,1.000,1,48.825,0.488249,0.000,1.000,stress,good
1783252807.687500,1,65.080,0.650797,0.000,1.000,1,50.116,0.501158,0.000,1.000,1,85.545,0.855449,0.000,1.000,1,8.241,0.082411,0.000,1.000,1,46.773,0.467732,0.000,1.000,1,49.326,0.493256,0.000,1.000,stress,good
1783252807.695312,1,56.766,0.567660,0.000,1.000,1,52.348,0.523479,0.000,1.000,1,86.376,0.863759,0.000,1.000,1,9.058,0.090581,0.000,1.000,1,42.685,0.426845,0.000,1.000,1,46.898,0.468976,0.000,1.000,stress,good
1783252807.703125,1,65.978,0.659776,0.000,1.000,1,47.959,0.479593,0.000,1.000,1,81.558,0.815583,0.000,1.000,1,11.641,0.116412,0.000,1.000,1,45.666,0.456655,0.000,1.000,1,46.620,0.466203,0.000,1.000,stress,good
1783252807.710938,1,63.202,0.632018,0.000,1.000,1,50.370,0.503701,0.000,1.000,1,83.113,0.831128,0.000,1.000,1,11.976,0.119759,0.000,1.000,1,41.765,0.417649,0.000,1.000,1,50.367,0.503666,0.000,1.000,stress,good
1783252807.718750,1,61.653,0.616529,0.000,1.000,1,46.739,0.467395,0.000,1.000,1,81.089,0.810890,0.000,1.000,1,16.119,0.161186,0.000,1.000,1,46.184,0.461836,0.000,1.000,1,49.178,0.491781,0.000,1.000,stress,good
1783252807.726562,1,66.138,0.661383,0.000,1.000,1,49.061,0.490608,0.000,1.000,1,84.476,0.844763,0.000,1.000,1,8.682,0.086816,0.000,1.000,1,42.938,0.429379,0.000,1.000,1,48.737,0.487370,0.000,1.000,stress,good
1783252807.734375,1,67.668,0.676680,0.000,1.000,1,49.916,0.499160,0.000,1.000,1,83.255,0.832548,0.000,1.000,1,8.082,0.080817,0.000,1.000,1,43.696,0.436958,0.000,1.000,1,45.328,0.453278,0.000,1.000,stress,good
1783252807.742188,1,62.836,0.628361,0.000,1.000,1,46.664,0.466644,0.000,1.000,1,82.337,0.823366,0.000,1.000,1,9.373,0.093733,0.000,1.000,1,48.409,0.484091,0.000,1.000,1,47.915,0.479146,0.000,1.000,stress,good
1783252807.750000,1,65.053,0.650534,0.000,1.000,1,51.399,0.513986,0.000,1.000,1,83.689,0.836887,0.000,1.000,1,9.522,0.095222,0.000,1.000,1,45.862,0.458621,0.000,1.000,1,47.359,0.473586,0.000,1.000,stress,good
1783252807.757812,1,63.603,0.636032,0.000,1.000,1,47.208,0.472083,0.000,1.000,1,82.796,0.827963,0.000,1.000,1,12.715,0.127152,0.000,1.000,1,43.500,0.434997,0.000,1.000,1,49.214,0.492139,0.000,1.000,stress,good
1783252807.765625,1,66.284,0.662842,0.000,1.000,1,48.414,0.484136,0.000,1.000,1,85.866,0.858663,0.000,1.000,1,10.762,0.107617,0.000,1.000,1,42.238,0.422375,0.000,1.000,1,51.636,0.516364,0.000,1.000,stress,good
1783252807.773438,1,64.400,0.644003,0.000,1.000,1,46.847,0.468473,0.000,1.000,1,79.032,0.790320,0.000,1.000,1,10.050,0.100505,0.000,1.000,1,44.320,0.443203,0.000,1.000,1,47.011,0.470114,0.000,1.000,stress,good
1783252807.781250,1,60.767,0.607669,0.000,1.000,1,47.548,0.475481,0.000,1.000,1,81.560,0.815597,0.000,1.000,1,8.974,0.089743,0.000,1.000,1,46.568,0.465676,0.000,1.000,1,48.538,0.485377,0.000,1.000,stress,good
1783252807.789062,1,64.060,0.640603,0.000,1.000,1,49.319,0.493190,0.000,1.000,1,86.589,0.865891,0.000,1.000,1,6.890,0.068903,0.000,1.000,1,47.378,0.473781,0.000,1.000,1,48.163,0.481628,0.000,1.000,stress,good
1783252807.796875,1,61.510,0.615096,0.000,1.000,1,48.281,0.482810,0.000,1.000,1,83.110,0.831101,0.000,1.000,1,8.322,0.083220,0.000,1.000,1,46.400,0.464000,0.000,1.000,1,49.567,0.495665,0.000,1.000,stress,good
1783252807.804688,1,62.959,0.629588,0.000,1.000,1,50.403,0.504025,0.000,1.000,1,83.616,0.836163,0.000,1.000,1,10.335,0.103353,0.000,1.000,1,43.682,0.436825,0.000,1.000,1,51.301,0.513012,0.000,1.000,stress,good
1783252807.812500,1,57.676,0.576762,0.000,1.000,1,53.575,0.535749,0.000,1.000,1,84.124,0.841236,0.000,1.000,1,6.737,0.067369,0.000,1.000,1,44.037,0.440373,0.000,1.000,1,48.723,0.487233,0.000,1.000,stress,good
1783252807.820312,1,62.412,0.624115,0.000,1.000,1,45.691,0.456909,0.000,1.000,1,82.112,0.821123,0.000,1.000,1,4.540,0.045397,0.000,1.000,1,41.554,0.415545,0.000,1.000,1,46.198,0.461977,0.000,1.000,stress,good
1783252807.828125,1,59.839,0.598392,0.000,1.000,1,52.272,0.522722,0.000,1.000,1,88.319,0.883190,0.000,1.000,1,11.425,0.114246,0.000,1.000,1,42.155,0.421549,0.000,1.000,1,48.139,0.481391,0.000,1.000,stress,good
1783252807.835938,1,65.886,0.658861,0.000,1.000,1,51.391,0.513914,0.000,1.000,1,83.274,0.832742,0.000,1.000,1,8.812,0.088117,0.000,1.000,1,44.811,0.448115,0.000,1.000,1,46.164,0.461641,0.000,1.000,stress,good
1783252807.843750,1,65.833,0.658332,0.000,1.000,1,50.471,0.504714,0.000,1.000,1,87.177,0.871767,0.000,1.000,1,9.705,0.097054,0.000,1.000,1,46.432,0.464324,0.000,1.000,1,51.814,0.518144,0.000,1.000,stress,good
1783252807.851562,1,62.091,0.620914,0.000,1.000,1,47.675,0.476748,0.000,1.000,1,86.385,0.863849,0.000,1.000,1,9.800,0.098003,0.000,1.000,1,44.987,0.449866,0.000,1.000,1,50.572,0.505716,0.000,1.000,stress,good
1783252807.859375,1,65.384,0.653840,0.000,1.000,1,53.547,0.535467,0.000,1.000,1,84.137,0.841367,0.000,1.000,1,9.156,0.091560,0.000,1.000,1,48.536,0.485365,0.000,1.000,1,43.929,0.439288,0.000,1.000,stress,good
1783252807.867188,1,67.112,0.671116,0.000,1.000,1,48.371,0.483712,0.000,1.000,1,81.982,0.819819,0.000,1.000,1,6.776,0.067765,0.000,1.000,1,47.671,0.476712,0.000,1.000,1,51.450,0.514502,0.000,1.000,stress,good
1783252807.875000,1,55.472,0.554717,0.000,1.000,1,49.380,0.493798,0.000,1.000,1,86.454,0.864542,0.000,1.000,1,6.738,0.067376,0.000,1.000,1,45.224,0.452236,0.000,1.000,1,51.242,0.512416,0.000,1.000,stress,good
1783252807.882812,1,62.194,0.621939,0.000,1.000,1,51.361,0.513607,0.000,1.000,1,84.101,0.841012,0.000,1.000,1,7.465,0.074646,0.000,1.000,1,46.255,0.462551,0.000,1.000,1,45.001,0.450007,0.000,1.000,stress,good
1783252807.890625,1,62.875,0.628755,0.000,1.000,1,50.517,0.505174,0.000,1.000,1,88.655,0.886554,0.000,1.000,1,12.655,0.126547,0.000,1.000,1,46.158,0.461579,0.000,1.000,1,54.510,0.545098,0.000,1.000,stress,good
1783252807.898438,1,62.426,0.624259,0.000,1.000,1,47.675,0.476750,0.000,1.000,1,81.547,0.815472,0.000,1.000,1,1.139,0.011393,0.000,1.000,1,42.403,0.424033,0.000,1.000,1,50.152,0.501523,0.000,1.000,stress,good
1783252807.906250,1,64.091,0.640913,0.000,1.000,1,48.352,0.483522,0.000,1.000,1,86.870,0.868705,0.000,1.000,1,12.005,0.120050,0.000,1.000,1,46.199,0.461990,0.000,1.000,1,48.405,0.484054,0.000,1.000,stress,good
1783252807.914062,1,64.218,0.642179,0.000,1.000,1,51.178,0.511779,0.000,1.000,1,86.016,0.860160,0.000,1.000,1,4.643,0.046433,0.000,1.000,1,43.640,0.436398,0.000,1.000,1,49.633,0.496326,0.000,1.000,stress,good
1783252807.921875,1,62.623,0.626230,0.000,1.000,1,48.598,0.485984,0.000,1.000,1,86.184,0.861837,0.000,1.000,1,11.571,0.115711,0.000,1.000,1,45.759,0.457593,0.000,1.000,1,46.125,0.461247,0.000,1.000,stress,good
1783252807.929688,1,65.699,0.656992,0.000,1.000,1,51.734,0.517344,0.000,1.000,1,81.638,0.816378,0.000,1.000,1,7.551,0.075507,0.000,1.000,1,47.180,0.471800,0.000,1.000,1,45.490,0.454901,0.000,1.000,stress,good
1783252807.937500,1,64.169,0.641686,0.000,1.000,1,46.600,0.465999,0.000,1.000,1,83.182,0.831825,0.000,1.000,1,9.892,0.098916,0.000,1.000,1,44.504,0.445044,0.000,1.000,1,51.834,0.518343,0.000,1.000,stress,good
1783252807.945312,1,62.410,0.624097,0.000,1.000,1,47.956,0.479561,0.000,1.000,1,83.935,0.839348,0.000,1.000,1,7.634,0.076336,0.000,1.000,1,42.621,0.426210,0.000,1.000,1,50.331,0.503314,0.000,1.000,stress,good
1783252807.953125,1,63.637,0.636368,0.000,1.000,1,50.587,0.505867,0.000,1.000,1,82.592,0.825917,0.000,1.000,1,7.174,0.071735,0.000,1.000,1,45.154,0.451544,0.000,1.000,1,43.939,0.439395,0.000,1.000,stress,good
1783252807.960938,1,64.160,0.641597,0.000,1.000,1,50.071,0.500708,0.000,1.000,1,83.111,0.831111,0.000,1.000,1,8.497,0.084970,0.000,1.000,1,42.940,0.429396,0.000,1.000,1,54.217,0.542165,0.000,1.000,stress,good
1783252807.968750,1,66.411,0.664114,0.000,1.000,1,51.146,0.511456,0.000,1.000,1,86.598,0.865977,0.000,1.000,1,4.990,0.049900,0.000,1.000,1,43.231,0.432309,0.000,1.000,1,47.114,0.471142,0.000,1.000,stress,good
1783252807.976562,1,61.324,0.613239,0.000,1.000,1,53.136,0.531363,0.000,1.000,1,87.302,0.873024,0.000,1.000,1,7.115,0.071149,0.000,1.000,1,49.654,0.496541,0.000,1.000,1,50.139,0.501388,0.000,1.000,stress,good
1783252807.984375,1,68.941,0.689411,0.000,1.000,1,49.097,0.490970,0.000,1.000,1,83.763,0.837626,0.000,1.000,1,10.455,0.104551,0.000,1.000,1,49.530,0.495302,0.000,1.000,1,44.862,0.448620,0.000,1.000,stress,good
1783252807.992188,1,61.905,0.619051,0.000,1.000,1,51.602,0.516023,0.000,1.000,1,84.035,0.840353,0.000,1.000,1,9.800,0.098004,0.000,1.000,1,39.405,0.394051,0.000,1.000,1,49.194,0.491939,0.000,1.000,stress,good
1783252808.000000,1,59.402,0.594025,0.000,1.000,1,52.365,0.523648,0.000,1.000,1,83.000,0.830003,0.000,1.000,1,8.030,0.080300,0.000,1.000,1,45.571,0.455706,0.000,1.000,1,49.253,0.492535,0.000,1.000,stress,good
1783252808.007812,1,57.649,0.576491,0.000,1.000,1,51.248,0.512483,0.000,1.000,1,79.821,0.798206,0.000,1.000,1,8.135,0.081354,0.000,1.000,1,43.817,0.438169,0.000,1.000,1,54.435,0.544355,0.000,1.000,stress,good
1783252808.015625,1,63.531,0.635308,0.000,1.000,1,51.753,0.517526,0.000,1.000,1,86.671,0.866710,0.000,1.000,1,4.561,0.045608,0.000,1.000,1,43.640,0.436403,0.000,1.000,1,55.124,0.551239,0.000,1.000,stress,good
1783252808.023438,1,61.683,0.616828,0.000,1.000,1,48.178,0.481776,0.000,1.000,1,83.217,0.832171,0.000,1.000,1,7.311,0.073110,0.000,1.000,1,40.821,0.408214,0.000,1.000,1,45.416,0.454156,0.000,1.000,stress,good
1783252808.031250,1,65.913,0.659135,0.000,1.000,1,48.473,0.484727,0.000,1.000,1,82.877,0.828769,0.000,1.000,1,10.302,0.103024,0.000,1.000,1,42.065,0.420651,0.000,1.000,1,49.491,0.494910,0.000,1.000,stress,good
1783252808.039062,1,58.907,0.589074,0.000,1.000,1,52.558,0.525576,0.000,1.000,1,86.420,0.864203,0.000,1.000,1,7.110,0.071095,0.000,1.000,1,42.735,0.427350,0.000,1.000,1,50.495,0.504947,0.000,1.000,stress,good
1783252808.046875,1,63.148,0.631480,0.000,1.000,1,48.909,0.489089,0.000,1.000,1,87.159,0.871588,0.000,1.000,1,8.390,0.083901,0.000,1.000,1,50.438,0.504379,0.000,1.000,1,50.904,0.509039,0.000,1.000,stress,good
1783252808.054688,1,59.547,0.595470,0.000,1.000,1,45.691,0.456911,0.000,1.000,1,89.106,0.891055,0.000,1.000,1,5.148,0.051481,0.000,1.000,1,47.227,0.472272,0.000,1.000,1,55.688,0.556878,0.000,1.000,stress,good
1783252808.062500,1,63.813,0.638127,0.000,1.000,1,48.940,0.489395,0.000,1.000,1,84.293,0.842932,0.000,1.000,1,9.924,0.099245,0.000,1.000,1,42.547,0.425468,0.000,1.000,1,54.186,0.541858,0.000,1.000,stress,good
1783252808.070312,1,64.406,0.644061,0.000,1.000,1,48.795,0.487946,0.000,1.000,1,83.262,0.832622,0.000,1.000,1,9.933,0.099325,0.000,1.000,1,42.244,0.422444,0.000,1.000,1,53.362,0.533618,0.000,1.000,stress,good
1783252808.078125,1,62.935,0.629355,0.000,1.000,1,46.155,0.461553,0.000,1.000,1,80.279,0.802794,0.000,1.000,1,6.177,0.061772,0.000,1.000,1,45.471,0.454709,0.000,1.000,1,51.980,0.519804,0.000,1.000,stress,good
1783252808.085938,1,60.190,0.601903,0.000,1.000,1,51.624,0.516237,0.000,1.000,1,84.734,0.847343,0.000,1.000,1,5.459,0.054592,0.000,1.000,1,45.384,0.453840,0.000,1.000,1,48.515,0.485148,0.000,1.000,stress,good
1783252808.093750,1,65.004,0.650041,0.000,1.000,1,51.418,0.514183,0.000,1.000,1,85.300,0.852996,0.000,1.000,1,9.953,0.099527,0.000,1.000,1,44.954,0.449539,0.000,1.000,1,48.389,0.483889,0.000,1.000,stress,good
1783252808.101562,1,65.025,0.650252,0.000,1.000,1,49.474,0.494740,0.000,1.000,1,83.895,0.838951,0.000,1.000,1,7.372,0.073721,0.000,1.000,1,43.554,0.435538,0.000,1.000,1,47.086,0.470864,0.000,1.000,stress,good
1783252808.109375,1,63.890,0.638895,0.000,1.000,1,49.770,0.497705,0.000,1.000,1,81.949,0.819492,0.000,1.000,1,8.385,0.083852,0.000,1.000,1,45.435,0.454348,0.000,1.000,1,47.220,0.472203,0.000,1.000,stress,good
1783252808.117188,1,62.165,0.621648,0.000,1.000,1,50.987,0.509873,0.000,1.000,1,85.401,0.854012,0.000,1.000,1,5.748,0.057481,0.000,1.000,1,43.389,0.433889,0.000,1.000,1,48.778,0.487777,0.000,1.000,stress,good
1783252808.125000,1,62.721,0.627212,0.000,1.000,1,46.408,0.464082,0.000,1.000,1,85.105,0.851055,0.000,1.000,1,12.428,0.124279,0.000,1.000,1,46.105,0.461049,0.000,1.000,1,47.948,0.479476,0.000,1.000,stress,good
1783252808.132812,1,61.028,0.610282,0.000,1.000,1,50.712,0.507115,0.000,1.000,1,88.233,0.882328,0.000,1.000,1,9.159,0.091592,0.000,1.000,1,43.086,0.430861,0.000,1.000,1,45.302,0.453016,0.000,1.000,stress,good
1783252808.140625,1,67.871,0.678708,0.000,1.000,1,47.613,0.476132,0.000,1.000,1,82.297,0.822972,0.000,1.000,1,9.216,0.092164,0.000,1.000,1,45.982,0.459820,0.000,1.000,1,50.497,0.504969,0.000,1.000,stress,good
1783252808.148438,1,64.329,0.643295,0.000,1.000,1,48.276,0.482763,0.000,1.000,1,81.755,0.817547,0.000,1.000,1,4.418,0.044182,0.000,1.000,1,43.419,0.434189,0.000,1.000,1,51.738,0.517378,0.000,1.000,stress,good
1783252808.156250,1,61.810,0.618097,0.000,1.000,1,50.862,0.508618,0.000,1.000,1,85.501,0.855010,0.000,1.000,1,12.198,0.121981,0.000,1.000,1,48.710,0.487105,0.000,1.000,1,45.718,0.457177,0.000,1.000,stress,good
1783252808.164062,1,60.685,0.606852,0.000,1.000,1,50.686,0.506856,0.000,1.000,1,87.922,0.879217,0.000,1.000,1,6.372,0.063720,0.000,1.000,1,48.086,0.480863,0.000,1.000,1,54.361,0.543605,0.000,1.000,stress,good
1783252808.171875,1,61.085,0.610846,0.000,1.000,1,50.876,0.508762,0.000,1.000,1,80.087,0.800873,0.000,1.000,1,9.126,0.091259,0.000,1.000,1,47.196,0.471956,0.000,1.000,1,49.322,0.493215,0.000,1.000,stress,good
1783252808.179688,1,64.673,0.646726,0.000,1.000,1,52.357,0.523565,0.000,1.000,1,80.954,0.809536,0.000,1.000,1,8.708,0.087079,0.000,1.000,1,46.886,0.468861,0.000,1.000,1,46.012,0.460121,0.000,1.000,stress,good
1783252808.187500,1,62.715,0.627147,0.000,1.000,1,48.138,0.481383,0.000,1.000,1,86.672,0.866716,0.000,1.000,1,9.579,0.095786,0.000,1.000,1,46.624,0.466245,0.000,1.000,1,48.283,0.482834,0.000,1.000,stress,good
1783252808.195312,1,61.752,0.617520,0.000,1.000,1,52.412,0.524121,0.000,1.000,1,82.197,0.821970,0.000,1.000,1,6.121,0.061210,0.000,1.000,1,47.122,0.471219,0.000,1.000,1,46.698,0.466976,0.000,1.000,stress,good
1783252808.203125,1,66.521,0.665211,0.000,1.000,1,51.816,0.518163,0.000,1.000,1,84.763,0.847632,0.000,1.000,1,9.388,0.093877,0.000,1.000,1,47.611,0.476111,0.000,1.000,1,47.896,0.478955,0.000,1.000,stress,good
1783252808.210938,1,62.087,0.620867,0.000,1.000,1,49.869,0.498692,0.000,1.000,1,82.491,0.824908,0.000,1.000,1,8.335,0.083348,0.000,1.000,1,42.754,0.427539,0.000,1.000,1,48.338,0.483385,0.000,1.000,stress,good
1783252808.218750,1,64.359,0.643592,0.000,1.000,1,47.742,0.477416,0.000,1.000,1,84.135,0.841345,0.000,1.000,1,8.668,0.086677,0.000,1.000,1,42.395,0.423953,0.000,1.000,1,49.102,0.491015,0.000,1.000,stress,good
1783252808.226562,1,66.055,0.660546,0.000,1.000,1,50.968,0.509676,0.000,1.000,1,79.569,0.795694,0.000,1.000,1,6.754,0.067537,0.000,1.000,1,45.611,0.456110,0.000,1.000,1,49.760,0.497595,0.000,1.000,stress,good
1783252808.234375,1,66.709,0.667094,0.000,1.000,1,46.911,0.469111,0.000,1.000,1,87.075,0.870754,0.000,1.000,1,11.313,0.113131,0.000,1.000,1,46.206,0.462056,0.000,1.000,1,50.822,0.508222,0.000,1.000,stress,good
1783252808.242188,1,65.446,0.654464,0.000,1.000,1,49.378,0.493783,0.000,1.000,1,83.707,0.837069,0.000,1.000,1,6.172,0.061725,0.000,1.000,1,44.456,0.444556,0.000,1.000,1,49.008,0.490084,0.000,1.000,stress,good
1783252808.250000,1,66.840,0.668399,0.000,1.000,1,51.200,0.511996,0.000,1.000,1,86.415,0.864153,0.000,1.000,1,16.071,0.160710,0.000,1.000,1,47.270,0.472702,0.000,1.000,1,45.745,0.457450,0.000,1.000,stress,good
1783252808.257812,1,60.761,0.607606,0.000,1.000,1,50.919,0.509191,0.000,1.000,1,78.401,0.784010,0.000,1.000,1,10.029,0.100288,0.000,1.000,1,46.006,0.460060,0.000,1.000,1,49.618,0.496183,0.000,1.000,stress,good
1783252808.265625,1,65.677,0.656775,0.000,1.000,1,49.044,0.490439,0.000,1.000,1,82.865,0.828653,0.000,1.000,1,10.381,0.103812,0.000,1.000,1,43.137,0.431370,0.000,1.000,1,47.761,0.477606,0.000,1.000,stress,good
1783252808.273438,1,59.174,0.591738,0.000,1.000,1,53.015,0.530146,0.000,1.000,1,81.179,0.811794,0.000,1.000,1,10.003,0.100026,0.000,1.000,1,42.668,0.426678,0.000,1.000,1,47.944,0.479438,0.000,1.000,stress,good
1783252808.281250,1,63.533,0.635327,0.000,1.000,1,51.597,0.515968,0.000,1.000,1,85.828,0.858280,0.000,1.000,1,14.690,0.146899,0.000,1.000,1,47.623,0.476234,0.000,1.000,1,49.482,0.494815,0.000,1.000,stress,good
1783252808.289062,1,62.643,0.626430,0.000,1.000,1,47.415,0.474148,0.000,1.000,1,83.654,0.836540,0.000,1.000,1,11.478,0.114785,0.000,1.000,1,44.342,0.443421,0.000,1.000,1,49.309,0.493085,0.000,1.000,stress,good
1783252808.296875,1,64.658,0.646579,0.000,1.000,1,50.506,0.505063,0.000,1.000,1,84.438,0.844380,0.000,1.000,1,12.788,0.127878,0.000,1.000,1,44.918,0.449181,0.000,1.000,1,46.857,0.468572,0.000,1.000,stress,good
1783252808.304688,1,66.116,0.661158,0.000,1.000,1,48.382,0.483823,0.000,1.000,1,83.950,0.839502,0.000,1.000,1,10.247,0.102468,0.000,1.000,1,46.619,0.466190,0.000,1.000,1,46.947,0.469467,0.000,1.000,stress,good
1783252808.312500,1,62.605,0.626048,0.000,1.000,1,52.991,0.529911,0.000,1.000,1,85.125,0.851253,0.000,1.000,1,9.267,0.092666,0.000,1.000,1,44.230,0.442299,0.000,1.000,1,51.559,0.515586,0.000,1.000,stress,good
1783252808.320312,1,62.222,0.622216,0.000,1.000,1,56.773,0.567727,0.000,1.000,1,87.282,0.872819,0.000,1.000,1,9.641,0.096409,0.000,1.000,1,44.982,0.449823,0.000,1.000,1,50.511,0.505107,0.000,1.000,stress,good
1783252808.328125,1,63.931,0.639315,0.000,1.000,1,47.711,0.477113,0.000,1.000,1,80.116,0.801156,0.000,1.000,1,11.844,0.118441,0.000,1.000,1,46.635,0.466347,0.000,1.000,1,51.792,0.517922,0.000,1.000,stress,good
1783252808.335938,1,63.931,0.639314,0.000,1.000,1,49.409,0.494091,0.000,1.000,1,83.445,0.834447,0.000,1.000,1,6.689,0.066891,0.000,1.000,1,45.564,0.455637,0.000,1.000,1,50.228,0.502278,0.000,1.000,stress,good
1783252808.343750,1,62.453,0.624532,0.000,1.000,1,45.585,0.455855,0.000,1.000,1,84.267,0.842673,0.000,1.000,1,6.698,0.066976,0.000,1.000,1,46.011,0.460108,0.000,1.000,1,48.463,0.484634,0.000,1.000,stress,good
1783252808.351562,1,64.089,0.640892,0.000,1.000,1,49.108,0.491083,0.000,1.000,1,83.037,0.830367,0.000,1.000,1,10.102,0.101020,0.000,1.000,1,44.855,0.448553,0.000,1.000,1,50.341,0.503409,0.000,1.000,stress,good
1783252808.359375,1,64.058,0.640584,0.000,1.000,1,50.587,0.505875,0.000,1.000,1,81.355,0.813548,0.000,1.000,1,13.403,0.134027,0.000,1.000,1,44.937,0.449370,0.000,1.000,1,47.796,0.477962,0.000,1.000,stress,good
1783252808.367188,1,65.020,0.650195,0.000,1.000,1,51.379,0.513792,0.000,1.000,1,85.871,0.858711,0.000,1.000,1,7.818,0.078179,0.000,1.000,1,48.181,0.481805,0.000,1.000,1,48.524,0.485238,0.000,1.000,stress,good
1783252808.375000,1,64.273,0.642729,0.000,1.000,1,49.805,0.498050,0.000,1.000,1,85.823,0.858227,0.000,1.000,1,9.873,0.098730,0.000,1.000,1,39.333,0.393327,0.000,1.000,1,49.058,0.490583,0.000,1.000,stress,good
1783252808.382812,1,61.733,0.617326,0.000,1.000,1,51.426,0.514263,0.000,1.000,1,88.059,0.880594,0.000,1.000,1,5.982,0.059818,0.000,1.000,1,41.434,0.414344,0.000,1.000,1,47.661,0.476607,0.000,1.000,stress,good
1783252808.390625,1,64.092,0.640918,0.000,1.000,1,45.246,0.452463,0.000,1.000,1,79.762,0.797617,0.000,1.000,1,11.607,0.116066,0.000,1.000,1,44.626,0.446257,0.000,1.000,1,48.258,0.482583,0.000,1.000,stress,good
1783252808.398438,1,64.198,0.641978,0.000,1.000,1,47.017,0.470168,0.000,1.000,1,81.970,0.819704,0.000,1.000,1,9.581,0.095811,0.000,1.000,1,43.171,0.431711,0.000,1.000,1,44.151,0.441507,0.000,1.000,stress,good
1783252808.406250,1,60.670,0.606703,0.000,1.000,1,46.405,0.464049,0.000,1.000,1,86.094,0.860937,0.000,1.000,1,12.281,0.122808,0.000,1.000,1,46.386,0.463857,0.000,1.000,1,51.167,0.511666,0.000,1.000,stress,good
1783252808.414062,1,60.574,0.605744,0.000,1.000,1,48.426,0.484262,0.000,1.000,1,84.482,0.844816,0.000,1.000,1,7.752,0.077520,0.000,1.000,1,47.198,0.471977,0.000,1.000,1,48.996,0.489963,0.000,1.000,stress,good
1783252808.421875,1,65.056,0.650562,0.000,1.000,1,49.382,0.493816,0.000,1.000,1,85.205,0.852049,0.000,1.000,1,10.441,0.104407,0.000,1.000,1,46.016,0.460155,0.000,1.000,1,47.849,0.478493,0.000,1.000,stress,good
1783252808.429688,1,65.226,0.652261,0.000,1.000,1,51.078,0.510778,0.000,1.000,1,85.933,0.859331,0.000,1.000,1,15.992,0.159925,0.000,1.000,1,49.831,0.498315,0.000,1.000,1,51.887,0.518865,0.000,1.000,stress,good
1783252808.437500,1,62.823,0.628227,0.000,1.000,1,50.059,0.500590,0.000,1.000,1,85.584,0.855836,0.000,1.000,1,10.327,0.103274,0.000,1.000,1,49.778,0.497778,0.000,1.000,1,49.412,0.494125,0.000,1.000,stress,good
1783252808.445312,1,64.273,0.642729,0.000,1.000,1,46.317,0.463168,0.000,1.000,1,86.981,0.869812,0.000,1.000,1,6.231,0.062314,0.000,1.000,1,41.045,0.410454,0.000,1.000,1,49.447,0.494472,0.000,1.000,stress,good
1783252808.453125,1,64.270,0.642704,0.000,1.000,1,48.974,0.489737,0.000,1.000,1,86.303,0.863028,0.000,1.000,1,12.991,0.129909,0.000,1.000,1,50.713,0.507130,0.000,1.000,1,45.048,0.450483,0.000,1.000,stress,good
1783252808.460938,1,64.929,0.649293,0.000,1.000,1,47.119,0.471192,0.000,1.000,1,86.674,0.866736,0.000,1.000,1,11.538,0.115380,0.000,1.000,1,43.285,0.432854,0.000,1.000,1,55.553,0.555527,0.000,1.000,stress,good
1783252808.468750,1,64.794,0.647939,0.000,1.000,1,49.233,0.492331,0.000,1.000,1,86.633,0.866334,0.000,1.000,1,8.926,0.089261,0.000,1.000,1,42.952,0.429518,0.000,1.000,1,50.107,0.501074,0.000,1.000,stress,good
1783252808.476562,1,62.914,0.629137,0.000,1.000,1,47.315,0.473149,0.000,1.000,1,83.328,0.833279,0.000,1.000,1,10.197,0.101970,0.000,1.000,1,44.849,0.448492,0.000,1.000,1,49.373,0.493726,0.000,1.000,stress,good
1783252808.484375,1,68.112,0.681124,0.000,1.000,1,48.241,0.482414,0.000,1.000,1,86.505,0.865047,0.000,1.000,1,8.088,0.080883,0.000,1.000,1,43.242,0.432417,0.000,1.000,1,48.191,0.481910,0.000,1.000,stress,good
1783252808.492188,1,66.371,0.663710,0.000,1.000,1,51.663,0.516627,0.000,1.000,1,82.091,0.820911,0.000,1.000,1,8.796,0.087961,0.000,1.000,1,43.275,0.432751,0.000,1.000,1,47.278,0.472784,0.000,1.000,stress,good
1783252808.500000,1,65.850,0.658504,0.000,1.000,1,50.990,0.509898,0.000,1.000,1,83.397,0.833975,0.000,1.000,1,7.304,0.073036,0.000,1.000,1,49.033,0.490330,0.000,1.000,1,49.469,0.494690,0.000,1.000,stress,good
1783252808.507812,1,65.690,0.656901,0.000,1.000,1,45.611,0.456106,0.000,1.000,1,86.202,0.862016,0.000,1.000,1,11.625,0.116254,0.000,1.000,1,46.492,0.464924,0.000,1.000,1,50.363,0.503630,0.000,1.000,stress,good
1783252808.515625,1,62.476,0.624762,0.000,1.000,1,49.547,0.495472,0.000,1.000,1,86.683,0.866827,0.000,1.000,1,17.841,0.178406,0.000,1.000,1,42.925,0.429249,0.000,1.000,1,47.463,0.474626,0.000,1.000,stress,good
1783252808.523438,1,62.697,0.626967,0.000,1.000,1,47.062,0.470623,0.000,1.000,1,86.648,0.866476,0.000,1.000,1,8.132,0.081324,0.000,1.000,1,48.947,0.489467,0.000,1.000,1,51.260,0.512599,0.000,1.000,stress,good
1783252808.531250,1,65.191,0.651913,0.000,1.000,1,47.037,0.470372,0.000,1.000,1,77.390,0.773903,0.000,1.000,1,9.858,0.098580,0.000,1.000,1,47.559,0.475587,0.000,1.000,1,50.289,0.502892,0.000,1.000,stress,good
1783252808.539062,1,58.380,0.583803,0.000,1.000,1,51.393,0.513929,0.000,1.000,1,82.941,0.829414,0.000,1.000,1,12.002,0.120016,0.000,1.000,1,46.172,0.461725,0.000,1.000,1,47.389,0.473886,0.000,1.000,stress,good
1783252808.546875,1,65.197,0.651966,0.000,1.000,1,49.850,0.498499,0.000,1.000,1,81.907,0.819070,0.000,1.000,1,10.750,0.107498,0.000,1.000,1,49.086,0.490860,0.000,1.000,1,49.932,0.499319,0.000,1.000,stress,good
1783252808.554688,1,64.529,0.645288,0.000,1.000,1,53.232,0.532324,0.000,1.000,1,87.406,0.874064,0.000,1.000,1,12.935,0.129350,0.000,1.000,1,43.575,0.435754,0.000,1.000,1,54.739,0.547391,0.000,1.000,stress,good
1783252808.562500,1,64.432,0.644324,0.000,1.000,1,52.997,0.529969,0.000,1.000,1,82.621,0.826210,0.000,1.000,1,9.421,0.094205,0.000,1.000,1,45.973,0.459734,0.000,1.000,1,50.017,0.500165,0.000,1.000,stress,good
1783252808.570312,1,66.687,0.666871,0.000,1.000,1,48.551,0.485507,0.000,1.000,1,80.721,0.807210,0.000,1.000,1,13.236,0.132363,0.000,1.000,1,42.476,0.424756,0.000,1.000,1,54.435,0.544354,0.000,1.000,stress,good
1783252808.578125,1,65.614,0.656139,0.000,1.000,1,50.999,0.509987,0.000,1.000,1,84.630,0.846298,0.000,1.000,1,10.436,0.104357,0.000,1.000,1,41.704,0.417043,0.000,1.000,1,53.468,0.534684,0.000,1.000,stress,good
1783252808.585938,1,62.853,0.628535,0.000,1.000,1,50.153,0.501526,0.000,1.000,1,85.557,0.855574,0.000,1.000,1,9.130,0.091303,0.000,1.000,1,45.839,0.458392,0.000,1.000,1,49.978,0.499784,0.000,1.000,stress,good
1783252808.593750,1,61.987,0.619875,0.000,1.000,1,48.775,0.487749,0.000,1.000,1,87.522,0.875220,0.000,1.000,1,7.281,0.072815,0.000,1.000,1,44.854,0.448539,0.000,1.000,1,52.360,0.523602,0.000,1.000,stress,good
1783252808.601562,1,62.520,0.625203,0.000,1.000,1,49.208,0.492079,0.000,1.000,1,84.645,0.846447,0.000,1.000,1,13.336,0.133360,0.000,1.000,1,45.704,0.457041,0.000,1.000,1,49.543,0.495429,0.000,1.000,stress,good
1783252808.609375,1,63.697,0.636966,0.000,1.000,1,51.245,0.512455,0.000,1.000,1,85.223,0.852228,0.000,1.000,1,15.004,0.150035,0.000,1.000,1,43.618,0.436175,0.000,1.000,1,50.259,0.502586,0.000,1.000,stress,good
1783252808.617188,1,62.975,0.629751,0.000,1.000,1,51.637,0.516370,0.000,1.000,1,82.358,0.823583,0.000,1.000,1,10.411,0.104108,0.000,1.000,1,47.573,0.475730,0.000,1.000,1,50.410,0.504104,0.000,1.000,stress,good
1783252808.625000,1,63.423,0.634227,0.000,1.000,1,53.597,0.535966,0.000,1.000,1,82.940,0.829396,0.000,1.000,1,8.656,0.086556,0.000,1.000,1,44.890,0.448902,0.000,1.000,1,51.110,0.511099,0.000,1.000,stress,good
1783252808.632812,1,64.522,0.645219,0.000,1.000,1,51.756,0.517563,0.000,1.000,1,82.390,0.823905,0.000,1.000,1,14.520,0.145202,0.000,1.000,1,43.626,0.436263,0.000,1.000,1,46.797,0.467970,0.000,1.000,stress,good
1783252808.640625,1,60.458,0.604583,0.000,1.000,1,46.295,0.462945,0.000,1.000,1,82.567,0.825673,0.000,1.000,1,9.810,0.098095,0.000,1.000,1,45.938,0.459379,0.000,1.000,1,44.301,0.443008,0.000,1.000,stress,good
1783252808.648438,1,64.623,0.646227,0.000,1.000,1,48.875,0.488747,0.000,1.000,1,85.597,0.855970,0.000,1.000,1,8.893,0.088926,0.000,1.000,1,44.607,0.446074,0.000,1.000,1,47.598,0.475976,0.000,1.000,stress,good
1783252808.656250,1,59.383,0.593830,0.000,1.000,1,55.141,0.551407,0.000,1.000,1,86.300,0.862997,0.000,1.000,1,7.212,0.072116,0.000,1.000,1,45.849,0.458493,0.000,1.000,1,48.183,0.481828,0.000,1.000,stress,good
1783252808.664062,1,62.942,0.629417,0.000,1.000,1,49.026,0.490265,0.000,1.000,1,87.035,0.870351,0.000,1.000,1,8.735,0.087350,0.000,1.000,1,46.288,0.462883,0.000,1.000,1,49.104,0.491040,0.000,1.000,stress,good
1783252808.671875,1,63.950,0.639504,0.000,1.000,1,49.861,0.498610,0.000,1.000,1,84.862,0.848618,0.000,1.000,1,8.563,0.085634,0.000,1.000,1,46.995,0.469953,0.000,1.000,1,46.355,0.463550,0.000,1.000,stress,good
1783252808.679688,1,61.267,0.612669,0.000,1.000,1,47.559,0.475591,0.000,1.000,1,87.053,0.870526,0.000,1.000,1,10.811,0.108108,0.000,1.000,1,47.741,0.477414,0.000,1.000,1,49.087,0.490872,0.000,1.000,stress,good
1783252808.687500,1,64.937,0.649368,0.000,1.000,1,48.626,0.486262,0.000,1.000,1,83.692,0.836915,0.000,1.000,1,6.824,0.068238,0.000,1.000,1,47.942,0.479417,0.000,1.000,1,46.823,0.468225,0.000,1.000,stress,good
1783252808.695312,1,63.047,0.630472,0.000,1.000,1,48.419,0.484191,0.000,1.000,1,83.472,0.834724,0.000,1.000,1,8.641,0.086409,0.000,1.000,1,44.138,0.441376,0.000,1.000,1,47.051,0.470505,0.000,1.000,stress,good
1783252808.703125,1,68.152,0.681515,0.000,1.000,1,49.921,0.499210,0.000,1.000,1,89.474,0.894739,0.000,1.000,1,14.500,0.144998,0.000,1.000,1,47.776,0.477763,0.000,1.000,1,56.205,0.562046,0.000,1.000,stress,good
1783252808.710938,1,65.380,0.653801,0.000,1.000,1,51.282,0.512822,0.000,1.000,1,80.192,0.801925,0.000,1.000,1,12.811,0.128115,0.000,1.000,1,49.955,0.499550,0.000,1.000,1,50.761,0.507608,0.000,1.000,stress,good
1783252808.718750,1,67.122,0.671220,0.000,1.000,1,49.750,0.497505,0.000,1.000,1,84.099,0.840992,0.000,1.000,1,12.744,0.127439,0.000,1.000,1,50.385,0.503854,0.000,1.000,1,52.119,0.521194,0.000,1.000,stress,good
1783252808.726562,1,63.814,0.638138,0.000,1.000,1,47.506,0.475059,0.000,1.000,1,83.270,0.832704,0.000,1.000,1,10.499,0.104993,0.000,1.000,1,50.594,0.505945,0.000,1.000,1,50.039,0.500392,0.000,1.000,stress,good
1783252808.734375,1,61.198,0.611984,0.000,1.000,1,53.101,0.531015,0.000,1.000,1,82.677,0.826773,0.000,1.000,1,6.357,0.063565,0.000,1.000,1,46.186,0.461859,0.000,1.000,1,47.875,0.478748,0.000,1.000,stress,good
1783252808.742188,1,68.410,0.684097,0.000,1.000,1,48.115,0.481147,0.000,1.000,1,85.809,0.858086,0.000,1.000,1,9.432,0.094320,0.000,1.000,1,45.269,0.452693,0.000,1.000,1,49.502,0.495021,0.000,1.000,stress,good
1783252808.750000,1,60.947,0.609474,0.000,1.000,1,51.949,0.519487,0.000,1.000,1,90.055,0.900548,0.000,1.000,1,11.289,0.112889,0.000,1.000,1,46.062,0.460622,0.000,1.000,1,52.734,0.527344,0.000,1.000,stress,good
1783252808.757812,1,63.277,0.632771,0.000,1.000,1,45.561,0.455609,0.000,1.000,1,89.994,0.899936,0.000,1.000,1,12.632,0.126323,0.000,1.000,1,45.650,0.456503,0.000,1.000,1,53.920,0.539204,0.000,1.000,stress,good
1783252808.765625,1,63.070,0.630704,0.000,1.000,1,49.549,0.495491,0.000,1.000,1,90.898,0.908982,0.000,1.000,1,12.632,0.126315,0.000,1.000,1,49.431,0.494312,0.000,1.000,1,48.357,0.483566,0.000,1.000,stress,good
1783252808.773438,1,63.529,0.635289,0.000,1.000,1,48.426,0.484264,0.000,1.000,1,88.134,0.881342,0.000,1.000,1,12.680,0.126797,0.000,1.000,1,45.887,0.458873,0.000,1.000,1,52.983,0.529828,0.000,1.000,stress,good
1783252808.781250,1,65.932,0.659317,0.000,1.000,1,47.679,0.476793,0.000,1.000,1,87.239,0.872386,0.000,1.000,1,9.747,0.097469,0.000,1.000,1,47.647,0.476472,0.000,1.000,1,53.101,0.531014,0.000,1.000,stress,good
1783252808.789062,1,65.080,0.650803,0.000,1.000,1,44.316,0.443157,0.000,1.000,1,88.586,0.885860,0.000,1.000,1,7.506,0.075058,0.000,1.000,1,47.565,0.475646,0.000,1.000,1,51.634,0.516342,0.000,1.000,stress,good
1783252808.796875,1,64.282,0.642816,0.000,1.000,1,48.764,0.487643,0.000,1.000,1,84.813,0.848133,0.000,1.000,1,11.658,0.116582,0.000,1.000,1,45.700,0.457005,0.000,1.000,1,52.871,0.528711,0.000,1.000,stress,good
1783252808.804688,1,64.106,0.641058,0.000,1.000,1,52.912,0.529118,0.000,1.000,1,89.529,0.895295,0.000,1.000,1,12.989,0.129891,0.000,1.000,1,46.634,0.466342,0.000,1.000,1,52.232,0.522316,0.000,1.000,stress,good
1783252808.812500,1,62.452,0.624525,0.000,1.000,1,52.954,0.529542,0.000,1.000,1,83.863,0.838628,0.000,1.000,1,13.079,0.130789,0.000,1.000,1,45.316,0.453159,0.000,1.000,1,47.300,0.472998,0.000,1.000,stress,good
1783252808.820312,1,64.819,0.648194,0.000,1.000,1,49.143,0.491433,0.000,1.000,1,84.645,0.846449,0.000,1.000,1,11.221,0.112210,0.000,1.000,1,48.925,0.489254,0.000,1.000,1,50.979,0.509792,0.000,1.000,stress,good
1783252808.828125,1,64.599,0.645992,0.000,1.000,1,52.216,0.522161,0.000,1.000,1,83.252,0.832519,0.000,1.000,1,9.692,0.096915,0.000,1.000,1,48.573,0.485726,0.000,1.000,1,43.893,0.438928,0.000,1.000,stress,good
1783252808.835938,1,64.196,0.641965,0.000,1.000,1,47.742,0.477419,0.000,1.000,1,86.098,0.860979,0.000,1.000,1,9.419,0.094193,0.000,1.000,1,47.045,0.470451,0.000,1.000,1,47.128,0.471281,0.000,1.000,stress,good
1783252808.843750,1,65.188,0.651876,0.000,1.000,1,52.005,0.520053,0.000,1.000,1,87.293,0.872927,0.000,1.000,1,9.484,0.094843,0.000,1.000,1,43.004,0.430042,0.000,1.000,1,50.052,0.500524,0.000,1.000,stress,good
1783252808.851562,1,59.393,0.593926,0.000,1.000,1,47.017,0.470170,0.000,1.000,1,86.871,0.868714,0.000,1.000,1,7.684,0.076837,0.000,1.000,1,47.247,0.472468,0.000,1.000,1,48.968,0.489685,0.000,1.000,stress,good
1783252808.859375,1,66.708,0.667083,0.000,1.000,1,48.760,0.487599,0.000,1.000,1,82.060,0.820600,0.000,1.000,1,12.079,0.120791,0.000,1.000,1,45.256,0.452561,0.000,1.000,1,48.440,0.484403,0.000,1.000,stress,good
1783252808.867188,1,66.481,0.664810,0.000,1.000,1,48.258,0.482575,0.000,1.000,1,78.285,0.782846,0.000,1.000,1,12.057,0.120573,0.000,1.000,1,49.115,0.491155,0.000,1.000,1,53.656,0.536564,0.000,1.000,stress,good
1783252808.875000,1,58.458,0.584581,0.000,1.000,1,48.788,0.487883,0.000,1.000,1,83.828,0.838278,0.000,1.000,1,10.367,0.103672,0.000,1.000,1,44.633,0.446327,0.000,1.000,1,52.099,0.520988,0.000,1.000,stress,good
1783252808.882812,1,58.632,0.586317,0.000,1.000,1,51.668,0.516677,0.000,1.000,1,84.851,0.848514,0.000,1.000,1,8.925,0.089254,0.000,1.000,1,49.477,0.494766,0.000,1.000,1,58.240,0.582401,0.000,1.000,stress,good
1783252808.890625,1,61.671,0.616706,0.000,1.000,1,51.842,0.518422,0.000,1.000,1,90.428,0.904284,0.000,1.000,1,10.943,0.109427,0.000,1.000,1,47.217,0.472171,0.000,1.000,1,49.924,0.499238,0.000,1.000,stress,good
1783252808.898438,1,65.865,0.658649,0.000,1.000,1,47.811,0.478113,0.000,1.000,1,85.845,0.858452,0.000,1.000,1,8.021,0.080210,0.000,1.000,1,50.471,0.504710,0.000,1.000,1,52.334,0.523343,0.000,1.000,stress,good
1783252808.906250,1,62.040,0.620398,0.000,1.000,1,51.067,0.510672,0.000,1.000,1,83.091,0.830914,0.000,1.000,1,10.882,0.108817,0.000,1.000,1,45.592,0.455920,0.000,1.000,1,53.218,0.532179,0.000,1.000,stress,good
1783252808.914062,1,60.621,0.606212,0.000,1.000,1,46.861,0.468609,0.000,1.000,1,89.007,0.890066,0.000,1.000,1,12.972,0.129716,0.000,1.000,1,44.505,0.445050,0.000,1.000,1,50.306,0.503061,0.000,1.000,stress,good
1783252808.921875,1,63.363,0.633628,0.000,1.000,1,50.681,0.506806,0.000,1.000,1,82.893,0.828931,0.000,1.000,1,13.221,0.132209,0.000,1.000,1,47.207,0.472073,0.000,1.000,1,48.948,0.489480,0.000,1.000,stress,good
1783252808.929688,1,59.262,0.592624,0.000,1.000,1,50.235,0.502349,0.000,1.000,1,80.613,0.806130,0.000,1.000,1,7.576,0.075761,0.000,1.000,1,42.430,0.424299,0.000,1.000,1,51.546,0.515463,0.000,1.000,stress,good
1783252808.937500,1,66.983,0.669832,0.000,1.000,1,52.048,0.520479,0.000,1.000,1,87.920,0.879195,0.000,1.000,1,8.114,0.081141,0.000,1.000,1,49.737,0.497369,0.000,1.000,1,49.673,0.496729,0.000,1.000,stress,good
1783252808.945312,1,71.739,0.717389,0.000,1.000,1,46.281,0.462811,0.000,1.000,1,88.830,0.888303,0.000,1.000,1,7.599,0.075994,0.000,1.000,1,46.060,0.460601,0.000,1.000,1,51.702,0.517015,0.000,1.000,stress,good
1783252808.953125,1,60.254,0.602544,0.000,1.000,1,51.259,0.512587,0.000,1.000,1,87.295,0.872946,0.000,1.000,1,10.283,0.102827,0.000,1.000,1,46.510,0.465105,0.000,1.000,1,45.670,0.456699,0.000,1.000,stress,good
1783252808.960938,1,64.038,0.640376,0.000,1.000,1,50.799,0.507987,0.000,1.000,1,85.411,0.854106,0.000,1.000,1,9.517,0.095168,0.000,1.000,1,45.342,0.453422,0.000,1.000,1,49.789,0.497890,0.000,1.000,stress,good
1783252808.968750,1,65.031,0.650312,0.000,1.000,1,49.741,0.497405,0.000,1.000,1,88.840,0.888396,0.000,1.000,1,8.713,0.087128,0.000,1.000,1,47.538,0.475376,0.000,1.000,1,47.373,0.473731,0.000,1.000,stress,good
1783252808.976562,1,65.295,0.652953,0.000,1.000,1,52.303,0.523030,0.000,1.000,1,86.561,0.865606,0.000,1.000,1,12.547,0.125465,0.000,1.000,1,43.556,0.435563,0.000,1.000,1,50.557,0.505570,0.000,1.000,stress,good
1783252808.984375,1,63.605,0.636053,0.000,1.000,1,45.972,0.459721,0.000,1.000,1,88.159,0.881590,0.000,1.000,1,8.793,0.087932,0.000,1.000,1,45.476,0.454762,0.000,1.000,1,52.290,0.522895,0.000,1.000,stress,good
1783252808.992188,1,65.874,0.658741,0.000,1.000,1,50.347,0.503471,0.000,1.000,1,87.029,0.870290,0.000,1.000,1,9.571,0.095708,0.000,1.000,1,48.509,0.485087,0.000,1.000,1,51.201,0.512010,0.000,1.000,stress,good
1783252809.000000,1,66.510,0.665102,0.000,1.000,1,50.425,0.504247,0.000,1.000,1,83.651,0.836506,0.000,1.000,1,10.396,0.103958,0.000,1.000,1,48.943,0.489435,0.000,1.000,1,48.667,0.486674,0.000,1.000,stress,good
1783252809.007812,1,62.263,0.622631,0.000,1.000,1,49.450,0.494505,0.000,1.000,1,84.118,0.841185,0.000,1.000,1,11.724,0.117241,0.000,1.000,1,44.074,0.440736,0.000,1.000,1,49.065,0.490648,0.000,1.000,stress,good
1783252809.015625,1,62.648,0.626478,0.000,1.000,1,53.950,0.539498,0.000,1.000,1,81.530,0.815295,0.000,1.000,1,7.029,0.070289,0.000,1.000,1,45.440,0.454403,0.000,1.000,1,48.710,0.487102,0.000,1.000,stress,good
1783252809.023438,1,62.166,0.621661,0.000,1.000,1,51.840,0.518403,0.000,1.000,1,84.381,0.843813,0.000,1.000,1,11.664,0.116639,0.000,1.000,1,44.308,0.443078,0.000,1.000,1,45.973,0.459730,0.000,1.000,stress,good
1783252809.031250,1,61.727,0.617271,0.000,1.000,1,45.076,0.450761,0.000,1.000,1,87.839,0.878394,0.000,1.000,1,10.752,0.107515,0.000,1.000,1,42.345,0.423446,0.000,1.000,1,53.551,0.535510,0.000,1.000,stress,good
1783252809.039062,1,66.048,0.660484,0.000,1.000,1,47.915,0.479152,0.000,1.000,1,85.663,0.856633,0.000,1.000,1,8.148,0.081479,0.000,1.000,1,47.467,0.474668,0.000,1.000,1,50.987,0.509865,0.000,1.000,stress,good
1783252809.046875,1,61.636,0.616362,0.000,1.000,1,48.340,0.483397,0.000,1.000,1,83.085,0.830851,0.000,1.000,1,10.607,0.106073,0.000,1.000,1,47.081,0.470813,0.000,1.000,1,49.057,0.490568,0.000,1.000,stress,good
1783252809.054688,1,61.856,0.618563,0.000,1.000,1,46.800,0.468002,0.000,1.000,1,82.347,0.823474,0.000,1.000,1,5.801,0.058008,0.000,1.000,1,50.600,0.506005,0.000,1.000,1,53.986,0.539859,0.000,1.000,stress,good
1783252809.062500,1,64.706,0.647060,0.000,1.000,1,54.867,0.548673,0.000,1.000,1,85.269,0.852686,0.000,1.000,1,6.756,0.067560,0.000,1.000,1,45.638,0.456378,0.000,1.000,1,52.663,0.526634,0.000,1.000,stress,good
1783252809.070312,1,62.510,0.625103,0.000,1.000,1,55.067,0.550671,0.000,1.000,1,84.767,0.847672,0.000,1.000,1,7.674,0.076739,0.000,1.000,1,48.525,0.485255,0.000,1.000,1,50.741,0.507412,0.000,1.000,stress,good
1783252809.078125,1,62.511,0.625110,0.000,1.000,1,49.490,0.494898,0.000,1.000,1,90.399,0.903994,0.000,1.000,1,8.280,0.082799,0.000,1.000,1,49.710,0.497102,0.000,1.000,1,52.738,0.527385,0.000,1.000,stress,good
1783252809.085938,1,65.073,0.650732,0.000,1.000,1,49.827,0.498274,0.000,1.000,1,85.592,0.855922,0.000,1.000,1,9.365,0.093649,0.000,1.000,1,44.884,0.448837,0.000,1.000,1,48.696,0.486961,0.000,1.000,stress,good
1783252809.093750,1,65.803,0.658028,0.000,1.000,1,50.356,0.503558,0.000,1.000,1,88.057,0.880571,0.000,1.000,1,8.573,0.085726,0.000,1.000,1,49.668,0.496684,0.000,1.000,1,55.536,0.555356,0.000,1.000,stress,good
1783252809.101562,1,64.448,0.644475,0.000,1.000,1,51.074,0.510735,0.000,1.000,1,88.883,0.888833,0.000,1.000,1,10.574,0.105735,0.000,1.000,1,48.382,0.483822,0.000,1.000,1,54.705,0.547045,0.000,1.000,stress,good
1783252809.109375,1,65.048,0.650479,0.000,1.000,1,51.408,0.514079,0.000,1.000,1,86.125,0.861253,0.000,1.000,1,12.173,0.121729,0.000,1.000,1,44.705,0.447048,0.000,1.000,1,48.457,0.484566,0.000,1.000,stress,good
1783252809.117188,1,59.872,0.598721,0.000,1.000,1,48.821,0.488207,0.000,1.000,1,84.348,0.843484,0.000,1.000,1,15.362,0.153620,0.000,1.000,1,50.409,0.504094,0.000,1.000,1,54.094,0.540937,0.000,1.000,stress,good
1783252809.125000,1,64.213,0.642134,0.000,1.000,1,48.499,0.484990,0.000,1.000,1,81.464,0.814639,0.000,1.000,1,15.694,0.156943,0.000,1.000,1,44.391,0.443912,0.000,1.000,1,50.196,0.501957,0.000,1.000,stress,good
1783252809.132812,1,67.817,0.678169,0.000,1.000,1,48.418,0.484176,0.000,1.000,1,85.967,0.859673,0.000,1.000,1,10.824,0.108241,0.000,1.000,1,43.773,0.437725,0.000,1.000,1,51.604,0.516040,0.000,1.000,stress,good
1783252809.140625,1,67.253,0.672533,0.000,1.000,1,47.811,0.478113,0.000,1.000,1,85.061,0.850612,0.000,1.000,1,12.470,0.124700,0.000,1.000,1,46.405,0.464048,0.000,1.000,1,48.597,0.485973,0.000,1.000,stress,good
1783252809.148438,1,61.236,0.612355,0.000,1.000,1,51.548,0.515481,0.000,1.000,1,83.376,0.833764,0.000,1.000,1,15.825,0.158255,0.000,1.000,1,51.459,0.514593,0.000,1.000,1,49.435,0.494353,0.000,1.000,stress,good
1783252809.156250,1,62.751,0.627508,0.000,1.000,1,47.406,0.474062,0.000,1.000,1,84.750,0.847499,0.000,1.000,1,9.724,0.097239,0.000,1.000,1,42.093,0.420933,0.000,1.000,1,52.067,0.520670,0.000,1.000,stress,good
1783252809.164062,1,66.163,0.661631,0.000,1.000,1,48.957,0.489570,0.000,1.000,1,89.163,0.891629,0.000,1.000,1,8.755,0.087552,0.000,1.000,1,44.990,0.449896,0.000,1.000,1,54.195,0.541947,0.000,1.000,stress,good
1783252809.171875,1,62.985,0.629853,0.000,1.000,1,51.366,0.513662,0.000,1.000,1,84.506,0.845060,0.000,1.000,1,9.906,0.099059,0.000,1.000,1,47.821,0.478209,0.000,1.000,1,51.191,0.511915,0.000,1.000,stress,good
1783252809.179688,1,65.167,0.651674,0.000,1.000,1,48.546,0.485457,0.000,1.000,1,83.673,0.836732,0.000,1.000,1,11.461,0.114608,0.000,1.000,1,48.014,0.480144,0.000,1.000,1,47.812,0.478121,0.000,1.000,stress,good
1783252809.187500,1,65.226,0.652256,0.000,1.000,1,48.584,0.485839,0.000,1.000,1,82.791,0.827911,0.000,1.000,1,9.175,0.091750,0.000,1.000,1,49.495,0.494949,0.000,1.000,1,47.921,0.479212,0.000,1.000,stress,good
1783252809.195312,1,66.339,0.663387,0.000,1.000,1,52.262,0.522620,0.000,1.000,1,85.616,0.856158,0.000,1.000,1,9.826,0.098258,0.000,1.000,1,48.866,0.488655,0.000,1.000,1,53.160,0.531595,0.000,1.000,stress,good
1783252809.203125,1,60.003,0.600035,0.000,1.000,1,51.155,0.511554,0.000,1.000,1,81.124,0.811237,0.000,1.000,1,13.563,0.135634,0.000,1.000,1,44.695,0.446946,0.000,1.000,1,50.811,0.508114,0.000,1.000,stress,good
1783252809.210938,1,65.644,0.656438,0.000,1.000,1,50.189,0.501886,0.000,1.000,1,82.024,0.820239,0.000,1.000,1,12.470,0.124700,0.000,1.000,1,46.821,0.468214,0.000,1.000,1,53.074,0.530738,0.000,1.000,stress,good
1783252809.218750,1,66.177,0.661765,0.000,1.000,1,52.782,0.527818,0.000,1.000,1,87.073,0.870734,0.000,1.000,1,11.226,0.112257,0.000,1.000,1,50.326,0.503263,0.000,1.000,1,50.360,0.503602,0.000,1.000,stress,good
1783252809.226562,1,60.891,0.608907,0.000,1.000,1,49.872,0.498716,0.000,1.000,1,84.043,0.840431,0.000,1.000,1,9.606,0.096063,0.000,1.000,1,46.162,0.461621,0.000,1.000,1,46.404,0.464043,0.000,1.000,stress,good
1783252809.234375,1,63.037,0.630373,0.000,1.000,1,52.647,0.526470,0.000,1.000,1,86.261,0.862614,0.000,1.000,1,9.401,0.094013,0.000,1.000,1,48.738,0.487381,0.000,1.000,1,50.142,0.501418,0.000,1.000,stress,good
1783252809.242188,1,61.849,0.618489,0.000,1.000,1,51.200,0.512004,0.000,1.000,1,88.751,0.887515,0.000,1.000,1,9.952,0.099523,0.000,1.000,1,47.204,0.472040,0.000,1.000,1,52.498,0.524981,0.000,1.000,stress,good
1783252809.250000,1,68.588,0.685876,0.000,1.000,1,50.269,0.502685,0.000,1.000,1,89.660,0.896598,0.000,1.000,1,10.447,0.104469,0.000,1.000,1,50.928,0.509279,0.000,1.000,1,47.489,0.474894,0.000,1.000,stress,good
1783252809.257812,1,66.326,0.663260,0.000,1.000,1,52.976,0.529762,0.000,1.000,1,84.045,0.840450,0.000,1.000,1,10.627,0.106269,0.000,1.000,1,47.661,0.476611,0.000,1.000,1,54.825,0.548250,0.000,1.000,stress,good
1783252809.265625,1,65.587,0.655873,0.000,1.000,1,54.319,0.543189,0.000,1.000,1,82.084,0.820842,0.000,1.000,1,13.106,0.131063,0.000,1.000,1,44.018,0.440180,0.000,1.000,1,51.189,0.511888,0.000,1.000,stress,good
1783252809.273438,1,58.646,0.586459,0.000,1.000,1,53.853,0.538534,0.000,1.000,1,87.555,0.875551,0.000,1.000,1,10.704,0.107040,0.000,1.000,1,45.644,0.456439,0.000,1.000,1,49.292,0.492922,0.000,1.000,stress,good
1783252809.281250,1,67.575,0.675746,0.000,1.000,1,48.768,0.487676,0.000,1.000,1,86.723,0.867228,0.000,1.000,1,14.860,0.148604,0.000,1.000,1,42.327,0.423269,0.000,1.000,1,52.032,0.520323,0.000,1.000,stress,good
1783252809.289062,1,66.977,0.669774,0.000,1.000,1,49.760,0.497599,0.000,1.000,1,82.615,0.826154,0.000,1.000,1,9.661,0.096608,0.000,1.000,1,41.560,0.415598,0.000,1.000,1,49.786,0.497862,0.000,1.000,stress,good
1783252809.296875,1,66.561,0.665612,0.000,1.000,1,47.816,0.478161,0.000,1.000,1,86.368,0.863678,0.000,1.000,1,8.357,0.083568,0.000,1.000,1,40.812,0.408121,0.000,1.000,1,48.535,0.485353,0.000,1.000,stress,good
1783252809.304688,1,65.960,0.659603,0.000,1.000,1,52.461,0.524609,0.000,1.000,1,83.456,0.834562,0.000,1.000,1,10.408,0.104078,0.000,1.000,1,42.997,0.429969,0.000,1.000,1,51.726,0.517261,0.000,1.000,stress,good
1783252809.312500,1,64.237,0.642369,0.000,1.000,1,51.845,0.518447,0.000,1.000,1,82.210,0.822103,0.000,1.000,1,13.074,0.130738,0.000,1.000,1,46.584,0.465845,0.000,1.000,1,50.572,0.505723,0.000,1.000,stress,good
1783252809.320312,1,67.738,0.677379,0.000,1.000,1,48.340,0.483404,0.000,1.000,1,87.320,0.873201,0.000,1.000,1,11.813,0.118126,0.000,1.000,1,46.936,0.469361,0.000,1.000,1,49.426,0.494262,0.000,1.000,stress,good
1783252809.328125,1,64.984,0.649839,0.000,1.000,1,54.963,0.549631,0.000,1.000,1,86.700,0.866995,0.000,1.000,1,6.920,0.069204,0.000,1.000,1,45.744,0.457439,0.000,1.000,1,49.687,0.496875,0.000,1.000,stress,good
1783252809.335938,1,65.126,0.651261,0.000,1.000,1,55.212,0.552122,0.000,1.000,1,88.510,0.885101,0.000,1.000,1,12.509,0.125092,0.000,1.000,1,49.489,0.494894,0.000,1.000,1,50.032,0.500319,0.000,1.000,stress,good
1783252809.343750,1,64.008,0.640080,0.000,1.000,1,50.795,0.507946,0.000,1.000,1,84.876,0.848761,0.000,1.000,1,11.978,0.119776,0.000,1.000,1,45.584,0.455841,0.000,1.000,1,52.144,0.521442,0.000,1.000,stress,good
1783252809.351562,1,63.082,0.630817,0.000,1.000,1,47.293,0.472928,0.000,1.000,1,89.817,0.898170,0.000,1.000,1,12.913,0.129134,0.000,1.000,1,48.743,0.487430,0.000,1.000,1,50.312,0.503125,0.000,1.000,stress,good
1783252809.359375,1,65.349,0.653492,0.000,1.000,1,51.758,0.517577,0.000,1.000,1,88.171,0.881710,0.000,1.000,1,12.761,0.127613,0.000,1.000,1,48.104,0.481041,0.000,1.000,1,51.206,0.512057,0.000,1.000,stress,good
1783252809.367188,1,69.393,0.693928,0.000,1.000,1,53.225,0.532249,0.000,1.000,1,87.016,0.870158,0.000,1.000,1,11.901,0.119010,0.000,1.000,1,46.077,0.460770,0.000,1.000,1,51.650,0.516498,0.000,1.000,stress,good
1783252809.375000,1,64.374,0.643745,0.000,1.000,1,49.436,0.494363,0.000,1.000,1,86.795,0.867954,0.000,1.000,1,15.420,0.154200,0.000,1.000,1,45.286,0.452862,0.000,1.000,1,47.479,0.474786,0.000,1.000,stress,good
1783252809.382812,1,61.037,0.610371,0.000,1.000,1,51.793,0.517932,0.000,1.000,1,86.685,0.866853,0.000,1.000,1,10.760,0.107598,0.000,1.000,1,47.191,0.471911,0.000,1.000,1,52.455,0.524546,0.000,1.000,stress,good
1783252809.390625,1,63.391,0.633907,0.000,1.000,1,46.219,0.462186,0.000,1.000,1,89.965,0.899645,0.000,1.000,1,13.062,0.130622,0.000,1.000,1,48.141,0.481409,0.000,1.000,1,53.684,0.536844,0.000,1.000,stress,good
1783252809.398438,1,66.515,0.665145,0.000,1.000,1,49.923,0.499234,0.000,1.000,1,85.641,0.856411,0.000,1.000,1,15.633,0.156333,0.000,1.000,1,48.127,0.481272,0.000,1.000,1,51.420,0.514202,0.000,1.000,stress,good
1783252809.406250,1,66.938,0.669383,0.000,1.000,1,49.692,0.496923,0.000,1.000,1,87.945,0.879451,0.000,1.000,1,16.122,0.161219,0.000,1.000,1,43.923,0.439233,0.000,1.000,1,50.763,0.507625,0.000,1.000,stress,good
1783252809.414062,1,66.117,0.661172,0.000,1.000,1,46.521,0.465212,0.000,1.000,1,82.673,0.826726,0.000,1.000,1,10.994,0.109943,0.000,1.000,1,49.248,0.492485,0.000,1.000,1,52.569,0.525687,0.000,1.000,stress,good
1783252809.421875,1,63.828,0.638282,0.000,1.000,1,56.365,0.563645,0.000,1.000,1,85.870,0.858701,0.000,1.000,1,11.627,0.116269,0.000,1.000,1,48.241,0.482411,0.000,1.000,1,46.991,0.469909,0.000,1.000,stress,good
1783252809.429688,1,63.893,0.638925,0.000,1.000,1,48.693,0.486927,0.000,1.000,1,83.140,0.831398,0.000,1.000,1,10.137,0.101369,0.000,1.000,1,46.078,0.460783,0.000,1.000,1,50.743,0.507431,0.000,1.000,stress,good
1783252809.437500,1,64.399,0.643989,0.000,1.000,1,49.480,0.494802,0.000,1.000,1,82.902,0.829025,0.000,1.000,1,12.397,0.123973,0.000,1.000,1,47.407,0.474066,0.000,1.000,1,50.511,0.505109,0.000,1.000,stress,good
1783252809.445312,1,67.852,0.678520,0.000,1.000,1,46.985,0.469846,0.000,1.000,1,86.169,0.861691,0.000,1.000,1,9.110,0.091102,0.000,1.000,1,41.683,0.416834,0.000,1.000,1,48.293,0.482930,0.000,1.000,stress,good
1783252809.453125,1,63.593,0.635931,0.000,1.000,1,50.732,0.507320,0.000,1.000,1,91.642,0.916422,0.000,1.000,1,9.805,0.098051,0.000,1.000,1,44.285,0.442854,0.000,1.000,1,49.979,0.499791,0.000,1.000,stress,good
1783252809.460938,1,63.086,0.630858,0.000,1.000,1,45.997,0.459969,0.000,1.000,1,87.023,0.870228,0.000,1.000,1,9.205,0.092053,0.000,1.000,1,46.407,0.464068,0.000,1.000,1,52.688,0.526882,0.000,1.000,stress,good
1783252809.468750,1,64.145,0.641447,0.000,1.000,1,46.719,0.467191,0.000,1.000,1,89.311,0.893114,0.000,1.000,1,12.259,0.122594,0.000,1.000,1,43.137,0.431369,0.000,1.000,1,52.760,0.527602,0.000,1.000,stress,good
1783252809.476562,1,63.015,0.630152,0.000,1.000,1,55.055,0.550551,0.000,1.000,1,83.258,0.832575,0.000,1.000,1,11.525,0.115253,0.000,1.000,1,50.326,0.503263,0.000,1.000,1,45.233,0.452326,0.000,1.000,stress,good
1783252809.484375,1,67.705,0.677054,0.000,1.000,1,44.889,0.448892,0.000,1.000,1,82.577,0.825765,0.000,1.000,1,15.091,0.150905,0.000,1.000,1,45.307,0.453072,0.000,1.000,1,49.114,0.491143,0.000,1.000,stress,good
1783252809.492188,1,66.638,0.666378,0.000,1.000,1,51.721,0.517208,0.000,1.000,1,85.478,0.854784,0.000,1.000,1,11.946,0.119456,0.000,1.000,1,47.240,0.472404,0.000,1.000,1,46.119,0.461189,0.000,1.000,stress,good
1783252809.500000,1,65.422,0.654216,0.000,1.000,1,46.731,0.467307,0.000,1.000,1,87.476,0.874759,0.000,1.000,1,12.478,0.124776,0.000,1.000,1,47.525,0.475251,0.000,1.000,1,45.766,0.457657,0.000,1.000,stress,good
1783252809.507812,1,61.216,0.612159,0.000,1.000,1,54.532,0.545321,0.000,1.000,1,89.079,0.890789,0.000,1.000,1,14.512,0.145120,0.000,1.000,1,43.141,0.431407,0.000,1.000,1,52.645,0.526451,0.000,1.000,stress,good
1783252809.515625,1,64.646,0.646464,0.000,1.000,1,51.111,0.511113,0.000,1.000,1,88.395,0.883952,0.000,1.000,1,11.266,0.112657,0.000,1.000,1,42.763,0.427634,0.000,1.000,1,51.952,0.519521,0.000,1.000,stress,good
1783252809.523438,1,61.545,0.615450,0.000,1.000,1,50.381,0.503814,0.000,1.000,1,83.875,0.838750,0.000,1.000,1,12.224,0.122236,0.000,1.000,1,47.023,0.470228,0.000,1.000,1,48.362,0.483618,0.000,1.000,stress,good
1783252809.531250,1,64.862,0.648625,0.000,1.000,1,48.522,0.485223,0.000,1.000,1,88.057,0.880571,0.000,1.000,1,9.712,0.097116,0.000,1.000,1,44.459,0.444585,0.000,1.000,1,49.870,0.498702,0.000,1.000,stress,good
1783252809.539062,1,61.905,0.619048,0.000,1.000,1,52.530,0.525303,0.000,1.000,1,82.375,0.823752,0.000,1.000,1,10.236,0.102357,0.000,1.000,1,45.171,0.451706,0.000,1.000,1,48.307,0.483066,0.000,1.000,stress,good
1783252809.546875,1,62.368,0.623683,0.000,1.000,1,52.429,0.524294,0.000,1.000,1,86.658,0.866580,0.000,1.000,1,11.749,0.117493,0.000,1.000,1,46.739,0.467390,0.000,1.000,1,52.278,0.522777,0.000,1.000,stress,good
1783252809.554688,1,65.382,0.653821,0.000,1.000,1,52.302,0.523018,0.000,1.000,1,82.067,0.820666,0.000,1.000,1,9.494,0.094942,0.000,1.000,1,49.807,0.498071,0.000,1.000,1,55.882,0.558816,0.000,1.000,stress,good
1783252809.562500,1,64.642,0.646418,0.000,1.000,1,49.885,0.498847,0.000,1.000,1,79.010,0.790104,0.000,1.000,1,14.136,0.141358,0.000,1.000,1,47.919,0.479185,0.000,1.000,1,54.132,0.541324,0.000,1.000,stress,good
1783252809.570312,1,67.068,0.670678,0.000,1.000,1,48.951,0.489510,0.000,1.000,1,84.712,0.847125,0.000,1.000,1,9.053,0.090532,0.000,1.000,1,44.674,0.446744,0.000,1.000,1,53.589,0.535891,0.000,1.000,stress,good
1783252809.578125,1,66.705,0.667047,0.000,1.000,1,50.006,0.500065,0.000,1.000,1,81.648,0.816481,0.000,1.000,1,13.005,0.130054,0.000,1.000,1,45.301,0.453006,0.000,1.000,1,50.509,0.505090,0.000,1.000,stress,good
1783252809.585938,1,63.890,0.638902,0.000,1.000,1,48.512,0.485118,0.000,1.000,1,85.165,0.851650,0.000,1.000,1,10.210,0.102105,0.000,1.000,1,47.041,0.470407,0.000,1.000,1,53.495,0.534954,0.000,1.000,stress,good
1783252809.593750,1,68.313,0.683125,0.000,1.000,1,53.662,0.536617,0.000,1.000,1,86.464,0.864644,0.000,1.000,1,12.863,0.128625,0.000,1.000,1,48.938,0.489382,0.000,1.000,1,53.122,0.531219,0.000,1.000,stress,good
1783252809.601562,1,61.402,0.614017,0.000,1.000,1,49.820,0.498203,0.000,1.000,1,83.950,0.839497,0.000,1.000,1,12.264,0.122641,0.000,1.000,1,47.481,0.474815,0.000,1.000,1,51.606,0.516059,0.000,1.000,stress,good
1783252809.609375,1,69.552,0.695520,0.000,1.000,1,49.458,0.494580,0.000,1.000,1,82.806,0.828064,0.000,1.000,1,8.980,0.089803,0.000,1.000,1,44.885,0.448850,0.000,1.000,1,54.912,0.549117,0.000,1.000,stress,good
1783252809.617188,1,63.096,0.630955,0.000,1.000,1,51.204,0.512040,0.000,1.000,1,83.513,0.835134,0.000,1.000,1,13.589,0.135889,0.000,1.000,1,47.159,0.471586,0.000,1.000,1,48.448,0.484476,0.000,1.000,stress,good
1783252809.625000,1,67.650,0.676500,0.000,1.000,1,53.547,0.535470,0.000,1.000,1,82.778,0.827776,0.000,1.000,1,9.180,0.091799,0.000,1.000,1,44.509,0.445094,0.000,1.000,1,54.418,0.544176,0.000,1.000,stress,good
1783252809.632812,1,63.478,0.634783,0.000,1.000,1,48.883,0.488832,0.000,1.000,1,87.380,0.873798,0.000,1.000,1,9.493,0.094932,0.000,1.000,1,50.729,0.507287,0.000,1.000,1,46.469,0.464691,0.000,1.000,stress,good
1783252809.640625,1,65.527,0.655269,0.000,1.000,1,47.671,0.476711,0.000,1.000,1,80.772,0.807725,0.000,1.000,1,12.543,0.125431,0.000,1.000,1,45.686,0.456864,0.000,1.000,1,52.855,0.528548,0.000,1.000,stress,good
1783252809.648438,1,60.214,0.602143,0.000,1.000,1,47.110,0.471097,0.000,1.000,1,88.654,0.886538,0.000,1.000,1,6.514,0.065142,0.000,1.000,1,48.577,0.485770,0.000,1.000,1,52.472,0.524720,0.000,1.000,stress,good
1783252809.656250,1,64.545,0.645453,0.000,1.000,1,49.161,0.491611,0.000,1.000,1,87.096,0.870958,0.000,1.000,1,12.309,0.123087,0.000,1.000,1,51.511,0.515111,0.000,1.000,1,50.038,0.500378,0.000,1.000,stress,good
1783252809.664062,1,65.631,0.656309,0.000,1.000,1,50.732,0.507320,0.000,1.000,1,83.700,0.836997,0.000,1.000,1,7.430,0.074298,0.000,1.000,1,53.181,0.531805,0.000,1.000,1,49.832,0.498318,0.000,1.000,stress,good
1783252809.671875,1,66.666,0.666662,0.000,1.000,1,50.710,0.507097,0.000,1.000,1,85.685,0.856853,0.000,1.000,1,5.912,0.059123,0.000,1.000,1,43.302,0.433024,0.000,1.000,1,51.370,0.513697,0.000,1.000,stress,good
1783252809.679688,1,66.859,0.668592,0.000,1.000,1,53.910,0.539102,0.000,1.000,1,83.589,0.835889,0.000,1.000,1,13.898,0.138984,0.000,1.000,1,46.487,0.464871,0.000,1.000,1,49.318,0.493183,0.000,1.000,stress,good
1783252809.687500,1,65.539,0.655393,0.000,1.000,1,47.621,0.476209,0.000,1.000,1,85.239,0.852390,0.000,1.000,1,8.727,0.087275,0.000,1.000,1,47.108,0.471077,0.000,1.000,1,53.881,0.538813,0.000,1.000,stress,good
1783252809.695312,1,67.340,0.673403,0.000,1.000,1,51.400,0.514004,0.000,1.000,1,81.886,0.818860,0.000,1.000,1,12.732,0.127316,0.000,1.000,1,52.514,0.525135,0.000,1.000,1,54.877,0.548771,0.000,1.000,stress,good
1783252809.703125,1,63.959,0.639589,0.000,1.000,1,54.867,0.548673,0.000,1.000,1,88.138,0.881381,0.000,1.000,1,12.106,0.121059,0.000,1.000,1,45.114,0.451142,0.000,1.000,1,51.627,0.516274,0.000,1.000,stress,good
1783252809.710938,1,68.881,0.688814,0.000,1.000,1,49.462,0.494623,0.000,1.000,1,86.038,0.860377,0.000,1.000,1,8.424,0.084242,0.000,1.000,1,45.457,0.454569,0.000,1.000,1,50.724,0.507245,0.000,1.000,stress,good
1783252809.718750,1,66.755,0.667554,0.000,1.000,1,51.305,0.513052,0.000,1.000,1,85.052,0.850517,0.000,1.000,1,12.334,0.123341,0.000,1.000,1,52.346,0.523462,0.000,1.000,1,56.017,0.560167,0.000,1.000,stress,good
1783252809.726562,1,60.505,0.605054,0.000,1.000,1,53.712,0.537122,0.000,1.000,1,82.917,0.829173,0.000,1.000,1,11.231,0.112307,0.000,1.000,1,46.449,0.464489,0.000,1.000,1,52.343,0.523434,0.000,1.000,stress,good
1783252809.734375,1,65.312,0.653122,0.000,1.000,1,48.096,0.480958,0.000,1.000,1,88.778,0.887783,0.000,1.000,1,10.313,0.103129,0.000,1.000,1,48.480,0.484800,0.000,1.000,1,49.929,0.499293,0.000,1.000,stress,good
1783252809.742188,1,59.908,0.599076,0.000,1.000,1,49.822,0.498219,0.000,1.000,1,85.606,0.856064,0.000,1.000,1,12.034,0.120340,0.000,1.000,1,44.001,0.440010,0.000,1.000,1,53.317,0.533172,0.000,1.000,stress,good
1783252809.750000,1,64.595,0.645953,0.000,1.000,1,52.929,0.529289,0.000,1.000,1,87.772,0.877724,0.000,1.000,1,10.935,0.109355,0.000,1.000,1,50.296,0.502965,0.000,1.000,1,49.593,0.495926,0.000,1.000,stress,good
1783252809.757812,1,65.302,0.653017,0.000,1.000,1,51.270,0.512697,0.000,1.000,1,84.145,0.841450,0.000,1.000,1,13.392,0.133915,0.000,1.000,1,45.565,0.455648,0.000,1.000,1,51.009,0.510087,0.000,1.000,stress,good
1783252809.765625,1,64.604,0.646045,0.000,1.000,1,50.567,0.505666,0.000,1.000,1,85.305,0.853053,0.000,1.000,1,12.885,0.128847,0.000,1.000,1,49.277,0.492772,0.000,1.000,1,53.238,0.532377,0.000,1.000,stress,good
1783252809.773438,1,63.092,0.630923,0.000,1.000,1,54.105,0.541049,0.000,1.000,1,88.591,0.885910,0.000,1.000,1,5.685,0.056850,0.000,1.000,1,49.509,0.495094,0.000,1.000,1,53.619,0.536190,0.000,1.000,stress,good
1783252809.781250,1,66.966,0.669661,0.000,1.000,1,48.295,0.482951,0.000,1.000,1,88.945,0.889447,0.000,1.000,1,14.204,0.142039,0.000,1.000,1,49.513,0.495135,0.000,1.000,1,53.269,0.532693,0.000,1.000,stress,good
1783252809.789062,1,66.067,0.660670,0.000,1.000,1,53.014,0.530137,0.000,1.000,1,92.573,0.925730,0.000,1.000,1,11.759,0.117590,0.000,1.000,1,49.089,0.490889,0.000,1.000,1,51.176,0.511765,0.000,1.000,stress,good
1783252809.796875,1,66.020,0.660202,0.000,1.000,1,52.761,0.527610,0.000,1.000,1,88.337,0.883368,0.000,1.000,1,15.720,0.157201,0.000,1.000,1,45.366,0.453663,0.000,1.000,1,48.109,0.481085,0.000,1.000,stress,good
1783252809.804688,1,65.977,0.659766,0.000,1.000,1,53.379,0.533787,0.000,1.000,1,85.851,0.858509,0.000,1.000,1,11.464,0.114636,0.000,1.000,1,49.294,0.492939,0.000,1.000,1,52.407,0.524069,0.000,1.000,stress,good
1783252809.812500,1,68.241,0.682408,0.000,1.000,1,55.444,0.554436,0.000,1.000,1,86.505,0.865055,0.000,1.000,1,13.662,0.136624,0.000,1.000,1,50.264,0.502645,0.000,1.000,1,52.353,0.523527,0.000,1.000,stress,good
1783252809.820312,1,63.468,0.634682,0.000,1.000,1,53.056,0.530558,0.000,1.000,1,83.679,0.836786,0.000,1.000,1,13.138,0.131383,0.000,1.000,1,44.327,0.443275,0.000,1.000,1,52.655,0.526555,0.000,1.000,stress,good
1783252809.828125,1,64.190,0.641896,0.000,1.000,1,52.164,0.521642,0.000,1.000,1,84.067,0.840666,0.000,1.000,1,14.377,0.143770,0.000,1.000,1,47.559,0.475588,0.000,1.000,1,51.984,0.519844,0.000,1.000,stress,good
1783252809.835938,1,65.020,0.650196,0.000,1.000,1,48.558,0.485578,0.000,1.000,1,83.267,0.832672,0.000,1.000,1,11.580,0.115803,0.000,1.000,1,45.471,0.454712,0.000,1.000,1,47.523,0.475232,0.000,1.000,stress,good
1783252809.843750,1,68.761,0.687614,0.000,1.000,1,54.148,0.541483,0.000,1.000,1,85.030,0.850302,0.000,1.000,1,14.070,0.140696,0.000,1.000,1,45.650,0.456497,0.000,1.000,1,47.679,0.476791,0.000,1.000,stress,good
1783252809.851562,1,68.538,0.685376,0.000,1.000,1,49.240,0.492402,0.000,1.000,1,85.911,0.859114,0.000,1.000,1,9.495,0.094953,0.000,1.000,1,46.844,0.468441,0.000,1.000,1,53.756,0.537558,0.000,1.000,stress,good
1783252809.859375,1,63.334,0.633343,0.000,1.000,1,50.993,0.509926,0.000,1.000,1,82.909,0.829088,0.000,1.000,1,11.827,0.118268,0.000,1.000,1,48.361,0.483607,0.000,1.000,1,54.806,0.548063,0.000,1.000,stress,good
1783252809.867188,1,65.635,0.656346,0.000,1.000,1,50.062,0.500616,0.000,1.000,1,86.910,0.869101,0.000,1.000,1,16.512,0.165119,0.000,1.000,1,51.484,0.514845,0.000,1.000,1,51.998,0.519977,0.000,1.000,stress,good
1783252809.875000,1,65.780,0.657805,0.000,1.000,1,52.029,0.520291,0.000,1.000,1,89.887,0.898865,0.000,1.000,1,15.151,0.151509,0.000,1.000,1,46.178,0.461776,0.000,1.000,1,48.008,0.480081,0.000,1.000,stress,good
1783252809.882812,1,72.872,0.728723,0.000,1.000,1,50.679,0.506792,0.000,1.000,1,85.386,0.853858,0.000,1.000,1,15.753,0.157530,0.000,1.000,1,49.976,0.499756,0.000,1.000,1,50.939,0.509392,0.000,1.000,stress,good
1783252809.890625,1,67.329,0.673291,0.000,1.000,1,49.895,0.498951,0.000,1.000,1,87.519,0.875193,0.000,1.000,1,8.576,0.085757,0.000,1.000,1,49.201,0.492013,0.000,1.000,1,56.923,0.569229,0.000,1.000,stress,good
1783252809.898438,1,64.700,0.647001,0.000,1.000,1,51.153,0.511531,0.000,1.000,1,84.343,0.843433,0.000,1.000,1,9.805,0.098054,0.000,1.000,1,50.003,0.500027,0.000,1.000,1,46.587,0.465871,0.000,1.000,stress,good
1783252809.906250,1,63.330,0.633303,0.000,1.000,1,51.802,0.518017,0.000,1.000,1,86.302,0.863016,0.000,1.000,1,11.986,0.119860,0.000,1.000,1,47.191,0.471906,0.000,1.000,1,50.943,0.509433,0.000,1.000,stress,good
1783252809.914062,1,65.391,0.653912,0.000,1.000,1,49.203,0.492027,0.000,1.000,1,89.989,0.899892,0.000,1.000,1,10.299,0.102993,0.000,1.000,1,48.892,0.488916,0.000,1.000,1,52.626,0.526257,0.000,1.000,stress,good
1783252809.921875,1,65.676,0.656764,0.000,1.000,1,51.505,0.515052,0.000,1.000,1,86.592,0.865920,0.000,1.000,1,12.814,0.128136,0.000,1.000,1,43.825,0.438250,0.000,1.000,1,53.615,0.536146,0.000,1.000,stress,good
1783252809.929688,1,68.212,0.682122,0.000,1.000,1,51.493,0.514932,0.000,1.000,1,87.556,0.875556,0.000,1.000,1,9.189,0.091892,0.000,1.000,1,47.852,0.478518,0.000,1.000,1,48.353,0.483534,0.000,1.000,stress,good
1783252809.937500,1,65.677,0.656770,0.000,1.000,1,55.818,0.558185,0.000,1.000,1,88.837,0.888369,0.000,1.000,1,10.588,0.105878,0.000,1.000,1,49.399,0.493988,0.000,1.000,1,49.814,0.498144,0.000,1.000,stress,good
1783252809.945312,1,66.236,0.662360,0.000,1.000,1,55.311,0.553113,0.000,1.000,1,88.129,0.881292,0.000,1.000,1,10.400,0.103996,0.000,1.000,1,47.662,0.476625,0.000,1.000,1,51.459,0.514588,0.000,1.000,stress,good
1783252809.953125,1,62.875,0.628746,0.000,1.000,1,51.966,0.519660,0.000,1.000,1,87.900,0.878997,0.000,1.000,1,11.468,0.114685,0.000,1.000,1,49.644,0.496438,0.000,1.000,1,55.117,0.551169,0.000,1.000,stress,good
1783252809.960938,1,63.633,0.636333,0.000,1.000,1,48.845,0.488453,0.000,1.000,1,82.162,0.821618,0.000,1.000,1,12.295,0.122946,0.000,1.000,1,49.166,0.491662,0.000,1.000,1,52.937,0.529370,0.000,1.000,stress,good
1783252809.968750,1,63.651,0.636509,0.000,1.000,1,54.246,0.542462,0.000,1.000,1,86.865,0.868651,0.000,1.000,1,11.209,0.112090,0.000,1.000,1,48.226,0.482256,0.000,1.000,1,53.493,0.534932,0.000,1.000,stress,good
1783252809.976562,1,67.659,0.676587,0.000,1.000,1,50.812,0.508117,0.000,1.000,1,86.220,0.862199,0.000,1.000,1,12.686,0.126863,0.000,1.000,1,49.982,0.499819,0.000,1.000,1,51.702,0.517020,0.000,1.000,stress,good
1783252809.984375,1,65.795,0.657949,0.000,1.000,1,51.411,0.514108,0.000,1.000,1,86.096,0.860958,0.000,1.000,1,8.513,0.085132,0.000,1.000,1,44.396,0.443961,0.000,1.000,1,51.946,0.519464,0.000,1.000,stress,good
1783252809.992188,1,65.708,0.657083,0.000,1.000,1,48.287,0.482874,0.000,1.000,1,84.859,0.848586,0.000,1.000,1,12.414,0.124143,0.000,1.000,1,51.726,0.517265,0.000,1.000,1,52.143,0.521434,0.000,1.000,stress,good
1783252810.000000,1,35.059,0.350588,0.000,1.000,1,14.589,0.145892,0.000,1.000,1,16.430,0.164295,0.000,1.000,1,82.521,0.825205,0.000,1.000,1,39.645,0.396451,0.000,1.000,1,36.934,0.369339,0.000,1.000,relaxation,good
1783252810.007812,1,32.974,0.329742,0.000,1.000,1,18.332,0.183318,0.000,1.000,1,15.202,0.152017,0.000,1.000,1,88.045,0.880447,0.000,1.000,1,39.524,0.395238,0.000,1.000,1,35.243,0.352425,0.000,1.000,relaxation,good
1783252810.015625,1,36.106,0.361056,0.000,1.000,1,15.133,0.151330,0.000,1.000,1,17.231,0.172305,0.000,1.000,1,87.715,0.877146,0.000,1.000,1,39.108,0.391079,0.000,1.000,1,38.356,0.383559,0.000,1.000,relaxation,good
1783252810.023438,1,36.232,0.362316,0.000,1.000,1,13.257,0.132566,0.000,1.000,1,14.367,0.143668,0.000,1.000,1,85.699,0.856992,0.000,1.000,1,41.980,0.419805,0.000,1.000,1,31.076,0.310764,0.000,1.000,relaxation,good
1783252810.031250,1,35.884,0.358840,0.000,1.000,1,17.090,0.170897,0.000,1.000,1,15.526,0.155261,0.000,1.000,1,85.804,0.858036,0.000,1.000,1,37.289,0.372893,0.000,1.000,1,34.164,0.341640,0.000,1.000,relaxation,good
1783252810.039062,1,38.747,0.387470,0.000,1.000,1,15.363,0.153626,0.000,1.000,1,14.827,0.148266,0.000,1.000,1,84.727,0.847269,0.000,1.000,1,42.325,0.423245,0.000,1.000,1,34.983,0.349830,0.000,1.000,relaxation,good
1783252810.046875,1,36.826,0.368262,0.000,1.000,1,16.314,0.163141,0.000,1.000,1,14.524,0.145238,0.000,1.000,1,85.543,0.855434,0.000,1.000,1,47.421,0.474206,0.000,1.000,1,37.009,0.370095,0.000,1.000,relaxation,good
1783252810.054688,1,32.741,0.327414,0.000,1.000,1,14.144,0.141442,0.000,1.000,1,15.697,0.156967,0.000,1.000,1,86.879,0.868787,0.000,1.000,1,42.905,0.429055,0.000,1.000,1,30.707,0.307065,0.000,1.000,relaxation,good
1783252810.062500,1,31.892,0.318916,0.000,1.000,1,14.717,0.147166,0.000,1.000,1,12.374,0.123742,0.000,1.000,1,83.814,0.838143,0.000,1.000,1,44.909,0.449088,0.000,1.000,1,29.803,0.298034,0.000,1.000,relaxation,good
1783252810.070312,1,35.050,0.350503,0.000,1.000,1,10.725,0.107250,0.000,1.000,1,16.716,0.167164,0.000,1.000,1,86.026,0.860260,0.000,1.000,1,40.743,0.407431,0.000,1.000,1,32.501,0.325011,0.000,1.000,relaxation,good
1783252810.078125,1,38.422,0.384218,0.000,1.000,1,17.885,0.178852,0.000,1.000,1,15.005,0.150046,0.000,1.000,1,82.929,0.829294,0.000,1.000,1,40.612,0.406117,0.000,1.000,1,39.117,0.391174,0.000,1.000,relaxation,good
1783252810.085938,1,37.590,0.375902,0.000,1.000,1,13.826,0.138258,0.000,1.000,1,18.862,0.188618,0.000,1.000,1,89.572,0.895720,0.000,1.000,1,47.332,0.473324,0.000,1.000,1,37.062,0.370621,0.000,1.000,relaxation,good
1783252810.093750,1,38.020,0.380198,0.000,1.000,1,15.879,0.158786,0.000,1.000,1,17.433,0.174332,0.000,1.000,1,88.084,0.880841,0.000,1.000,1,41.211,0.412111,0.000,1.000,1,35.148,0.351480,0.000,1.000,relaxation,good
1783252810.101562,1,31.698,0.316976,0.000,1.000,1,10.713,0.107131,0.000,1.000,1,15.934,0.159342,0.000,1.000,1,90.781,0.907814,0.000,1.000,1,37.755,0.377552,0.000,1.000,1,36.866,0.368664,0.000,1.000,relaxation,good
1783252810.109375,1,36.758,0.367582,0.000,1.000,1,11.910,0.119099,0.000,1.000,1,12.613,0.126127,0.000,1.000,1,87.587,0.875866,0.000,1.000,1,40.815,0.408147,0.000,1.000,1,31.397,0.313973,0.000,1.000,relaxation,good
1783252810.117188,1,37.901,0.379010,0.000,1.000,1,14.894,0.148945,0.000,1.000,1,14.653,0.146525,0.000,1.000,1,92.706,0.927061,0.000,1.000,1,46.984,0.469840,0.000,1.000,1,33.371,0.333710,0.000,1.000,relaxation,good
1783252810.125000,1,36.232,0.362319,0.000,1.000,1,14.074,0.140744,0.000,1.000,1,13.684,0.136840,0.000,1.000,1,91.424,0.914240,0.000,1.000,1,49.428,0.494277,0.000,1.000,1,33.227,0.332268,0.000,1.000,relaxation,good
1783252810.132812,1,37.204,0.372040,0.000,1.000,1,14.251,0.142512,0.000,1.000,1,15.277,0.152770,0.000,1.000,1,89.823,0.898234,0.000,1.000,1,47.076,0.470761,0.000,1.000,1,33.863,0.338628,0.000,1.000,relaxation,good
1783252810.140625,1,32.613,0.326131,0.000,1.000,1,16.716,0.167157,0.000,1.000,1,14.267,0.142665,0.000,1.000,1,88.347,0.883466,0.000,1.000,1,43.521,0.435205,0.000,1.000,1,37.295,0.372949,0.000,1.000,relaxation,good
1783252810.148438,1,38.410,0.384095,0.000,1.000,1,17.294,0.172944,0.000,1.000,1,17.550,0.175504,0.000,1.000,1,89.189,0.891888,0.000,1.000,1,41.613,0.416129,0.000,1.000,1,32.688,0.326877,0.000,1.000,relaxation,good
1783252810.156250,1,36.780,0.367796,0.000,1.000,1,12.945,0.129453,0.000,1.000,1,13.583,0.135833,0.000,1.000,1,89.598,0.895976,0.000,1.000,1,41.798,0.417984,0.000,1.000,1,35.015,0.350148,0.000,1.000,relaxation,good
1783252810.164062,1,33.858,0.338583,0.000,1.000,1,12.283,0.122827,0.000,1.000,1,13.729,0.137286,0.000,1.000,1,82.166,0.821660,0.000,1.000,1,42.654,0.426537,0.000,1.000,1,37.226,0.372264,0.000,1.000,relaxation,good
1783252810.171875,1,33.309,0.333089,0.000,1.000,1,16.078,0.160783,0.000,1.000,1,13.853,0.138532,0.000,1.000,1,86.180,0.861796,0.000,1.000,1,39.831,0.398306,0.000,1.000,1,37.181,0.371807,0.000,1.000,relaxation,good
1783252810.179688,1,37.526,0.375261,0.000,1.000,1,15.291,0.152906,0.000,1.000,1,18.217,0.182169,0.000,1.000,1,86.282,0.862819,0.000,1.000,1,40.632,0.406321,0.000,1.000,1,36.882,0.368822,0.000,1.000,relaxation,good
1783252810.187500,1,34.618,0.346175,0.000,1.000,1,11.597,0.115969,0.000,1.000,1,15.226,0.152257,0.000,1.000,1,88.420,0.884196,0.000,1.000,1,42.415,0.424148,0.000,1.000,1,34.396,0.343956,0.000,1.000,relaxation,good
1783252810.195312,1,36.220,0.362197,0.000,1.000,1,19.314,0.193138,0.000,1.000,1,16.658,0.166585,0.000,1.000,1,87.248,0.872484,0.000,1.000,1,40.658,0.406579,0.000,1.000,1,36.693,0.366926,0.000,1.000,relaxation,good
1783252810.203125,1,39.223,0.392227,0.000,1.000,1,15.915,0.159148,0.000,1.000,1,18.382,0.183824,0.000,1.000,1,84.847,0.848474,0.000,1.000,1,41.975,0.419753,0.000,1.000,1,34.606,0.346061,0.000,1.000,relaxation,good
1783252810.210938,1,38.315,0.383148,0.000,1.000,1,15.626,0.156260,0.000,1.000,1,14.260,0.142595,0.000,1.000,1,85.398,0.853984,0.000,1.000,1,39.664,0.396641,0.000,1.000,1,34.563,0.345628,0.000,1.000,relaxation,good
1783252810.218750,1,37.758,0.377576,0.000,1.000,1,14.148,0.141475,0.000,1.000,1,17.441,0.174408,0.000,1.000,1,86.137,0.861371,0.000,1.000,1,44.773,0.447730,0.000,1.000,1,35.514,0.355137,0.000,1.000,relaxation,good
1783252810.226562,1,35.636,0.356356,0.000,1.000,1,10.384,0.103845,0.000,1.000,1,16.184,0.161836,0.000,1.000,1,85.144,0.851436,0.000,1.000,1,43.153,0.431531,0.000,1.000,1,36.345,0.363446,0.000,1.000,relaxation,good
1783252810.234375,1,33.366,0.333658,0.000,1.000,1,17.228,0.172282,0.000,1.000,1,18.286,0.182861,0.000,1.000,1,83.720,0.837204,0.000,1.000,1,41.702,0.417016,0.000,1.000,1,30.826,0.308256,0.000,1.000,relaxation,good
1783252810.242188,1,31.735,0.317353,0.000,1.000,1,11.637,0.116365,0.000,1.000,1,17.344,0.173442,0.000,1.000,1,82.113,0.821126,0.000,1.000,1,42.825,0.428248,0.000,1.000,1,35.674,0.356738,0.000,1.000,relaxation,good
1783252810.250000,1,38.369,0.383695,0.000,1.000,1,17.100,0.170999,0.000,1.000,1,13.897,0.138966,0.000,1.000,1,86.501,0.865011,0.000,1.000,1,46.231,0.462311,0.000,1.000,1,35.232,0.352316,0.000,1.000,relaxation,good
1783252810.257812,1,33.442,0.334417,0.000,1.000,1,13.008,0.130084,0.000,1.000,1,21.693,0.216927,0.000,1.000,1,83.257,0.832574,0.000,1.000,1,40.699,0.406986,0.000,1.000,1,33.124,0.331238,0.000,1.000,relaxation,good
1783252810.265625,1,40.330,0.403297,0.000,1.000,1,12.072,0.120715,0.000,1.000,1,13.518,0.135178,0.000,1.000,1,84.869,0.848691,0.000,1.000,1,42.382,0.423820,0.000,1.000,1,34.982,0.349822,0.000,1.000,relaxation,good
1783252810.273438,1,34.871,0.348709,0.000,1.000,1,16.332,0.163319,0.000,1.000,1,11.846,0.118458,0.000,1.000,1,88.191,0.881912,0.000,1.000,1,39.922,0.399220,0.000,1.000,1,34.702,0.347019,0.000,1.000,relaxation,good
1783252810.281250,1,41.813,0.418130,0.000,1.000,1,16.615,0.166149,0.000,1.000,1,15.372,0.153717,0.000,1.000,1,88.437,0.884365,0.000,1.000,1,43.507,0.435067,0.000,1.000,1,28.763,0.287628,0.000,1.000,relaxation,good
1783252810.289062,1,38.785,0.387851,0.000,1.000,1,10.283,0.102825,0.000,1.000,1,16.353,0.163532,0.000,1.000,1,83.591,0.835912,0.000,1.000,1,43.624,0.436238,0.000,1.000,1,33.964,0.339642,0.000,1.000,relaxation,good
1783252810.296875,1,38.679,0.386794,0.000,1.000,1,14.581,0.145806,0.000,1.000,1,11.583,0.115831,0.000,1.000,1,86.850,0.868500,0.000,1.000,1,41.318,0.413179,0.000,1.000,1,35.530,0.355300,0.000,1.000,relaxation,good
1783252810.304688,1,35.702,0.357016,0.000,1.000,1,18.572,0.185724,0.000,1.000,1,14.813,0.148131,0.000,1.000,1,86.499,0.864995,0.000,1.000,1,41.277,0.412769,0.000,1.000,1,33.468,0.334677,0.000,1.000,relaxation,good
1783252810.312500,1,36.609,0.366088,0.000,1.000,1,11.831,0.118308,0.000,1.000,1,15.310,0.153101,0.000,1.000,1,84.693,0.846933,0.000,1.000,1,40.165,0.401648,0.000,1.000,1,39.406,0.394057,0.000,1.000,relaxation,good
1783252810.320312,1,36.739,0.367394,0.000,1.000,1,15.096,0.150959,0.000,1.000,1,8.962,0.089621,0.000,1.000,1,84.180,0.841798,0.000,1.000,1,45.298,0.452977,0.000,1.000,1,32.459,0.324591,0.000,1.000,relaxation,good
1783252810.328125,1,33.792,0.337919,0.000,1.000,1,18.257,0.182566,0.000,1.000,1,15.490,0.154903,0.000,1.000,1,86.106,0.861058,0.000,1.000,1,43.643,0.436430,0.000,1.000,1,39.543,0.395427,0.000,1.000,relaxation,good
1783252810.335938,1,34.330,0.343304,0.000,1.000,1,19.232,0.192323,0.000,1.000,1,17.054,0.170539,0.000,1.000,1,88.029,0.880291,0.000,1.000,1,38.983,0.389829,0.000,1.000,1,33.226,0.332258,0.000,1.000,relaxation,good
1783252810.343750,1,37.075,0.370746,0.000,1.000,1,15.816,0.158162,0.000,1.000,1,15.365,0.153649,0.000,1.000,1,86.394,0.863941,0.000,1.000,1,40.721,0.407209,0.000,1.000,1,32.373,0.323725,0.000,1.000,relaxation,good
1783252810.351562,1,33.797,0.337969,0.000,1.000,1,11.193,0.111928,0.000,1.000,1,14.941,0.149414,0.000,1.000,1,88.910,0.889099,0.000,1.000,1,43.606,0.436056,0.000,1.000,1,32.848,0.328481,0.000,1.000,relaxation,good
1783252810.359375,1,36.290,0.362903,0.000,1.000,1,13.420,0.134199,0.000,1.000,1,16.011,0.160111,0.000,1.000,1,85.109,0.851087,0.000,1.000,1,43.262,0.432618,0.000,1.000,1,34.221,0.342213,0.000,1.000,relaxation,good
1783252810.367188,1,37.387,0.373875,0.000,1.000,1,14.102,0.141021,0.000,1.000,1,13.714,0.137137,0.000,1.000,1,86.096,0.860960,0.000,1.000,1,44.240,0.442398,0.000,1.000,1,33.378,0.333778,0.000,1.000,relaxation,good
1783252810.375000,1,34.208,0.342081,0.000,1.000,1,10.186,0.101857,0.000,1.000,1,15.295,0.152949,0.000,1.000,1,90.202,0.902021,0.000,1.000,1,47.153,0.471532,0.000,1.000,1,37.774,0.377742,0.000,1.000,relaxation,good
1783252810.382812,1,39.506,0.395061,0.000,1.000,1,14.946,0.149461,0.000,1.000,1,13.397,0.133970,0.000,1.000,1,85.834,0.858340,0.000,1.000,1,42.094,0.420941,0.000,1.000,1,37.748,0.377476,0.000,1.000,relaxation,good
1783252810.390625,1,31.759,0.317585,0.000,1.000,1,13.939,0.139385,0.000,1.000,1,13.409,0.134091,0.000,1.000,1,85.823,0.858233,0.000,1.000,1,40.018,0.400183,0.000,1.000,1,36.592,0.365918,0.000,1.000,relaxation,good
1783252810.398438,1,38.325,0.383250,0.000,1.000,1,14.307,0.143067,0.000,1.000,1,15.003,0.150029,0.000,1.000,1,85.169,0.851690,0.000,1.000,1,44.139,0.441385,0.000,1.000,1,33.086,0.330861,0.000,1.000,relaxation,good
1783252810.406250,1,32.910,0.329095,0.000,1.000,1,17.926,0.179258,0.000,1.000,1,18.205,0.182046,0.000,1.000,1,88.498,0.884982,0.000,1.000,1,42.264,0.422637,0.000,1.000,1,33.600,0.336000,0.000,1.000,relaxation,good
1783252810.414062,1,37.802,0.378020,0.000,1.000,1,14.587,0.145867,0.000,1.000,1,13.870,0.138697,0.000,1.000,1,85.367,0.853670,0.000,1.000,1,40.259,0.402595,0.000,1.000,1,32.305,0.323050,0.000,1.000,relaxation,good
1783252810.421875,1,35.276,0.352760,0.000,1.000,1,15.593,0.155927,0.000,1.000,1,14.136,0.141357,0.000,1.000,1,86.295,0.862952,0.000,1.000,1,44.035,0.440352,0.000,1.000,1,34.938,0.349384,0.000,1.000,relaxation,good
1783252810.429688,1,36.380,0.363804,0.000,1.000,1,17.168,0.171675,0.000,1.000,1,14.897,0.148968,0.000,1.000,1,89.238,0.892382,0.000,1.000,1,42.229,0.422291,0.000,1.000,1,38.315,0.383154,0.000,1.000,relaxation,good
1783252810.437500,1,33.455,0.334549,0.000,1.000,1,13.369,0.133690,0.000,1.000,1,10.683,0.106831,0.000,1.000,1,86.918,0.869178,0.000,1.000,1,47.573,0.475729,0.000,1.000,1,35.164,0.351635,0.000,1.000,relaxation,good
1783252810.445312,1,35.875,0.358751,0.000,1.000,1,16.929,0.169289,0.000,1.000,1,15.251,0.152514,0.000,1.000,1,85.558,0.855580,0.000,1.000,1,43.754,0.437535,0.000,1.000,1,31.961,0.319614,0.000,1.000,relaxation,good
1783252810.453125,1,38.858,0.388576,0.000,1.000,1,13.079,0.130795,0.000,1.000,1,20.269,0.202685,0.000,1.000,1,87.805,0.878047,0.000,1.000,1,44.725,0.447250,0.000,1.000,1,32.074,0.320741,0.000,1.000,relaxation,good
1783252810.460938,1,32.927,0.329271,0.000,1.000,1,14.197,0.141972,0.000,1.000,1,12.869,0.128688,0.000,1.000,1,87.134,0.871342,0.000,1.000,1,41.789,0.417890,0.000,1.000,1,36.284,0.362844,0.000,1.000,relaxation,good
1783252810.468750,1,36.483,0.364829,0.000,1.000,1,13.274,0.132743,0.000,1.000,1,18.495,0.184948,0.000,1.000,1,87.795,0.877954,0.000,1.000,1,43.516,0.435159,0.000,1.000,1,36.555,0.365553,0.000,1.000,relaxation,good
1783252810.476562,1,36.386,0.363857,0.000,1.000,1,14.635,0.146353,0.000,1.000,1,10.717,0.107174,0.000,1.000,1,89.131,0.891312,0.000,1.000,1,36.694,0.366941,0.000,1.000,1,33.334,0.333340,0.000,1.000,relaxation,good
1783252810.484375,1,41.012,0.410117,0.000,1.000,1,16.214,0.162144,0.000,1.000,1,15.200,0.151999,0.000,1.000,1,82.838,0.828383,0.000,1.000,1,46.246,0.462458,0.000,1.000,1,34.295,0.342954,0.000,1.000,relaxation,good
1783252810.492188,1,38.633,0.386330,0.000,1.000,1,11.908,0.119078,0.000,1.000,1,14.184,0.141842,0.000,1.000,1,88.197,0.881973,0.000,1.000,1,40.896,0.408961,0.000,1.000,1,33.815,0.338155,0.000,1.000,relaxation,good
1783252810.500000,1,33.679,0.336786,0.000,1.000,1,20.231,0.202305,0.000,1.000,1,14.533,0.145331,0.000,1.000,1,85.875,0.858750,0.000,1.000,1,42.644,0.426444,0.000,1.000,1,38.379,0.383790,0.000,1.000,relaxation,good
1783252810.507812,1,36.226,0.362260,0.000,1.000,1,11.948,0.119480,0.000,1.000,1,20.943,0.209429,0.000,1.000,1,86.250,0.862502,0.000,1.000,1,43.211,0.432111,0.000,1.000,1,30.956,0.309556,0.000,1.000,relaxation,good
1783252810.515625,1,37.885,0.378853,0.000,1.000,1,19.003,0.190028,0.000,1.000,1,16.726,0.167262,0.000,1.000,1,84.191,0.841910,0.000,1.000,1,49.467,0.494673,0.000,1.000,1,30.393,0.303932,0.000,1.000,relaxation,good
1783252810.523438,1,39.126,0.391260,0.000,1.000,1,15.214,0.152143,0.000,1.000,1,11.888,0.118881,0.000,1.000,1,88.768,0.887682,0.000,1.000,1,45.026,0.450257,0.000,1.000,1,34.817,0.348168,0.000,1.000,relaxation,good
1783252810.531250,1,39.722,0.397218,0.000,1.000,1,15.776,0.157763,0.000,1.000,1,17.515,0.175151,0.000,1.000,1,85.968,0.859681,0.000,1.000,1,43.318,0.433176,0.000,1.000,1,30.884,0.308842,0.000,1.000,relaxation,good
1783252810.539062,1,38.613,0.386129,0.000,1.000,1,14.652,0.146517,0.000,1.000,1,15.957,0.159574,0.000,1.000,1,85.195,0.851947,0.000,1.000,1,44.005,0.440050,0.000,1.000,1,37.984,0.379838,0.000,1.000,relaxation,good
1783252810.546875,1,39.830,0.398303,0.000,1.000,1,14.274,0.142738,0.000,1.000,1,18.357,0.183572,0.000,1.000,1,84.130,0.841302,0.000,1.000,1,45.539,0.455389,0.000,1.000,1,35.240,0.352401,0.000,1.000,relaxation,good
1783252810.554688,1,38.041,0.380411,0.000,1.000,1,17.224,0.172243,0.000,1.000,1,17.289,0.172893,0.000,1.000,1,90.212,0.902116,0.000,1.000,1,41.703,0.417027,0.000,1.000,1,34.527,0.345269,0.000,1.000,relaxation,good
1783252810.562500,1,38.077,0.380772,0.000,1.000,1,17.403,0.174034,0.000,1.000,1,15.171,0.151706,0.000,1.000,1,87.480,0.874801,0.000,1.000,1,46.482,0.464817,0.000,1.000,1,37.350,0.373504,0.000,1.000,relaxation,good
1783252810.570312,1,39.897,0.398970,0.000,1.000,1,16.219,0.162188,0.000,1.000,1,16.979,0.169786,0.000,1.000,1,86.637,0.866374,0.000,1.000,1,44.363,0.443628,0.000,1.000,1,30.509,0.305091,0.000,1.000,relaxation,good
1783252810.578125,1,37.554,0.375536,0.000,1.000,1,18.164,0.181640,0.000,1.000,1,14.328,0.143279,0.000,1.000,1,88.700,0.886995,0.000,1.000,1,49.217,0.492172,0.000,1.000,1,37.246,0.372462,0.000,1.000,relaxation,good
1783252810.585938,1,37.123,0.371233,0.000,1.000,1,15.970,0.159703,0.000,1.000,1,16.041,0.160414,0.000,1.000,1,92.365,0.923646,0.000,1.000,1,41.346,0.413464,0.000,1.000,1,30.448,0.304479,0.000,1.000,relaxation,good
1783252810.593750,1,39.724,0.397240,0.000,1.000,1,14.436,0.144359,0.000,1.000,1,12.620,0.126198,0.000,1.000,1,83.990,0.839896,0.000,1.000,1,40.270,0.402696,0.000,1.000,1,39.385,0.393850,0.000,1.000,relaxation,good
1783252810.601562,1,34.211,0.342106,0.000,1.000,1,14.060,0.140600,0.000,1.000,1,17.533,0.175326,0.000,1.000,1,85.142,0.851423,0.000,1.000,1,37.493,0.374931,0.000,1.000,1,33.030,0.330299,0.000,1.000,relaxation,good
1783252810.609375,1,36.473,0.364728,0.000,1.000,1,18.640,0.186399,0.000,1.000,1,18.028,0.180276,0.000,1.000,1,91.103,0.911028,0.000,1.000,1,41.926,0.419259,0.000,1.000,1,37.940,0.379400,0.000,1.000,relaxation,good
1783252810.617188,1,34.195,0.341950,0.000,1.000,1,15.593,0.155928,0.000,1.000,1,16.973,0.169735,0.000,1.000,1,85.861,0.858608,0.000,1.000,1,43.254,0.432536,0.000,1.000,1,38.904,0.389039,0.000,1.000,relaxation,good
1783252810.625000,1,33.027,0.330272,0.000,1.000,1,17.502,0.175016,0.000,1.000,1,14.888,0.148881,0.000,1.000,1,88.148,0.881482,0.000,1.000,1,44.676,0.446758,0.000,1.000,1,34.452,0.344523,0.000,1.000,relaxation,good
1783252810.632812,1,35.908,0.359079,0.000,1.000,1,13.496,0.134957,0.000,1.000,1,15.919,0.159194,0.000,1.000,1,83.532,0.835325,0.000,1.000,1,41.199,0.411990,0.000,1.000,1,33.401,0.334013,0.000,1.000,relaxation,good
1783252810.640625,1,37.639,0.376387,0.000,1.000,1,17.430,0.174299,0.000,1.000,1,15.459,0.154587,0.000,1.000,1,89.648,0.896480,0.000,1.000,1,44.266,0.442655,0.000,1.000,1,31.688,0.316877,0.000,1.000,relaxation,good
1783252810.648438,1,38.507,0.385072,0.000,1.000,1,12.921,0.129211,0.000,1.000,1,16.761,0.167613,0.000,1.000,1,87.439,0.874387,0.000,1.000,1,40.212,0.402121,0.000,1.000,1,34.965,0.349651,0.000,1.000,relaxation,good
1783252810.656250,1,37.063,0.370626,0.000,1.000,1,16.729,0.167287,0.000,1.000,1,14.798,0.147976,0.000,1.000,1,86.479,0.864794,0.000,1.000,1,41.721,0.417215,0.000,1.000,1,42.015,0.420146,0.000,1.000,relaxation,good
1783252810.664062,1,35.952,0.359523,0.000,1.000,1,17.764,0.177645,0.000,1.000,1,17.345,0.173454,0.000,1.000,1,83.822,0.838220,0.000,1.000,1,41.852,0.418517,0.000,1.000,1,36.474,0.364736,0.000,1.000,relaxation,good
1783252810.671875,1,40.212,0.402118,0.000,1.000,1,10.902,0.109023,0.000,1.000,1,15.732,0.157317,0.000,1.000,1,85.693,0.856927,0.000,1.000,1,43.070,0.430703,0.000,1.000,1,33.740,0.337400,0.000,1.000,relaxation,good
1783252810.679688,1,36.478,0.364777,0.000,1.000,1,17.409,0.174093,0.000,1.000,1,17.771,0.177707,0.000,1.000,1,87.693,0.876930,0.000,1.000,1,42.173,0.421728,0.000,1.000,1,32.672,0.326720,0.000,1.000,relaxation,good
1783252810.687500,1,34.734,0.347345,0.000,1.000,1,18.403,0.184034,0.000,1.000,1,19.270,0.192698,0.000,1.000,1,88.756,0.887561,0.000,1.000,1,44.865,0.448652,0.000,1.000,1,40.264,0.402637,0.000,1.000,relaxation,good
1783252810.695312,1,37.793,0.377926,0.000,1.000,1,11.593,0.115925,0.000,1.000,1,16.342,0.163423,0.000,1.000,1,88.864,0.888635,0.000,1.000,1,42.025,0.420251,0.000,1.000,1,28.482,0.284816,0.000,1.000,relaxation,good
1783252810.703125,1,38.829,0.388292,0.000,1.000,1,17.878,0.178783,0.000,1.000,1,16.881,0.168805,0.000,1.000,1,92.725,0.927245,0.000,1.000,1,43.191,0.431909,0.000,1.000,1,37.487,0.374866,0.000,1.000,relaxation,good
1783252810.710938,1,39.126,0.391262,0.000,1.000,1,12.086,0.120863,0.000,1.000,1,16.298,0.162977,0.000,1.000,1,87.146,0.871457,0.000,1.000,1,39.053,0.390530,0.000,1.000,1,33.488,0.334880,0.000,1.000,relaxation,good
1783252810.718750,1,36.397,0.363966,0.000,1.000,1,15.278,0.152783,0.000,1.000,1,12.988,0.129879,0.000,1.000,1,89.891,0.898911,0.000,1.000,1,45.951,0.459508,0.000,1.000,1,36.056,0.360563,0.000,1.000,relaxation,good
1783252810.726562,1,38.667,0.386668,0.000,1.000,1,16.331,0.163310,0.000,1.000,1,25.018,0.250180,0.000,1.000,1,86.115,0.861155,0.000,1.000,1,46.225,0.462245,0.000,1.000,1,33.596,0.335955,0.000,1.000,relaxation,good
1783252810.734375,1,38.147,0.381473,0.000,1.000,1,20.816,0.208163,0.000,1.000,1,15.445,0.154454,0.000,1.000,1,88.534,0.885341,0.000,1.000,1,43.654,0.436545,0.000,1.000,1,36.871,0.368705,0.000,1.000,relaxation,good
1783252810.742188,1,35.115,0.351151,0.000,1.000,1,17.706,0.177064,0.000,1.000,1,18.029,0.180293,0.000,1.000,1,90.031,0.900314,0.000,1.000,1,47.136,0.471363,0.000,1.000,1,35.403,0.354032,0.000,1.000,relaxation,good
1783252810.750000,1,37.484,0.374836,0.000,1.000,1,15.101,0.151006,0.000,1.000,1,19.053,0.190532,0.000,1.000,1,86.882,0.868818,0.000,1.000,1,42.977,0.429771,0.000,1.000,1,34.698,0.346984,0.000,1.000,relaxation,good
1783252810.757812,1,40.465,0.404655,0.000,1.000,1,18.362,0.183617,0.000,1.000,1,16.961,0.169606,0.000,1.000,1,85.060,0.850601,0.000,1.000,1,45.186,0.451864,0.000,1.000,1,35.561,0.355606,0.000,1.000,relaxation,good
1783252810.765625,1,36.816,0.368163,0.000,1.000,1,14.094,0.140938,0.000,1.000,1,17.056,0.170558,0.000,1.000,1,89.768,0.897683,0.000,1.000,1,47.790,0.477898,0.000,1.000,1,37.189,0.371888,0.000,1.000,relaxation,good
1783252810.773438,1,37.799,0.377992,0.000,1.000,1,18.347,0.183467,0.000,1.000,1,16.910,0.169097,0.000,1.000,1,86.153,0.861534,0.000,1.000,1,44.514,0.445141,0.000,1.000,1,34.991,0.349910,0.000,1.000,relaxation,good
1783252810.781250,1,37.489,0.374893,0.000,1.000,1,20.000,0.200003,0.000,1.000,1,18.940,0.189398,0.000,1.000,1,84.958,0.849580,0.000,1.000,1,44.528,0.445275,0.000,1.000,1,35.280,0.352800,0.000,1.000,relaxation,good
1783252810.789062,1,35.611,0.356109,0.000,1.000,1,13.765,0.137655,0.000,1.000,1,12.145,0.121447,0.000,1.000,1,88.358,0.883578,0.000,1.000,1,40.672,0.406724,0.000,1.000,1,29.524,0.295239,0.000,1.000,relaxation,good
1783252810.796875,1,36.484,0.364838,0.000,1.000,1,20.000,0.200004,0.000,1.000,1,15.023,0.150234,0.000,1.000,1,89.096,0.890959,0.000,1.000,1,45.803,0.458030,0.000,1.000,1,33.582,0.335819,0.000,1.000,relaxation,good
1783252810.804688,1,38.627,0.386268,0.000,1.000,1,15.371,0.153715,0.000,1.000,1,18.037,0.180373,0.000,1.000,1,82.993,0.829933,0.000,1.000,1,45.027,0.450272,0.000,1.000,1,39.076,0.390763,0.000,1.000,relaxation,good
1783252810.812500,1,40.414,0.404144,0.000,1.000,1,14.700,0.146998,0.000,1.000,1,17.341,0.173411,0.000,1.000,1,83.021,0.830210,0.000,1.000,1,38.848,0.388479,0.000,1.000,1,30.012,0.300119,0.000,1.000,relaxation,good
1783252810.820312,1,40.067,0.400673,0.000,1.000,1,10.909,0.109086,0.000,1.000,1,21.317,0.213173,0.000,1.000,1,88.490,0.884897,0.000,1.000,1,45.473,0.454725,0.000,1.000,1,35.970,0.359698,0.000,1.000,relaxation,good
1783252810.828125,1,35.069,0.350694,0.000,1.000,1,13.982,0.139824,0.000,1.000,1,20.159,0.201593,0.000,1.000,1,87.700,0.877000,0.000,1.000,1,40.852,0.408521,0.000,1.000,1,35.833,0.358330,0.000,1.000,relaxation,good
1783252810.835938,1,36.554,0.365539,0.000,1.000,1,19.097,0.190972,0.000,1.000,1,18.353,0.183529,0.000,1.000,1,85.927,0.859267,0.000,1.000,1,43.383,0.433834,0.000,1.000,1,35.079,0.350791,0.000,1.000,relaxation,good
1783252810.843750,1,42.302,0.423022,0.000,1.000,1,18.884,0.188841,0.000,1.000,1,18.847,0.188469,0.000,1.000,1,89.061,0.890609,0.000,1.000,1,42.522,0.425221,0.000,1.000,1,39.589,0.395892,0.000,1.000,relaxation,good
1783252810.851562,1,38.737,0.387369,0.000,1.000,1,12.822,0.128222,0.000,1.000,1,14.415,0.144147,0.000,1.000,1,84.134,0.841343,0.000,1.000,1,41.526,0.415260,0.000,1.000,1,37.336,0.373355,0.000,1.000,relaxation,good
1783252810.859375,1,35.850,0.358497,0.000,1.000,1,14.504,0.145037,0.000,1.000,1,14.073,0.140730,0.000,1.000,1,86.398,0.863981,0.000,1.000,1,38.893,0.388925,0.000,1.000,1,37.578,0.375780,0.000,1.000,relaxation,good
1783252810.867188,1,39.836,0.398362,0.000,1.000,1,17.514,0.175139,0.000,1.000,1,17.683,0.176826,0.000,1.000,1,87.108,0.871077,0.000,1.000,1,46.197,0.461967,0.000,1.000,1,34.691,0.346915,0.000,1.000,relaxation,good
1783252810.875000,1,36.296,0.362962,0.000,1.000,1,14.922,0.149219,0.000,1.000,1,16.291,0.162911,0.000,1.000,1,87.517,0.875165,0.000,1.000,1,45.346,0.453464,0.000,1.000,1,31.688,0.316877,0.000,1.000,relaxation,good
1783252810.882812,1,38.366,0.383664,0.000,1.000,1,15.840,0.158396,0.000,1.000,1,14.498,0.144977,0.000,1.000,1,80.018,0.800182,0.000,1.000,1,46.347,0.463467,0.000,1.000,1,37.336,0.373360,0.000,1.000,relaxation,good
1783252810.890625,1,39.176,0.391764,0.000,1.000,1,17.551,0.175508,0.000,1.000,1,19.285,0.192852,0.000,1.000,1,86.527,0.865267,0.000,1.000,1,40.894,0.408938,0.000,1.000,1,39.086,0.390862,0.000,1.000,relaxation,good
1783252810.898438,1,36.927,0.369269,0.000,1.000,1,12.310,0.123099,0.000,1.000,1,11.928,0.119284,0.000,1.000,1,85.281,0.852815,0.000,1.000,1,40.649,0.406488,0.000,1.000,1,31.046,0.310464,0.000,1.000,relaxation,good
1783252810.906250,1,40.816,0.408163,0.000,1.000,1,16.613,0.166132,0.000,1.000,1,21.110,0.211103,0.000,1.000,1,89.782,0.897820,0.000,1.000,1,45.651,0.456509,0.000,1.000,1,36.656,0.366557,0.000,1.000,relaxation,good
1783252810.914062,1,38.485,0.384850,0.000,1.000,1,14.705,0.147047,0.000,1.000,1,14.285,0.142851,0.000,1.000,1,85.982,0.859822,0.000,1.000,1,41.883,0.418825,0.000,1.000,1,36.532,0.365325,0.000,1.000,relaxation,good
1783252810.921875,1,33.776,0.337758,0.000,1.000,1,17.834,0.178339,0.000,1.000,1,16.474,0.164736,0.000,1.000,1,87.494,0.874939,0.000,1.000,1,42.869,0.428692,0.000,1.000,1,36.016,0.360162,0.000,1.000,relaxation,good
1783252810.929688,1,40.729,0.407295,0.000,1.000,1,15.375,0.153747,0.000,1.000,1,19.707,0.197071,0.000,1.000,1,87.466,0.874655,0.000,1.000,1,44.079,0.440788,0.000,1.000,1,35.125,0.351249,0.000,1.000,relaxation,good
1783252810.937500,1,43.217,0.432170,0.000,1.000,1,17.686,0.176859,0.000,1.000,1,14.747,0.147472,0.000,1.000,1,83.462,0.834622,0.000,1.000,1,41.078,0.410778,0.000,1.000,1,41.782,0.417822,0.000,1.000,relaxation,good
1783252810.945312,1,39.000,0.389999,0.000,1.000,1,13.255,0.132551,0.000,1.000,1,13.880,0.138800,0.000,1.000,1,85.556,0.855560,0.000,1.000,1,43.996,0.439961,0.000,1.000,1,33.755,0.337551,0.000,1.000,relaxation,good
1783252810.953125,1,41.179,0.411794,0.000,1.000,1,20.646,0.206456,0.000,1.000,1,13.451,0.134506,0.000,1.000,1,86.094,0.860938,0.000,1.000,1,38.987,0.389875,0.000,1.000,1,33.251,0.332510,0.000,1.000,relaxation,good
1783252810.960938,1,36.495,0.364952,0.000,1.000,1,16.794,0.167944,0.000,1.000,1,16.693,0.166928,0.000,1.000,1,84.727,0.847269,0.000,1.000,1,46.857,0.468566,0.000,1.000,1,32.347,0.323467,0.000,1.000,relaxation,good
1783252810.968750,1,36.676,0.366762,0.000,1.000,1,17.111,0.171112,0.000,1.000,1,19.147,0.191473,0.000,1.000,1,84.805,0.848048,0.000,1.000,1,45.028,0.450276,0.000,1.000,1,32.232,0.322323,0.000,1.000,relaxation,good
1783252810.976562,1,36.924,0.369245,0.000,1.000,1,10.977,0.109767,0.000,1.000,1,15.857,0.158568,0.000,1.000,1,84.070,0.840704,0.000,1.000,1,39.448,0.394481,0.000,1.000,1,34.480,0.344805,0.000,1.000,relaxation,good
1783252810.984375,1,37.086,0.370863,0.000,1.000,1,14.870,0.148702,0.000,1.000,1,17.610,0.176096,0.000,1.000,1,89.356,0.893564,0.000,1.000,1,46.356,0.463564,0.000,1.000,1,33.118,0.331183,0.000,1.000,relaxation,good
1783252810.992188,1,38.295,0.382948,0.000,1.000,1,11.881,0.118806,0.000,1.000,1,14.439,0.144387,0.000,1.000,1,90.740,0.907397,0.000,1.000,1,45.468,0.454675,0.000,1.000,1,33.486,0.334855,0.000,1.000,relaxation,good
1783252811.000000,1,35.737,0.357367,0.000,1.000,1,11.424,0.114244,0.000,1.000,1,12.447,0.124466,0.000,1.000,1,85.427,0.854271,0.000,1.000,1,45.551,0.455513,0.000,1.000,1,34.341,0.343409,0.000,1.000,relaxation,good
1783252811.007812,1,38.930,0.389300,0.000,1.000,1,13.890,0.138896,0.000,1.000,1,20.018,0.200183,0.000,1.000,1,88.262,0.882621,0.000,1.000,1,44.290,0.442896,0.000,1.000,1,35.482,0.354818,0.000,1.000,relaxation,good
1783252811.015625,1,36.803,0.368030,0.000,1.000,1,13.212,0.132122,0.000,1.000,1,14.440,0.144395,0.000,1.000,1,93.332,0.933319,0.000,1.000,1,44.413,0.444132,0.000,1.000,1,37.338,0.373382,0.000,1.000,relaxation,good
1783252811.023438,1,36.613,0.366126,0.000,1.000,1,15.313,0.153127,0.000,1.000,1,17.607,0.176074,0.000,1.000,1,88.106,0.881056,0.000,1.000,1,44.688,0.446877,0.000,1.000,1,36.282,0.362823,0.000,1.000,relaxation,good
1783252811.031250,1,34.403,0.344033,0.000,1.000,1,14.496,0.144958,0.000,1.000,1,18.869,0.188693,0.000,1.000,1,91.388,0.913881,0.000,1.000,1,41.281,0.412808,0.000,1.000,1,42.952,0.429515,0.000,1.000,relaxation,good
1783252811.039062,1,37.143,0.371434,0.000,1.000,1,12.014,0.120140,0.000,1.000,1,17.743,0.177428,0.000,1.000,1,87.313,0.873128,0.000,1.000,1,48.963,0.489628,0.000,1.000,1,38.311,0.383107,0.000,1.000,relaxation,good
1783252811.046875,1,39.215,0.392151,0.000,1.000,1,16.776,0.167761,0.000,1.000,1,16.802,0.168020,0.000,1.000,1,89.710,0.897105,0.000,1.000,1,44.385,0.443852,0.000,1.000,1,39.431,0.394314,0.000,1.000,relaxation,good
1783252811.054688,1,38.971,0.389713,0.000,1.000,1,18.350,0.183497,0.000,1.000,1,18.505,0.185054,0.000,1.000,1,90.223,0.902226,0.000,1.000,1,44.852,0.448519,0.000,1.000,1,33.827,0.338273,0.000,1.000,relaxation,good
1783252811.062500,1,37.861,0.378612,0.000,1.000,1,20.378,0.203783,0.000,1.000,1,14.989,0.149887,0.000,1.000,1,85.626,0.856257,0.000,1.000,1,41.315,0.413151,0.000,1.000,1,34.300,0.343000,0.000,1.000,relaxation,good
1783252811.070312,1,37.415,0.374146,0.000,1.000,1,11.790,0.117900,0.000,1.000,1,14.298,0.142983,0.000,1.000,1,86.863,0.868629,0.000,1.000,1,48.113,0.481128,0.000,1.000,1,35.507,0.355072,0.000,1.000,relaxation,good
1783252811.078125,1,38.153,0.381530,0.000,1.000,1,15.212,0.152119,0.000,1.000,1,18.148,0.181479,0.000,1.000,1,86.579,0.865787,0.000,1.000,1,43.280,0.432796,0.000,1.000,1,34.484,0.344838,0.000,1.000,relaxation,good
1783252811.085938,1,41.402,0.414022,0.000,1.000,1,13.262,0.132623,0.000,1.000,1,17.756,0.177564,0.000,1.000,1,85.571,0.855709,0.000,1.000,1,45.702,0.457022,0.000,1.000,1,31.015,0.310149,0.000,1.000,relaxation,good
1783252811.093750,1,37.312,0.373119,0.000,1.000,1,15.808,0.158084,0.000,1.000,1,24.744,0.247441,0.000,1.000,1,87.775,0.877754,0.000,1.000,1,42.318,0.423185,0.000,1.000,1,36.802,0.368024,0.000,1.000,relaxation,good
1783252811.101562,1,37.775,0.377751,0.000,1.000,1,13.734,0.137341,0.000,1.000,1,16.099,0.160989,0.000,1.000,1,87.342,0.873422,0.000,1.000,1,42.924,0.429239,0.000,1.000,1,35.233,0.352333,0.000,1.000,relaxation,good
1783252811.109375,1,38.930,0.389297,0.000,1.000,1,15.099,0.150994,0.000,1.000,1,18.312,0.183122,0.000,1.000,1,85.544,0.855440,0.000,1.000,1,46.061,0.460614,0.000,1.000,1,34.219,0.342186,0.000,1.000,relaxation,good
1783252811.117188,1,36.125,0.361246,0.000,1.000,1,17.436,0.174363,0.000,1.000,1,10.474,0.104742,0.000,1.000,1,84.283,0.842831,0.000,1.000,1,42.283,0.422829,0.000,1.000,1,37.273,0.372728,0.000,1.000,relaxation,good
1783252811.125000,1,36.625,0.366251,0.000,1.000,1,15.355,0.153552,0.000,1.000,1,13.402,0.134015,0.000,1.000,1,88.825,0.888254,0.000,1.000,1,43.744,0.437438,0.000,1.000,1,39.759,0.397589,0.000,1.000,relaxation,good
1783252811.132812,1,39.740,0.397400,0.000,1.000,1,15.615,0.156155,0.000,1.000,1,18.331,0.183312,0.000,1.000,1,88.258,0.882582,0.000,1.000,1,44.839,0.448389,0.000,1.000,1,33.419,0.334191,0.000,1.000,relaxation,good
1783252811.140625,1,34.465,0.344655,0.000,1.000,1,11.466,0.114663,0.000,1.000,1,16.984,0.169844,0.000,1.000,1,89.022,0.890222,0.000,1.000,1,42.819,0.428195,0.000,1.000,1,36.475,0.364754,0.000,1.000,relaxation,good
1783252811.148438,1,39.554,0.395541,0.000,1.000,1,17.592,0.175915,0.000,1.000,1,17.900,0.178998,0.000,1.000,1,86.862,0.868621,0.000,1.000,1,43.887,0.438873,0.000,1.000,1,39.402,0.394017,0.000,1.000,relaxation,good
1783252811.156250,1,37.906,0.379057,0.000,1.000,1,22.442,0.224416,0.000,1.000,1,17.841,0.178414,0.000,1.000,1,89.162,0.891622,0.000,1.000,1,45.057,0.450566,0.000,1.000,1,36.137,0.361374,0.000,1.000,relaxation,good
1783252811.164062,1,35.886,0.358859,0.000,1.000,1,15.900,0.159000,0.000,1.000,1,15.038,0.150383,0.000,1.000,1,85.197,0.851974,0.000,1.000,1,43.057,0.430568,0.000,1.000,1,37.276,0.372763,0.000,1.000,relaxation,good
1783252811.171875,1,39.634,0.396336,0.000,1.000,1,15.473,0.154727,0.000,1.000,1,19.990,0.199901,0.000,1.000,1,83.363,0.833634,0.000,1.000,1,42.054,0.420543,0.000,1.000,1,34.848,0.348484,0.000,1.000,relaxation,good
1783252811.179688,1,37.252,0.372522,0.000,1.000,1,14.203,0.142031,0.000,1.000,1,14.538,0.145379,0.000,1.000,1,83.488,0.834884,0.000,1.000,1,40.852,0.408519,0.000,1.000,1,38.673,0.386733,0.000,1.000,relaxation,good
1783252811.187500,1,38.713,0.387130,0.000,1.000,1,17.243,0.172432,0.000,1.000,1,16.885,0.168851,0.000,1.000,1,88.595,0.885946,0.000,1.000,1,44.310,0.443097,0.000,1.000,1,40.192,0.401922,0.000,1.000,relaxation,good
1783252811.195312,1,42.302,0.423018,0.000,1.000,1,18.007,0.180074,0.000,1.000,1,19.101,0.191011,0.000,1.000,1,84.359,0.843587,0.000,1.000,1,40.922,0.409221,0.000,1.000,1,36.582,0.365819,0.000,1.000,relaxation,good
1783252811.203125,1,38.130,0.381296,0.000,1.000,1,16.179,0.161795,0.000,1.000,1,20.608,0.206076,0.000,1.000,1,90.763,0.907634,0.000,1.000,1,41.392,0.413923,0.000,1.000,1,39.285,0.392850,0.000,1.000,relaxation,good
1783252811.210938,1,38.907,0.389070,0.000,1.000,1,13.617,0.136167,0.000,1.000,1,19.332,0.193319,0.000,1.000,1,89.599,0.895987,0.000,1.000,1,42.843,0.428426,0.000,1.000,1,37.360,0.373603,0.000,1.000,relaxation,good
1783252811.218750,1,39.327,0.393267,0.000,1.000,1,18.221,0.182209,0.000,1.000,1,15.654,0.156537,0.000,1.000,1,88.380,0.883799,0.000,1.000,1,41.826,0.418261,0.000,1.000,1,37.935,0.379348,0.000,1.000,relaxation,good
1783252811.226562,1,36.169,0.361689,0.000,1.000,1,16.994,0.169938,0.000,1.000,1,15.873,0.158733,0.000,1.000,1,88.662,0.886622,0.000,1.000,1,45.433,0.454327,0.000,1.000,1,35.287,0.352872,0.000,1.000,relaxation,good
1783252811.234375,1,35.070,0.350704,0.000,1.000,1,17.692,0.176921,0.000,1.000,1,18.914,0.189142,0.000,1.000,1,87.670,0.876701,0.000,1.000,1,45.654,0.456536,0.000,1.000,1,35.374,0.353740,0.000,1.000,relaxation,good
1783252811.242188,1,39.823,0.398225,0.000,1.000,1,15.432,0.154322,0.000,1.000,1,16.136,0.161364,0.000,1.000,1,86.309,0.863087,0.000,1.000,1,45.263,0.452629,0.000,1.000,1,32.842,0.328423,0.000,1.000,relaxation,good
1783252811.250000,1,38.183,0.381825,0.000,1.000,1,19.048,0.190481,0.000,1.000,1,13.474,0.134743,0.000,1.000,1,88.290,0.882897,0.000,1.000,1,49.970,0.499697,0.000,1.000,1,36.385,0.363853,0.000,1.000,relaxation,good
1783252811.257812,1,32.054,0.320540,0.000,1.000,1,16.812,0.168116,0.000,1.000,1,17.099,0.170989,0.000,1.000,1,86.126,0.861262,0.000,1.000,1,50.248,0.502484,0.000,1.000,1,36.498,0.364975,0.000,1.000,relaxation,good
1783252811.265625,1,42.906,0.429059,0.000,1.000,1,18.604,0.186043,0.000,1.000,1,16.027,0.160270,0.000,1.000,1,89.091,0.890907,0.000,1.000,1,42.495,0.424947,0.000,1.000,1,37.397,0.373972,0.000,1.000,relaxation,good
1783252811.273438,1,37.573,0.375725,0.000,1.000,1,15.528,0.155278,0.000,1.000,1,16.090,0.160898,0.000,1.000,1,89.436,0.894365,0.000,1.000,1,41.465,0.414653,0.000,1.000,1,37.739,0.377392,0.000,1.000,relaxation,good
1783252811.281250,1,37.098,0.370979,0.000,1.000,1,13.690,0.136895,0.000,1.000,1,17.763,0.177630,0.000,1.000,1,86.049,0.860491,0.000,1.000,1,44.112,0.441117,0.000,1.000,1,38.998,0.389981,0.000,1.000,relaxation,good
1783252811.289062,1,40.626,0.406256,0.000,1.000,1,18.225,0.182246,0.000,1.000,1,18.376,0.183762,0.000,1.000,1,84.863,0.848629,0.000,1.000,1,43.174,0.431744,0.000,1.000,1,33.635,0.336349,0.000,1.000,relaxation,good
1783252811.296875,1,41.512,0.415123,0.000,1.000,1,13.237,0.132369,0.000,1.000,1,15.089,0.150887,0.000,1.000,1,92.395,0.923951,0.000,1.000,1,43.963,0.439631,0.000,1.000,1,38.394,0.383941,0.000,1.000,relaxation,good
1783252811.304688,1,36.546,0.365458,0.000,1.000,1,19.967,0.199670,0.000,1.000,1,14.832,0.148320,0.000,1.000,1,88.137,0.881372,0.000,1.000,1,44.865,0.448654,0.000,1.000,1,35.953,0.359527,0.000,1.000,relaxation,good
1783252811.312500,1,35.532,0.355318,0.000,1.000,1,12.334,0.123337,0.000,1.000,1,16.594,0.165936,0.000,1.000,1,85.311,0.853109,0.000,1.000,1,44.174,0.441744,0.000,1.000,1,40.389,0.403890,0.000,1.000,relaxation,good
1783252811.320312,1,39.973,0.399731,0.000,1.000,1,17.828,0.178278,0.000,1.000,1,18.635,0.186350,0.000,1.000,1,91.996,0.919956,0.000,1.000,1,42.367,0.423666,0.000,1.000,1,34.003,0.340028,0.000,1.000,relaxation,good
1783252811.328125,1,38.964,0.389636,0.000,1.000,1,16.465,0.164647,0.000,1.000,1,17.243,0.172434,0.000,1.000,1,88.829,0.888292,0.000,1.000,1,39.582,0.395823,0.000,1.000,1,36.624,0.366240,0.000,1.000,relaxation,good
1783252811.335938,1,41.198,0.411983,0.000,1.000,1,16.148,0.161483,0.000,1.000,1,13.666,0.136660,0.000,1.000,1,85.478,0.854782,0.000,1.000,1,44.289,0.442889,0.000,1.000,1,33.756,0.337559,0.000,1.000,relaxation,good
1783252811.343750,1,40.400,0.403999,0.000,1.000,1,16.111,0.161105,0.000,1.000,1,21.729,0.217289,0.000,1.000,1,87.347,0.873474,0.000,1.000,1,44.931,0.449309,0.000,1.000,1,39.459,0.394594,0.000,1.000,relaxation,good
1783252811.351562,1,38.451,0.384506,0.000,1.000,1,14.448,0.144478,0.000,1.000,1,21.095,0.210951,0.000,1.000,1,91.432,0.914317,0.000,1.000,1,47.216,0.472156,0.000,1.000,1,35.661,0.356614,0.000,1.000,relaxation,good
1783252811.359375,1,38.286,0.382865,0.000,1.000,1,16.029,0.160291,0.000,1.000,1,16.463,0.164634,0.000,1.000,1,87.523,0.875227,0.000,1.000,1,46.649,0.466489,0.000,1.000,1,37.072,0.370719,0.000,1.000,relaxation,good
1783252811.367188,1,40.773,0.407728,0.000,1.000,1,11.626,0.116258,0.000,1.000,1,13.932,0.139316,0.000,1.000,1,81.697,0.816965,0.000,1.000,1,43.222,0.432225,0.000,1.000,1,32.610,0.326095,0.000,1.000,relaxation,good
1783252811.375000,1,41.293,0.412929,0.000,1.000,1,12.498,0.124980,0.000,1.000,1,18.940,0.189397,0.000,1.000,1,95.236,0.952362,0.000,1.000,1,44.065,0.440648,0.000,1.000,1,36.479,0.364793,0.000,1.000,relaxation,good
1783252811.382812,1,34.928,0.349283,0.000,1.000,1,14.144,0.141435,0.000,1.000,1,15.788,0.157878,0.000,1.000,1,85.487,0.854875,0.000,1.000,1,45.213,0.452127,0.000,1.000,1,33.674,0.336742,0.000,1.000,relaxation,good
1783252811.390625,1,40.362,0.403624,0.000,1.000,1,17.005,0.170050,0.000,1.000,1,14.534,0.145338,0.000,1.000,1,87.742,0.877421,0.000,1.000,1,44.642,0.446418,0.000,1.000,1,37.642,0.376422,0.000,1.000,relaxation,good
1783252811.398438,1,37.388,0.373885,0.000,1.000,1,18.120,0.181200,0.000,1.000,1,17.375,0.173753,0.000,1.000,1,86.736,0.867361,0.000,1.000,1,40.971,0.409713,0.000,1.000,1,34.678,0.346785,0.000,1.000,relaxation,good
1783252811.406250,1,37.646,0.376460,0.000,1.000,1,14.986,0.149855,0.000,1.000,1,13.691,0.136907,0.000,1.000,1,86.308,0.863076,0.000,1.000,1,44.240,0.442404,0.000,1.000,1,36.832,0.368322,0.000,1.000,relaxation,good
1783252811.414062,1,42.279,0.422786,0.000,1.000,1,13.269,0.132687,0.000,1.000,1,15.683,0.156833,0.000,1.000,1,84.580,0.845802,0.000,1.000,1,43.038,0.430378,0.000,1.000,1,37.313,0.373131,0.000,1.000,relaxation,good
1783252811.421875,1,37.629,0.376285,0.000,1.000,1,18.311,0.183108,0.000,1.000,1,17.094,0.170938,0.000,1.000,1,88.873,0.888734,0.000,1.000,1,47.562,0.475622,0.000,1.000,1,35.600,0.355995,0.000,1.000,relaxation,good
1783252811.429688,1,39.567,0.395670,0.000,1.000,1,15.159,0.151594,0.000,1.000,1,19.724,0.197238,0.000,1.000,1,85.792,0.857917,0.000,1.000,1,43.220,0.432200,0.000,1.000,1,34.808,0.348075,0.000,1.000,relaxation,good
1783252811.437500,1,33.820,0.338203,0.000,1.000,1,15.311,0.153110,0.000,1.000,1,16.893,0.168926,0.000,1.000,1,92.167,0.921673,0.000,1.000,1,43.592,0.435915,0.000,1.000,1,38.784,0.387838,0.000,1.000,relaxation,good
1783252811.445312,1,38.143,0.381430,0.000,1.000,1,17.814,0.178136,0.000,1.000,1,13.923,0.139225,0.000,1.000,1,87.032,0.870320,0.000,1.000,1,46.596,0.465963,0.000,1.000,1,36.153,0.361527,0.000,1.000,relaxation,good
1783252811.453125,1,37.636,0.376360,0.000,1.000,1,14.269,0.142692,0.000,1.000,1,21.639,0.216392,0.000,1.000,1,87.464,0.874637,0.000,1.000,1,48.783,0.487833,0.000,1.000,1,34.550,0.345495,0.000,1.000,relaxation,good
1783252811.460938,1,38.593,0.385930,0.000,1.000,1,18.893,0.188931,0.000,1.000,1,18.892,0.188924,0.000,1.000,1,90.616,0.906162,0.000,1.000,1,40.772,0.407721,0.000,1.000,1,38.718,0.387175,0.000,1.000,relaxation,good
1783252811.468750,1,39.269,0.392694,0.000,1.000,1,12.987,0.129872,0.000,1.000,1,17.347,0.173471,0.000,1.000,1,89.431,0.894308,0.000,1.000,1,46.281,0.462813,0.000,1.000,1,31.846,0.318464,0.000,1.000,relaxation,good
1783252811.476562,1,41.611,0.416106,0.000,1.000,1,15.775,0.157747,0.000,1.000,1,14.772,0.147721,0.000,1.000,1,89.125,0.891250,0.000,1.000,1,41.425,0.414246,0.000,1.000,1,33.476,0.334757,0.000,1.000,relaxation,good
1783252811.484375,1,40.003,0.400030,0.000,1.000,1,13.873,0.138726,0.000,1.000,1,16.153,0.161529,0.000,1.000,1,88.461,0.884607,0.000,1.000,1,43.356,0.433559,0.000,1.000,1,36.333,0.363331,0.000,1.000,relaxation,good
1783252811.492188,1,39.886,0.398864,0.000,1.000,1,17.092,0.170917,0.000,1.000,1,16.444,0.164440,0.000,1.000,1,87.762,0.877620,0.000,1.000,1,45.592,0.455920,0.000,1.000,1,35.866,0.358663,0.000,1.000,relaxation,good
1783252811.500000,1,32.982,0.329817,0.000,1.000,1,17.528,0.175275,0.000,1.000,1,17.570,0.175703,0.000,1.000,1,91.383,0.913832,0.000,1.000,1,44.716,0.447160,0.000,1.000,1,39.543,0.395432,0.000,1.000,relaxation,good
1783252811.507812,1,37.181,0.371810,0.000,1.000,1,19.113,0.191132,0.000,1.000,1,19.234,0.192344,0.000,1.000,1,91.970,0.919698,0.000,1.000,1,43.481,0.434812,0.000,1.000,1,33.861,0.338609,0.000,1.000,relaxation,good
1783252811.515625,1,37.640,0.376401,0.000,1.000,1,14.875,0.148755,0.000,1.000,1,17.633,0.176326,0.000,1.000,1,85.753,0.857525,0.000,1.000,1,44.147,0.441469,0.000,1.000,1,38.458,0.384578,0.000,1.000,relaxation,good
1783252811.523438,1,38.014,0.380140,0.000,1.000,1,20.080,0.200802,0.000,1.000,1,17.038,0.170376,0.000,1.000,1,87.116,0.871159,0.000,1.000,1,41.866,0.418664,0.000,1.000,1,36.885,0.368855,0.000,1.000,relaxation,good
1783252811.531250,1,43.316,0.433157,0.000,1.000,1,17.462,0.174622,0.000,1.000,1,19.036,0.190360,0.000,1.000,1,88.361,0.883606,0.000,1.000,1,45.413,0.454133,0.000,1.000,1,34.962,0.349616,0.000,1.000,relaxation,good
1783252811.539062,1,34.610,0.346097,0.000,1.000,1,15.812,0.158119,0.000,1.000,1,15.882,0.158817,0.000,1.000,1,87.428,0.874275,0.000,1.000,1,47.613,0.476131,0.000,1.000,1,36.784,0.367839,0.000,1.000,relaxation,good
1783252811.546875,1,37.845,0.378448,0.000,1.000,1,21.083,0.210828,0.000,1.000,1,16.438,0.164385,0.000,1.000,1,90.552,0.905524,0.000,1.000,1,42.191,0.421908,0.000,1.000,1,35.753,0.357529,0.000,1.000,relaxation,good
1783252811.554688,1,41.757,0.417575,0.000,1.000,1,16.905,0.169048,0.000,1.000,1,17.346,0.173460,0.000,1.000,1,91.555,0.915546,0.000,1.000,1,44.076,0.440758,0.000,1.000,1,39.030,0.390303,0.000,1.000,relaxation,good
1783252811.562500,1,40.211,0.402114,0.000,1.000,1,15.558,0.155577,0.000,1.000,1,18.512,0.185116,0.000,1.000,1,92.452,0.924524,0.000,1.000,1,47.688,0.476878,0.000,1.000,1,33.227,0.332269,0.000,1.000,relaxation,good
1783252811.570312,1,39.849,0.398495,0.000,1.000,1,17.399,0.173985,0.000,1.000,1,15.487,0.154867,0.000,1.000,1,86.547,0.865467,0.000,1.000,1,47.569,0.475688,0.000,1.000,1,37.000,0.370003,0.000,1.000,relaxation,good
1783252811.578125,1,39.961,0.399615,0.000,1.000,1,14.283,0.142831,0.000,1.000,1,16.060,0.160598,0.000,1.000,1,90.472,0.904719,0.000,1.000,1,43.115,0.431153,0.000,1.000,1,35.587,0.355869,0.000,1.000,relaxation,good
1783252811.585938,1,35.102,0.351023,0.000,1.000,1,16.988,0.169880,0.000,1.000,1,18.740,0.187400,0.000,1.000,1,89.873,0.898732,0.000,1.000,1,45.129,0.451290,0.000,1.000,1,34.309,0.343090,0.000,1.000,relaxation,good
1783252811.593750,1,40.072,0.400720,0.000,1.000,1,15.336,0.153360,0.000,1.000,1,16.276,0.162761,0.000,1.000,1,92.407,0.924065,0.000,1.000,1,48.647,0.486471,0.000,1.000,1,36.226,0.362257,0.000,1.000,relaxation,good
1783252811.601562,1,37.136,0.371357,0.000,1.000,1,18.208,0.182084,0.000,1.000,1,18.139,0.181390,0.000,1.000,1,88.991,0.889914,0.000,1.000,1,42.313,0.423134,0.000,1.000,1,38.072,0.380721,0.000,1.000,relaxation,good
1783252811.609375,1,33.674,0.336738,0.000,1.000,1,17.354,0.173535,0.000,1.000,1,18.689,0.186886,0.000,1.000,1,88.042,0.880419,0.000,1.000,1,45.388,0.453876,0.000,1.000,1,33.223,0.332229,0.000,1.000,relaxation,good
1783252811.617188,1,36.446,0.364461,0.000,1.000,1,17.318,0.173177,0.000,1.000,1,21.278,0.212785,0.000,1.000,1,91.644,0.916437,0.000,1.000,1,44.771,0.447706,0.000,1.000,1,34.007,0.340067,0.000,1.000,relaxation,good
1783252811.625000,1,37.171,0.371711,0.000,1.000,1,12.491,0.124908,0.000,1.000,1,17.248,0.172484,0.000,1.000,1,87.943,0.879429,0.000,1.000,1,39.603,0.396029,0.000,1.000,1,33.910,0.339097,0.000,1.000,relaxation,good
1783252811.632812,1,42.204,0.422042,0.000,1.000,1,15.030,0.150302,0.000,1.000,1,15.188,0.151882,0.000,1.000,1,86.961,0.869610,0.000,1.000,1,43.421,0.434215,0.000,1.000,1,37.550,0.375504,0.000,1.000,relaxation,good
1783252811.640625,1,38.104,0.381044,0.000,1.000,1,16.667,0.166669,0.000,1.000,1,13.248,0.132484,0.000,1.000,1,88.368,0.883678,0.000,1.000,1,45.699,0.456993,0.000,1.000,1,36.672,0.366723,0.000,1.000,relaxation,good
1783252811.648438,1,37.978,0.379778,0.000,1.000,1,12.520,0.125196,0.000,1.000,1,13.874,0.138739,0.000,1.000,1,92.395,0.923950,0.000,1.000,1,43.377,0.433773,0.000,1.000,1,39.884,0.398835,0.000,1.000,relaxation,good
1783252811.656250,1,35.233,0.352328,0.000,1.000,1,17.756,0.177558,0.000,1.000,1,14.645,0.146446,0.000,1.000,1,90.358,0.903584,0.000,1.000,1,43.350,0.433501,0.000,1.000,1,33.913,0.339127,0.000,1.000,relaxation,good
1783252811.664062,1,38.426,0.384259,0.000,1.000,1,14.572,0.145719,0.000,1.000,1,17.564,0.175643,0.000,1.000,1,88.319,0.883189,0.000,1.000,1,48.102,0.481016,0.000,1.000,1,34.031,0.340307,0.000,1.000,relaxation,good
1783252811.671875,1,40.417,0.404165,0.000,1.000,1,17.290,0.172897,0.000,1.000,1,13.880,0.138797,0.000,1.000,1,90.072,0.900724,0.000,1.000,1,45.530,0.455300,0.000,1.000,1,32.890,0.328900,0.000,1.000,relaxation,good
1783252811.679688,1,36.366,0.363663,0.000,1.000,1,15.257,0.152570,0.000,1.000,1,21.175,0.211751,0.000,1.000,1,87.563,0.875626,0.000,1.000,1,43.557,0.435571,0.000,1.000,1,37.405,0.374052,0.000,1.000,relaxation,good
1783252811.687500,1,42.013,0.420135,0.000,1.000,1,15.969,0.159686,0.000,1.000,1,20.767,0.207665,0.000,1.000,1,89.909,0.899087,0.000,1.000,1,43.654,0.436538,0.000,1.000,1,38.410,0.384100,0.000,1.000,relaxation,good
1783252811.695312,1,38.013,0.380127,0.000,1.000,1,20.015,0.200151,0.000,1.000,1,17.057,0.170575,0.000,1.000,1,91.978,0.919782,0.000,1.000,1,41.000,0.409995,0.000,1.000,1,36.680,0.366803,0.000,1.000,relaxation,good
1783252811.703125,1,41.675,0.416749,0.000,1.000,1,14.328,0.143282,0.000,1.000,1,17.924,0.179236,0.000,1.000,1,86.538,0.865383,0.000,1.000,1,46.157,0.461567,0.000,1.000,1,34.136,0.341360,0.000,1.000,relaxation,good
1783252811.710938,1,36.667,0.366673,0.000,1.000,1,16.103,0.161027,0.000,1.000,1,15.076,0.150765,0.000,1.000,1,91.180,0.911796,0.000,1.000,1,41.876,0.418757,0.000,1.000,1,37.216,0.372156,0.000,1.000,relaxation,good
1783252811.718750,1,35.118,0.351184,0.000,1.000,1,15.859,0.158585,0.000,1.000,1,19.923,0.199234,0.000,1.000,1,83.305,0.833052,0.000,1.000,1,42.491,0.424913,0.000,1.000,1,32.927,0.329268,0.000,1.000,relaxation,good
1783252811.726562,1,39.670,0.396696,0.000,1.000,1,20.133,0.201329,0.000,1.000,1,18.674,0.186744,0.000,1.000,1,89.387,0.893866,0.000,1.000,1,40.498,0.404985,0.000,1.000,1,39.495,0.394948,0.000,1.000,relaxation,good
1783252811.734375,1,34.728,0.347285,0.000,1.000,1,21.391,0.213906,0.000,1.000,1,17.551,0.175507,0.000,1.000,1,85.158,0.851580,0.000,1.000,1,43.325,0.433249,0.000,1.000,1,33.800,0.338004,0.000,1.000,relaxation,good
1783252811.742188,1,41.378,0.413785,0.000,1.000,1,15.279,0.152791,0.000,1.000,1,19.979,0.199786,0.000,1.000,1,88.382,0.883824,0.000,1.000,1,46.112,0.461123,0.000,1.000,1,33.842,0.338422,0.000,1.000,relaxation,good
1783252811.750000,1,43.111,0.431114,0.000,1.000,1,23.693,0.236929,0.000,1.000,1,16.936,0.169358,0.000,1.000,1,86.555,0.865555,0.000,1.000,1,46.886,0.468858,0.000,1.000,1,37.819,0.378185,0.000,1.000,relaxation,good
1783252811.757812,1,35.879,0.358788,0.000,1.000,1,20.359,0.203594,0.000,1.000,1,17.639,0.176389,0.000,1.000,1,85.912,0.859122,0.000,1.000,1,43.604,0.436035,0.000,1.000,1,32.971,0.329715,0.000,1.000,relaxation,good
1783252811.765625,1,38.705,0.387053,0.000,1.000,1,15.672,0.156722,0.000,1.000,1,18.453,0.184531,0.000,1.000,1,88.295,0.882948,0.000,1.000,1,45.863,0.458632,0.000,1.000,1,35.412,0.354120,0.000,1.000,relaxation,good
1783252811.773438,1,38.556,0.385559,0.000,1.000,1,13.026,0.130259,0.000,1.000,1,18.207,0.182069,0.000,1.000,1,89.754,0.897536,0.000,1.000,1,40.671,0.406708,0.000,1.000,1,37.483,0.374835,0.000,1.000,relaxation,good
1783252811.781250,1,35.877,0.358773,0.000,1.000,1,16.092,0.160921,0.000,1.000,1,18.744,0.187440,0.000,1.000,1,91.020,0.910196,0.000,1.000,1,47.449,0.474493,0.000,1.000,1,36.514,0.365138,0.000,1.000,relaxation,good
1783252811.789062,1,38.814,0.388137,0.000,1.000,1,13.121,0.131206,0.000,1.000,1,16.202,0.162018,0.000,1.000,1,89.996,0.899962,0.000,1.000,1,46.847,0.468470,0.000,1.000,1,34.527,0.345273,0.000,1.000,relaxation,good
1783252811.796875,1,38.997,0.389967,0.000,1.000,1,18.580,0.185798,0.000,1.000,1,16.957,0.169574,0.000,1.000,1,87.500,0.874995,0.000,1.000,1,42.388,0.423884,0.000,1.000,1,37.402,0.374015,0.000,1.000,relaxation,good
1783252811.804688,1,42.228,0.422283,0.000,1.000,1,16.520,0.165198,0.000,1.000,1,19.258,0.192576,0.000,1.000,1,88.390,0.883896,0.000,1.000,1,41.075,0.410750,0.000,1.000,1,42.535,0.425348,0.000,1.000,relaxation,good
1783252811.812500,1,39.690,0.396899,0.000,1.000,1,15.529,0.155287,0.000,1.000,1,15.103,0.151034,0.000,1.000,1,81.492,0.814922,0.000,1.000,1,41.750,0.417504,0.000,1.000,1,39.761,0.397612,0.000,1.000,relaxation,good
1783252811.820312,1,39.764,0.397640,0.000,1.000,1,14.326,0.143260,0.000,1.000,1,17.741,0.177412,0.000,1.000,1,90.842,0.908421,0.000,1.000,1,46.489,0.464889,0.000,1.000,1,33.789,0.337888,0.000,1.000,relaxation,good
1783252811.828125,1,40.061,0.400609,0.000,1.000,1,19.854,0.198540,0.000,1.000,1,18.197,0.181971,0.000,1.000,1,89.248,0.892475,0.000,1.000,1,43.441,0.434407,0.000,1.000,1,35.959,0.359587,0.000,1.000,relaxation,good
1783252811.835938,1,38.981,0.389815,0.000,1.000,1,21.962,0.219619,0.000,1.000,1,19.698,0.196976,0.000,1.000,1,86.618,0.866178,0.000,1.000,1,45.964,0.459643,0.000,1.000,1,38.303,0.383026,0.000,1.000,relaxation,good
1783252811.843750,1,36.568,0.365682,0.000,1.000,1,16.746,0.167456,0.000,1.000,1,17.407,0.174074,0.000,1.000,1,92.114,0.921136,0.000,1.000,1,43.021,0.430212,0.000,1.000,1,36.004,0.360040,0.000,1.000,relaxation,good
1783252811.851562,1,38.838,0.388384,0.000,1.000,1,19.288,0.192878,0.000,1.000,1,20.763,0.207631,0.000,1.000,1,89.941,0.899415,0.000,1.000,1,39.986,0.399862,0.000,1.000,1,36.468,0.364679,0.000,1.000,relaxation,good
1783252811.859375,1,33.616,0.336164,0.000,1.000,1,19.277,0.192772,0.000,1.000,1,19.871,0.198707,0.000,1.000,1,86.502,0.865019,0.000,1.000,1,47.330,0.473305,0.000,1.000,1,35.817,0.358175,0.000,1.000,relaxation,good
1783252811.867188,1,41.888,0.418883,0.000,1.000,1,14.776,0.147757,0.000,1.000,1,18.802,0.188025,0.000,1.000,1,89.372,0.893717,0.000,1.000,1,41.827,0.418271,0.000,1.000,1,37.980,0.379805,0.000,1.000,relaxation,good
1783252811.875000,1,35.411,0.354107,0.000,1.000,1,17.881,0.178805,0.000,1.000,1,18.411,0.184108,0.000,1.000,1,87.316,0.873155,0.000,1.000,1,46.323,0.463233,0.000,1.000,1,36.464,0.364643,0.000,1.000,relaxation,good
1783252811.882812,1,38.354,0.383541,0.000,1.000,1,14.828,0.148276,0.000,1.000,1,13.335,0.133345,0.000,1.000,1,88.798,0.887975,0.000,1.000,1,47.074,0.470743,0.000,1.000,1,40.218,0.402176,0.000,1.000,relaxation,good
1783252811.890625,1,39.896,0.398964,0.000,1.000,1,16.788,0.167882,0.000,1.000,1,18.419,0.184192,0.000,1.000,1,86.842,0.868418,0.000,1.000,1,45.116,0.451163,0.000,1.000,1,38.700,0.386999,0.000,1.000,relaxation,good
1783252811.898438,1,39.258,0.392583,0.000,1.000,1,16.516,0.165158,0.000,1.000,1,19.587,0.195866,0.000,1.000,1,90.396,0.903957,0.000,1.000,1,46.058,0.460576,0.000,1.000,1,37.815,0.378152,0.000,1.000,relaxation,good
1783252811.906250,1,38.584,0.385836,0.000,1.000,1,18.722,0.187220,0.000,1.000,1,19.361,0.193611,0.000,1.000,1,90.640,0.906403,0.000,1.000,1,43.033,0.430331,0.000,1.000,1,36.899,0.368988,0.000,1.000,relaxation,good
1783252811.914062,1,39.561,0.395612,0.000,1.000,1,14.620,0.146203,0.000,1.000,1,15.038,0.150383,0.000,1.000,1,86.243,0.862435,0.000,1.000,1,45.358,0.453577,0.000,1.000,1,35.843,0.358426,0.000,1.000,relaxation,good
1783252811.921875,1,38.733,0.387333,0.000,1.000,1,16.106,0.161060,0.000,1.000,1,17.125,0.171254,0.000,1.000,1,88.821,0.888210,0.000,1.000,1,45.077,0.450773,0.000,1.000,1,34.949,0.349490,0.000,1.000,relaxation,good
1783252811.929688,1,35.596,0.355956,0.000,1.000,1,17.644,0.176437,0.000,1.000,1,16.841,0.168407,0.000,1.000,1,82.297,0.822967,0.000,1.000,1,46.764,0.467638,0.000,1.000,1,38.416,0.384165,0.000,1.000,relaxation,good
1783252811.937500,1,36.390,0.363905,0.000,1.000,1,16.647,0.166468,0.000,1.000,1,16.824,0.168242,0.000,1.000,1,87.849,0.878493,0.000,1.000,1,41.010,0.410099,0.000,1.000,1,38.941,0.389407,0.000,1.000,relaxation,good
1783252811.945312,1,42.106,0.421057,0.000,1.000,1,13.229,0.132293,0.000,1.000,1,17.186,0.171864,0.000,1.000,1,89.240,0.892405,0.000,1.000,1,43.042,0.430423,0.000,1.000,1,31.587,0.315872,0.000,1.000,relaxation,good
1783252811.953125,1,34.101,0.341009,0.000,1.000,1,14.952,0.149517,0.000,1.000,1,21.896,0.218958,0.000,1.000,1,89.061,0.890607,0.000,1.000,1,42.115,0.421155,0.000,1.000,1,40.824,0.408237,0.000,1.000,relaxation,good
1783252811.960938,1,37.722,0.377219,0.000,1.000,1,11.234,0.112340,0.000,1.000,1,19.141,0.191407,0.000,1.000,1,87.222,0.872218,0.000,1.000,1,40.957,0.409574,0.000,1.000,1,35.373,0.353728,0.000,1.000,relaxation,good
1783252811.968750,1,37.186,0.371862,0.000,1.000,1,18.794,0.187937,0.000,1.000,1,16.945,0.169451,0.000,1.000,1,91.392,0.913922,0.000,1.000,1,43.392,0.433918,0.000,1.000,1,34.183,0.341828,0.000,1.000,relaxation,good
1783252811.976562,1,37.082,0.370816,0.000,1.000,1,15.351,0.153512,0.000,1.000,1,18.729,0.187289,0.000,1.000,1,90.458,0.904578,0.000,1.000,1,45.397,0.453968,0.000,1.000,1,39.854,0.398537,0.000,1.000,relaxation,good
1783252811.984375,1,35.550,0.355504,0.000,1.000,1,18.360,0.183597,0.000,1.000,1,17.042,0.170424,0.000,1.000,1,92.581,0.925810,0.000,1.000,1,42.888,0.428881,0.000,1.000,1,34.155,0.341555,0.000,1.000,relaxation,good
1783252811.992188,1,39.068,0.390682,0.000,1.000,1,14.055,0.140550,0.000,1.000,1,18.119,0.181189,0.000,1.000,1,89.036,0.890357,0.000,1.000,1,43.427,0.434269,0.000,1.000,1,35.552,0.355524,0.000,1.000,relaxation,good
1783252812.000000,1,35.807,0.358071,0.000,1.000,1,16.173,0.161734,0.000,1.000,1,15.588,0.155881,0.000,1.000,1,87.386,0.873858,0.000,1.000,1,46.321,0.463214,0.000,1.000,1,38.795,0.387950,0.000,1.000,relaxation,good
1783252812.007812,1,39.099,0.390989,0.000,1.000,1,18.414,0.184144,0.000,1.000,1,19.408,0.194079,0.000,1.000,1,87.172,0.871722,0.000,1.000,1,48.684,0.486839,0.000,1.000,1,35.600,0.355998,0.000,1.000,relaxation,good
1783252812.015625,1,42.243,0.422432,0.000,1.000,1,18.005,0.180054,0.000,1.000,1,16.673,0.166726,0.000,1.000,1,88.597,0.885972,0.000,1.000,1,41.982,0.419818,0.000,1.000,1,36.766,0.367660,0.000,1.000,relaxation,good
1783252812.023438,1,37.427,0.374266,0.000,1.000,1,15.113,0.151129,0.000,1.000,1,22.003,0.220030,0.000,1.000,1,86.269,0.862691,0.000,1.000,1,47.531,0.475310,0.000,1.000,1,37.020,0.370199,0.000,1.000,relaxation,good
1783252812.031250,1,40.446,0.404464,0.000,1.000,1,14.890,0.148904,0.000,1.000,1,20.645,0.206451,0.000,1.000,1,89.825,0.898252,0.000,1.000,1,46.948,0.469477,0.000,1.000,1,36.684,0.366838,0.000,1.000,relaxation,good
1783252812.039062,1,42.865,0.428646,0.000,1.000,1,19.069,0.190692,0.000,1.000,1,19.949,0.199488,0.000,1.000,1,87.299,0.872988,0.000,1.000,1,48.429,0.484285,0.000,1.000,1,35.851,0.358513,0.000,1.000,relaxation,good
1783252812.046875,1,36.068,0.360677,0.000,1.000,1,20.054,0.200540,0.000,1.000,1,13.235,0.132349,0.000,1.000,1,90.926,0.909261,0.000,1.000,1,44.734,0.447344,0.000,1.000,1,35.394,0.353943,0.000,1.000,relaxation,good
1783252812.054688,1,36.517,0.365167,0.000,1.000,1,17.067,0.170668,0.000,1.000,1,15.584,0.155838,0.000,1.000,1,95.057,0.950573,0.000,1.000,1,45.544,0.455439,0.000,1.000,1,33.720,0.337199,0.000,1.000,relaxation,good
1783252812.062500,1,33.266,0.332661,0.000,1.000,1,19.259,0.192586,0.000,1.000,1,18.539,0.185388,0.000,1.000,1,90.120,0.901195,0.000,1.000,1,41.666,0.416656,0.000,1.000,1,36.253,0.362532,0.000,1.000,relaxation,good
1783252812.070312,1,37.293,0.372933,0.000,1.000,1,18.010,0.180099,0.000,1.000,1,19.166,0.191663,0.000,1.000,1,88.669,0.886687,0.000,1.000,1,45.788,0.457883,0.000,1.000,1,37.584,0.375840,0.000,1.000,relaxation,good
1783252812.078125,1,37.383,0.373831,0.000,1.000,1,16.696,0.166958,0.000,1.000,1,20.377,0.203772,0.000,1.000,1,88.836,0.888361,0.000,1.000,1,48.324,0.483240,0.000,1.000,1,36.130,0.361300,0.000,1.000,relaxation,good
1783252812.085938,1,33.744,0.337435,0.000,1.000,1,16.159,0.161592,0.000,1.000,1,17.968,0.179682,0.000,1.000,1,87.527,0.875271,0.000,1.000,1,44.730,0.447301,0.000,1.000,1,34.097,0.340968,0.000,1.000,relaxation,good
1783252812.093750,1,37.466,0.374661,0.000,1.000,1,13.324,0.133240,0.000,1.000,1,20.366,0.203663,0.000,1.000,1,88.250,0.882500,0.000,1.000,1,45.842,0.458418,0.000,1.000,1,35.102,0.351017,0.000,1.000,relaxation,good
1783252812.101562,1,42.796,0.427963,0.000,1.000,1,15.514,0.155136,0.000,1.000,1,19.395,0.193950,0.000,1.000,1,89.185,0.891854,0.000,1.000,1,43.240,0.432402,0.000,1.000,1,35.163,0.351629,0.000,1.000,relaxation,good
1783252812.109375,1,42.148,0.421481,0.000,1.000,1,16.394,0.163943,0.000,1.000,1,18.745,0.187452,0.000,1.000,1,86.093,0.860930,0.000,1.000,1,39.152,0.391519,0.000,1.000,1,38.638,0.386376,0.000,1.000,relaxation,good
1783252812.117188,1,38.648,0.386478,0.000,1.000,1,19.409,0.194090,0.000,1.000,1,21.790,0.217898,0.000,1.000,1,91.175,0.911753,0.000,1.000,1,48.660,0.486599,0.000,1.000,1,39.668,0.396681,0.000,1.000,relaxation,good
1783252812.125000,1,37.303,0.373034,0.000,1.000,1,17.314,0.173139,0.000,1.000,1,17.757,0.177571,0.000,1.000,1,91.102,0.911019,0.000,1.000,1,43.117,0.431166,0.000,1.000,1,41.399,0.413994,0.000,1.000,relaxation,good
1783252812.132812,1,39.881,0.398815,0.000,1.000,1,18.870,0.188701,0.000,1.000,1,16.782,0.167824,0.000,1.000,1,89.980,0.899798,0.000,1.000,1,42.005,0.420046,0.000,1.000,1,35.098,0.350978,0.000,1.000,relaxation,good
1783252812.140625,1,41.234,0.412343,0.000,1.000,1,15.873,0.158728,0.000,1.000,1,21.175,0.211751,0.000,1.000,1,91.573,0.915733,0.000,1.000,1,42.935,0.429350,0.000,1.000,1,38.003,0.380026,0.000,1.000,relaxation,good
1783252812.148438,1,36.213,0.362132,0.000,1.000,1,18.552,0.185518,0.000,1.000,1,19.013,0.190131,0.000,1.000,1,91.794,0.917942,0.000,1.000,1,44.926,0.449258,0.000,1.000,1,35.182,0.351824,0.000,1.000,relaxation,good
1783252812.156250,1,35.665,0.356650,0.000,1.000,1,17.672,0.176723,0.000,1.000,1,20.039,0.200390,0.000,1.000,1,89.312,0.893124,0.000,1.000,1,45.789,0.457892,0.000,1.000,1,35.064,0.350644,0.000,1.000,relaxation,good
1783252812.164062,1,37.131,0.371307,0.000,1.000,1,17.936,0.179362,0.000,1.000,1,17.872,0.178722,0.000,1.000,1,89.684,0.896845,0.000,1.000,1,46.086,0.460860,0.000,1.000,1,36.830,0.368304,0.000,1.000,relaxation,good
1783252812.171875,1,37.826,0.378264,0.000,1.000,1,15.894,0.158944,0.000,1.000,1,17.590,0.175896,0.000,1.000,1,91.054,0.910538,0.000,1.000,1,46.370,0.463695,0.000,1.000,1,40.225,0.402250,0.000,1.000,relaxation,good
1783252812.179688,1,38.513,0.385134,0.000,1.000,1,12.668,0.126680,0.000,1.000,1,19.024,0.190238,0.000,1.000,1,88.550,0.885502,0.000,1.000,1,44.662,0.446618,0.000,1.000,1,33.840,0.338400,0.000,1.000,relaxation,good
1783252812.187500,1,37.795,0.377946,0.000,1.000,1,16.173,0.161725,0.000,1.000,1,19.029,0.190286,0.000,1.000,1,90.098,0.900978,0.000,1.000,1,45.114,0.451142,0.000,1.000,1,36.173,0.361725,0.000,1.000,relaxation,good
1783252812.195312,1,38.300,0.383000,0.000,1.000,1,20.605,0.206052,0.000,1.000,1,17.255,0.172551,0.000,1.000,1,85.990,0.859901,0.000,1.000,1,45.456,0.454563,0.000,1.000,1,33.277,0.332767,0.000,1.000,relaxation,good
1783252812.203125,1,36.910,0.369099,0.000,1.000,1,15.010,0.150102,0.000,1.000,1,16.386,0.163862,0.000,1.000,1,87.695,0.876946,0.000,1.000,1,46.122,0.461222,0.000,1.000,1,36.435,0.364353,0.000,1.000,relaxation,good
1783252812.210938,1,37.896,0.378962,0.000,1.000,1,21.622,0.216217,0.000,1.000,1,20.803,0.208032,0.000,1.000,1,86.504,0.865039,0.000,1.000,1,46.058,0.460579,0.000,1.000,1,40.878,0.408779,0.000,1.000,relaxation,good
1783252812.218750,1,39.743,0.397431,0.000,1.000,1,19.597,0.195971,0.000,1.000,1,21.950,0.219504,0.000,1.000,1,85.371,0.853707,0.000,1.000,1,44.666,0.446662,0.000,1.000,1,37.481,0.374811,0.000,1.000,relaxation,good
1783252812.226562,1,42.102,0.421020,0.000,1.000,1,11.606,0.116062,0.000,1.000,1,19.075,0.190746,0.000,1.000,1,90.964,0.909643,0.000,1.000,1,48.249,0.482493,0.000,1.000,1,38.785,0.387850,0.000,1.000,relaxation,good
1783252812.234375,1,39.540,0.395398,0.000,1.000,1,17.063,0.170633,0.000,1.000,1,16.919,0.169186,0.000,1.000,1,85.298,0.852983,0.000,1.000,1,47.428,0.474279,0.000,1.000,1,35.120,0.351203,0.000,1.000,relaxation,good
1783252812.242188,1,44.627,0.446271,0.000,1.000,1,17.969,0.179686,0.000,1.000,1,16.939,0.169388,0.000,1.000,1,86.204,0.862040,0.000,1.000,1,41.503,0.415025,0.000,1.000,1,38.944,0.389439,0.000,1.000,relaxation,good
1783252812.250000,1,33.684,0.336839,0.000,1.000,1,13.012,0.130116,0.000,1.000,1,12.562,0.125620,0.000,1.000,1,89.364,0.893643,0.000,1.000,1,43.455,0.434546,0.000,1.000,1,36.962,0.369618,0.000,1.000,relaxation,good
1783252812.257812,1,41.982,0.419820,0.000,1.000,1,15.519,0.155192,0.000,1.000,1,19.166,0.191661,0.000,1.000,1,90.042,0.900422,0.000,1.000,1,44.760,0.447604,0.000,1.000,1,36.632,0.366324,0.000,1.000,relaxation,good
1783252812.265625,1,43.373,0.433730,0.000,1.000,1,19.505,0.195045,0.000,1.000,1,24.796,0.247960,0.000,1.000,1,85.522,0.855221,0.000,1.000,1,44.086,0.440860,0.000,1.000,1,39.497,0.394970,0.000,1.000,relaxation,good
1783252812.273438,1,41.160,0.411596,0.000,1.000,1,16.862,0.168621,0.000,1.000,1,15.709,0.157092,0.000,1.000,1,92.354,0.923540,0.000,1.000,1,42.651,0.426509,0.000,1.000,1,34.033,0.340326,0.000,1.000,relaxation,good
1783252812.281250,1,42.247,0.422466,0.000,1.000,1,19.560,0.195604,0.000,1.000,1,18.077,0.180769,0.000,1.000,1,87.154,0.871536,0.000,1.000,1,47.919,0.479186,0.000,1.000,1,37.730,0.377305,0.000,1.000,relaxation,good
1783252812.289062,1,40.123,0.401233,0.000,1.000,1,17.251,0.172509,0.000,1.000,1,23.402,0.234022,0.000,1.000,1,84.646,0.846459,0.000,1.000,1,46.504,0.465037,0.000,1.000,1,37.338,0.373383,0.000,1.000,relaxation,good
1783252812.296875,1,37.736,0.377356,0.000,1.000,1,20.968,0.209682,0.000,1.000,1,17.785,0.177851,0.000,1.000,1,86.062,0.860619,0.000,1.000,1,45.117,0.451172,0.000,1.000,1,35.705,0.357048,0.000,1.000,relaxation,good
1783252812.304688,1,39.241,0.392406,0.000,1.000,1,16.421,0.164213,0.000,1.000,1,20.962,0.209623,0.000,1.000,1,86.063,0.860627,0.000,1.000,1,44.434,0.444339,0.000,1.000,1,33.662,0.336623,0.000,1.000,relaxation,good
1783252812.312500,1,40.794,0.407943,0.000,1.000,1,13.447,0.134469,0.000,1.000,1,21.922,0.219224,0.000,1.000,1,86.144,0.861440,0.000,1.000,1,46.324,0.463240,0.000,1.000,1,34.505,0.345048,0.000,1.000,relaxation,good
1783252812.320312,1,41.782,0.417818,0.000,1.000,1,23.341,0.233410,0.000,1.000,1,16.938,0.169375,0.000,1.000,1,87.597,0.875969,0.000,1.000,1,46.588,0.465879,0.000,1.000,1,39.164,0.391643,0.000,1.000,relaxation,good
1783252812.328125,1,40.632,0.406320,0.000,1.000,1,19.121,0.191210,0.000,1.000,1,17.126,0.171261,0.000,1.000,1,88.060,0.880604,0.000,1.000,1,46.423,0.464233,0.000,1.000,1,35.755,0.357551,0.000,1.000,relaxation,good
1783252812.335938,1,39.699,0.396987,0.000,1.000,1,15.304,0.153040,0.000,1.000,1,16.875,0.168747,0.000,1.000,1,89.084,0.890842,0.000,1.000,1,44.437,0.444369,0.000,1.000,1,38.538,0.385385,0.000,1.000,relaxation,good
1783252812.343750,1,34.185,0.341851,0.000,1.000,1,17.143,0.171431,0.000,1.000,1,16.922,0.169216,0.000,1.000,1,94.113,0.941128,0.000,1.000,1,43.656,0.436561,0.000,1.000,1,40.620,0.406200,0.000,1.000,relaxation,good
1783252812.351562,1,41.797,0.417968,0.000,1.000,1,21.183,0.211834,0.000,1.000,1,18.388,0.183877,0.000,1.000,1,88.452,0.884515,0.000,1.000,1,46.869,0.468686,0.000,1.000,1,36.948,0.369483,0.000,1.000,relaxation,good
1783252812.359375,1,41.606,0.416056,0.000,1.000,1,17.556,0.175563,0.000,1.000,1,17.633,0.176330,0.000,1.000,1,90.028,0.900280,0.000,1.000,1,43.289,0.432893,0.000,1.000,1,32.640,0.326395,0.000,1.000,relaxation,good
1783252812.367188,1,36.067,0.360670,0.000,1.000,1,19.108,0.191078,0.000,1.000,1,19.047,0.190469,0.000,1.000,1,87.556,0.875560,0.000,1.000,1,47.747,0.477467,0.000,1.000,1,40.596,0.405965,0.000,1.000,relaxation,good
1783252812.375000,1,40.364,0.403638,0.000,1.000,1,19.128,0.191284,0.000,1.000,1,20.585,0.205846,0.000,1.000,1,85.531,0.855315,0.000,1.000,1,42.170,0.421703,0.000,1.000,1,31.803,0.318026,0.000,1.000,relaxation,good
1783252812.382812,1,43.517,0.435167,0.000,1.000,1,15.161,0.151609,0.000,1.000,1,20.375,0.203747,0.000,1.000,1,82.549,0.825494,0.000,1.000,1,41.961,0.419615,0.000,1.000,1,38.589,0.385894,0.000,1.000,relaxation,good
1783252812.390625,1,43.336,0.433363,0.000,1.000,1,17.936,0.179361,0.000,1.000,1,24.993,0.249929,0.000,1.000,1,94.447,0.944474,0.000,1.000,1,48.728,0.487281,0.000,1.000,1,39.458,0.394581,0.000,1.000,relaxation,good
1783252812.398438,1,39.769,0.397695,0.000,1.000,1,15.565,0.155646,0.000,1.000,1,16.282,0.162819,0.000,1.000,1,91.746,0.917455,0.000,1.000,1,49.784,0.497843,0.000,1.000,1,37.468,0.374685,0.000,1.000,relaxation,good
1783252812.406250,1,34.988,0.349876,0.000,1.000,1,16.039,0.160391,0.000,1.000,1,16.895,0.168952,0.000,1.000,1,87.820,0.878202,0.000,1.000,1,47.161,0.471606,0.000,1.000,1,33.862,0.338619,0.000,1.000,relaxation,good
1783252812.414062,1,40.131,0.401312,0.000,1.000,1,11.082,0.110823,0.000,1.000,1,20.502,0.205016,0.000,1.000,1,86.778,0.867776,0.000,1.000,1,43.420,0.434197,0.000,1.000,1,33.685,0.336853,0.000,1.000,relaxation,good
1783252812.421875,1,39.128,0.391284,0.000,1.000,1,14.745,0.147453,0.000,1.000,1,15.743,0.157433,0.000,1.000,1,93.509,0.935087,0.000,1.000,1,45.837,0.458369,0.000,1.000,1,34.541,0.345406,0.000,1.000,relaxation,good
1783252812.429688,1,41.459,0.414587,0.000,1.000,1,14.410,0.144103,0.000,1.000,1,19.707,0.197072,0.000,1.000,1,90.301,0.903009,0.000,1.000,1,46.288,0.462884,0.000,1.000,1,38.816,0.388157,0.000,1.000,relaxation,good
1783252812.437500,1,38.991,0.389909,0.000,1.000,1,13.253,0.132533,0.000,1.000,1,18.265,0.182652,0.000,1.000,1,84.570,0.845701,0.000,1.000,1,42.772,0.427724,0.000,1.000,1,37.270,0.372702,0.000,1.000,relaxation,good
1783252812.445312,1,35.656,0.356556,0.000,1.000,1,13.417,0.134172,0.000,1.000,1,17.795,0.177949,0.000,1.000,1,87.306,0.873064,0.000,1.000,1,44.685,0.446852,0.000,1.000,1,38.136,0.381358,0.000,1.000,relaxation,good
1783252812.453125,1,38.349,0.383494,0.000,1.000,1,17.199,0.171993,0.000,1.000,1,17.284,0.172843,0.000,1.000,1,89.149,0.891489,0.000,1.000,1,44.219,0.442191,0.000,1.000,1,36.043,0.360434,0.000,1.000,relaxation,good
1783252812.460938,1,37.670,0.376701,0.000,1.000,1,17.509,0.175088,0.000,1.000,1,20.663,0.206626,0.000,1.000,1,92.805,0.928048,0.000,1.000,1,48.588,0.485878,0.000,1.000,1,34.697,0.346966,0.000,1.000,relaxation,good
1783252812.468750,1,39.738,0.397384,0.000,1.000,1,14.914,0.149137,0.000,1.000,1,21.768,0.217679,0.000,1.000,1,89.687,0.896866,0.000,1.000,1,40.104,0.401045,0.000,1.000,1,34.809,0.348093,0.000,1.000,relaxation,good
1783252812.476562,1,39.593,0.395927,0.000,1.000,1,19.926,0.199260,0.000,1.000,1,23.691,0.236910,0.000,1.000,1,97.481,0.974807,0.000,1.000,1,42.610,0.426104,0.000,1.000,1,37.023,0.370228,0.000,1.000,relaxation,good
1783252812.484375,1,44.250,0.442497,0.000,1.000,1,20.106,0.201060,0.000,1.000,1,19.322,0.193223,0.000,1.000,1,91.084,0.910845,0.000,1.000,1,46.109,0.461093,0.000,1.000,1,32.612,0.326120,0.000,1.000,relaxation,good
1783252812.492188,1,40.305,0.403048,0.000,1.000,1,20.109,0.201094,0.000,1.000,1,20.812,0.208119,0.000,1.000,1,89.686,0.896857,0.000,1.000,1,40.737,0.407367,0.000,1.000,1,37.786,0.377865,0.000,1.000,relaxation,good
1783252812.500000,1,37.697,0.376972,0.000,1.000,1,17.175,0.171751,0.000,1.000,1,19.104,0.191044,0.000,1.000,1,89.727,0.897269,0.000,1.000,1,43.048,0.430476,0.000,1.000,1,39.216,0.392163,0.000,1.000,relaxation,good
1783252812.507812,1,35.335,0.353348,0.000,1.000,1,18.170,0.181704,0.000,1.000,1,23.015,0.230146,0.000,1.000,1,88.684,0.886836,0.000,1.000,1,48.271,0.482714,0.000,1.000,1,34.877,0.348774,0.000,1.000,relaxation,good
1783252812.515625,1,42.184,0.421840,0.000,1.000,1,23.405,0.234050,0.000,1.000,1,14.402,0.144025,0.000,1.000,1,89.895,0.898955,0.000,1.000,1,46.868,0.468679,0.000,1.000,1,38.104,0.381041,0.000,1.000,relaxation,good
1783252812.523438,1,35.359,0.353590,0.000,1.000,1,17.241,0.172413,0.000,1.000,1,15.812,0.158123,0.000,1.000,1,86.907,0.869071,0.000,1.000,1,42.075,0.420753,0.000,1.000,1,38.538,0.385379,0.000,1.000,relaxation,good
1783252812.531250,1,36.569,0.365686,0.000,1.000,1,15.711,0.157114,0.000,1.000,1,16.873,0.168729,0.000,1.000,1,91.345,0.913453,0.000,1.000,1,44.458,0.444580,0.000,1.000,1,34.350,0.343501,0.000,1.000,relaxation,good
1783252812.539062,1,37.609,0.376089,0.000,1.000,1,14.530,0.145299,0.000,1.000,1,16.162,0.161624,0.000,1.000,1,88.779,0.887790,0.000,1.000,1,40.173,0.401730,0.000,1.000,1,36.374,0.363737,0.000,1.000,relaxation,good
1783252812.546875,1,37.950,0.379500,0.000,1.000,1,15.882,0.158821,0.000,1.000,1,15.042,0.150418,0.000,1.000,1,84.883,0.848833,0.000,1.000,1,48.795,0.487953,0.000,1.000,1,39.698,0.396978,0.000,1.000,relaxation,good
1783252812.554688,1,39.206,0.392056,0.000,1.000,1,18.396,0.183963,0.000,1.000,1,15.855,0.158551,0.000,1.000,1,89.015,0.890146,0.000,1.000,1,48.330,0.483299,0.000,1.000,1,39.768,0.397685,0.000,1.000,relaxation,good
1783252812.562500,1,43.289,0.432887,0.000,1.000,1,16.934,0.169336,0.000,1.000,1,17.273,0.172735,0.000,1.000,1,91.682,0.916815,0.000,1.000,1,44.253,0.442533,0.000,1.000,1,35.074,0.350744,0.000,1.000,relaxation,good
1783252812.570312,1,38.577,0.385772,0.000,1.000,1,12.967,0.129669,0.000,1.000,1,15.976,0.159755,0.000,1.000,1,93.422,0.934217,0.000,1.000,1,46.161,0.461607,0.000,1.000,1,35.030,0.350300,0.000,1.000,relaxation,good
1783252812.578125,1,38.505,0.385047,0.000,1.000,1,14.207,0.142066,0.000,1.000,1,15.847,0.158466,0.000,1.000,1,87.913,0.879125,0.000,1.000,1,46.002,0.460019,0.000,1.000,1,36.319,0.363188,0.000,1.000,relaxation,good
1783252812.585938,1,43.446,0.434464,0.000,1.000,1,19.077,0.190774,0.000,1.000,1,19.839,0.198390,0.000,1.000,1,86.316,0.863161,0.000,1.000,1,43.574,0.435740,0.000,1.000,1,38.043,0.380430,0.000,1.000,relaxation,good
1783252812.593750,1,36.975,0.369753,0.000,1.000,1,20.328,0.203279,0.000,1.000,1,18.978,0.189778,0.000,1.000,1,87.972,0.879721,0.000,1.000,1,45.926,0.459255,0.000,1.000,1,35.761,0.357613,0.000,1.000,relaxation,good
1783252812.601562,1,39.564,0.395637,0.000,1.000,1,16.619,0.166194,0.000,1.000,1,20.633,0.206330,0.000,1.000,1,89.487,0.894874,0.000,1.000,1,49.159,0.491588,0.000,1.000,1,35.048,0.350480,0.000,1.000,relaxation,good
1783252812.609375,1,38.967,0.389666,0.000,1.000,1,19.712,0.197119,0.000,1.000,1,19.085,0.190845,0.000,1.000,1,89.039,0.890391,0.000,1.000,1,44.053,0.440531,0.000,1.000,1,38.376,0.383761,0.000,1.000,relaxation,good
1783252812.617188,1,38.643,0.386428,0.000,1.000,1,15.362,0.153619,0.000,1.000,1,21.430,0.214304,0.000,1.000,1,91.899,0.918991,0.000,1.000,1,46.562,0.465621,0.000,1.000,1,33.822,0.338222,0.000,1.000,relaxation,good
1783252812.625000,1,36.156,0.361559,0.000,1.000,1,17.925,0.179255,0.000,1.000,1,20.495,0.204950,0.000,1.000,1,91.748,0.917479,0.000,1.000,1,40.526,0.405255,0.000,1.000,1,35.390,0.353901,0.000,1.000,relaxation,good
1783252812.632812,1,42.691,0.426914,0.000,1.000,1,15.947,0.159473,0.000,1.000,1,16.526,0.165263,0.000,1.000,1,83.095,0.830953,0.000,1.000,1,46.876,0.468762,0.000,1.000,1,35.855,0.358553,0.000,1.000,relaxation,good
1783252812.640625,1,39.303,0.393032,0.000,1.000,1,12.940,0.129401,0.000,1.000,1,16.673,0.166728,0.000,1.000,1,90.504,0.905037,0.000,1.000,1,43.124,0.431237,0.000,1.000,1,36.361,0.363613,0.000,1.000,relaxation,good
1783252812.648438,1,37.742,0.377423,0.000,1.000,1,17.592,0.175921,0.000,1.000,1,20.868,0.208684,0.000,1.000,1,91.584,0.915842,0.000,1.000,1,46.512,0.465121,0.000,1.000,1,32.118,0.321184,0.000,1.000,relaxation,good
1783252812.656250,1,37.331,0.373313,0.000,1.000,1,15.422,0.154218,0.000,1.000,1,19.410,0.194104,0.000,1.000,1,87.357,0.873575,0.000,1.000,1,42.456,0.424564,0.000,1.000,1,37.669,0.376686,0.000,1.000,relaxation,good
1783252812.664062,1,42.884,0.428844,0.000,1.000,1,16.523,0.165235,0.000,1.000,1,18.021,0.180206,0.000,1.000,1,88.026,0.880262,0.000,1.000,1,52.612,0.526119,0.000,1.000,1,37.464,0.374638,0.000,1.000,relaxation,good
1783252812.671875,1,41.661,0.416610,0.000,1.000,1,15.084,0.150844,0.000,1.000,1,21.931,0.219308,0.000,1.000,1,84.955,0.849553,0.000,1.000,1,41.282,0.412821,0.000,1.000,1,32.669,0.326688,0.000,1.000,relaxation,good
1783252812.679688,1,39.693,0.396933,0.000,1.000,1,16.465,0.164649,0.000,1.000,1,14.951,0.149507,0.000,1.000,1,84.950,0.849498,0.000,1.000,1,43.023,0.430230,0.000,1.000,1,36.531,0.365309,0.000,1.000,relaxation,good
1783252812.687500,1,41.673,0.416730,0.000,1.000,1,12.290,0.122902,0.000,1.000,1,13.920,0.139198,0.000,1.000,1,88.255,0.882551,0.000,1.000,1,44.973,0.449732,0.000,1.000,1,34.855,0.348551,0.000,1.000,relaxation,good
1783252812.695312,1,43.954,0.439543,0.000,1.000,1,18.809,0.188095,0.000,1.000,1,14.423,0.144226,0.000,1.000,1,92.970,0.929696,0.000,1.000,1,44.098,0.440975,0.000,1.000,1,38.163,0.381629,0.000,1.000,relaxation,good
1783252812.703125,1,37.269,0.372690,0.000,1.000,1,15.504,0.155045,0.000,1.000,1,21.240,0.212397,0.000,1.000,1,90.816,0.908164,0.000,1.000,1,42.708,0.427075,0.000,1.000,1,36.565,0.365648,0.000,1.000,relaxation,good
1783252812.710938,1,40.986,0.409864,0.000,1.000,1,17.390,0.173901,0.000,1.000,1,15.253,0.152531,0.000,1.000,1,87.770,0.877704,0.000,1.000,1,42.487,0.424866,0.000,1.000,1,38.260,0.382600,0.000,1.000,relaxation,good
1783252812.718750,1,40.301,0.403012,0.000,1.000,1,16.442,0.164420,0.000,1.000,1,15.496,0.154958,0.000,1.000,1,87.540,0.875398,0.000,1.000,1,48.283,0.482833,0.000,1.000,1,37.395,0.373946,0.000,1.000,relaxation,good
1783252812.726562,1,40.322,0.403218,0.000,1.000,1,25.188,0.251880,0.000,1.000,1,20.953,0.209525,0.000,1.000,1,86.268,0.862677,0.000,1.000,1,46.443,0.464429,0.000,1.000,1,40.718,0.407178,0.000,1.000,relaxation,good
1783252812.734375,1,37.913,0.379127,0.000,1.000,1,18.550,0.185498,0.000,1.000,1,21.932,0.219317,0.000,1.000,1,89.063,0.890625,0.000,1.000,1,45.383,0.453834,0.000,1.000,1,37.348,0.373481,0.000,1.000,relaxation,good
1783252812.742188,1,37.659,0.376591,0.000,1.000,1,17.142,0.171418,0.000,1.000,1,17.069,0.170692,0.000,1.000,1,88.718,0.887176,0.000,1.000,1,43.494,0.434943,0.000,1.000,1,38.256,0.382557,0.000,1.000,relaxation,good
1783252812.750000,1,39.531,0.395309,0.000,1.000,1,17.248,0.172475,0.000,1.000,1,17.925,0.179246,0.000,1.000,1,86.628,0.866281,0.000,1.000,1,45.640,0.456396,0.000,1.000,1,41.865,0.418646,0.000,1.000,relaxation,good
1783252812.757812,1,32.744,0.327438,0.000,1.000,1,18.338,0.183382,0.000,1.000,1,20.266,0.202664,0.000,1.000,1,90.259,0.902594,0.000,1.000,1,45.549,0.455492,0.000,1.000,1,33.902,0.339022,0.000,1.000,relaxation,good
1783252812.765625,1,45.702,0.457017,0.000,1.000,1,19.787,0.197872,0.000,1.000,1,17.876,0.178762,0.000,1.000,1,90.656,0.906562,0.000,1.000,1,50.412,0.504120,0.000,1.000,1,37.721,0.377208,0.000,1.000,relaxation,good
1783252812.773438,1,35.935,0.359347,0.000,1.000,1,18.151,0.181510,0.000,1.000,1,18.217,0.182172,0.000,1.000,1,93.173,0.931735,0.000,1.000,1,44.779,0.447792,0.000,1.000,1,40.757,0.407566,0.000,1.000,relaxation,good
1783252812.781250,1,41.627,0.416272,0.000,1.000,1,17.653,0.176527,0.000,1.000,1,19.657,0.196573,0.000,1.000,1,87.299,0.872989,0.000,1.000,1,44.723,0.447235,0.000,1.000,1,36.504,0.365038,0.000,1.000,relaxation,good
1783252812.789062,1,38.893,0.388927,0.000,1.000,1,15.781,0.157810,0.000,1.000,1,17.656,0.176556,0.000,1.000,1,89.923,0.899231,0.000,1.000,1,44.281,0.442806,0.000,1.000,1,38.254,0.382541,0.000,1.000,relaxation,good
1783252812.796875,1,36.860,0.368595,0.000,1.000,1,18.153,0.181526,0.000,1.000,1,17.837,0.178375,0.000,1.000,1,86.430,0.864302,0.000,1.000,1,45.634,0.456335,0.000,1.000,1,39.535,0.395352,0.000,1.000,relaxation,good
1783252812.804688,1,36.612,0.366123,0.000,1.000,1,18.161,0.181610,0.000,1.000,1,20.373,0.203729,0.000,1.000,1,91.301,0.913015,0.000,1.000,1,41.618,0.416183,0.000,1.000,1,35.487,0.354866,0.000,1.000,relaxation,good
1783252812.812500,1,38.761,0.387608,0.000,1.000,1,16.259,0.162592,0.000,1.000,1,15.352,0.153519,0.000,1.000,1,87.234,0.872341,0.000,1.000,1,45.666,0.456658,0.000,1.000,1,35.902,0.359019,0.000,1.000,relaxation,good
1783252812.820312,1,33.004,0.330040,0.000,1.000,1,19.636,0.196364,0.000,1.000,1,21.353,0.213526,0.000,1.000,1,88.422,0.884223,0.000,1.000,1,48.597,0.485975,0.000,1.000,1,39.724,0.397236,0.000,1.000,relaxation,good
1783252812.828125,1,37.915,0.379155,0.000,1.000,1,15.157,0.151567,0.000,1.000,1,18.528,0.185279,0.000,1.000,1,91.418,0.914176,0.000,1.000,1,42.222,0.422218,0.000,1.000,1,33.214,0.332135,0.000,1.000,relaxation,good
1783252812.835938,1,39.469,0.394692,0.000,1.000,1,13.886,0.138862,0.000,1.000,1,19.933,0.199331,0.000,1.000,1,83.200,0.832001,0.000,1.000,1,42.761,0.427607,0.000,1.000,1,38.181,0.381811,0.000,1.000,relaxation,good
1783252812.843750,1,35.137,0.351367,0.000,1.000,1,10.056,0.100558,0.000,1.000,1,20.861,0.208609,0.000,1.000,1,91.547,0.915467,0.000,1.000,1,43.795,0.437952,0.000,1.000,1,37.376,0.373760,0.000,1.000,relaxation,good
1783252812.851562,1,40.994,0.409939,0.000,1.000,1,17.789,0.177890,0.000,1.000,1,18.144,0.181436,0.000,1.000,1,84.565,0.845649,0.000,1.000,1,41.216,0.412163,0.000,1.000,1,37.340,0.373401,0.000,1.000,relaxation,good
1783252812.859375,1,41.108,0.411082,0.000,1.000,1,17.311,0.173113,0.000,1.000,1,17.599,0.175986,0.000,1.000,1,91.029,0.910288,0.000,1.000,1,40.677,0.406767,0.000,1.000,1,35.529,0.355288,0.000,1.000,relaxation,good
1783252812.867188,1,38.097,0.380966,0.000,1.000,1,20.586,0.205862,0.000,1.000,1,18.745,0.187454,0.000,1.000,1,91.338,0.913379,0.000,1.000,1,48.454,0.484543,0.000,1.000,1,36.160,0.361600,0.000,1.000,relaxation,good
1783252812.875000,1,36.920,0.369201,0.000,1.000,1,16.471,0.164706,0.000,1.000,1,19.060,0.190596,0.000,1.000,1,89.382,0.893819,0.000,1.000,1,45.904,0.459043,0.000,1.000,1,37.515,0.375147,0.000,1.000,relaxation,good
1783252812.882812,1,37.285,0.372853,0.000,1.000,1,13.335,0.133349,0.000,1.000,1,17.054,0.170543,0.000,1.000,1,90.738,0.907380,0.000,1.000,1,40.571,0.405714,0.000,1.000,1,38.328,0.383284,0.000,1.000,relaxation,good
1783252812.890625,1,40.889,0.408890,0.000,1.000,1,17.681,0.176805,0.000,1.000,1,15.694,0.156944,0.000,1.000,1,92.079,0.920793,0.000,1.000,1,45.301,0.453013,0.000,1.000,1,37.529,0.375291,0.000,1.000,relaxation,good
1783252812.898438,1,38.198,0.381979,0.000,1.000,1,15.592,0.155922,0.000,1.000,1,17.658,0.176578,0.000,1.000,1,92.776,0.927763,0.000,1.000,1,46.102,0.461023,0.000,1.000,1,36.278,0.362783,0.000,1.000,relaxation,good
1783252812.906250,1,37.293,0.372927,0.000,1.000,1,13.219,0.132193,0.000,1.000,1,16.245,0.162448,0.000,1.000,1,85.381,0.853809,0.000,1.000,1,44.544,0.445441,0.000,1.000,1,37.544,0.375438,0.000,1.000,relaxation,good
1783252812.914062,1,37.328,0.373280,0.000,1.000,1,14.019,0.140194,0.000,1.000,1,15.685,0.156850,0.000,1.000,1,87.616,0.876165,0.000,1.000,1,47.516,0.475162,0.000,1.000,1,38.190,0.381900,0.000,1.000,relaxation,good
1783252812.921875,1,39.047,0.390470,0.000,1.000,1,18.152,0.181519,0.000,1.000,1,19.064,0.190636,0.000,1.000,1,92.609,0.926085,0.000,1.000,1,44.295,0.442954,0.000,1.000,1,43.694,0.436943,0.000,1.000,relaxation,good
1783252812.929688,1,39.203,0.392027,0.000,1.000,1,18.451,0.184514,0.000,1.000,1,17.679,0.176790,0.000,1.000,1,90.152,0.901521,0.000,1.000,1,48.381,0.483812,0.000,1.000,1,37.851,0.378513,0.000,1.000,relaxation,good
1783252812.937500,1,39.796,0.397964,0.000,1.000,1,12.851,0.128514,0.000,1.000,1,19.245,0.192447,0.000,1.000,1,86.796,0.867963,0.000,1.000,1,43.965,0.439653,0.000,1.000,1,37.772,0.377717,0.000,1.000,relaxation,good
1783252812.945312,1,42.191,0.421912,0.000,1.000,1,17.416,0.174158,0.000,1.000,1,16.716,0.167160,0.000,1.000,1,90.057,0.900574,0.000,1.000,1,45.848,0.458476,0.000,1.000,1,34.924,0.349236,0.000,1.000,relaxation,good
1783252812.953125,1,37.900,0.378998,0.000,1.000,1,18.384,0.183844,0.000,1.000,1,20.978,0.209782,0.000,1.000,1,87.213,0.872127,0.000,1.000,1,42.829,0.428289,0.000,1.000,1,37.664,0.376636,0.000,1.000,relaxation,good
1783252812.960938,1,39.975,0.399747,0.000,1.000,1,12.635,0.126349,0.000,1.000,1,19.777,0.197773,0.000,1.000,1,86.399,0.863991,0.000,1.000,1,49.128,0.491280,0.000,1.000,1,35.320,0.353196,0.000,1.000,relaxation,good
1783252812.968750,1,38.727,0.387273,0.000,1.000,1,18.552,0.185517,0.000,1.000,1,17.459,0.174587,0.000,1.000,1,88.159,0.881587,0.000,1.000,1,49.650,0.496497,0.000,1.000,1,35.822,0.358222,0.000,1.000,relaxation,good
1783252812.976562,1,36.579,0.365789,0.000,1.000,1,11.766,0.117655,0.000,1.000,1,17.399,0.173985,0.000,1.000,1,90.915,0.909148,0.000,1.000,1,43.395,0.433952,0.000,1.000,1,39.704,0.397042,0.000,1.000,relaxation,good
1783252812.984375,1,42.325,0.423246,0.000,1.000,1,14.128,0.141275,0.000,1.000,1,15.908,0.159078,0.000,1.000,1,90.335,0.903353,0.000,1.000,1,51.888,0.518883,0.000,1.000,1,36.663,0.366633,0.000,1.000,relaxation,good
1783252812.992188,1,40.224,0.402241,0.000,1.000,1,17.028,0.170283,0.000,1.000,1,14.282,0.142821,0.000,1.000,1,88.842,0.888423,0.000,1.000,1,46.381,0.463805,0.000,1.000,1,35.460,0.354596,0.000,1.000,relaxation,good
1783252813.000000,1,41.067,0.410668,0.000,1.000,1,16.992,0.169916,0.000,1.000,1,14.037,0.140366,0.000,1.000,1,88.013,0.880125,0.000,1.000,1,50.374,0.503737,0.000,1.000,1,38.306,0.383056,0.000,1.000,relaxation,good
1783252813.007812,1,37.891,0.378909,0.000,1.000,1,19.806,0.198065,0.000,1.000,1,18.405,0.184050,0.000,1.000,1,88.684,0.886844,0.000,1.000,1,46.522,0.465220,0.000,1.000,1,35.809,0.358088,0.000,1.000,relaxation,good
1783252813.015625,1,37.595,0.375948,0.000,1.000,1,17.954,0.179537,0.000,1.000,1,15.881,0.158812,0.000,1.000,1,86.291,0.862906,0.000,1.000,1,45.916,0.459163,0.000,1.000,1,33.119,0.331188,0.000,1.000,relaxation,good
1783252813.023438,1,39.696,0.396961,0.000,1.000,1,21.330,0.213299,0.000,1.000,1,16.073,0.160725,0.000,1.000,1,89.306,0.893058,0.000,1.000,1,45.241,0.452405,0.000,1.000,1,37.781,0.377811,0.000,1.000,relaxation,good
1783252813.031250,1,36.716,0.367163,0.000,1.000,1,17.328,0.173284,0.000,1.000,1,18.790,0.187898,0.000,1.000,1,92.407,0.924066,0.000,1.000,1,50.423,0.504234,0.000,1.000,1,36.377,0.363773,0.000,1.000,relaxation,good
1783252813.039062,1,38.904,0.389036,0.000,1.000,1,17.093,0.170928,0.000,1.000,1,18.207,0.182075,0.000,1.000,1,92.867,0.928665,0.000,1.000,1,47.191,0.471910,0.000,1.000,1,38.169,0.381688,0.000,1.000,relaxation,good
1783252813.046875,1,34.874,0.348744,0.000,1.000,1,15.425,0.154250,0.000,1.000,1,19.025,0.190251,0.000,1.000,1,93.091,0.930912,0.000,1.000,1,43.715,0.437148,0.000,1.000,1,37.772,0.377720,0.000,1.000,relaxation,good
1783252813.054688,1,41.338,0.413383,0.000,1.000,1,19.326,0.193262,0.000,1.000,1,18.941,0.189414,0.000,1.000,1,91.472,0.914723,0.000,1.000,1,42.870,0.428703,0.000,1.000,1,39.139,0.391390,0.000,1.000,relaxation,good
1783252813.062500,1,37.968,0.379682,0.000,1.000,1,15.332,0.153323,0.000,1.000,1,15.905,0.159053,0.000,1.000,1,86.355,0.863550,0.000,1.000,1,45.639,0.456390,0.000,1.000,1,33.978,0.339780,0.000,1.000,relaxation,good
1783252813.070312,1,37.397,0.373967,0.000,1.000,1,14.827,0.148270,0.000,1.000,1,18.992,0.189917,0.000,1.000,1,90.414,0.904144,0.000,1.000,1,44.914,0.449142,0.000,1.000,1,37.575,0.375754,0.000,1.000,relaxation,good
1783252813.078125,1,40.365,0.403650,0.000,1.000,1,15.941,0.159406,0.000,1.000,1,18.909,0.189088,0.000,1.000,1,90.606,0.906059,0.000,1.000,1,46.144,0.461437,0.000,1.000,1,39.119,0.391193,0.000,1.000,relaxation,good
1783252813.085938,1,37.697,0.376966,0.000,1.000,1,19.834,0.198339,0.000,1.000,1,16.364,0.163637,0.000,1.000,1,85.711,0.857107,0.000,1.000,1,46.767,0.467672,0.000,1.000,1,37.832,0.378316,0.000,1.000,relaxation,good
1783252813.093750,1,41.187,0.411867,0.000,1.000,1,12.626,0.126261,0.000,1.000,1,17.332,0.173316,0.000,1.000,1,86.385,0.863853,0.000,1.000,1,44.688,0.446883,0.000,1.000,1,37.500,0.375003,0.000,1.000,relaxation,good
1783252813.101562,1,39.264,0.392638,0.000,1.000,1,18.858,0.188585,0.000,1.000,1,14.147,0.141468,0.000,1.000,1,89.397,0.893971,0.000,1.000,1,45.316,0.453162,0.000,1.000,1,36.236,0.362357,0.000,1.000,relaxation,good
1783252813.109375,1,33.054,0.330535,0.000,1.000,1,16.280,0.162796,0.000,1.000,1,15.647,0.156468,0.000,1.000,1,96.739,0.967394,0.000,1.000,1,42.655,0.426554,0.000,1.000,1,36.028,0.360276,0.000,1.000,relaxation,good
1783252813.117188,1,39.332,0.393321,0.000,1.000,1,18.464,0.184641,0.000,1.000,1,12.906,0.129055,0.000,1.000,1,89.951,0.899512,0.000,1.000,1,44.066,0.440664,0.000,1.000,1,38.030,0.380304,0.000,1.000,relaxation,good
1783252813.125000,1,37.697,0.376968,0.000,1.000,1,19.307,0.193065,0.000,1.000,1,17.956,0.179558,0.000,1.000,1,88.194,0.881936,0.000,1.000,1,46.502,0.465020,0.000,1.000,1,37.092,0.370923,0.000,1.000,relaxation,good
1783252813.132812,1,38.695,0.386948,0.000,1.000,1,16.104,0.161044,0.000,1.000,1,16.153,0.161527,0.000,1.000,1,93.231,0.932306,0.000,1.000,1,47.275,0.472751,0.000,1.000,1,36.933,0.369327,0.000,1.000,relaxation,good
1783252813.140625,1,38.672,0.386723,0.000,1.000,1,13.822,0.138218,0.000,1.000,1,16.622,0.166216,0.000,1.000,1,93.042,0.930418,0.000,1.000,1,48.734,0.487336,0.000,1.000,1,36.135,0.361349,0.000,1.000,relaxation,good
1783252813.148438,1,39.530,0.395300,0.000,1.000,1,17.479,0.174794,0.000,1.000,1,20.202,0.202023,0.000,1.000,1,88.903,0.889033,0.000,1.000,1,40.938,0.409381,0.000,1.000,1,37.259,0.372590,0.000,1.000,relaxation,good
1783252813.156250,1,38.705,0.387051,0.000,1.000,1,17.799,0.177992,0.000,1.000,1,19.100,0.190998,0.000,1.000,1,90.985,0.909848,0.000,1.000,1,43.773,0.437727,0.000,1.000,1,37.963,0.379627,0.000,1.000,relaxation,good
1783252813.164062,1,37.718,0.377175,0.000,1.000,1,17.862,0.178623,0.000,1.000,1,12.745,0.127446,0.000,1.000,1,88.916,0.889162,0.000,1.000,1,44.530,0.445302,0.000,1.000,1,39.902,0.399022,0.000,1.000,relaxation,good
1783252813.171875,1,35.114,0.351138,0.000,1.000,1,15.509,0.155093,0.000,1.000,1,12.384,0.123836,0.000,1.000,1,87.920,0.879196,0.000,1.000,1,48.519,0.485194,0.000,1.000,1,38.262,0.382622,0.000,1.000,relaxation,good
1783252813.179688,1,37.948,0.379478,0.000,1.000,1,18.680,0.186797,0.000,1.000,1,19.849,0.198485,0.000,1.000,1,89.226,0.892256,0.000,1.000,1,43.394,0.433942,0.000,1.000,1,35.387,0.353867,0.000,1.000,relaxation,good
1783252813.187500,1,37.675,0.376748,0.000,1.000,1,13.231,0.132313,0.000,1.000,1,17.696,0.176956,0.000,1.000,1,89.069,0.890692,0.000,1.000,1,43.450,0.434495,0.000,1.000,1,36.865,0.368647,0.000,1.000,relaxation,good
1783252813.195312,1,35.842,0.358418,0.000,1.000,1,15.221,0.152215,0.000,1.000,1,16.993,0.169933,0.000,1.000,1,90.471,0.904713,0.000,1.000,1,43.615,0.436146,0.000,1.000,1,35.387,0.353870,0.000,1.000,relaxation,good
1783252813.203125,1,41.443,0.414425,0.000,1.000,1,15.434,0.154345,0.000,1.000,1,15.495,0.154947,0.000,1.000,1,84.450,0.844496,0.000,1.000,1,42.977,0.429770,0.000,1.000,1,35.835,0.358350,0.000,1.000,relaxation,good
1783252813.210938,1,42.062,0.420620,0.000,1.000,1,13.891,0.138908,0.000,1.000,1,17.043,0.170425,0.000,1.000,1,86.225,0.862251,0.000,1.000,1,45.487,0.454874,0.000,1.000,1,39.237,0.392368,0.000,1.000,relaxation,good
1783252813.218750,1,39.136,0.391363,0.000,1.000,1,16.493,0.164931,0.000,1.000,1,19.254,0.192542,0.000,1.000,1,94.431,0.944307,0.000,1.000,1,44.171,0.441714,0.000,1.000,1,32.223,0.322233,0.000,1.000,relaxation,good
1783252813.226562,1,38.476,0.384755,0.000,1.000,1,18.144,0.181436,0.000,1.000,1,22.310,0.223098,0.000,1.000,1,89.009,0.890087,0.000,1.000,1,43.585,0.435845,0.000,1.000,1,33.445,0.334454,0.000,1.000,relaxation,good
1783252813.234375,1,36.726,0.367262,0.000,1.000,1,16.169,0.161690,0.000,1.000,1,20.950,0.209496,0.000,1.000,1,89.622,0.896220,0.000,1.000,1,45.730,0.457298,0.000,1.000,1,39.235,0.392346,0.000,1.000,relaxation,good
1783252813.242188,1,43.459,0.434588,0.000,1.000,1,14.799,0.147994,0.000,1.000,1,18.583,0.185828,0.000,1.000,1,86.326,0.863259,0.000,1.000,1,42.278,0.422778,0.000,1.000,1,31.714,0.317138,0.000,1.000,relaxation,good
1783252813.250000,1,39.263,0.392630,0.000,1.000,1,19.068,0.190684,0.000,1.000,1,14.782,0.147823,0.000,1.000,1,90.375,0.903746,0.000,1.000,1,42.377,0.423773,0.000,1.000,1,35.167,0.351669,0.000,1.000,relaxation,good
1783252813.257812,1,37.857,0.378574,0.000,1.000,1,13.331,0.133311,0.000,1.000,1,21.616,0.216160,0.000,1.000,1,88.161,0.881611,0.000,1.000,1,46.123,0.461229,0.000,1.000,1,40.859,0.408590,0.000,1.000,relaxation,good
1783252813.265625,1,36.215,0.362153,0.000,1.000,1,19.321,0.193211,0.000,1.000,1,15.338,0.153376,0.000,1.000,1,89.049,0.890489,0.000,1.000,1,42.973,0.429727,0.000,1.000,1,36.366,0.363657,0.000,1.000,relaxation,good
1783252813.273438,1,39.862,0.398617,0.000,1.000,1,19.287,0.192871,0.000,1.000,1,15.235,0.152351,0.000,1.000,1,87.373,0.873727,0.000,1.000,1,43.212,0.432119,0.000,1.000,1,36.544,0.365444,0.000,1.000,relaxation,good
1783252813.281250,1,36.198,0.361977,0.000,1.000,1,17.310,0.173103,0.000,1.000,1,17.985,0.179853,0.000,1.000,1,84.688,0.846878,0.000,1.000,1,41.975,0.419752,0.000,1.000,1,42.241,0.422405,0.000,1.000,relaxation,good
1783252813.289062,1,36.206,0.362060,0.000,1.000,1,12.316,0.123157,0.000,1.000,1,16.562,0.165619,0.000,1.000,1,93.101,0.931010,0.000,1.000,1,47.117,0.471166,0.000,1.000,1,41.708,0.417081,0.000,1.000,relaxation,good
1783252813.296875,1,40.509,0.405089,0.000,1.000,1,15.885,0.158851,0.000,1.000,1,14.877,0.148767,0.000,1.000,1,89.553,0.895528,0.000,1.000,1,46.623,0.466232,0.000,1.000,1,33.855,0.338548,0.000,1.000,relaxation,good
1783252813.304688,1,40.356,0.403555,0.000,1.000,1,16.340,0.163399,0.000,1.000,1,14.885,0.148851,0.000,1.000,1,87.933,0.879328,0.000,1.000,1,42.735,0.427347,0.000,1.000,1,33.030,0.330296,0.000,1.000,relaxation,good
1783252813.312500,1,40.684,0.406845,0.000,1.000,1,19.539,0.195389,0.000,1.000,1,19.564,0.195643,0.000,1.000,1,86.627,0.866269,0.000,1.000,1,41.898,0.418976,0.000,1.000,1,35.677,0.356766,0.000,1.000,relaxation,good
1783252813.320312,1,38.224,0.382241,0.000,1.000,1,21.751,0.217509,0.000,1.000,1,18.338,0.183385,0.000,1.000,1,86.963,0.869626,0.000,1.000,1,44.962,0.449618,0.000,1.000,1,32.639,0.326392,0.000,1.000,relaxation,good
1783252813.328125,1,38.390,0.383900,0.000,1.000,1,14.745,0.147454,0.000,1.000,1,15.750,0.157496,0.000,1.000,1,87.920,0.879198,0.000,1.000,1,42.797,0.427973,0.000,1.000,1,34.508,0.345085,0.000,1.000,relaxation,good
1783252813.335938,1,35.182,0.351823,0.000,1.000,1,14.919,0.149194,0.000,1.000,1,14.562,0.145623,0.000,1.000,1,90.702,0.907023,0.000,1.000,1,44.676,0.446757,0.000,1.000,1,36.803,0.368032,0.000,1.000,relaxation,good
1783252813.343750,1,38.908,0.389076,0.000,1.000,1,19.086,0.190858,0.000,1.000,1,17.030,0.170296,0.000,1.000,1,86.908,0.869076,0.000,1.000,1,48.603,0.486034,0.000,1.000,1,36.743,0.367430,0.000,1.000,relaxation,good
1783252813.351562,1,40.075,0.400754,0.000,1.000,1,17.306,0.173064,0.000,1.000,1,16.769,0.167687,0.000,1.000,1,87.470,0.874696,0.000,1.000,1,43.625,0.436252,0.000,1.000,1,33.724,0.337241,0.000,1.000,relaxation,good
1783252813.359375,1,36.716,0.367161,0.000,1.000,1,16.360,0.163597,0.000,1.000,1,22.637,0.226369,0.000,1.000,1,84.244,0.842442,0.000,1.000,1,42.271,0.422712,0.000,1.000,1,36.512,0.365122,0.000,1.000,relaxation,good
1783252813.367188,1,40.892,0.408923,0.000,1.000,1,14.796,0.147960,0.000,1.000,1,13.084,0.130840,0.000,1.000,1,91.504,0.915037,0.000,1.000,1,38.805,0.388052,0.000,1.000,1,28.247,0.282468,0.000,1.000,relaxation,good
1783252813.375000,1,33.141,0.331411,0.000,1.000,1,14.956,0.149564,0.000,1.000,1,13.818,0.138181,0.000,1.000,1,92.483,0.924832,0.000,1.000,1,43.766,0.437661,0.000,1.000,1,31.754,0.317538,0.000,1.000,relaxation,good
1783252813.382812,1,32.204,0.322039,0.000,1.000,1,16.216,0.162164,0.000,1.000,1,17.107,0.171072,0.000,1.000,1,88.231,0.882315,0.000,1.000,1,45.958,0.459576,0.000,1.000,1,34.586,0.345855,0.000,1.000,relaxation,good
1783252813.390625,1,34.004,0.340040,0.000,1.000,1,18.707,0.187072,0.000,1.000,1,18.981,0.189811,0.000,1.000,1,87.505,0.875054,0.000,1.000,1,40.077,0.400770,0.000,1.000,1,38.148,0.381478,0.000,1.000,relaxation,good
1783252813.398438,1,36.229,0.362291,0.000,1.000,1,14.775,0.147749,0.000,1.000,1,20.003,0.200028,0.000,1.000,1,89.497,0.894965,0.000,1.000,1,47.002,0.470019,0.000,1.000,1,31.649,0.316487,0.000,1.000,relaxation,good
1783252813.406250,1,38.151,0.381514,0.000,1.000,1,13.540,0.135399,0.000,1.000,1,21.313,0.213133,0.000,1.000,1,88.337,0.883371,0.000,1.000,1,37.865,0.378651,0.000,1.000,1,34.631,0.346305,0.000,1.000,relaxation,good
1783252813.414062,1,38.221,0.382213,0.000,1.000,1,16.557,0.165570,0.000,1.000,1,17.922,0.179219,0.000,1.000,1,91.389,0.913892,0.000,1.000,1,41.697,0.416965,0.000,1.000,1,36.765,0.367652,0.000,1.000,relaxation,good
1783252813.421875,1,43.901,0.439010,0.000,1.000,1,17.608,0.176077,0.000,1.000,1,12.649,0.126494,0.000,1.000,1,88.870,0.888696,0.000,1.000,1,44.530,0.445297,0.000,1.000,1,33.387,0.333868,0.000,1.000,relaxation,good
1783252813.429688,1,37.118,0.371180,0.000,1.000,1,18.852,0.188524,0.000,1.000,1,18.174,0.181739,0.000,1.000,1,89.345,0.893452,0.000,1.000,1,45.594,0.455944,0.000,1.000,1,31.551,0.315513,0.000,1.000,relaxation,good
1783252813.437500,1,40.471,0.404714,0.000,1.000,1,15.429,0.154289,0.000,1.000,1,14.752,0.147524,0.000,1.000,1,87.989,0.879894,0.000,1.000,1,41.788,0.417885,0.000,1.000,1,36.649,0.366490,0.000,1.000,relaxation,good
1783252813.445312,1,41.111,0.411115,0.000,1.000,1,14.112,0.141125,0.000,1.000,1,14.471,0.144707,0.000,1.000,1,88.948,0.889479,0.000,1.000,1,45.619,0.456189,0.000,1.000,1,41.920,0.419202,0.000,1.000,relaxation,good
1783252813.453125,1,39.137,0.391366,0.000,1.000,1,14.101,0.141008,0.000,1.000,1,14.290,0.142900,0.000,1.000,1,89.342,0.893419,0.000,1.000,1,45.810,0.458096,0.000,1.000,1,39.750,0.397498,0.000,1.000,relaxation,good
1783252813.460938,1,41.721,0.417206,0.000,1.000,1,14.069,0.140687,0.000,1.000,1,18.425,0.184250,0.000,1.000,1,91.860,0.918596,0.000,1.000,1,46.104,0.461043,0.000,1.000,1,38.982,0.389817,0.000,1.000,relaxation,good
1783252813.468750,1,38.674,0.386740,0.000,1.000,1,14.156,0.141559,0.000,1.000,1,17.036,0.170357,0.000,1.000,1,85.350,0.853505,0.000,1.000,1,45.564,0.455642,0.000,1.000,1,34.535,0.345348,0.000,1.000,relaxation,good
1783252813.476562,1,37.160,0.371597,0.000,1.000,1,14.865,0.148646,0.000,1.000,1,20.098,0.200977,0.000,1.000,1,87.166,0.871661,0.000,1.000,1,42.591,0.425906,0.000,1.000,1,36.485,0.364850,0.000,1.000,relaxation,good
1783252813.484375,1,37.807,0.378073,0.000,1.000,1,16.753,0.167534,0.000,1.000,1,19.748,0.197480,0.000,1.000,1,90.561,0.905613,0.000,1.000,1,41.063,0.410633,0.000,1.000,1,34.838,0.348384,0.000,1.000,relaxation,good
1783252813.492188,1,37.002,0.370018,0.000,1.000,1,16.902,0.169018,0.000,1.000,1,17.527,0.175273,0.000,1.000,1,85.656,0.856555,0.000,1.000,1,45.656,0.456563,0.000,1.000,1,34.229,0.342289,0.000,1.000,relaxation,good
1783252813.500000,1,39.436,0.394363,0.000,1.000,1,12.008,0.120083,0.000,1.000,1,21.338,0.213375,0.000,1.000,1,85.038,0.850385,0.000,1.000,1,43.656,0.436564,0.000,1.000,1,34.293,0.342933,0.000,1.000,relaxation,good
1783252813.507812,1,39.071,0.390713,0.000,1.000,1,19.637,0.196372,0.000,1.000,1,17.135,0.171347,0.000,1.000,1,86.794,0.867942,0.000,1.000,1,45.438,0.454378,0.000,1.000,1,36.434,0.364335,0.000,1.000,relaxation,good
1783252813.515625,1,42.853,0.428534,0.000,1.000,1,12.900,0.129000,0.000,1.000,1,17.107,0.171073,0.000,1.000,1,84.018,0.840182,0.000,1.000,1,45.078,0.450784,0.000,1.000,1,39.372,0.393722,0.000,1.000,relaxation,good
1783252813.523438,1,41.019,0.410195,0.000,1.000,1,19.314,0.193135,0.000,1.000,1,19.460,0.194598,0.000,1.000,1,87.664,0.876644,0.000,1.000,1,46.606,0.466055,0.000,1.000,1,34.172,0.341719,0.000,1.000,relaxation,good
1783252813.531250,1,39.286,0.392857,0.000,1.000,1,17.508,0.175081,0.000,1.000,1,17.646,0.176455,0.000,1.000,1,87.939,0.879392,0.000,1.000,1,39.217,0.392168,0.000,1.000,1,40.082,0.400819,0.000,1.000,relaxation,good
1783252813.539062,1,39.520,0.395198,0.000,1.000,1,16.860,0.168602,0.000,1.000,1,18.642,0.186421,0.000,1.000,1,87.993,0.879930,0.000,1.000,1,45.554,0.455536,0.000,1.000,1,37.241,0.372410,0.000,1.000,relaxation,good
1783252813.546875,1,40.606,0.406060,0.000,1.000,1,17.797,0.177967,0.000,1.000,1,17.514,0.175137,0.000,1.000,1,88.586,0.885861,0.000,1.000,1,45.226,0.452261,0.000,1.000,1,35.394,0.353943,0.000,1.000,relaxation,good
1783252813.554688,1,39.396,0.393961,0.000,1.000,1,16.256,0.162563,0.000,1.000,1,11.385,0.113855,0.000,1.000,1,87.172,0.871720,0.000,1.000,1,44.732,0.447322,0.000,1.000,1,34.531,0.345312,0.000,1.000,relaxation,good
1783252813.562500,1,40.172,0.401717,0.000,1.000,1,18.478,0.184779,0.000,1.000,1,18.579,0.185786,0.000,1.000,1,86.352,0.863516,0.000,1.000,1,45.437,0.454368,0.000,1.000,1,34.009,0.340085,0.000,1.000,relaxation,good
1783252813.570312,1,39.867,0.398667,0.000,1.000,1,15.956,0.159563,0.000,1.000,1,11.651,0.116514,0.000,1.000,1,89.648,0.896477,0.000,1.000,1,44.177,0.441773,0.000,1.000,1,39.201,0.392013,0.000,1.000,relaxation,good
1783252813.578125,1,33.963,0.339627,0.000,1.000,1,14.526,0.145261,0.000,1.000,1,17.126,0.171259,0.000,1.000,1,88.928,0.889276,0.000,1.000,1,47.317,0.473167,0.000,1.000,1,36.230,0.362302,0.000,1.000,relaxation,good
1783252813.585938,1,39.615,0.396151,0.000,1.000,1,14.842,0.148421,0.000,1.000,1,17.038,0.170380,0.000,1.000,1,90.961,0.909613,0.000,1.000,1,46.544,0.465441,0.000,1.000,1,40.518,0.405176,0.000,1.000,relaxation,good
1783252813.593750,1,34.056,0.340556,0.000,1.000,1,20.554,0.205537,0.000,1.000,1,17.939,0.179392,0.000,1.000,1,89.668,0.896676,0.000,1.000,1,43.468,0.434676,0.000,1.000,1,36.977,0.369771,0.000,1.000,relaxation,good
1783252813.601562,1,38.255,0.382546,0.000,1.000,1,17.018,0.170179,0.000,1.000,1,16.852,0.168522,0.000,1.000,1,84.874,0.848741,0.000,1.000,1,45.520,0.455198,0.000,1.000,1,35.809,0.358087,0.000,1.000,relaxation,good
1783252813.609375,1,39.482,0.394817,0.000,1.000,1,15.338,0.153376,0.000,1.000,1,18.432,0.184324,0.000,1.000,1,89.105,0.891048,0.000,1.000,1,47.555,0.475545,0.000,1.000,1,37.272,0.372720,0.000,1.000,relaxation,good
1783252813.617188,1,34.180,0.341799,0.000,1.000,1,15.407,0.154067,0.000,1.000,1,14.652,0.146521,0.000,1.000,1,86.240,0.862397,0.000,1.000,1,45.086,0.450862,0.000,1.000,1,40.425,0.404253,0.000,1.000,relaxation,good
1783252813.625000,1,39.323,0.393232,0.000,1.000,1,13.542,0.135416,0.000,1.000,1,19.002,0.190016,0.000,1.000,1,88.703,0.887028,0.000,1.000,1,41.705,0.417051,0.000,1.000,1,37.231,0.372306,0.000,1.000,relaxation,good
1783252813.632812,1,36.366,0.363663,0.000,1.000,1,15.833,0.158328,0.000,1.000,1,17.848,0.178485,0.000,1.000,1,86.474,0.864745,0.000,1.000,1,45.653,0.456531,0.000,1.000,1,38.905,0.389053,0.000,1.000,relaxation,good
1783252813.640625,1,39.517,0.395167,0.000,1.000,1,17.642,0.176425,0.000,1.000,1,16.994,0.169938,0.000,1.000,1,84.781,0.847813,0.000,1.000,1,50.499,0.504992,0.000,1.000,1,36.969,0.369690,0.000,1.000,relaxation,good
1783252813.648438,1,37.774,0.377739,0.000,1.000,1,16.795,0.167949,0.000,1.000,1,18.173,0.181727,0.000,1.000,1,90.793,0.907934,0.000,1.000,1,45.201,0.452009,0.000,1.000,1,36.717,0.367171,0.000,1.000,relaxation,good
1783252813.656250,1,35.285,0.352854,0.000,1.000,1,16.379,0.163786,0.000,1.000,1,20.733,0.207330,0.000,1.000,1,85.953,0.859532,0.000,1.000,1,47.397,0.473971,0.000,1.000,1,35.630,0.356296,0.000,1.000,relaxation,good
1783252813.664062,1,33.910,0.339103,0.000,1.000,1,16.329,0.163295,0.000,1.000,1,17.547,0.175469,0.000,1.000,1,86.374,0.863739,0.000,1.000,1,44.155,0.441552,0.000,1.000,1,35.575,0.355746,0.000,1.000,relaxation,good
1783252813.671875,1,34.910,0.349097,0.000,1.000,1,19.166,0.191658,0.000,1.000,1,14.375,0.143749,0.000,1.000,1,92.024,0.920242,0.000,1.000,1,42.270,0.422699,0.000,1.000,1,41.311,0.413112,0.000,1.000,relaxation,good
1783252813.679688,1,38.436,0.384357,0.000,1.000,1,13.827,0.138267,0.000,1.000,1,18.088,0.180884,0.000,1.000,1,86.842,0.868424,0.000,1.000,1,48.158,0.481578,0.000,1.000,1,35.054,0.350538,0.000,1.000,relaxation,good
1783252813.687500,1,45.287,0.452867,0.000,1.000,1,16.996,0.169958,0.000,1.000,1,19.899,0.198994,0.000,1.000,1,86.888,0.868877,0.000,1.000,1,40.600,0.406001,0.000,1.000,1,33.232,0.332316,0.000,1.000,relaxation,good
1783252813.695312,1,37.652,0.376518,0.000,1.000,1,20.430,0.204298,0.000,1.000,1,15.246,0.152461,0.000,1.000,1,91.888,0.918879,0.000,1.000,1,40.620,0.406202,0.000,1.000,1,33.085,0.330848,0.000,1.000,relaxation,good
1783252813.703125,1,35.245,0.352455,0.000,1.000,1,18.723,0.187227,0.000,1.000,1,16.365,0.163652,0.000,1.000,1,87.642,0.876421,0.000,1.000,1,48.857,0.488566,0.000,1.000,1,34.440,0.344396,0.000,1.000,relaxation,good
1783252813.710938,1,39.218,0.392175,0.000,1.000,1,16.272,0.162721,0.000,1.000,1,19.787,0.197871,0.000,1.000,1,87.644,0.876437,0.000,1.000,1,39.764,0.397635,0.000,1.000,1,36.875,0.368746,0.000,1.000,relaxation,good
1783252813.718750,1,36.426,0.364256,0.000,1.000,1,16.778,0.167775,0.000,1.000,1,15.943,0.159427,0.000,1.000,1,87.100,0.870995,0.000,1.000,1,39.437,0.394369,0.000,1.000,1,37.963,0.379625,0.000,1.000,relaxation,good
1783252813.726562,1,37.122,0.371216,0.000,1.000,1,15.133,0.151328,0.000,1.000,1,17.536,0.175361,0.000,1.000,1,87.955,0.879550,0.000,1.000,1,41.531,0.415307,0.000,1.000,1,41.305,0.413047,0.000,1.000,relaxation,good
1783252813.734375,1,40.101,0.401015,0.000,1.000,1,9.150,0.091505,0.000,1.000,1,16.131,0.161311,0.000,1.000,1,86.882,0.868819,0.000,1.000,1,43.669,0.436686,0.000,1.000,1,32.035,0.320351,0.000,1.000,relaxation,good
1783252813.742188,1,39.439,0.394386,0.000,1.000,1,17.840,0.178399,0.000,1.000,1,17.629,0.176295,0.000,1.000,1,88.757,0.887570,0.000,1.000,1,44.205,0.442049,0.000,1.000,1,32.769,0.327687,0.000,1.000,relaxation,good
1783252813.750000,1,34.032,0.340316,0.000,1.000,1,19.431,0.194314,0.000,1.000,1,17.540,0.175404,0.000,1.000,1,88.520,0.885197,0.000,1.000,1,43.614,0.436140,0.000,1.000,1,35.765,0.357655,0.000,1.000,relaxation,good
1783252813.757812,1,43.216,0.432164,0.000,1.000,1,14.574,0.145740,0.000,1.000,1,16.321,0.163214,0.000,1.000,1,86.320,0.863198,0.000,1.000,1,40.083,0.400834,0.000,1.000,1,35.371,0.353711,0.000,1.000,relaxation,good
1783252813.765625,1,34.651,0.346512,0.000,1.000,1,14.799,0.147993,0.000,1.000,1,15.659,0.156587,0.000,1.000,1,90.980,0.909798,0.000,1.000,1,43.166,0.431664,0.000,1.000,1,33.492,0.334915,0.000,1.000,relaxation,good
1783252813.773438,1,37.244,0.372437,0.000,1.000,1,19.115,0.191152,0.000,1.000,1,15.074,0.150736,0.000,1.000,1,86.353,0.863533,0.000,1.000,1,42.677,0.426768,0.000,1.000,1,29.821,0.298207,0.000,1.000,relaxation,good
1783252813.781250,1,39.859,0.398588,0.000,1.000,1,13.090,0.130904,0.000,1.000,1,12.630,0.126303,0.000,1.000,1,91.651,0.916510,0.000,1.000,1,43.908,0.439081,0.000,1.000,1,33.162,0.331624,0.000,1.000,relaxation,good
1783252813.789062,1,34.930,0.349301,0.000,1.000,1,15.226,0.152259,0.000,1.000,1,18.571,0.185710,0.000,1.000,1,92.651,0.926512,0.000,1.000,1,44.259,0.442593,0.000,1.000,1,40.084,0.400841,0.000,1.000,relaxation,good
1783252813.796875,1,37.988,0.379878,0.000,1.000,1,17.101,0.171014,0.000,1.000,1,16.057,0.160571,0.000,1.000,1,88.307,0.883067,0.000,1.000,1,45.189,0.451895,0.000,1.000,1,34.816,0.348160,0.000,1.000,relaxation,good
1783252813.804688,1,39.196,0.391961,0.000,1.000,1,16.233,0.162333,0.000,1.000,1,19.442,0.194422,0.000,1.000,1,87.963,0.879627,0.000,1.000,1,46.040,0.460402,0.000,1.000,1,38.851,0.388511,0.000,1.000,relaxation,good
1783252813.812500,1,36.931,0.369313,0.000,1.000,1,16.950,0.169496,0.000,1.000,1,15.167,0.151672,0.000,1.000,1,89.755,0.897553,0.000,1.000,1,43.832,0.438317,0.000,1.000,1,36.460,0.364597,0.000,1.000,relaxation,good
1783252813.820312,1,44.508,0.445080,0.000,1.000,1,16.720,0.167203,0.000,1.000,1,16.022,0.160223,0.000,1.000,1,84.702,0.847023,0.000,1.000,1,44.023,0.440225,0.000,1.000,1,35.505,0.355053,0.000,1.000,relaxation,good
1783252813.828125,1,36.324,0.363244,0.000,1.000,1,15.833,0.158326,0.000,1.000,1,15.422,0.154225,0.000,1.000,1,87.688,0.876880,0.000,1.000,1,44.521,0.445212,0.000,1.000,1,36.179,0.361792,0.000,1.000,relaxation,good
1783252813.835938,1,42.643,0.426427,0.000,1.000,1,16.311,0.163107,0.000,1.000,1,21.854,0.218540,0.000,1.000,1,90.654,0.906541,0.000,1.000,1,44.656,0.446565,0.000,1.000,1,33.021,0.330206,0.000,1.000,relaxation,good
1783252813.843750,1,36.266,0.362656,0.000,1.000,1,15.834,0.158343,0.000,1.000,1,18.348,0.183476,0.000,1.000,1,91.292,0.912916,0.000,1.000,1,42.311,0.423106,0.000,1.000,1,35.702,0.357017,0.000,1.000,relaxation,good
1783252813.851562,1,34.164,0.341641,0.000,1.000,1,17.649,0.176491,0.000,1.000,1,15.094,0.150942,0.000,1.000,1,90.238,0.902382,0.000,1.000,1,45.917,0.459170,0.000,1.000,1,31.758,0.317583,0.000,1.000,relaxation,good
1783252813.859375,1,35.656,0.356557,0.000,1.000,1,18.072,0.180719,0.000,1.000,1,18.407,0.184070,0.000,1.000,1,89.108,0.891076,0.000,1.000,1,41.404,0.414041,0.000,1.000,1,38.846,0.388459,0.000,1.000,relaxation,good
1783252813.867188,1,37.059,0.370585,0.000,1.000,1,15.546,0.155455,0.000,1.000,1,17.709,0.177089,0.000,1.000,1,86.434,0.864336,0.000,1.000,1,43.787,0.437873,0.000,1.000,1,35.092,0.350923,0.000,1.000,relaxation,good
1783252813.875000,1,43.894,0.438943,0.000,1.000,1,15.828,0.158279,0.000,1.000,1,16.293,0.162933,0.000,1.000,1,84.907,0.849070,0.000,1.000,1,47.252,0.472519,0.000,1.000,1,38.513,0.385134,0.000,1.000,relaxation,good
1783252813.882812,1,38.729,0.387293,0.000,1.000,1,16.514,0.165135,0.000,1.000,1,13.031,0.130307,0.000,1.000,1,88.763,0.887629,0.000,1.000,1,46.333,0.463334,0.000,1.000,1,36.330,0.363302,0.000,1.000,relaxation,good
1783252813.890625,1,38.404,0.384039,0.000,1.000,1,8.812,0.088116,0.000,1.000,1,15.373,0.153726,0.000,1.000,1,93.608,0.936084,0.000,1.000,1,47.527,0.475273,0.000,1.000,1,36.414,0.364138,0.000,1.000,relaxation,good
1783252813.898438,1,40.491,0.404908,0.000,1.000,1,16.920,0.169198,0.000,1.000,1,22.328,0.223282,0.000,1.000,1,83.454,0.834545,0.000,1.000,1,41.217,0.412172,0.000,1.000,1,35.942,0.359416,0.000,1.000,relaxation,good
1783252813.906250,1,39.396,0.393958,0.000,1.000,1,17.693,0.176927,0.000,1.000,1,14.352,0.143516,0.000,1.000,1,87.118,0.871179,0.000,1.000,1,43.200,0.432003,0.000,1.000,1,36.603,0.366035,0.000,1.000,relaxation,good
1783252813.914062,1,36.821,0.368214,0.000,1.000,1,14.876,0.148759,0.000,1.000,1,20.396,0.203955,0.000,1.000,1,88.790,0.887904,0.000,1.000,1,40.668,0.406676,0.000,1.000,1,33.349,0.333486,0.000,1.000,relaxation,good
1783252813.921875,1,39.539,0.395389,0.000,1.000,1,20.625,0.206252,0.000,1.000,1,19.635,0.196349,0.000,1.000,1,92.131,0.921310,0.000,1.000,1,42.932,0.429323,0.000,1.000,1,35.588,0.355883,0.000,1.000,relaxation,good
1783252813.929688,1,36.461,0.364609,0.000,1.000,1,17.949,0.179490,0.000,1.000,1,18.520,0.185196,0.000,1.000,1,89.234,0.892339,0.000,1.000,1,43.222,0.432219,0.000,1.000,1,35.297,0.352971,0.000,1.000,relaxation,good
1783252813.937500,1,37.927,0.379273,0.000,1.000,1,14.139,0.141390,0.000,1.000,1,15.894,0.158940,0.000,1.000,1,91.120,0.911200,0.000,1.000,1,46.142,0.461418,0.000,1.000,1,36.645,0.366449,0.000,1.000,relaxation,good
1783252813.945312,1,39.045,0.390448,0.000,1.000,1,17.721,0.177205,0.000,1.000,1,15.890,0.158896,0.000,1.000,1,87.510,0.875104,0.000,1.000,1,41.203,0.412034,0.000,1.000,1,36.239,0.362394,0.000,1.000,relaxation,good
1783252813.953125,1,40.266,0.402661,0.000,1.000,1,14.495,0.144949,0.000,1.000,1,22.302,0.223018,0.000,1.000,1,89.276,0.892765,0.000,1.000,1,42.708,0.427080,0.000,1.000,1,33.652,0.336522,0.000,1.000,relaxation,good
1783252813.960938,1,36.242,0.362424,0.000,1.000,1,16.484,0.164842,0.000,1.000,1,14.324,0.143240,0.000,1.000,1,86.760,0.867599,0.000,1.000,1,41.232,0.412323,0.000,1.000,1,35.670,0.356697,0.000,1.000,relaxation,good
1783252813.968750,1,36.449,0.364491,0.000,1.000,1,18.469,0.184689,0.000,1.000,1,18.014,0.180142,0.000,1.000,1,86.319,0.863189,0.000,1.000,1,42.475,0.424751,0.000,1.000,1,39.722,0.397217,0.000,1.000,relaxation,good
1783252813.976562,1,43.003,0.430028,0.000,1.000,1,12.347,0.123471,0.000,1.000,1,14.285,0.142851,0.000,1.000,1,87.386,0.873864,0.000,1.000,1,43.068,0.430676,0.000,1.000,1,33.726,0.337261,0.000,1.000,relaxation,good
1783252813.984375,1,40.451,0.404512,0.000,1.000,1,16.320,0.163197,0.000,1.000,1,23.070,0.230696,0.000,1.000,1,87.261,0.872607,0.000,1.000,1,47.814,0.478140,0.000,1.000,1,38.686,0.386864,0.000,1.000,relaxation,good
1783252813.992188,1,39.376,0.393763,0.000,1.000,1,13.331,0.133307,0.000,1.000,1,17.541,0.175415,0.000,1.000,1,89.704,0.897039,0.000,1.000,1,41.541,0.415409,0.000,1.000,1,39.792,0.397923,0.000,1.000,relaxation,good
1783252814.000000,1,35.939,0.359391,0.000,1.000,1,18.309,0.183090,0.000,1.000,1,19.301,0.193009,0.000,1.000,1,84.454,0.844543,0.000,1.000,1,41.193,0.411932,0.000,1.000,1,28.240,0.282402,0.000,1.000,relaxation,good
1783252814.007812,1,39.744,0.397440,0.000,1.000,1,18.024,0.180244,0.000,1.000,1,17.767,0.177672,0.000,1.000,1,87.399,0.873991,0.000,1.000,1,39.653,0.396527,0.000,1.000,1,36.857,0.368570,0.000,1.000,relaxation,good
1783252814.015625,1,36.122,0.361224,0.000,1.000,1,14.659,0.146588,0.000,1.000,1,18.950,0.189498,0.000,1.000,1,85.950,0.859504,0.000,1.000,1,41.969,0.419686,0.000,1.000,1,34.467,0.344667,0.000,1.000,relaxation,good
1783252814.023438,1,37.314,0.373143,0.000,1.000,1,16.157,0.161572,0.000,1.000,1,11.314,0.113136,0.000,1.000,1,82.421,0.824215,0.000,1.000,1,37.860,0.378597,0.000,1.000,1,31.973,0.319731,0.000,1.000,relaxation,good
1783252814.031250,1,39.491,0.394913,0.000,1.000,1,11.306,0.113060,0.000,1.000,1,16.157,0.161567,0.000,1.000,1,85.816,0.858164,0.000,1.000,1,46.961,0.469615,0.000,1.000,1,34.867,0.348668,0.000,1.000,relaxation,good
1783252814.039062,1,40.299,0.402987,0.000,1.000,1,17.051,0.170508,0.000,1.000,1,15.160,0.151602,0.000,1.000,1,85.987,0.859865,0.000,1.000,1,44.656,0.446560,0.000,1.000,1,34.579,0.345788,0.000,1.000,relaxation,good
1783252814.046875,1,35.247,0.352469,0.000,1.000,1,16.089,0.160893,0.000,1.000,1,11.008,0.110079,0.000,1.000,1,89.255,0.892550,0.000,1.000,1,41.387,0.413870,0.000,1.000,1,35.858,0.358578,0.000,1.000,relaxation,good
1783252814.054688,1,40.654,0.406540,0.000,1.000,1,16.197,0.161969,0.000,1.000,1,16.745,0.167454,0.000,1.000,1,89.041,0.890409,0.000,1.000,1,41.798,0.417985,0.000,1.000,1,32.942,0.329422,0.000,1.000,relaxation,good
1783252814.062500,1,34.902,0.349021,0.000,1.000,1,14.894,0.148943,0.000,1.000,1,18.222,0.182218,0.000,1.000,1,83.324,0.833237,0.000,1.000,1,45.531,0.455308,0.000,1.000,1,32.559,0.325590,0.000,1.000,relaxation,good
1783252814.070312,1,37.722,0.377224,0.000,1.000,1,12.308,0.123083,0.000,1.000,1,16.982,0.169820,0.000,1.000,1,84.848,0.848480,0.000,1.000,1,38.575,0.385748,0.000,1.000,1,34.070,0.340701,0.000,1.000,relaxation,good
1783252814.078125,1,35.061,0.350609,0.000,1.000,1,16.176,0.161759,0.000,1.000,1,15.905,0.159052,0.000,1.000,1,90.126,0.901261,0.000,1.000,1,41.785,0.417851,0.000,1.000,1,35.863,0.358629,0.000,1.000,relaxation,good
1783252814.085938,1,37.149,0.371491,0.000,1.000,1,18.941,0.189406,0.000,1.000,1,14.775,0.147751,0.000,1.000,1,90.901,0.909010,0.000,1.000,1,44.863,0.448634,0.000,1.000,1,36.238,0.362378,0.000,1.000,relaxation,good
1783252814.093750,1,36.724,0.367238,0.000,1.000,1,10.279,0.102792,0.000,1.000,1,14.917,0.149166,0.000,1.000,1,88.280,0.882798,0.000,1.000,1,44.963,0.449630,0.000,1.000,1,33.352,0.333523,0.000,1.000,relaxation,good
1783252814.101562,1,36.912,0.369116,0.000,1.000,1,10.927,0.109274,0.000,1.000,1,18.891,0.188907,0.000,1.000,1,88.422,0.884224,0.000,1.000,1,42.678,0.426782,0.000,1.000,1,31.132,0.311325,0.000,1.000,relaxation,good
1783252814.109375,1,37.042,0.370419,0.000,1.000,1,13.818,0.138183,0.000,1.000,1,19.311,0.193112,0.000,1.000,1,89.201,0.892011,0.000,1.000,1,43.026,0.430256,0.000,1.000,1,33.679,0.336794,0.000,1.000,relaxation,good
1783252814.117188,1,40.476,0.404762,0.000,1.000,1,11.795,0.117948,0.000,1.000,1,15.807,0.158066,0.000,1.000,1,85.670,0.856701,0.000,1.000,1,46.703,0.467032,0.000,1.000,1,31.157,0.311572,0.000,1.000,relaxation,good
1783252814.125000,1,38.373,0.383732,0.000,1.000,1,10.564,0.105638,0.000,1.000,1,13.690,0.136898,0.000,1.000,1,89.090,0.890897,0.000,1.000,1,41.462,0.414620,0.000,1.000,1,37.773,0.377727,0.000,1.000,relaxation,good
1783252814.132812,1,38.995,0.389948,0.000,1.000,1,10.100,0.101001,0.000,1.000,1,17.968,0.179676,0.000,1.000,1,89.501,0.895006,0.000,1.000,1,44.281,0.442807,0.000,1.000,1,32.108,0.321081,0.000,1.000,relaxation,good
1783252814.140625,1,36.694,0.366943,0.000,1.000,1,13.350,0.133505,0.000,1.000,1,15.908,0.159084,0.000,1.000,1,86.380,0.863799,0.000,1.000,1,44.233,0.442327,0.000,1.000,1,35.662,0.356621,0.000,1.000,relaxation,good
1783252814.148438,1,39.455,0.394550,0.000,1.000,1,14.895,0.148947,0.000,1.000,1,16.268,0.162682,0.000,1.000,1,89.713,0.897131,0.000,1.000,1,41.186,0.411855,0.000,1.000,1,38.318,0.383178,0.000,1.000,relaxation,good
1783252814.156250,1,37.966,0.379663,0.000,1.000,1,12.935,0.129349,0.000,1.000,1,15.373,0.153731,0.000,1.000,1,88.694,0.886935,0.000,1.000,1,39.441,0.394409,0.000,1.000,1,36.221,0.362208,0.000,1.000,relaxation,good
1783252814.164062,1,36.859,0.368588,0.000,1.000,1,15.397,0.153970,0.000,1.000,1,16.657,0.166569,0.000,1.000,1,87.958,0.879582,0.000,1.000,1,47.165,0.471647,0.000,1.000,1,37.633,0.376332,0.000,1.000,relaxation,good
1783252814.171875,1,36.409,0.364089,0.000,1.000,1,15.260,0.152604,0.000,1.000,1,19.673,0.196725,0.000,1.000,1,90.830,0.908299,0.000,1.000,1,46.049,0.460493,0.000,1.000,1,33.116,0.331157,0.000,1.000,relaxation,good
1783252814.179688,1,38.966,0.389659,0.000,1.000,1,14.377,0.143770,0.000,1.000,1,18.220,0.182203,0.000,1.000,1,86.235,0.862349,0.000,1.000,1,39.679,0.396788,0.000,1.000,1,31.634,0.316336,0.000,1.000,relaxation,good
1783252814.187500,1,41.704,0.417042,0.000,1.000,1,18.182,0.181817,0.000,1.000,1,21.872,0.218723,0.000,1.000,1,87.077,0.870772,0.000,1.000,1,44.097,0.440974,0.000,1.000,1,33.245,0.332451,0.000,1.000,relaxation,good
1783252814.195312,1,32.693,0.326935,0.000,1.000,1,16.166,0.161657,0.000,1.000,1,15.697,0.156967,0.000,1.000,1,84.604,0.846043,0.000,1.000,1,41.214,0.412142,0.000,1.000,1,35.837,0.358371,0.000,1.000,relaxation,good
1783252814.203125,1,36.706,0.367062,0.000,1.000,1,13.132,0.131321,0.000,1.000,1,18.276,0.182756,0.000,1.000,1,88.545,0.885448,0.000,1.000,1,46.815,0.468151,0.000,1.000,1,37.197,0.371966,0.000,1.000,relaxation,good
1783252814.210938,1,33.791,0.337911,0.000,1.000,1,16.819,0.168186,0.000,1.000,1,14.899,0.148993,0.000,1.000,1,88.141,0.881407,0.000,1.000,1,48.440,0.484396,0.000,1.000,1,38.866,0.388661,0.000,1.000,relaxation,good
1783252814.218750,1,39.053,0.390526,0.000,1.000,1,13.442,0.134421,0.000,1.000,1,14.949,0.149492,0.000,1.000,1,87.357,0.873567,0.000,1.000,1,43.819,0.438187,0.000,1.000,1,38.124,0.381237,0.000,1.000,relaxation,good
1783252814.226562,1,38.512,0.385117,0.000,1.000,1,10.979,0.109788,0.000,1.000,1,12.525,0.125251,0.000,1.000,1,89.931,0.899310,0.000,1.000,1,42.095,0.420948,0.000,1.000,1,34.263,0.342627,0.000,1.000,relaxation,good
1783252814.234375,1,35.437,0.354367,0.000,1.000,1,15.772,0.157720,0.000,1.000,1,19.725,0.197250,0.000,1.000,1,86.001,0.860008,0.000,1.000,1,47.991,0.479911,0.000,1.000,1,31.079,0.310788,0.000,1.000,relaxation,good
1783252814.242188,1,35.171,0.351709,0.000,1.000,1,12.793,0.127930,0.000,1.000,1,17.444,0.174440,0.000,1.000,1,90.801,0.908012,0.000,1.000,1,42.278,0.422778,0.000,1.000,1,34.176,0.341763,0.000,1.000,relaxation,good
1783252814.250000,1,37.134,0.371339,0.000,1.000,1,13.788,0.137879,0.000,1.000,1,15.779,0.157790,0.000,1.000,1,86.592,0.865917,0.000,1.000,1,40.243,0.402427,0.000,1.000,1,36.951,0.369514,0.000,1.000,relaxation,good
1783252814.257812,1,40.189,0.401893,0.000,1.000,1,12.523,0.125226,0.000,1.000,1,16.843,0.168427,0.000,1.000,1,87.823,0.878230,0.000,1.000,1,42.166,0.421662,0.000,1.000,1,35.547,0.355471,0.000,1.000,relaxation,good
1783252814.265625,1,38.164,0.381644,0.000,1.000,1,17.364,0.173643,0.000,1.000,1,14.959,0.149590,0.000,1.000,1,91.772,0.917717,0.000,1.000,1,41.584,0.415841,0.000,1.000,1,34.957,0.349567,0.000,1.000,relaxation,good
1783252814.273438,1,38.580,0.385795,0.000,1.000,1,15.229,0.152285,0.000,1.000,1,14.683,0.146828,0.000,1.000,1,89.799,0.897990,0.000,1.000,1,45.571,0.455706,0.000,1.000,1,33.554,0.335538,0.000,1.000,relaxation,good
1783252814.281250,1,42.006,0.420057,0.000,1.000,1,12.832,0.128322,0.000,1.000,1,17.470,0.174705,0.000,1.000,1,89.091,0.890909,0.000,1.000,1,42.637,0.426367,0.000,1.000,1,36.348,0.363475,0.000,1.000,relaxation,good
1783252814.289062,1,33.434,0.334344,0.000,1.000,1,18.382,0.183816,0.000,1.000,1,13.175,0.131748,0.000,1.000,1,89.401,0.894015,0.000,1.000,1,41.157,0.411573,0.000,1.000,1,44.079,0.440795,0.000,1.000,relaxation,good
1783252814.296875,1,37.851,0.378510,0.000,1.000,1,13.052,0.130519,0.000,1.000,1,12.892,0.128925,0.000,1.000,1,85.209,0.852086,0.000,1.000,1,43.447,0.434473,0.000,1.000,1,33.993,0.339928,0.000,1.000,relaxation,good
1783252814.304688,1,36.860,0.368604,0.000,1.000,1,13.802,0.138016,0.000,1.000,1,15.381,0.153807,0.000,1.000,1,85.904,0.859036,0.000,1.000,1,41.903,0.419026,0.000,1.000,1,34.030,0.340305,0.000,1.000,relaxation,good
1783252814.312500,1,37.069,0.370687,0.000,1.000,1,17.530,0.175302,0.000,1.000,1,15.687,0.156872,0.000,1.000,1,86.613,0.866127,0.000,1.000,1,40.676,0.406758,0.000,1.000,1,32.334,0.323338,0.000,1.000,relaxation,good
1783252814.320312,1,34.599,0.345994,0.000,1.000,1,15.802,0.158025,0.000,1.000,1,16.755,0.167551,0.000,1.000,1,89.003,0.890031,0.000,1.000,1,43.248,0.432480,0.000,1.000,1,34.693,0.346930,0.000,1.000,relaxation,good
1783252814.328125,1,37.099,0.370987,0.000,1.000,1,8.514,0.085138,0.000,1.000,1,11.665,0.116650,0.000,1.000,1,85.497,0.854974,0.000,1.000,1,44.413,0.444130,0.000,1.000,1,35.387,0.353870,0.000,1.000,relaxation,good
1783252814.335938,1,38.618,0.386183,0.000,1.000,1,11.114,0.111138,0.000,1.000,1,13.768,0.137676,0.000,1.000,1,88.615,0.886152,0.000,1.000,1,44.685,0.446845,0.000,1.000,1,32.306,0.323057,0.000,1.000,relaxation,good
1783252814.343750,1,36.284,0.362835,0.000,1.000,1,16.975,0.169749,0.000,1.000,1,15.737,0.157373,0.000,1.000,1,89.135,0.891350,0.000,1.000,1,42.361,0.423613,0.000,1.000,1,38.940,0.389404,0.000,1.000,relaxation,good
1783252814.351562,1,40.572,0.405724,0.000,1.000,1,16.712,0.167116,0.000,1.000,1,20.478,0.204781,0.000,1.000,1,84.955,0.849555,0.000,1.000,1,41.605,0.416047,0.000,1.000,1,34.290,0.342900,0.000,1.000,relaxation,good
1783252814.359375,1,35.187,0.351867,0.000,1.000,1,15.007,0.150072,0.000,1.000,1,19.143,0.191425,0.000,1.000,1,86.187,0.861870,0.000,1.000,1,41.380,0.413801,0.000,1.000,1,34.487,0.344865,0.000,1.000,relaxation,good
1783252814.367188,1,34.066,0.340657,0.000,1.000,1,12.124,0.121244,0.000,1.000,1,16.424,0.164238,0.000,1.000,1,83.359,0.833592,0.000,1.000,1,42.985,0.429848,0.000,1.000,1,34.041,0.340407,0.000,1.000,relaxation,good
1783252814.375000,1,44.562,0.445621,0.000,1.000,1,19.087,0.190873,0.000,1.000,1,16.972,0.169725,0.000,1.000,1,83.597,0.835966,0.000,1.000,1,41.404,0.414038,0.000,1.000,1,35.282,0.352821,0.000,1.000,relaxation,good
1783252814.382812,1,36.015,0.360147,0.000,1.000,1,7.868,0.078683,0.000,1.000,1,14.657,0.146566,0.000,1.000,1,87.095,0.870946,0.000,1.000,1,44.314,0.443143,0.000,1.000,1,35.009,0.350094,0.000,1.000,relaxation,good
1783252814.390625,1,38.586,0.385864,0.000,1.000,1,16.532,0.165323,0.000,1.000,1,18.311,0.183106,0.000,1.000,1,86.230,0.862304,0.000,1.000,1,48.670,0.486702,0.000,1.000,1,32.282,0.322816,0.000,1.000,relaxation,good
1783252814.398438,1,40.803,0.408031,0.000,1.000,1,15.936,0.159358,0.000,1.000,1,14.369,0.143689,0.000,1.000,1,84.096,0.840963,0.000,1.000,1,43.290,0.432897,0.000,1.000,1,37.230,0.372302,0.000,1.000,relaxation,good
1783252814.406250,1,37.278,0.372779,0.000,1.000,1,15.929,0.159291,0.000,1.000,1,15.313,0.153130,0.000,1.000,1,82.765,0.827647,0.000,1.000,1,41.799,0.417987,0.000,1.000,1,33.927,0.339273,0.000,1.000,relaxation,good
1783252814.414062,1,42.014,0.420138,0.000,1.000,1,15.357,0.153570,0.000,1.000,1,13.882,0.138820,0.000,1.000,1,86.777,0.867773,0.000,1.000,1,43.588,0.435879,0.000,1.000,1,34.499,0.344994,0.000,1.000,relaxation,good
1783252814.421875,1,35.149,0.351493,0.000,1.000,1,17.707,0.177073,0.000,1.000,1,14.638,0.146378,0.000,1.000,1,89.602,0.896018,0.000,1.000,1,45.098,0.450978,0.000,1.000,1,35.217,0.352167,0.000,1.000,relaxation,good
1783252814.429688,1,37.503,0.375026,0.000,1.000,1,17.335,0.173348,0.000,1.000,1,14.326,0.143256,0.000,1.000,1,90.241,0.902407,0.000,1.000,1,41.557,0.415567,0.000,1.000,1,31.843,0.318428,0.000,1.000,relaxation,good
1783252814.437500,1,35.692,0.356915,0.000,1.000,1,13.896,0.138960,0.000,1.000,1,19.752,0.197524,0.000,1.000,1,87.093,0.870927,0.000,1.000,1,43.648,0.436479,0.000,1.000,1,36.763,0.367634,0.000,1.000,relaxation,good
1783252814.445312,1,37.413,0.374133,0.000,1.000,1,13.490,0.134898,0.000,1.000,1,16.839,0.168387,0.000,1.000,1,85.456,0.854560,0.000,1.000,1,44.882,0.448820,0.000,1.000,1,35.601,0.356008,0.000,1.000,relaxation,good
1783252814.453125,1,36.498,0.364980,0.000,1.000,1,17.267,0.172665,0.000,1.000,1,18.350,0.183499,0.000,1.000,1,85.309,0.853088,0.000,1.000,1,44.924,0.449235,0.000,1.000,1,34.879,0.348789,0.000,1.000,relaxation,good
1783252814.460938,1,37.644,0.376445,0.000,1.000,1,15.772,0.157722,0.000,1.000,1,16.774,0.167744,0.000,1.000,1,83.257,0.832565,0.000,1.000,1,42.996,0.429964,0.000,1.000,1,32.706,0.327059,0.000,1.000,relaxation,good
1783252814.468750,1,37.834,0.378339,0.000,1.000,1,8.883,0.088834,0.000,1.000,1,19.352,0.193525,0.000,1.000,1,88.560,0.885597,0.000,1.000,1,40.099,0.400991,0.000,1.000,1,40.655,0.406548,0.000,1.000,relaxation,good
1783252814.476562,1,37.998,0.379979,0.000,1.000,1,13.930,0.139300,0.000,1.000,1,16.540,0.165395,0.000,1.000,1,87.284,0.872845,0.000,1.000,1,48.319,0.483189,0.000,1.000,1,32.701,0.327012,0.000,1.000,relaxation,good
1783252814.484375,1,39.132,0.391324,0.000,1.000,1,17.061,0.170609,0.000,1.000,1,13.029,0.130286,0.000,1.000,1,90.529,0.905294,0.000,1.000,1,41.269,0.412695,0.000,1.000,1,34.141,0.341414,0.000,1.000,relaxation,good
1783252814.492188,1,33.676,0.336756,0.000,1.000,1,17.344,0.173439,0.000,1.000,1,19.293,0.192926,0.000,1.000,1,84.587,0.845873,0.000,1.000,1,45.009,0.450088,0.000,1.000,1,36.772,0.367716,0.000,1.000,relaxation,good
1783252814.500000,1,34.521,0.345211,0.000,1.000,1,8.669,0.086690,0.000,1.000,1,16.583,0.165829,0.000,1.000,1,88.582,0.885820,0.000,1.000,1,42.034,0.420337,0.000,1.000,1,34.250,0.342503,0.000,1.000,relaxation,good
1783252814.507812,1,34.672,0.346719,0.000,1.000,1,13.986,0.139862,0.000,1.000,1,20.032,0.200321,0.000,1.000,1,87.981,0.879814,0.000,1.000,1,45.579,0.455791,0.000,1.000,1,35.368,0.353684,0.000,1.000,relaxation,good
1783252814.515625,1,35.170,0.351705,0.000,1.000,1,9.394,0.093940,0.000,1.000,1,14.867,0.148673,0.000,1.000,1,92.598,0.925980,0.000,1.000,1,39.288,0.392876,0.000,1.000,1,30.683,0.306826,0.000,1.000,relaxation,good
1783252814.523438,1,34.536,0.345355,0.000,1.000,1,13.008,0.130076,0.000,1.000,1,17.648,0.176480,0.000,1.000,1,87.736,0.877358,0.000,1.000,1,39.142,0.391418,0.000,1.000,1,33.567,0.335674,0.000,1.000,relaxation,good
1783252814.531250,1,39.920,0.399195,0.000,1.000,1,15.051,0.150512,0.000,1.000,1,17.429,0.174288,0.000,1.000,1,87.527,0.875267,0.000,1.000,1,43.186,0.431857,0.000,1.000,1,37.637,0.376372,0.000,1.000,relaxation,good
1783252814.539062,1,39.649,0.396490,0.000,1.000,1,14.077,0.140774,0.000,1.000,1,22.321,0.223207,0.000,1.000,1,85.021,0.850212,0.000,1.000,1,40.852,0.408519,0.000,1.000,1,35.160,0.351600,0.000,1.000,relaxation,good
1783252814.546875,1,37.412,0.374120,0.000,1.000,1,16.542,0.165415,0.000,1.000,1,13.407,0.134073,0.000,1.000,1,88.681,0.886814,0.000,1.000,1,43.821,0.438210,0.000,1.000,1,31.547,0.315469,0.000,1.000,relaxation,good
1783252814.554688,1,32.272,0.322719,0.000,1.000,1,8.552,0.085518,0.000,1.000,1,18.479,0.184794,0.000,1.000,1,86.282,0.862818,0.000,1.000,1,39.724,0.397237,0.000,1.000,1,35.154,0.351541,0.000,1.000,relaxation,good
1783252814.562500,1,38.478,0.384778,0.000,1.000,1,14.009,0.140089,0.000,1.000,1,17.217,0.172175,0.000,1.000,1,83.167,0.831667,0.000,1.000,1,45.516,0.455155,0.000,1.000,1,40.447,0.404475,0.000,1.000,relaxation,good
1783252814.570312,1,36.121,0.361209,0.000,1.000,1,13.613,0.136134,0.000,1.000,1,14.566,0.145659,0.000,1.000,1,85.868,0.858684,0.000,1.000,1,40.918,0.409176,0.000,1.000,1,33.217,0.332166,0.000,1.000,relaxation,good
1783252814.578125,1,37.462,0.374616,0.000,1.000,1,14.683,0.146833,0.000,1.000,1,11.651,0.116515,0.000,1.000,1,88.128,0.881276,0.000,1.000,1,44.814,0.448137,0.000,1.000,1,36.779,0.367791,0.000,1.000,relaxation,good
1783252814.585938,1,39.018,0.390176,0.000,1.000,1,10.652,0.106524,0.000,1.000,1,11.791,0.117910,0.000,1.000,1,89.376,0.893764,0.000,1.000,1,41.017,0.410165,0.000,1.000,1,35.279,0.352790,0.000,1.000,relaxation,good
1783252814.593750,1,38.993,0.389926,0.000,1.000,1,15.129,0.151290,0.000,1.000,1,14.985,0.149853,0.000,1.000,1,83.371,0.833709,0.000,1.000,1,36.830,0.368299,0.000,1.000,1,31.379,0.313795,0.000,1.000,relaxation,good
1783252814.601562,1,41.387,0.413871,0.000,1.000,1,13.397,0.133965,0.000,1.000,1,12.713,0.127133,0.000,1.000,1,85.698,0.856975,0.000,1.000,1,39.976,0.399765,0.000,1.000,1,33.475,0.334746,0.000,1.000,relaxation,good
1783252814.609375,1,40.467,0.404672,0.000,1.000,1,17.937,0.179375,0.000,1.000,1,14.578,0.145785,0.000,1.000,1,88.108,0.881078,0.000,1.000,1,43.171,0.431707,0.000,1.000,1,35.466,0.354664,0.000,1.000,relaxation,good
1783252814.617188,1,40.726,0.407264,0.000,1.000,1,17.022,0.170220,0.000,1.000,1,16.794,0.167937,0.000,1.000,1,89.033,0.890329,0.000,1.000,1,42.528,0.425280,0.000,1.000,1,36.012,0.360116,0.000,1.000,relaxation,good
1783252814.625000,1,36.345,0.363448,0.000,1.000,1,14.031,0.140313,0.000,1.000,1,12.356,0.123556,0.000,1.000,1,87.431,0.874314,0.000,1.000,1,43.520,0.435204,0.000,1.000,1,32.899,0.328988,0.000,1.000,relaxation,good
1783252814.632812,1,33.870,0.338696,0.000,1.000,1,16.723,0.167229,0.000,1.000,1,14.216,0.142160,0.000,1.000,1,81.335,0.813346,0.000,1.000,1,45.190,0.451896,0.000,1.000,1,30.688,0.306885,0.000,1.000,relaxation,good
1783252814.640625,1,41.141,0.411415,0.000,1.000,1,12.267,0.122666,0.000,1.000,1,10.482,0.104817,0.000,1.000,1,92.875,0.928754,0.000,1.000,1,41.185,0.411846,0.000,1.000,1,33.779,0.337788,0.000,1.000,relaxation,good
1783252814.648438,1,34.818,0.348184,0.000,1.000,1,16.865,0.168654,0.000,1.000,1,13.967,0.139666,0.000,1.000,1,87.870,0.878697,0.000,1.000,1,40.514,0.405139,0.000,1.000,1,34.476,0.344758,0.000,1.000,relaxation,good
1783252814.656250,1,35.698,0.356984,0.000,1.000,1,13.713,0.137132,0.000,1.000,1,16.232,0.162318,0.000,1.000,1,88.952,0.889520,0.000,1.000,1,42.254,0.422539,0.000,1.000,1,34.327,0.343266,0.000,1.000,relaxation,good
1783252814.664062,1,42.612,0.426120,0.000,1.000,1,9.284,0.092839,0.000,1.000,1,13.049,0.130493,0.000,1.000,1,80.479,0.804793,0.000,1.000,1,42.498,0.424980,0.000,1.000,1,29.704,0.297043,0.000,1.000,relaxation,good
1783252814.671875,1,36.786,0.367862,0.000,1.000,1,16.733,0.167326,0.000,1.000,1,16.139,0.161390,0.000,1.000,1,87.564,0.875642,0.000,1.000,1,48.084,0.480845,0.000,1.000,1,34.937,0.349373,0.000,1.000,relaxation,good
1783252814.679688,1,36.633,0.366333,0.000,1.000,1,16.322,0.163222,0.000,1.000,1,17.274,0.172745,0.000,1.000,1,87.101,0.871009,0.000,1.000,1,45.134,0.451337,0.000,1.000,1,38.599,0.385995,0.000,1.000,relaxation,good
1783252814.687500,1,36.702,0.367023,0.000,1.000,1,12.855,0.128548,0.000,1.000,1,17.390,0.173898,0.000,1.000,1,82.804,0.828044,0.000,1.000,1,42.279,0.422788,0.000,1.000,1,31.757,0.317566,0.000,1.000,relaxation,good
1783252814.695312,1,37.684,0.376841,0.000,1.000,1,19.567,0.195667,0.000,1.000,1,15.542,0.155424,0.000,1.000,1,87.892,0.878917,0.000,1.000,1,38.701,0.387015,0.000,1.000,1,35.213,0.352131,0.000,1.000,relaxation,good
1783252814.703125,1,32.393,0.323933,0.000,1.000,1,14.754,0.147535,0.000,1.000,1,17.598,0.175981,0.000,1.000,1,91.175,0.911751,0.000,1.000,1,42.251,0.422514,0.000,1.000,1,37.027,0.370270,0.000,1.000,relaxation,good
1783252814.710938,1,36.675,0.366746,0.000,1.000,1,15.953,0.159528,0.000,1.000,1,18.052,0.180519,0.000,1.000,1,80.667,0.806668,0.000,1.000,1,41.196,0.411960,0.000,1.000,1,32.159,0.321591,0.000,1.000,relaxation,good
1783252814.718750,1,34.740,0.347401,0.000,1.000,1,16.757,0.167571,0.000,1.000,1,13.936,0.139365,0.000,1.000,1,84.920,0.849203,0.000,1.000,1,42.737,0.427373,0.000,1.000,1,34.961,0.349610,0.000,1.000,relaxation,good
1783252814.726562,1,36.914,0.369145,0.000,1.000,1,12.210,0.122100,0.000,1.000,1,18.201,0.182015,0.000,1.000,1,87.789,0.877892,0.000,1.000,1,42.325,0.423247,0.000,1.000,1,32.746,0.327458,0.000,1.000,relaxation,good
1783252814.734375,1,39.745,0.397455,0.000,1.000,1,8.288,0.082877,0.000,1.000,1,19.053,0.190529,0.000,1.000,1,84.533,0.845331,0.000,1.000,1,40.837,0.408366,0.000,1.000,1,32.872,0.328717,0.000,1.000,relaxation,good
1783252814.742188,1,36.927,0.369274,0.000,1.000,1,11.974,0.119742,0.000,1.000,1,17.698,0.176984,0.000,1.000,1,87.711,0.877114,0.000,1.000,1,41.250,0.412499,0.000,1.000,1,31.290,0.312902,0.000,1.000,relaxation,good
1783252814.750000,1,35.431,0.354314,0.000,1.000,1,15.598,0.155984,0.000,1.000,1,15.516,0.155156,0.000,1.000,1,86.234,0.862340,0.000,1.000,1,43.199,0.431985,0.000,1.000,1,32.769,0.327694,0.000,1.000,relaxation,good
1783252814.757812,1,33.895,0.338946,0.000,1.000,1,14.678,0.146776,0.000,1.000,1,10.576,0.105757,0.000,1.000,1,87.217,0.872170,0.000,1.000,1,40.601,0.406010,0.000,1.000,1,30.433,0.304331,0.000,1.000,relaxation,good
1783252814.765625,1,35.995,0.359952,0.000,1.000,1,16.877,0.168773,0.000,1.000,1,14.228,0.142280,0.000,1.000,1,88.174,0.881745,0.000,1.000,1,42.677,0.426772,0.000,1.000,1,32.916,0.329161,0.000,1.000,relaxation,good
1783252814.773438,1,32.425,0.324251,0.000,1.000,1,15.373,0.153725,0.000,1.000,1,16.753,0.167526,0.000,1.000,1,84.512,0.845123,0.000,1.000,1,45.167,0.451673,0.000,1.000,1,35.908,0.359077,0.000,1.000,relaxation,good
1783252814.781250,1,34.432,0.344319,0.000,1.000,1,15.950,0.159501,0.000,1.000,1,14.848,0.148482,0.000,1.000,1,85.547,0.855472,0.000,1.000,1,42.482,0.424819,0.000,1.000,1,30.301,0.303009,0.000,1.000,relaxation,good
1783252814.789062,1,30.436,0.304359,0.000,1.000,1,16.737,0.167371,0.000,1.000,1,17.963,0.179629,0.000,1.000,1,86.669,0.866691,0.000,1.000,1,43.247,0.432468,0.000,1.000,1,33.896,0.338957,0.000,1.000,relaxation,good
1783252814.796875,1,34.065,0.340649,0.000,1.000,1,17.981,0.179808,0.000,1.000,1,13.753,0.137531,0.000,1.000,1,84.273,0.842728,0.000,1.000,1,39.848,0.398483,0.000,1.000,1,32.275,0.322746,0.000,1.000,relaxation,good
1783252814.804688,1,37.906,0.379057,0.000,1.000,1,14.824,0.148242,0.000,1.000,1,17.350,0.173498,0.000,1.000,1,84.190,0.841903,0.000,1.000,1,41.122,0.411217,0.000,1.000,1,32.628,0.326285,0.000,1.000,relaxation,good
1783252814.812500,1,39.568,0.395684,0.000,1.000,1,13.740,0.137404,0.000,1.000,1,18.222,0.182219,0.000,1.000,1,86.848,0.868481,0.000,1.000,1,38.338,0.383381,0.000,1.000,1,34.978,0.349782,0.000,1.000,relaxation,good
1783252814.820312,1,38.117,0.381168,0.000,1.000,1,17.109,0.171090,0.000,1.000,1,15.773,0.157732,0.000,1.000,1,80.569,0.805694,0.000,1.000,1,44.046,0.440461,0.000,1.000,1,33.975,0.339752,0.000,1.000,relaxation,good
1783252814.828125,1,38.334,0.383345,0.000,1.000,1,16.799,0.167993,0.000,1.000,1,18.176,0.181762,0.000,1.000,1,84.813,0.848131,0.000,1.000,1,41.255,0.412547,0.000,1.000,1,33.263,0.332625,0.000,1.000,relaxation,good
1783252814.835938,1,35.311,0.353108,0.000,1.000,1,10.593,0.105926,0.000,1.000,1,14.265,0.142655,0.000,1.000,1,86.644,0.866441,0.000,1.000,1,44.607,0.446071,0.000,1.000,1,35.593,0.355929,0.000,1.000,relaxation,good
1783252814.843750,1,40.512,0.405118,0.000,1.000,1,13.920,0.139201,0.000,1.000,1,13.926,0.139262,0.000,1.000,1,84.098,0.840981,0.000,1.000,1,40.756,0.407555,0.000,1.000,1,38.009,0.380095,0.000,1.000,relaxation,good
1783252814.851562,1,31.620,0.316198,0.000,1.000,1,13.433,0.134330,0.000,1.000,1,10.937,0.109371,0.000,1.000,1,85.348,0.853478,0.000,1.000,1,39.246,0.392462,0.000,1.000,1,27.850,0.278500,0.000,1.000,relaxation,good
1783252814.859375,1,32.914,0.329138,0.000,1.000,1,18.509,0.185092,0.000,1.000,1,21.456,0.214562,0.000,1.000,1,85.105,0.851048,0.000,1.000,1,44.373,0.443729,0.000,1.000,1,35.543,0.355426,0.000,1.000,relaxation,good
1783252814.867188,1,36.203,0.362033,0.000,1.000,1,13.854,0.138542,0.000,1.000,1,16.525,0.165254,0.000,1.000,1,82.707,0.827075,0.000,1.000,1,42.283,0.422834,0.000,1.000,1,33.466,0.334655,0.000,1.000,relaxation,good
1783252814.875000,1,37.433,0.374327,0.000,1.000,1,15.776,0.157760,0.000,1.000,1,17.728,0.177277,0.000,1.000,1,84.582,0.845817,0.000,1.000,1,46.995,0.469952,0.000,1.000,1,26.250,0.262502,0.000,1.000,relaxation,good
1783252814.882812,1,31.805,0.318048,0.000,1.000,1,17.224,0.172244,0.000,1.000,1,13.973,0.139733,0.000,1.000,1,86.031,0.860307,0.000,1.000,1,40.764,0.407640,0.000,1.000,1,31.796,0.317965,0.000,1.000,relaxation,good
1783252814.890625,1,39.157,0.391573,0.000,1.000,1,12.530,0.125300,0.000,1.000,1,14.691,0.146906,0.000,1.000,1,85.042,0.850418,0.000,1.000,1,43.511,0.435112,0.000,1.000,1,35.924,0.359237,0.000,1.000,relaxation,good
1783252814.898438,1,34.174,0.341736,0.000,1.000,1,10.957,0.109574,0.000,1.000,1,12.375,0.123753,0.000,1.000,1,84.433,0.844333,0.000,1.000,1,43.500,0.435004,0.000,1.000,1,36.412,0.364125,0.000,1.000,relaxation,good
1783252814.906250,1,41.721,0.417205,0.000,1.000,1,11.537,0.115368,0.000,1.000,1,16.468,0.164682,0.000,1.000,1,84.885,0.848847,0.000,1.000,1,38.536,0.385360,0.000,1.000,1,28.808,0.288084,0.000,1.000,relaxation,good
1783252814.914062,1,37.866,0.378659,0.000,1.000,1,17.238,0.172378,0.000,1.000,1,17.959,0.179592,0.000,1.000,1,91.793,0.917926,0.000,1.000,1,39.955,0.399553,0.000,1.000,1,33.635,0.336352,0.000,1.000,relaxation,good
1783252814.921875,1,34.056,0.340560,0.000,1.000,1,12.456,0.124561,0.000,1.000,1,14.814,0.148145,0.000,1.000,1,81.942,0.819424,0.000,1.000,1,42.992,0.429916,0.000,1.000,1,37.632,0.376317,0.000,1.000,relaxation,good
1783252814.929688,1,38.240,0.382403,0.000,1.000,1,15.388,0.153884,0.000,1.000,1,15.499,0.154994,0.000,1.000,1,90.872,0.908722,0.000,1.000,1,41.745,0.417447,0.000,1.000,1,35.209,0.352086,0.000,1.000,relaxation,good
1783252814.937500,1,36.127,0.361273,0.000,1.000,1,18.162,0.181624,0.000,1.000,1,17.201,0.172011,0.000,1.000,1,84.090,0.840898,0.000,1.000,1,43.912,0.439119,0.000,1.000,1,38.304,0.383044,0.000,1.000,relaxation,good
1783252814.945312,1,32.273,0.322726,0.000,1.000,1,11.539,0.115391,0.000,1.000,1,14.669,0.146689,0.000,1.000,1,83.431,0.834310,0.000,1.000,1,41.840,0.418400,0.000,1.000,1,29.856,0.298565,0.000,1.000,relaxation,good
1783252814.953125,1,35.780,0.357798,0.000,1.000,1,16.540,0.165401,0.000,1.000,1,15.546,0.155464,0.000,1.000,1,88.489,0.884894,0.000,1.000,1,41.669,0.416685,0.000,1.000,1,33.201,0.332010,0.000,1.000,relaxation,good
1783252814.960938,1,36.973,0.369732,0.000,1.000,1,11.404,0.114036,0.000,1.000,1,16.251,0.162506,0.000,1.000,1,85.816,0.858157,0.000,1.000,1,42.328,0.423278,0.000,1.000,1,32.655,0.326553,0.000,1.000,relaxation,good
1783252814.968750,1,41.825,0.418253,0.000,1.000,1,12.934,0.129343,0.000,1.000,1,16.802,0.168022,0.000,1.000,1,86.457,0.864573,0.000,1.000,1,43.964,0.439643,0.000,1.000,1,36.392,0.363918,0.000,1.000,relaxation,good
1783252814.976562,1,37.301,0.373011,0.000,1.000,1,14.055,0.140551,0.000,1.000,1,18.765,0.187654,0.000,1.000,1,83.752,0.837517,0.000,1.000,1,38.939,0.389386,0.000,1.000,1,29.912,0.299124,0.000,1.000,relaxation,good
1783252814.984375,1,37.094,0.370940,0.000,1.000,1,14.909,0.149095,0.000,1.000,1,11.226,0.112256,0.000,1.000,1,86.207,0.862075,0.000,1.000,1,42.121,0.421206,0.000,1.000,1,32.089,0.320894,0.000,1.000,relaxation,good
1783252814.992188,1,36.181,0.361807,0.000,1.000,1,12.428,0.124275,0.000,1.000,1,18.010,0.180102,0.000,1.000,1,84.031,0.840310,0.000,1.000,1,44.809,0.448089,0.000,1.000,1,33.061,0.330608,0.000,1.000,relaxation,good
1783252815.000000,1,69.449,0.694494,0.000,1.000,1,92.539,0.925386,0.000,1.000,1,47.181,0.471809,0.000,1.000,1,16.440,0.164399,0.000,1.000,1,73.959,0.739589,0.000,1.000,1,45.361,0.453614,0.000,1.000,excitement,good
1783252815.007812,1,69.137,0.691372,0.000,1.000,1,92.151,0.921512,0.000,1.000,1,47.437,0.474367,0.000,1.000,1,14.792,0.147916,0.000,1.000,1,84.491,0.844914,0.000,1.000,1,46.721,0.467209,0.000,1.000,excitement,good
1783252815.015625,1,70.810,0.708099,0.000,1.000,1,87.869,0.878693,0.000,1.000,1,41.999,0.419992,0.000,1.000,1,22.041,0.220414,0.000,1.000,1,78.782,0.787815,0.000,1.000,1,43.713,0.437130,0.000,1.000,excitement,good
1783252815.023438,1,67.324,0.673244,0.000,1.000,1,91.965,0.919651,0.000,1.000,1,43.167,0.431670,0.000,1.000,1,15.336,0.153359,0.000,1.000,1,80.479,0.804792,0.000,1.000,1,46.087,0.460868,0.000,1.000,excitement,good
1783252815.031250,1,72.062,0.720620,0.000,1.000,1,94.677,0.946769,0.000,1.000,1,44.785,0.447853,0.000,1.000,1,17.953,0.179525,0.000,1.000,1,77.355,0.773551,0.000,1.000,1,46.065,0.460654,0.000,1.000,excitement,good
1783252815.039062,1,71.490,0.714896,0.000,1.000,1,95.751,0.957507,0.000,1.000,1,46.356,0.463556,0.000,1.000,1,15.967,0.159672,0.000,1.000,1,76.271,0.762715,0.000,1.000,1,46.744,0.467440,0.000,1.000,excitement,good
1783252815.046875,1,72.638,0.726384,0.000,1.000,1,91.149,0.911493,0.000,1.000,1,44.671,0.446707,0.000,1.000,1,17.352,0.173523,0.000,1.000,1,77.835,0.778347,0.000,1.000,1,41.844,0.418437,0.000,1.000,excitement,good
1783252815.054688,1,70.583,0.705831,0.000,1.000,1,91.046,0.910458,0.000,1.000,1,44.986,0.449865,0.000,1.000,1,13.945,0.139447,0.000,1.000,1,74.318,0.743177,0.000,1.000,1,48.590,0.485897,0.000,1.000,excitement,good
1783252815.062500,1,70.727,0.707274,0.000,1.000,1,87.580,0.875800,0.000,1.000,1,44.899,0.448993,0.000,1.000,1,18.247,0.182472,0.000,1.000,1,76.741,0.767410,0.000,1.000,1,45.005,0.450048,0.000,1.000,excitement,good
1783252815.070312,1,66.395,0.663948,0.000,1.000,1,90.660,0.906597,0.000,1.000,1,47.493,0.474933,0.000,1.000,1,14.543,0.145433,0.000,1.000,1,78.577,0.785772,0.000,1.000,1,43.897,0.438972,0.000,1.000,excitement,good
1783252815.078125,1,70.323,0.703231,0.000,1.000,1,90.124,0.901239,0.000,1.000,1,47.243,0.472433,0.000,1.000,1,20.420,0.204197,0.000,1.000,1,79.251,0.792506,0.000,1.000,1,45.910,0.459097,0.000,1.000,excitement,good
1783252815.085938,1,67.358,0.673581,0.000,1.000,1,88.125,0.881252,0.000,1.000,1,43.742,0.437422,0.000,1.000,1,14.485,0.144851,0.000,1.000,1,75.603,0.756034,0.000,1.000,1,47.502,0.475018,0.000,1.000,excitement,good
1783252815.093750,1,70.618,0.706177,0.000,1.000,1,89.735,0.897351,0.000,1.000,1,46.509,0.465089,0.000,1.000,1,15.237,0.152374,0.000,1.000,1,72.810,0.728099,0.000,1.000,1,46.810,0.468100,0.000,1.000,excitement,good
1783252815.101562,1,70.236,0.702363,0.000,1.000,1,89.565,0.895654,0.000,1.000,1,48.197,0.481973,0.000,1.000,1,14.208,0.142085,0.000,1.000,1,83.049,0.830487,0.000,1.000,1,45.797,0.457971,0.000,1.000,excitement,good
1783252815.109375,1,72.145,0.721448,0.000,1.000,1,90.379,0.903794,0.000,1.000,1,47.992,0.479922,0.000,1.000,1,16.393,0.163926,0.000,1.000,1,77.084,0.770837,0.000,1.000,1,45.348,0.453483,0.000,1.000,excitement,good
1783252815.117188,1,68.946,0.689457,0.000,1.000,1,87.270,0.872699,0.000,1.000,1,46.973,0.469726,0.000,1.000,1,15.306,0.153058,0.000,1.000,1,78.042,0.780422,0.000,1.000,1,45.779,0.457793,0.000,1.000,excitement,good
1783252815.125000,1,69.244,0.692440,0.000,1.000,1,95.426,0.954257,0.000,1.000,1,47.451,0.474508,0.000,1.000,1,16.939,0.169390,0.000,1.000,1,76.210,0.762098,0.000,1.000,1,45.970,0.459705,0.000,1.000,excitement,good
1783252815.132812,1,69.966,0.699663,0.000,1.000,1,91.634,0.916336,0.000,1.000,1,47.843,0.478432,0.000,1.000,1,19.426,0.194256,0.000,1.000,1,80.944,0.809441,0.000,1.000,1,45.061,0.450610,0.000,1.000,excitement,good
1783252815.140625,1,68.664,0.686636,0.000,1.000,1,91.725,0.917253,0.000,1.000,1,44.400,0.444004,0.000,1.000,1,15.729,0.157294,0.000,1.000,1,77.441,0.774415,0.000,1.000,1,46.526,0.465260,0.000,1.000,excitement,good
1783252815.148438,1,64.143,0.641433,0.000,1.000,1,90.710,0.907102,0.000,1.000,1,43.513,0.435130,0.000,1.000,1,12.926,0.129257,0.000,1.000,1,78.220,0.782197,0.000,1.000,1,50.533,0.505332,0.000,1.000,excitement,good
1783252815.156250,1,71.862,0.718617,0.000,1.000,1,93.488,0.934877,0.000,1.000,1,45.359,0.453592,0.000,1.000,1,18.681,0.186815,0.000,1.000,1,73.127,0.731273,0.000,1.000,1,44.744,0.447445,0.000,1.000,excitement,good
1783252815.164062,1,71.160,0.711604,0.000,1.000,1,88.702,0.887022,0.000,1.000,1,41.617,0.416165,0.000,1.000,1,16.568,0.165680,0.000,1.000,1,77.603,0.776031,0.000,1.000,1,49.396,0.493962,0.000,1.000,excitement,good
1783252815.171875,1,73.082,0.730816,0.000,1.000,1,92.101,0.921010,0.000,1.000,1,42.124,0.421245,0.000,1.000,1,12.224,0.122239,0.000,1.000,1,76.203,0.762031,0.000,1.000,1,48.225,0.482254,0.000,1.000,excitement,good
1783252815.179688,1,72.214,0.722144,0.000,1.000,1,89.278,0.892778,0.000,1.000,1,45.672,0.456716,0.000,1.000,1,18.061,0.180607,0.000,1.000,1,76.385,0.763852,0.000,1.000,1,51.676,0.516764,0.000,1.000,excitement,good
1783252815.187500,1,68.793,0.687928,0.000,1.000,1,93.486,0.934862,0.000,1.000,1,49.057,0.490570,0.000,1.000,1,16.125,0.161249,0.000,1.000,1,80.436,0.804365,0.000,1.000,1,46.645,0.466454,0.000,1.000,excitement,good
1783252815.195312,1,68.117,0.681171,0.000,1.000,1,94.769,0.947693,0.000,1.000,1,41.042,0.410418,0.000,1.000,1,18.796,0.187964,0.000,1.000,1,79.382,0.793821,0.000,1.000,1,50.077,0.500773,0.000,1.000,excitement,good
1783252815.203125,1,68.749,0.687490,0.000,1.000,1,93.337,0.933366,0.000,1.000,1,44.415,0.444152,0.000,1.000,1,16.422,0.164221,0.000,1.000,1,76.405,0.764052,0.000,1.000,1,44.840,0.448403,0.000,1.000,excitement,good
1783252815.210938,1,70.724,0.707245,0.000,1.000,1,88.927,0.889266,0.000,1.000,1,41.103,0.411026,0.000,1.000,1,18.076,0.180764,0.000,1.000,1,79.819,0.798195,0.000,1.000,1,49.648,0.496476,0.000,1.000,excitement,good
1783252815.218750,1,69.412,0.694120,0.000,1.000,1,89.238,0.892378,0.000,1.000,1,43.380,0.433804,0.000,1.000,1,14.174,0.141740,0.000,1.000,1,74.808,0.748085,0.000,1.000,1,44.712,0.447116,0.000,1.000,excitement,good
1783252815.226562,1,67.834,0.678341,0.000,1.000,1,89.479,0.894788,0.000,1.000,1,44.628,0.446282,0.000,1.000,1,14.051,0.140514,0.000,1.000,1,78.326,0.783258,0.000,1.000,1,50.941,0.509413,0.000,1.000,excitement,good
1783252815.234375,1,68.867,0.688671,0.000,1.000,1,86.591,0.865910,0.000,1.000,1,43.789,0.437894,0.000,1.000,1,16.064,0.160643,0.000,1.000,1,78.236,0.782365,0.000,1.000,1,48.211,0.482106,0.000,1.000,excitement,good
1783252815.242188,1,69.604,0.696035,0.000,1.000,1,90.244,0.902444,0.000,1.000,1,45.558,0.455583,0.000,1.000,1,17.826,0.178260,0.000,1.000,1,71.458,0.714584,0.000,1.000,1,47.922,0.479223,0.000,1.000,excitement,good
1783252815.250000,1,69.713,0.697125,0.000,1.000,1,91.109,0.911091,0.000,1.000,1,41.729,0.417287,0.000,1.000,1,16.925,0.169252,0.000,1.000,1,78.931,0.789308,0.000,1.000,1,46.215,0.462151,0.000,1.000,excitement,good
1783252815.257812,1,70.553,0.705529,0.000,1.000,1,90.252,0.902517,0.000,1.000,1,46.954,0.469541,0.000,1.000,1,17.190,0.171899,0.000,1.000,1,76.565,0.765654,0.000,1.000,1,44.938,0.449376,0.000,1.000,excitement,good
1783252815.265625,1,72.780,0.727796,0.000,1.000,1,92.519,0.925189,0.000,1.000,1,42.610,0.426102,0.000,1.000,1,14.414,0.144138,0.000,1.000,1,82.404,0.824037,0.000,1.000,1,45.503,0.455031,0.000,1.000,excitement,good
1783252815.273438,1,72.488,0.724876,0.000,1.000,1,87.475,0.874748,0.000,1.000,1,45.427,0.454271,0.000,1.000,1,15.817,0.158174,0.000,1.000,1,73.256,0.732555,0.000,1.000,1,42.214,0.422137,0.000,1.000,excitement,good
1783252815.281250,1,67.678,0.676779,0.000,1.000,1,88.407,0.884067,0.000,1.000,1,45.268,0.452682,0.000,1.000,1,9.846,0.098457,0.000,1.000,1,79.328,0.793279,0.000,1.000,1,44.416,0.444160,0.000,1.000,excitement,good
1783252815.289062,1,69.965,0.699652,0.000,1.000,1,88.348,0.883478,0.000,1.000,1,38.831,0.388314,0.000,1.000,1,19.253,0.192528,0.000,1.000,1,76.204,0.762039,0.000,1.000,1,48.891,0.488909,0.000,1.000,excitement,good
1783252815.296875,1,72.040,0.720397,0.000,1.000,1,93.196,0.931959,0.000,1.000,1,47.097,0.470969,0.000,1.000,1,16.623,0.166227,0.000,1.000,1,75.804,0.758042,0.000,1.000,1,47.865,0.478652,0.000,1.000,excitement,good
1783252815.304688,1,69.666,0.696663,0.000,1.000,1,94.679,0.946789,0.000,1.000,1,46.678,0.466776,0.000,1.000,1,14.037,0.140369,0.000,1.000,1,78.630,0.786295,0.000,1.000,1,43.255,0.432554,0.000,1.000,excitement,good
1783252815.312500,1,70.842,0.708424,0.000,1.000,1,92.217,0.922174,0.000,1.000,1,47.095,0.470946,0.000,1.000,1,18.642,0.186417,0.000,1.000,1,78.570,0.785699,0.000,1.000,1,44.293,0.442930,0.000,1.000,excitement,good
1783252815.320312,1,66.655,0.666550,0.000,1.000,1,89.607,0.896073,0.000,1.000,1,42.881,0.428810,0.000,1.000,1,13.334,0.133338,0.000,1.000,1,72.366,0.723658,0.000,1.000,1,43.828,0.438275,0.000,1.000,excitement,good
1783252815.328125,1,69.654,0.696545,0.000,1.000,1,94.306,0.943056,0.000,1.000,1,40.425,0.404253,0.000,1.000,1,18.636,0.186365,0.000,1.000,1,73.338,0.733378,0.000,1.000,1,43.409,0.434091,0.000,1.000,excitement,good
1783252815.335938,1,72.665,0.726653,0.000,1.000,1,90.132,0.901325,0.000,1.000,1,39.024,0.390245,0.000,1.000,1,16.359,0.163585,0.000,1.000,1,77.674,0.776745,0.000,1.000,1,47.993,0.479935,0.000,1.000,excitement,good
1783252815.343750,1,69.076,0.690757,0.000,1.000,1,89.292,0.892924,0.000,1.000,1,44.490,0.444902,0.000,1.000,1,15.229,0.152289,0.000,1.000,1,80.919,0.809192,0.000,1.000,1,45.245,0.452452,0.000,1.000,excitement,good
1783252815.351562,1,70.158,0.701576,0.000,1.000,1,94.094,0.940941,0.000,1.000,1,41.860,0.418603,0.000,1.000,1,18.957,0.189567,0.000,1.000,1,80.067,0.800671,0.000,1.000,1,46.131,0.461307,0.000,1.000,excitement,good
1783252815.359375,1,73.286,0.732861,0.000,1.000,1,93.576,0.935756,0.000,1.000,1,41.415,0.414147,0.000,1.000,1,17.661,0.176609,0.000,1.000,1,75.872,0.758718,0.000,1.000,1,46.815,0.468150,0.000,1.000,excitement,good
1783252815.367188,1,71.093,0.710931,0.000,1.000,1,91.898,0.918982,0.000,1.000,1,38.311,0.383115,0.000,1.000,1,16.743,0.167435,0.000,1.000,1,77.641,0.776408,0.000,1.000,1,48.155,0.481546,0.000,1.000,excitement,good
1783252815.375000,1,67.452,0.674519,0.000,1.000,1,90.024,0.900242,0.000,1.000,1,47.683,0.476832,0.000,1.000,1,12.568,0.125681,0.000,1.000,1,77.501,0.775014,0.000,1.000,1,46.976,0.469764,0.000,1.000,excitement,good
1783252815.382812,1,72.797,0.727968,0.000,1.000,1,89.895,0.898950,0.000,1.000,1,43.948,0.439477,0.000,1.000,1,13.700,0.137001,0.000,1.000,1,75.172,0.751720,0.000,1.000,1,46.755,0.467547,0.000,1.000,excitement,good
1783252815.390625,1,67.061,0.670610,0.000,1.000,1,89.442,0.894418,0.000,1.000,1,51.253,0.512529,0.000,1.000,1,17.572,0.175720,0.000,1.000,1,75.021,0.750207,0.000,1.000,1,48.938,0.489384,0.000,1.000,excitement,good
1783252815.398438,1,70.644,0.706438,0.000,1.000,1,89.477,0.894769,0.000,1.000,1,45.886,0.458857,0.000,1.000,1,14.504,0.145037,0.000,1.000,1,75.063,0.750630,0.000,1.000,1,47.331,0.473313,0.000,1.000,excitement,good
1783252815.406250,1,67.210,0.672100,0.000,1.000,1,92.905,0.929047,0.000,1.000,1,48.263,0.482625,0.000,1.000,1,11.886,0.118863,0.000,1.000,1,79.317,0.793173,0.000,1.000,1,46.199,0.461993,0.000,1.000,excitement,good
1783252815.414062,1,68.052,0.680522,0.000,1.000,1,86.193,0.861932,0.000,1.000,1,42.216,0.422161,0.000,1.000,1,15.562,0.155625,0.000,1.000,1,78.719,0.787194,0.000,1.000,1,46.646,0.466459,0.000,1.000,excitement,good
1783252815.421875,1,68.988,0.689875,0.000,1.000,1,90.487,0.904866,0.000,1.000,1,44.573,0.445725,0.000,1.000,1,9.983,0.099832,0.000,1.000,1,77.174,0.771743,0.000,1.000,1,46.093,0.460934,0.000,1.000,excitement,good
1783252815.429688,1,70.889,0.708890,0.000,1.000,1,94.961,0.949608,0.000,1.000,1,41.250,0.412500,0.000,1.000,1,11.259,0.112588,0.000,1.000,1,74.714,0.747139,0.000,1.000,1,43.897,0.438973,0.000,1.000,excitement,good
1783252815.437500,1,68.240,0.682403,0.000,1.000,1,91.182,0.911818,0.000,1.000,1,40.807,0.408066,0.000,1.000,1,14.274,0.142741,0.000,1.000,1,80.825,0.808251,0.000,1.000,1,48.194,0.481941,0.000,1.000,excitement,good
1783252815.445312,1,72.171,0.721708,0.000,1.000,1,91.662,0.916625,0.000,1.000,1,47.951,0.479511,0.000,1.000,1,12.546,0.125460,0.000,1.000,1,79.126,0.791265,0.000,1.000,1,42.469,0.424694,0.000,1.000,excitement,good
1783252815.453125,1,68.122,0.681224,0.000,1.000,1,86.019,0.860186,0.000,1.000,1,42.055,0.420548,0.000,1.000,1,13.998,0.139975,0.000,1.000,1,79.606,0.796060,0.000,1.000,1,48.723,0.487229,0.000,1.000,excitement,good
1783252815.460938,1,70.714,0.707139,0.000,1.000,1,92.135,0.921347,0.000,1.000,1,42.204,0.422043,0.000,1.000,1,14.324,0.143241,0.000,1.000,1,75.706,0.757058,0.000,1.000,1,47.002,0.470021,0.000,1.000,excitement,good
1783252815.468750,1,68.611,0.686115,0.000,1.000,1,89.067,0.890672,0.000,1.000,1,39.832,0.398317,0.000,1.000,1,16.079,0.160795,0.000,1.000,1,76.297,0.762972,0.000,1.000,1,42.872,0.428723,0.000,1.000,excitement,good
1783252815.476562,1,64.272,0.642718,0.000,1.000,1,90.878,0.908778,0.000,1.000,1,46.258,0.462578,0.000,1.000,1,15.353,0.153527,0.000,1.000,1,79.784,0.797837,0.000,1.000,1,49.568,0.495682,0.000,1.000,excitement,good
1783252815.484375,1,70.007,0.700075,0.000,1.000,1,92.360,0.923602,0.000,1.000,1,41.440,0.414404,0.000,1.000,1,12.219,0.122188,0.000,1.000,1,79.787,0.797868,0.000,1.000,1,45.027,0.450273,0.000,1.000,excitement,good
1783252815.492188,1,62.575,0.625746,0.000,1.000,1,91.496,0.914961,0.000,1.000,1,47.536,0.475361,0.000,1.000,1,13.469,0.134687,0.000,1.000,1,78.778,0.787784,0.000,1.000,1,46.404,0.464044,0.000,1.000,excitement,good
1783252815.500000,1,63.215,0.632147,0.000,1.000,1,91.459,0.914592,0.000,1.000,1,43.491,0.434909,0.000,1.000,1,16.836,0.168361,0.000,1.000,1,76.772,0.767724,0.000,1.000,1,44.145,0.441449,0.000,1.000,excitement,good
1783252815.507812,1,70.960,0.709596,0.000,1.000,1,87.403,0.874029,0.000,1.000,1,45.771,0.457706,0.000,1.000,1,18.481,0.184813,0.000,1.000,1,80.985,0.809853,0.000,1.000,1,44.289,0.442886,0.000,1.000,excitement,good
1783252815.515625,1,67.109,0.671094,0.000,1.000,1,87.520,0.875198,0.000,1.000,1,41.933,0.419330,0.000,1.000,1,15.988,0.159880,0.000,1.000,1,79.821,0.798205,0.000,1.000,1,42.934,0.429344,0.000,1.000,excitement,good
1783252815.523438,1,63.533,0.635334,0.000,1.000,1,88.666,0.886661,0.000,1.000,1,46.963,0.469627,0.000,1.000,1,12.726,0.127258,0.000,1.000,1,78.067,0.780667,0.000,1.000,1,45.437,0.454368,0.000,1.000,excitement,good
1783252815.531250,1,63.446,0.634456,0.000,1.000,1,89.863,0.898629,0.000,1.000,1,42.718,0.427179,0.000,1.000,1,18.266,0.182664,0.000,1.000,1,82.142,0.821420,0.000,1.000,1,47.095,0.470954,0.000,1.000,excitement,good
1783252815.539062,1,71.778,0.717777,0.000,1.000,1,89.331,0.893314,0.000,1.000,1,39.632,0.396320,0.000,1.000,1,14.824,0.148242,0.000,1.000,1,73.985,0.739853,0.000,1.000,1,48.253,0.482526,0.000,1.000,excitement,good
1783252815.546875,1,67.556,0.675556,0.000,1.000,1,91.075,0.910749,0.000,1.000,1,44.126,0.441257,0.000,1.000,1,14.175,0.141753,0.000,1.000,1,73.412,0.734118,0.000,1.000,1,42.979,0.429789,0.000,1.000,excitement,good
1783252815.554688,1,66.746,0.667458,0.000,1.000,1,90.917,0.909172,0.000,1.000,1,44.348,0.443484,0.000,1.000,1,13.907,0.139066,0.000,1.000,1,79.848,0.798482,0.000,1.000,1,43.428,0.434281,0.000,1.000,excitement,good
1783252815.562500,1,66.655,0.666545,0.000,1.000,1,89.227,0.892269,0.000,1.000,1,43.956,0.439559,0.000,1.000,1,14.387,0.143867,0.000,1.000,1,75.917,0.759173,0.000,1.000,1,46.284,0.462836,0.000,1.000,excitement,good
1783252815.570312,1,69.181,0.691808,0.000,1.000,1,84.863,0.848626,0.000,1.000,1,45.791,0.457912,0.000,1.000,1,17.650,0.176496,0.000,1.000,1,74.454,0.744540,0.000,1.000,1,46.854,0.468543,0.000,1.000,excitement,good
1783252815.578125,1,70.736,0.707359,0.000,1.000,1,89.481,0.894812,0.000,1.000,1,49.237,0.492366,0.000,1.000,1,12.067,0.120671,0.000,1.000,1,77.513,0.775135,0.000,1.000,1,44.671,0.446709,0.000,1.000,excitement,good
1783252815.585938,1,72.508,0.725082,0.000,1.000,1,91.274,0.912739,0.000,1.000,1,48.119,0.481190,0.000,1.000,1,14.894,0.148935,0.000,1.000,1,74.907,0.749068,0.000,1.000,1,47.432,0.474317,0.000,1.000,excitement,good
1783252815.593750,1,68.527,0.685266,0.000,1.000,1,94.219,0.942188,0.000,1.000,1,48.047,0.480475,0.000,1.000,1,16.100,0.161000,0.000,1.000,1,75.489,0.754886,0.000,1.000,1,47.673,0.476731,0.000,1.000,excitement,good
1783252815.601562,1,71.832,0.718319,0.000,1.000,1,89.541,0.895408,0.000,1.000,1,43.346,0.433464,0.000,1.000,1,15.355,0.153546,0.000,1.000,1,75.810,0.758103,0.000,1.000,1,42.566,0.425660,0.000,1.000,excitement,good
1783252815.609375,1,68.944,0.689440,0.000,1.000,1,92.165,0.921650,0.000,1.000,1,43.623,0.436228,0.000,1.000,1,16.399,0.163989,0.000,1.000,1,78.287,0.782874,0.000,1.000,1,47.962,0.479621,0.000,1.000,excitement,good
1783252815.617188,1,67.563,0.675634,0.000,1.000,1,88.708,0.887077,0.000,1.000,1,43.160,0.431605,0.000,1.000,1,17.253,0.172526,0.000,1.000,1,77.955,0.779550,0.000,1.000,1,46.667,0.466671,0.000,1.000,excitement,good
1783252815.625000,1,65.383,0.653829,0.000,1.000,1,90.658,0.906576,0.000,1.000,1,36.284,0.362838,0.000,1.000,1,15.364,0.153636,0.000,1.000,1,75.181,0.751815,0.000,1.000,1,46.294,0.462937,0.000,1.000,excitement,good
1783252815.632812,1,70.389,0.703887,0.000,1.000,1,92.761,0.927614,0.000,1.000,1,44.212,0.442116,0.000,1.000,1,11.400,0.113998,0.000,1.000,1,81.041,0.810405,0.000,1.000,1,52.574,0.525738,0.000,1.000,excitement,good
1783252815.640625,1,70.084,0.700845,0.000,1.000,1,91.332,0.913317,0.000,1.000,1,41.181,0.411810,0.000,1.000,1,14.063,0.140627,0.000,1.000,1,79.036,0.790364,0.000,1.000,1,49.798,0.497978,0.000,1.000,excitement,good
1783252815.648438,1,69.745,0.697451,0.000,1.000,1,84.651,0.846511,0.000,1.000,1,44.964,0.449636,0.000,1.000,1,17.117,0.171167,0.000,1.000,1,76.835,0.768354,0.000,1.000,1,44.478,0.444776,0.000,1.000,excitement,good
1783252815.656250,1,72.506,0.725058,0.000,1.000,1,90.370,0.903696,0.000,1.000,1,47.854,0.478537,0.000,1.000,1,14.913,0.149131,0.000,1.000,1,75.826,0.758259,0.000,1.000,1,45.997,0.459974,0.000,1.000,excitement,good
1783252815.664062,1,64.822,0.648222,0.000,1.000,1,90.468,0.904681,0.000,1.000,1,45.773,0.457726,0.000,1.000,1,15.919,0.159194,0.000,1.000,1,77.388,0.773880,0.000,1.000,1,46.250,0.462499,0.000,1.000,excitement,good
1783252815.671875,1,70.746,0.707463,0.000,1.000,1,88.212,0.882124,0.000,1.000,1,45.793,0.457930,0.000,1.000,1,16.564,0.165640,0.000,1.000,1,80.837,0.808374,0.000,1.000,1,44.316,0.443163,0.000,1.000,excitement,good
1783252815.679688,1,66.303,0.663027,0.000,1.000,1,92.312,0.923118,0.000,1.000,1,40.764,0.407639,0.000,1.000,1,14.841,0.148409,0.000,1.000,1,79.604,0.796036,0.000,1.000,1,49.261,0.492610,0.000,1.000,excitement,good
1783252815.687500,1,63.231,0.632305,0.000,1.000,1,86.046,0.860459,0.000,1.000,1,45.727,0.457273,0.000,1.000,1,16.057,0.160571,0.000,1.000,1,77.402,0.774017,0.000,1.000,1,45.020,0.450204,0.000,1.000,excitement,good
1783252815.695312,1,67.989,0.679886,0.000,1.000,1,93.279,0.932792,0.000,1.000,1,40.474,0.404741,0.000,1.000,1,21.786,0.217857,0.000,1.000,1,80.609,0.806092,0.000,1.000,1,45.149,0.451493,0.000,1.000,excitement,good
1783252815.703125,1,69.382,0.693817,0.000,1.000,1,88.146,0.881462,0.000,1.000,1,44.222,0.442220,0.000,1.000,1,12.296,0.122955,0.000,1.000,1,78.696,0.786963,0.000,1.000,1,45.094,0.450937,0.000,1.000,excitement,good
1783252815.710938,1,67.477,0.674771,0.000,1.000,1,92.990,0.929897,0.000,1.000,1,41.964,0.419635,0.000,1.000,1,16.238,0.162380,0.000,1.000,1,83.247,0.832467,0.000,1.000,1,42.162,0.421616,0.000,1.000,excitement,good
1783252815.718750,1,72.017,0.720167,0.000,1.000,1,94.427,0.944270,0.000,1.000,1,41.226,0.412259,0.000,1.000,1,13.804,0.138035,0.000,1.000,1,75.524,0.755239,0.000,1.000,1,45.006,0.450059,0.000,1.000,excitement,good
1783252815.726562,1,67.690,0.676897,0.000,1.000,1,89.470,0.894698,0.000,1.000,1,42.143,0.421426,0.000,1.000,1,10.664,0.106644,0.000,1.000,1,79.261,0.792608,0.000,1.000,1,43.281,0.432805,0.000,1.000,excitement,good
1783252815.734375,1,70.575,0.705750,0.000,1.000,1,90.391,0.903908,0.000,1.000,1,45.178,0.451776,0.000,1.000,1,13.614,0.136136,0.000,1.000,1,77.190,0.771897,0.000,1.000,1,43.684,0.436835,0.000,1.000,excitement,good
1783252815.742188,1,70.082,0.700822,0.000,1.000,1,87.055,0.870546,0.000,1.000,1,40.267,0.402674,0.000,1.000,1,14.055,0.140555,0.000,1.000,1,82.250,0.822497,0.000,1.000,1,47.833,0.478329,0.000,1.000,excitement,good
1783252815.750000,1,74.408,0.744081,0.000,1.000,1,84.584,0.845842,0.000,1.000,1,42.797,0.427971,0.000,1.000,1,15.783,0.157834,0.000,1.000,1,74.954,0.749541,0.000,1.000,1,48.257,0.482566,0.000,1.000,excitement,good
1783252815.757812,1,66.256,0.662560,0.000,1.000,1,88.851,0.888508,0.000,1.000,1,40.829,0.408295,0.000,1.000,1,14.378,0.143785,0.000,1.000,1,80.574,0.805742,0.000,1.000,1,42.575,0.425748,0.000,1.000,excitement,good
1783252815.765625,1,69.498,0.694981,0.000,1.000,1,91.402,0.914020,0.000,1.000,1,40.928,0.409284,0.000,1.000,1,13.206,0.132065,0.000,1.000,1,77.961,0.779609,0.000,1.000,1,45.179,0.451795,0.000,1.000,excitement,good
1783252815.773438,1,65.129,0.651286,0.000,1.000,1,91.289,0.912886,0.000,1.000,1,41.024,0.410237,0.000,1.000,1,17.647,0.176473,0.000,1.000,1,77.178,0.771776,0.000,1.000,1,47.834,0.478341,0.000,1.000,excitement,good
1783252815.781250,1,66.144,0.661438,0.000,1.000,1,89.036,0.890358,0.000,1.000,1,44.260,0.442603,0.000,1.000,1,15.553,0.155534,0.000,1.000,1,79.544,0.795435,0.000,1.000,1,45.657,0.456575,0.000,1.000,excitement,good
1783252815.789062,1,72.392,0.723920,0.000,1.000,1,89.601,0.896014,0.000,1.000,1,42.406,0.424058,0.000,1.000,1,13.746,0.137460,0.000,1.000,1,74.972,0.749720,0.000,1.000,1,48.488,0.484880,0.000,1.000,excitement,good
1783252815.796875,1,70.361,0.703605,0.000,1.000,1,87.617,0.876175,0.000,1.000,1,44.545,0.445450,0.000,1.000,1,16.120,0.161203,0.000,1.000,1,70.716,0.707162,0.000,1.000,1,50.512,0.505119,0.000,1.000,excitement,good
1783252815.804688,1,69.001,0.690005,0.000,1.000,1,88.941,0.889405,0.000,1.000,1,46.370,0.463698,0.000,1.000,1,13.036,0.130360,0.000,1.000,1,72.205,0.722053,0.000,1.000,1,46.503,0.465027,0.000,1.000,excitement,good
1783252815.812500,1,70.078,0.700780,0.000,1.000,1,91.557,0.915570,0.000,1.000,1,43.174,0.431745,0.000,1.000,1,13.027,0.130268,0.000,1.000,1,77.023,0.770230,0.000,1.000,1,44.546,0.445459,0.000,1.000,excitement,good
1783252815.820312,1,71.754,0.717535,0.000,1.000,1,89.519,0.895189,0.000,1.000,1,46.325,0.463254,0.000,1.000,1,18.013,0.180129,0.000,1.000,1,76.070,0.760702,0.000,1.000,1,40.331,0.403312,0.000,1.000,excitement,good
1783252815.828125,1,64.852,0.648515,0.000,1.000,1,91.995,0.919948,0.000,1.000,1,42.589,0.425889,0.000,1.000,1,11.262,0.112624,0.000,1.000,1,73.249,0.732485,0.000,1.000,1,47.100,0.470997,0.000,1.000,excitement,good
1783252815.835938,1,69.956,0.699564,0.000,1.000,1,92.428,0.924276,0.000,1.000,1,46.129,0.461292,0.000,1.000,1,15.152,0.151520,0.000,1.000,1,77.441,0.774409,0.000,1.000,1,48.365,0.483647,0.000,1.000,excitement,good
1783252815.843750,1,68.874,0.688744,0.000,1.000,1,91.133,0.911329,0.000,1.000,1,43.771,0.437705,0.000,1.000,1,17.342,0.173423,0.000,1.000,1,77.214,0.772143,0.000,1.000,1,46.383,0.463832,0.000,1.000,excitement,good
1783252815.851562,1,67.942,0.679425,0.000,1.000,1,89.265,0.892649,0.000,1.000,1,48.169,0.481695,0.000,1.000,1,10.364,0.103638,0.000,1.000,1,81.749,0.817493,0.000,1.000,1,47.862,0.478622,0.000,1.000,excitement,good
1783252815.859375,1,69.800,0.697999,0.000,1.000,1,84.291,0.842909,0.000,1.000,1,37.609,0.376087,0.000,1.000,1,16.559,0.165589,0.000,1.000,1,77.654,0.776536,0.000,1.000,1,47.821,0.478208,0.000,1.000,excitement,good
1783252815.867188,1,71.845,0.718447,0.000,1.000,1,91.020,0.910199,0.000,1.000,1,46.096,0.460965,0.000,1.000,1,15.536,0.155357,0.000,1.000,1,74.375,0.743751,0.000,1.000,1,42.127,0.421272,0.000,1.000,excitement,good
1783252815.875000,1,68.843,0.688431,0.000,1.000,1,84.953,0.849526,0.000,1.000,1,47.174,0.471739,0.000,1.000,1,13.612,0.136116,0.000,1.000,1,72.244,0.722438,0.000,1.000,1,44.008,0.440084,0.000,1.000,excitement,good
1783252815.882812,1,66.675,0.666750,0.000,1.000,1,90.256,0.902562,0.000,1.000,1,41.473,0.414735,0.000,1.000,1,15.044,0.150438,0.000,1.000,1,73.409,0.734092,0.000,1.000,1,47.155,0.471548,0.000,1.000,excitement,good
1783252815.890625,1,71.795,0.717950,0.000,1.000,1,87.612,0.876116,0.000,1.000,1,44.106,0.441063,0.000,1.000,1,17.004,0.170045,0.000,1.000,1,71.783,0.717826,0.000,1.000,1,47.640,0.476401,0.000,1.000,excitement,good
1783252815.898438,1,72.794,0.727938,0.000,1.000,1,84.934,0.849342,0.000,1.000,1,43.999,0.439987,0.000,1.000,1,13.842,0.138421,0.000,1.000,1,75.114,0.751138,0.000,1.000,1,44.552,0.445520,0.000,1.000,excitement,good
1783252815.906250,1,69.072,0.690725,0.000,1.000,1,89.516,0.895160,0.000,1.000,1,44.618,0.446183,0.000,1.000,1,16.698,0.166984,0.000,1.000,1,74.133,0.741326,0.000,1.000,1,48.652,0.486523,0.000,1.000,excitement,good
1783252815.914062,1,67.687,0.676865,0.000,1.000,1,85.706,0.857064,0.000,1.000,1,38.579,0.385787,0.000,1.000,1,17.403,0.174028,0.000,1.000,1,77.043,0.770435,0.000,1.000,1,43.704,0.437041,0.000,1.000,excitement,good
1783252815.921875,1,69.409,0.694092,0.000,1.000,1,89.205,0.892052,0.000,1.000,1,42.511,0.425109,0.000,1.000,1,15.420,0.154200,0.000,1.000,1,77.455,0.774548,0.000,1.000,1,44.924,0.449236,0.000,1.000,excitement,good
1783252815.929688,1,72.527,0.725270,0.000,1.000,1,88.283,0.882828,0.000,1.000,1,44.466,0.444657,0.000,1.000,1,19.924,0.199241,0.000,1.000,1,74.760,0.747601,0.000,1.000,1,47.820,0.478202,0.000,1.000,excitement,good
1783252815.937500,1,65.968,0.659678,0.000,1.000,1,91.034,0.910339,0.000,1.000,1,41.563,0.415626,0.000,1.000,1,10.576,0.105759,0.000,1.000,1,80.745,0.807451,0.000,1.000,1,42.494,0.424939,0.000,1.000,excitement,good
1783252815.945312,1,66.895,0.668953,0.000,1.000,1,88.892,0.888923,0.000,1.000,1,43.195,0.431949,0.000,1.000,1,12.320,0.123200,0.000,1.000,1,74.649,0.746494,0.000,1.000,1,49.600,0.496001,0.000,1.000,excitement,good
1783252815.953125,1,66.245,0.662448,0.000,1.000,1,81.934,0.819343,0.000,1.000,1,40.433,0.404328,0.000,1.000,1,16.101,0.161008,0.000,1.000,1,76.757,0.767569,0.000,1.000,1,46.508,0.465080,0.000,1.000,excitement,good
1783252815.960938,1,66.037,0.660373,0.000,1.000,1,87.709,0.877094,0.000,1.000,1,41.127,0.411272,0.000,1.000,1,11.497,0.114967,0.000,1.000,1,82.441,0.824411,0.000,1.000,1,44.142,0.441424,0.000,1.000,excitement,good
1783252815.968750,1,68.440,0.684404,0.000,1.000,1,89.091,0.890911,0.000,1.000,1,41.485,0.414854,0.000,1.000,1,10.477,0.104773,0.000,1.000,1,74.635,0.746351,0.000,1.000,1,45.865,0.458653,0.000,1.000,excitement,good
1783252815.976562,1,75.737,0.757372,0.000,1.000,1,92.003,0.920033,0.000,1.000,1,42.289,0.422893,0.000,1.000,1,12.525,0.125253,0.000,1.000,1,74.358,0.743580,0.000,1.000,1,48.135,0.481350,0.000,1.000,excitement,good
1783252815.984375,1,69.305,0.693054,0.000,1.000,1,89.799,0.897986,0.000,1.000,1,41.176,0.411764,0.000,1.000,1,15.634,0.156340,0.000,1.000,1,74.928,0.749278,0.000,1.000,1,44.585,0.445847,0.000,1.000,excitement,good
1783252815.992188,1,67.081,0.670811,0.000,1.000,1,88.099,0.880990,0.000,1.000,1,45.116,0.451164,0.000,1.000,1,12.315,0.123151,0.000,1.000,1,69.322,0.693224,0.000,1.000,1,48.505,0.485051,0.000,1.000,excitement,good
1783252816.000000,1,67.252,0.672520,0.000,1.000,1,89.952,0.899522,0.000,1.000,1,45.248,0.452481,0.000,1.000,1,13.635,0.136348,0.000,1.000,1,78.881,0.788805,0.000,1.000,1,45.756,0.457559,0.000,1.000,excitement,good
1783252816.007812,1,72.529,0.725293,0.000,1.000,1,88.205,0.882047,0.000,1.000,1,43.687,0.436869,0.000,1.000,1,17.788,0.177879,0.000,1.000,1,76.690,0.766904,0.000,1.000,1,45.254,0.452540,0.000,1.000,excitement,good
1783252816.015625,1,71.268,0.712685,0.000,1.000,1,91.668,0.916678,0.000,1.000,1,45.053,0.450530,0.000,1.000,1,13.249,0.132489,0.000,1.000,1,76.429,0.764289,0.000,1.000,1,43.407,0.434075,0.000,1.000,excitement,good
1783252816.023438,1,66.729,0.667289,0.000,1.000,1,92.253,0.922532,0.000,1.000,1,41.669,0.416694,0.000,1.000,1,17.223,0.172230,0.000,1.000,1,78.039,0.780392,0.000,1.000,1,48.119,0.481190,0.000,1.000,excitement,good
1783252816.031250,1,67.011,0.670106,0.000,1.000,1,88.280,0.882804,0.000,1.000,1,40.858,0.408582,0.000,1.000,1,14.651,0.146509,0.000,1.000,1,76.146,0.761461,0.000,1.000,1,43.604,0.436035,0.000,1.000,excitement,good
1783252816.039062,1,67.278,0.672784,0.000,1.000,1,87.635,0.876352,0.000,1.000,1,46.226,0.462256,0.000,1.000,1,16.113,0.161131,0.000,1.000,1,81.677,0.816769,0.000,1.000,1,52.018,0.520175,0.000,1.000,excitement,good
1783252816.046875,1,70.549,0.705486,0.000,1.000,1,91.596,0.915958,0.000,1.000,1,41.511,0.415113,0.000,1.000,1,14.329,0.143290,0.000,1.000,1,75.433,0.754327,0.000,1.000,1,46.567,0.465668,0.000,1.000,excitement,good
1783252816.054688,1,67.472,0.674717,0.000,1.000,1,91.007,0.910069,0.000,1.000,1,40.476,0.404763,0.000,1.000,1,13.864,0.138640,0.000,1.000,1,79.316,0.793159,0.000,1.000,1,42.869,0.428692,0.000,1.000,excitement,good
1783252816.062500,1,70.693,0.706933,0.000,1.000,1,93.898,0.938984,0.000,1.000,1,42.253,0.422534,0.000,1.000,1,12.354,0.123545,0.000,1.000,1,77.561,0.775608,0.000,1.000,1,50.454,0.504545,0.000,1.000,excitement,good
1783252816.070312,1,69.379,0.693789,0.000,1.000,1,85.103,0.851028,0.000,1.000,1,46.230,0.462304,0.000,1.000,1,14.171,0.141712,0.000,1.000,1,79.518,0.795180,0.000,1.000,1,43.488,0.434876,0.000,1.000,excitement,good
1783252816.078125,1,66.912,0.669122,0.000,1.000,1,86.966,0.869663,0.000,1.000,1,37.914,0.379137,0.000,1.000,1,13.326,0.133256,0.000,1.000,1,79.806,0.798060,0.000,1.000,1,44.535,0.445349,0.000,1.000,excitement,good
1783252816.085938,1,73.356,0.733561,0.000,1.000,1,92.395,0.923952,0.000,1.000,1,41.406,0.414058,0.000,1.000,1,17.949,0.179494,0.000,1.000,1,78.920,0.789204,0.000,1.000,1,45.250,0.452500,0.000,1.000,excitement,good
1783252816.093750,1,71.084,0.710842,0.000,1.000,1,87.408,0.874078,0.000,1.000,1,40.766,0.407664,0.000,1.000,1,14.788,0.147880,0.000,1.000,1,73.681,0.736806,0.000,1.000,1,44.945,0.449448,0.000,1.000,excitement,good
1783252816.101562,1,65.478,0.654783,0.000,1.000,1,97.520,0.975198,0.000,1.000,1,42.648,0.426485,0.000,1.000,1,19.114,0.191139,0.000,1.000,1,76.698,0.766984,0.000,1.000,1,44.745,0.447449,0.000,1.000,excitement,good
1783252816.109375,1,70.066,0.700662,0.000,1.000,1,89.530,0.895303,0.000,1.000,1,43.800,0.438005,0.000,1.000,1,13.729,0.137289,0.000,1.000,1,78.841,0.788408,0.000,1.000,1,45.841,0.458410,0.000,1.000,excitement,good
1783252816.117188,1,62.335,0.623347,0.000,1.000,1,86.953,0.869525,0.000,1.000,1,43.522,0.435215,0.000,1.000,1,12.833,0.128331,0.000,1.000,1,72.666,0.726661,0.000,1.000,1,47.617,0.476171,0.000,1.000,excitement,good
1783252816.125000,1,68.201,0.682005,0.000,1.000,1,92.740,0.927401,0.000,1.000,1,40.839,0.408393,0.000,1.000,1,18.887,0.188870,0.000,1.000,1,79.554,0.795542,0.000,1.000,1,42.861,0.428608,0.000,1.000,excitement,good
1783252816.132812,1,71.814,0.718138,0.000,1.000,1,91.696,0.916964,0.000,1.000,1,37.213,0.372128,0.000,1.000,1,11.209,0.112089,0.000,1.000,1,72.816,0.728158,0.000,1.000,1,47.863,0.478631,0.000,1.000,excitement,good
1783252816.140625,1,67.403,0.674029,0.000,1.000,1,90.302,0.903024,0.000,1.000,1,40.985,0.409851,0.000,1.000,1,19.003,0.190031,0.000,1.000,1,76.789,0.767891,0.000,1.000,1,42.347,0.423474,0.000,1.000,excitement,good
1783252816.148438,1,64.468,0.644680,0.000,1.000,1,86.291,0.862906,0.000,1.000,1,42.669,0.426688,0.000,1.000,1,17.115,0.171155,0.000,1.000,1,73.866,0.738662,0.000,1.000,1,40.172,0.401716,0.000,1.000,excitement,good
1783252816.156250,1,66.631,0.666307,0.000,1.000,1,87.938,0.879378,0.000,1.000,1,43.242,0.432422,0.000,1.000,1,14.718,0.147181,0.000,1.000,1,82.589,0.825891,0.000,1.000,1,49.804,0.498040,0.000,1.000,excitement,good
1783252816.164062,1,65.134,0.651340,0.000,1.000,1,89.652,0.896519,0.000,1.000,1,44.538,0.445375,0.000,1.000,1,13.078,0.130785,0.000,1.000,1,79.562,0.795621,0.000,1.000,1,48.016,0.480158,0.000,1.000,excitement,good
1783252816.171875,1,74.780,0.747803,0.000,1.000,1,89.287,0.892871,0.000,1.000,1,41.844,0.418438,0.000,1.000,1,14.852,0.148522,0.000,1.000,1,74.832,0.748322,0.000,1.000,1,44.477,0.444771,0.000,1.000,excitement,good
1783252816.179688,1,74.001,0.740006,0.000,1.000,1,89.020,0.890201,0.000,1.000,1,43.877,0.438771,0.000,1.000,1,14.538,0.145382,0.000,1.000,1,75.588,0.755877,0.000,1.000,1,46.807,0.468071,0.000,1.000,excitement,good
1783252816.187500,1,68.551,0.685510,0.000,1.000,1,89.800,0.897997,0.000,1.000,1,41.554,0.415537,0.000,1.000,1,8.931,0.089313,0.000,1.000,1,72.422,0.724222,0.000,1.000,1,43.908,0.439079,0.000,1.000,excitement,good
1783252816.195312,1,67.104,0.671037,0.000,1.000,1,86.980,0.869797,0.000,1.000,1,43.910,0.439103,0.000,1.000,1,13.521,0.135208,0.000,1.000,1,75.087,0.750867,0.000,1.000,1,47.132,0.471320,0.000,1.000,excitement,good
1783252816.203125,1,67.982,0.679818,0.000,1.000,1,88.037,0.880370,0.000,1.000,1,43.292,0.432916,0.000,1.000,1,12.968,0.129682,0.000,1.000,1,78.973,0.789727,0.000,1.000,1,45.913,0.459131,0.000,1.000,excitement,good
1783252816.210938,1,68.037,0.680366,0.000,1.000,1,92.653,0.926534,0.000,1.000,1,43.231,0.432309,0.000,1.000,1,16.143,0.161432,0.000,1.000,1,76.112,0.761122,0.000,1.000,1,43.435,0.434353,0.000,1.000,excitement,good
1783252816.218750,1,64.515,0.645152,0.000,1.000,1,87.755,0.877546,0.000,1.000,1,44.805,0.448047,0.000,1.000,1,14.503,0.145025,0.000,1.000,1,76.904,0.769045,0.000,1.000,1,45.368,0.453679,0.000,1.000,excitement,good
1783252816.226562,1,69.349,0.693488,0.000,1.000,1,93.499,0.934994,0.000,1.000,1,46.093,0.460931,0.000,1.000,1,9.939,0.099385,0.000,1.000,1,75.670,0.756701,0.000,1.000,1,41.291,0.412909,0.000,1.000,excitement,good
1783252816.234375,1,67.851,0.678506,0.000,1.000,1,87.797,0.877967,0.000,1.000,1,36.593,0.365927,0.000,1.000,1,12.835,0.128351,0.000,1.000,1,76.121,0.761211,0.000,1.000,1,44.223,0.442234,0.000,1.000,excitement,good
1783252816.242188,1,71.980,0.719797,0.000,1.000,1,91.597,0.915969,0.000,1.000,1,44.983,0.449826,0.000,1.000,1,15.112,0.151119,0.000,1.000,1,74.530,0.745299,0.000,1.000,1,42.040,0.420401,0.000,1.000,excitement,good
1783252816.250000,1,69.526,0.695261,0.000,1.000,1,88.220,0.882196,0.000,1.000,1,42.968,0.429684,0.000,1.000,1,15.676,0.156759,0.000,1.000,1,70.064,0.700643,0.000,1.000,1,47.015,0.470149,0.000,1.000,excitement,good
1783252816.257812,1,64.140,0.641395,0.000,1.000,1,88.424,0.884242,0.000,1.000,1,45.505,0.455051,0.000,1.000,1,14.131,0.141310,0.000,1.000,1,77.164,0.771643,0.000,1.000,1,48.017,0.480170,0.000,1.000,excitement,good
1783252816.265625,1,64.515,0.645146,0.000,1.000,1,87.648,0.876475,0.000,1.000,1,45.233,0.452332,0.000,1.000,1,13.599,0.135993,0.000,1.000,1,73.505,0.735051,0.000,1.000,1,47.158,0.471583,0.000,1.000,excitement,good
1783252816.273438,1,67.761,0.677607,0.000,1.000,1,91.022,0.910224,0.000,1.000,1,42.518,0.425180,0.000,1.000,1,13.098,0.130985,0.000,1.000,1,75.356,0.753556,0.000,1.000,1,46.675,0.466754,0.000,1.000,excitement,good
1783252816.281250,1,69.694,0.696945,0.000,1.000,1,90.918,0.909182,0.000,1.000,1,43.697,0.436974,0.000,1.000,1,12.141,0.121406,0.000,1.000,1,76.848,0.768478,0.000,1.000,1,44.726,0.447256,0.000,1.000,excitement,good
1783252816.289062,1,68.741,0.687413,0.000,1.000,1,85.094,0.850944,0.000,1.000,1,44.675,0.446751,0.000,1.000,1,14.387,0.143873,0.000,1.000,1,78.802,0.788016,0.000,1.000,1,39.514,0.395135,0.000,1.000,excitement,good
1783252816.296875,1,68.134,0.681338,0.000,1.000,1,91.425,0.914246,0.000,1.000,1,44.000,0.440004,0.000,1.000,1,14.002,0.140016,0.000,1.000,1,78.218,0.782177,0.000,1.000,1,41.551,0.415514,0.000,1.000,excitement,good
1783252816.304688,1,66.919,0.669186,0.000,1.000,1,88.687,0.886866,0.000,1.000,1,44.415,0.444147,0.000,1.000,1,17.116,0.171158,0.000,1.000,1,76.316,0.763162,0.000,1.000,1,46.621,0.466207,0.000,1.000,excitement,good
1783252816.312500,1,68.515,0.685149,0.000,1.000,1,93.106,0.931059,0.000,1.000,1,40.865,0.408649,0.000,1.000,1,13.507,0.135065,0.000,1.000,1,73.553,0.735529,0.000,1.000,1,47.187,0.471866,0.000,1.000,excitement,good
1783252816.320312,1,68.261,0.682613,0.000,1.000,1,87.607,0.876073,0.000,1.000,1,43.288,0.432882,0.000,1.000,1,10.521,0.105211,0.000,1.000,1,76.730,0.767297,0.000,1.000,1,40.064,0.400645,0.000,1.000,excitement,good
1783252816.328125,1,68.736,0.687359,0.000,1.000,1,90.154,0.901538,0.000,1.000,1,42.581,0.425809,0.000,1.000,1,10.650,0.106502,0.000,1.000,1,74.117,0.741172,0.000,1.000,1,42.600,0.425997,0.000,1.000,excitement,good
1783252816.335938,1,69.860,0.698601,0.000,1.000,1,88.689,0.886894,0.000,1.000,1,44.858,0.448585,0.000,1.000,1,11.444,0.114440,0.000,1.000,1,77.860,0.778601,0.000,1.000,1,43.891,0.438913,0.000,1.000,excitement,good
1783252816.343750,1,69.018,0.690184,0.000,1.000,1,86.885,0.868851,0.000,1.000,1,41.656,0.416564,0.000,1.000,1,19.463,0.194629,0.000,1.000,1,75.256,0.752558,0.000,1.000,1,45.068,0.450683,0.000,1.000,excitement,good
1783252816.351562,1,67.166,0.671664,0.000,1.000,1,87.237,0.872369,0.000,1.000,1,47.584,0.475840,0.000,1.000,1,17.353,0.173528,0.000,1.000,1,76.132,0.761325,0.000,1.000,1,45.696,0.456963,0.000,1.000,excitement,good
1783252816.359375,1,66.824,0.668244,0.000,1.000,1,89.402,0.894024,0.000,1.000,1,41.850,0.418496,0.000,1.000,1,13.936,0.139362,0.000,1.000,1,75.988,0.759876,0.000,1.000,1,40.824,0.408243,0.000,1.000,excitement,good
1783252816.367188,1,64.051,0.640513,0.000,1.000,1,86.647,0.866474,0.000,1.000,1,44.732,0.447316,0.000,1.000,1,16.585,0.165848,0.000,1.000,1,79.643,0.796428,0.000,1.000,1,46.170,0.461697,0.000,1.000,excitement,good
1783252816.375000,1,68.119,0.681192,0.000,1.000,1,85.238,0.852377,0.000,1.000,1,42.661,0.426608,0.000,1.000,1,14.031,0.140314,0.000,1.000,1,75.330,0.753303,0.000,1.000,1,43.675,0.436753,0.000,1.000,excitement,good
1783252816.382812,1,70.322,0.703223,0.000,1.000,1,88.784,0.887843,0.000,1.000,1,43.096,0.430963,0.000,1.000,1,14.268,0.142684,0.000,1.000,1,77.907,0.779073,0.000,1.000,1,44.407,0.444066,0.000,1.000,excitement,good
1783252816.390625,1,66.806,0.668055,0.000,1.000,1,88.839,0.888393,0.000,1.000,1,43.455,0.434547,0.000,1.000,1,14.676,0.146762,0.000,1.000,1,77.107,0.771073,0.000,1.000,1,45.710,0.457104,0.000,1.000,excitement,good
1783252816.398438,1,68.822,0.688224,0.000,1.000,1,88.774,0.887743,0.000,1.000,1,44.943,0.449434,0.000,1.000,1,12.501,0.125005,0.000,1.000,1,70.114,0.701139,0.000,1.000,1,45.281,0.452813,0.000,1.000,excitement,good
1783252816.406250,1,68.529,0.685288,0.000,1.000,1,93.785,0.937849,0.000,1.000,1,44.328,0.443282,0.000,1.000,1,16.503,0.165028,0.000,1.000,1,79.283,0.792832,0.000,1.000,1,47.989,0.479886,0.000,1.000,excitement,good
1783252816.414062,1,71.643,0.716428,0.000,1.000,1,90.838,0.908382,0.000,1.000,1,38.818,0.388181,0.000,1.000,1,13.099,0.130988,0.000,1.000,1,76.607,0.766071,0.000,1.000,1,44.689,0.446887,0.000,1.000,excitement,good
1783252816.421875,1,65.680,0.656799,0.000,1.000,1,91.063,0.910630,0.000,1.000,1,43.627,0.436271,0.000,1.000,1,10.292,0.102920,0.000,1.000,1,78.700,0.787000,0.000,1.000,1,40.113,0.401134,0.000,1.000,excitement,good
1783252816.429688,1,69.222,0.692224,0.000,1.000,1,89.203,0.892033,0.000,1.000,1,45.016,0.450163,0.000,1.000,1,14.825,0.148250,0.000,1.000,1,77.899,0.778986,0.000,1.000,1,44.174,0.441736,0.000,1.000,excitement,good
1783252816.437500,1,71.604,0.716044,0.000,1.000,1,89.173,0.891727,0.000,1.000,1,46.252,0.462515,0.000,1.000,1,13.391,0.133910,0.000,1.000,1,72.823,0.728232,0.000,1.000,1,44.992,0.449922,0.000,1.000,excitement,good
1783252816.445312,1,64.631,0.646314,0.000,1.000,1,85.734,0.857338,0.000,1.000,1,45.889,0.458892,0.000,1.000,1,12.564,0.125638,0.000,1.000,1,76.824,0.768242,0.000,1.000,1,44.627,0.446273,0.000,1.000,excitement,good
1783252816.453125,1,66.627,0.666268,0.000,1.000,1,88.361,0.883615,0.000,1.000,1,44.263,0.442626,0.000,1.000,1,14.071,0.140711,0.000,1.000,1,73.793,0.737925,0.000,1.000,1,51.767,0.517673,0.000,1.000,excitement,good
1783252816.460938,1,66.678,0.666783,0.000,1.000,1,88.210,0.882101,0.000,1.000,1,44.172,0.441721,0.000,1.000,1,10.824,0.108236,0.000,1.000,1,78.397,0.783973,0.000,1.000,1,43.331,0.433307,0.000,1.000,excitement,good
1783252816.468750,1,68.946,0.689456,0.000,1.000,1,91.754,0.917537,0.000,1.000,1,43.822,0.438217,0.000,1.000,1,15.929,0.159286,0.000,1.000,1,74.200,0.741999,0.000,1.000,1,44.324,0.443242,0.000,1.000,excitement,good
1783252816.476562,1,68.834,0.688336,0.000,1.000,1,86.091,0.860911,0.000,1.000,1,41.519,0.415187,0.000,1.000,1,15.979,0.159791,0.000,1.000,1,77.576,0.775762,0.000,1.000,1,45.663,0.456627,0.000,1.000,excitement,good
1783252816.484375,1,69.893,0.698928,0.000,1.000,1,87.638,0.876377,0.000,1.000,1,43.136,0.431360,0.000,1.000,1,9.641,0.096406,0.000,1.000,1,80.789,0.807892,0.000,1.000,1,44.841,0.448409,0.000,1.000,excitement,good
1783252816.492188,1,69.291,0.692908,0.000,1.000,1,89.894,0.898936,0.000,1.000,1,44.242,0.442424,0.000,1.000,1,8.670,0.086698,0.000,1.000,1,78.600,0.785996,0.000,1.000,1,44.222,0.442217,0.000,1.000,excitement,good
1783252816.500000,1,72.559,0.725585,0.000,1.000,1,89.768,0.897685,0.000,1.000,1,38.146,0.381461,0.000,1.000,1,16.542,0.165420,0.000,1.000,1,77.192,0.771919,0.000,1.000,1,43.017,0.430166,0.000,1.000,excitement,good
1783252816.507812,1,64.770,0.647701,0.000,1.000,1,90.972,0.909716,0.000,1.000,1,44.035,0.440349,0.000,1.000,1,12.122,0.121221,0.000,1.000,1,80.711,0.807111,0.000,1.000,1,42.713,0.427132,0.000,1.000,excitement,good
1783252816.515625,1,66.386,0.663862,0.000,1.000,1,84.558,0.845579,0.000,1.000,1,44.769,0.447689,0.000,1.000,1,13.404,0.134043,0.000,1.000,1,75.496,0.754959,0.000,1.000,1,41.270,0.412696,0.000,1.000,excitement,good
1783252816.523438,1,64.229,0.642291,0.000,1.000,1,81.874,0.818738,0.000,1.000,1,40.829,0.408293,0.000,1.000,1,10.594,0.105936,0.000,1.000,1,77.795,0.777948,0.000,1.000,1,43.936,0.439360,0.000,1.000,excitement,good
1783252816.531250,1,65.813,0.658127,0.000,1.000,1,92.145,0.921446,0.000,1.000,1,43.591,0.435911,0.000,1.000,1,15.320,0.153198,0.000,1.000,1,75.561,0.755610,0.000,1.000,1,44.028,0.440276,0.000,1.000,excitement,good
1783252816.539062,1,61.990,0.619903,0.000,1.000,1,90.649,0.906489,0.000,1.000,1,41.585,0.415846,0.000,1.000,1,11.765,0.117650,0.000,1.000,1,81.293,0.812933,0.000,1.000,1,42.994,0.429940,0.000,1.000,excitement,good
1783252816.546875,1,70.459,0.704588,0.000,1.000,1,90.113,0.901132,0.000,1.000,1,41.557,0.415566,0.000,1.000,1,18.480,0.184804,0.000,1.000,1,74.139,0.741392,0.000,1.000,1,42.697,0.426973,0.000,1.000,excitement,good
1783252816.554688,1,69.036,0.690365,0.000,1.000,1,88.806,0.888055,0.000,1.000,1,40.420,0.404199,0.000,1.000,1,15.728,0.157281,0.000,1.000,1,71.908,0.719081,0.000,1.000,1,45.019,0.450188,0.000,1.000,excitement,good
1783252816.562500,1,72.300,0.722996,0.000,1.000,1,86.283,0.862828,0.000,1.000,1,40.698,0.406979,0.000,1.000,1,12.145,0.121446,0.000,1.000,1,79.728,0.797279,0.000,1.000,1,43.129,0.431286,0.000,1.000,excitement,good
1783252816.570312,1,67.822,0.678215,0.000,1.000,1,88.240,0.882401,0.000,1.000,1,42.989,0.429894,0.000,1.000,1,10.768,0.107681,0.000,1.000,1,78.285,0.782845,0.000,1.000,1,45.742,0.457425,0.000,1.000,excitement,good
1783252816.578125,1,68.604,0.686045,0.000,1.000,1,90.935,0.909347,0.000,1.000,1,45.037,0.450370,0.000,1.000,1,17.777,0.177769,0.000,1.000,1,77.031,0.770309,0.000,1.000,1,46.850,0.468501,0.000,1.000,excitement,good
1783252816.585938,1,67.331,0.673309,0.000,1.000,1,91.226,0.912257,0.000,1.000,1,40.598,0.405977,0.000,1.000,1,11.435,0.114345,0.000,1.000,1,75.203,0.752032,0.000,1.000,1,46.851,0.468513,0.000,1.000,excitement,good
1783252816.593750,1,66.111,0.661114,0.000,1.000,1,89.481,0.894806,0.000,1.000,1,38.894,0.388936,0.000,1.000,1,14.291,0.142908,0.000,1.000,1,75.509,0.755092,0.000,1.000,1,42.858,0.428580,0.000,1.000,excitement,good
1783252816.601562,1,65.036,0.650365,0.000,1.000,1,86.886,0.868862,0.000,1.000,1,42.336,0.423365,0.000,1.000,1,12.924,0.129244,0.000,1.000,1,72.064,0.720638,0.000,1.000,1,46.276,0.462756,0.000,1.000,excitement,good
1783252816.609375,1,67.570,0.675697,0.000,1.000,1,83.114,0.831139,0.000,1.000,1,40.668,0.406676,0.000,1.000,1,17.415,0.174153,0.000,1.000,1,76.555,0.765546,0.000,1.000,1,44.023,0.440226,0.000,1.000,excitement,good
1783252816.617188,1,63.387,0.633875,0.000,1.000,1,84.436,0.844359,0.000,1.000,1,40.656,0.406555,0.000,1.000,1,15.672,0.156718,0.000,1.000,1,77.482,0.774817,0.000,1.000,1,43.974,0.439744,0.000,1.000,excitement,good
1783252816.625000,1,67.819,0.678190,0.000,1.000,1,85.192,0.851922,0.000,1.000,1,43.379,0.433787,0.000,1.000,1,14.155,0.141547,0.000,1.000,1,73.971,0.739710,0.000,1.000,1,46.715,0.467154,0.000,1.000,excitement,good
1783252816.632812,1,69.058,0.690580,0.000,1.000,1,86.185,0.861853,0.000,1.000,1,44.740,0.447396,0.000,1.000,1,11.502,0.115020,0.000,1.000,1,75.107,0.751070,0.000,1.000,1,47.421,0.474208,0.000,1.000,excitement,good
1783252816.640625,1,69.892,0.698917,0.000,1.000,1,86.807,0.868066,0.000,1.000,1,41.260,0.412599,0.000,1.000,1,16.328,0.163277,0.000,1.000,1,74.053,0.740535,0.000,1.000,1,43.144,0.431445,0.000,1.000,excitement,good
1783252816.648438,1,65.647,0.656469,0.000,1.000,1,86.657,0.866569,0.000,1.000,1,47.961,0.479610,0.000,1.000,1,9.296,0.092960,0.000,1.000,1,76.994,0.769942,0.000,1.000,1,47.510,0.475102,0.000,1.000,excitement,good
1783252816.656250,1,69.894,0.698939,0.000,1.000,1,88.294,0.882941,0.000,1.000,1,44.724,0.447245,0.000,1.000,1,12.793,0.127931,0.000,1.000,1,73.558,0.735583,0.000,1.000,1,41.337,0.413373,0.000,1.000,excitement,good
1783252816.664062,1,66.071,0.660708,0.000,1.000,1,89.859,0.898594,0.000,1.000,1,42.722,0.427220,0.000,1.000,1,10.100,0.101005,0.000,1.000,1,74.996,0.749957,0.000,1.000,1,44.408,0.444081,0.000,1.000,excitement,good
1783252816.671875,1,66.950,0.669502,0.000,1.000,1,90.627,0.906275,0.000,1.000,1,42.834,0.428338,0.000,1.000,1,11.460,0.114601,0.000,1.000,1,76.460,0.764597,0.000,1.000,1,42.752,0.427517,0.000,1.000,excitement,good
1783252816.679688,1,64.890,0.648901,0.000,1.000,1,91.187,0.911871,0.000,1.000,1,41.348,0.413476,0.000,1.000,1,11.022,0.110218,0.000,1.000,1,78.189,0.781885,0.000,1.000,1,43.708,0.437079,0.000,1.000,excitement,good
1783252816.687500,1,67.362,0.673616,0.000,1.000,1,90.117,0.901171,0.000,1.000,1,40.746,0.407457,0.000,1.000,1,16.211,0.162109,0.000,1.000,1,74.276,0.742763,0.000,1.000,1,41.431,0.414313,0.000,1.000,excitement,good
1783252816.695312,1,66.898,0.668985,0.000,1.000,1,89.502,0.895022,0.000,1.000,1,41.977,0.419771,0.000,1.000,1,11.110,0.111105,0.000,1.000,1,74.513,0.745135,0.000,1.000,1,40.684,0.406839,0.000,1.000,excitement,good
1783252816.703125,1,65.369,0.653693,0.000,1.000,1,87.883,0.878827,0.000,1.000,1,41.574,0.415742,0.000,1.000,1,16.199,0.161994,0.000,1.000,1,69.538,0.695385,0.000,1.000,1,43.711,0.437108,0.000,1.000,excitement,good
1783252816.710938,1,68.664,0.686640,0.000,1.000,1,88.313,0.883130,0.000,1.000,1,40.984,0.409843,0.000,1.000,1,16.093,0.160934,0.000,1.000,1,71.133,0.711325,0.000,1.000,1,45.051,0.450512,0.000,1.000,excitement,good
1783252816.718750,1,70.802,0.708017,0.000,1.000,1,91.019,0.910189,0.000,1.000,1,42.180,0.421802,0.000,1.000,1,14.503,0.145029,0.000,1.000,1,81.041,0.810409,0.000,1.000,1,45.729,0.457291,0.000,1.000,excitement,good
1783252816.726562,1,67.144,0.671436,0.000,1.000,1,91.551,0.915511,0.000,1.000,1,40.213,0.402134,0.000,1.000,1,13.524,0.135241,0.000,1.000,1,77.616,0.776158,0.000,1.000,1,43.802,0.438022,0.000,1.000,excitement,good
1783252816.734375,1,64.688,0.646879,0.000,1.000,1,88.398,0.883984,0.000,1.000,1,39.866,0.398661,0.000,1.000,1,13.822,0.138216,0.000,1.000,1,73.654,0.736537,0.000,1.000,1,45.552,0.455522,0.000,1.000,excitement,good
1783252816.742188,1,66.171,0.661709,0.000,1.000,1,86.542,0.865425,0.000,1.000,1,44.778,0.447779,0.000,1.000,1,11.054,0.110541,0.000,1.000,1,77.317,0.773174,0.000,1.000,1,48.540,0.485400,0.000,1.000,excitement,good
1783252816.750000,1,64.787,0.647872,0.000,1.000,1,88.516,0.885159,0.000,1.000,1,41.531,0.415311,0.000,1.000,1,10.455,0.104552,0.000,1.000,1,74.518,0.745176,0.000,1.000,1,44.982,0.449825,0.000,1.000,excitement,good
1783252816.757812,1,69.909,0.699088,0.000,1.000,1,92.834,0.928338,0.000,1.000,1,37.876,0.378765,0.000,1.000,1,17.460,0.174599,0.000,1.000,1,75.970,0.759696,0.000,1.000,1,48.396,0.483959,0.000,1.000,excitement,good
1783252816.765625,1,68.880,0.688796,0.000,1.000,1,87.495,0.874953,0.000,1.000,1,42.589,0.425891,0.000,1.000,1,17.983,0.179825,0.000,1.000,1,76.467,0.764669,0.000,1.000,1,43.785,0.437848,0.000,1.000,excitement,good
1783252816.773438,1,66.984,0.669836,0.000,1.000,1,89.305,0.893051,0.000,1.000,1,42.397,0.423969,0.000,1.000,1,14.397,0.143971,0.000,1.000,1,74.525,0.745254,0.000,1.000,1,45.741,0.457412,0.000,1.000,excitement,good
1783252816.781250,1,65.436,0.654363,0.000,1.000,1,86.271,0.862710,0.000,1.000,1,43.960,0.439601,0.000,1.000,1,12.871,0.128714,0.000,1.000,1,73.636,0.736364,0.000,1.000,1,43.841,0.438409,0.000,1.000,excitement,good
1783252816.789062,1,70.226,0.702256,0.000,1.000,1,88.623,0.886227,0.000,1.000,1,43.510,0.435101,0.000,1.000,1,13.851,0.138511,0.000,1.000,1,78.023,0.780231,0.000,1.000,1,44.879,0.448789,0.000,1.000,excitement,good
1783252816.796875,1,67.658,0.676584,0.000,1.000,1,87.769,0.877690,0.000,1.000,1,43.853,0.438529,0.000,1.000,1,15.151,0.151509,0.000,1.000,1,79.529,0.795290,0.000,1.000,1,45.818,0.458184,0.000,1.000,excitement,good
1783252816.804688,1,68.823,0.688228,0.000,1.000,1,86.738,0.867382,0.000,1.000,1,46.712,0.467123,0.000,1.000,1,15.856,0.158555,0.000,1.000,1,75.236,0.752357,0.000,1.000,1,47.593,0.475926,0.000,1.000,excitement,good
1783252816.812500,1,69.762,0.697618,0.000,1.000,1,92.807,0.928072,0.000,1.000,1,37.754,0.377544,0.000,1.000,1,13.505,0.135052,0.000,1.000,1,73.878,0.738778,0.000,1.000,1,44.437,0.444371,0.000,1.000,excitement,good
1783252816.820312,1,65.836,0.658356,0.000,1.000,1,84.768,0.847680,0.000,1.000,1,37.812,0.378124,0.000,1.000,1,9.365,0.093650,0.000,1.000,1,77.724,0.777236,0.000,1.000,1,44.430,0.444299,0.000,1.000,excitement,good
1783252816.828125,1,68.153,0.681532,0.000,1.000,1,89.424,0.894242,0.000,1.000,1,41.079,0.410790,0.000,1.000,1,14.602,0.146016,0.000,1.000,1,72.531,0.725310,0.000,1.000,1,42.302,0.423025,0.000,1.000,excitement,good
1783252816.835938,1,69.424,0.694243,0.000,1.000,1,90.912,0.909123,0.000,1.000,1,37.875,0.378748,0.000,1.000,1,8.871,0.088713,0.000,1.000,1,75.039,0.750395,0.000,1.000,1,44.709,0.447087,0.000,1.000,excitement,good
1783252816.843750,1,65.013,0.650125,0.000,1.000,1,88.943,0.889434,0.000,1.000,1,44.247,0.442473,0.000,1.000,1,11.312,0.113121,0.000,1.000,1,70.865,0.708646,0.000,1.000,1,45.225,0.452246,0.000,1.000,excitement,good
1783252816.851562,1,65.643,0.656432,0.000,1.000,1,89.350,0.893499,0.000,1.000,1,43.664,0.436645,0.000,1.000,1,13.302,0.133016,0.000,1.000,1,81.390,0.813903,0.000,1.000,1,45.388,0.453879,0.000,1.000,excitement,good
1783252816.859375,1,66.540,0.665397,0.000,1.000,1,89.953,0.899529,0.000,1.000,1,40.075,0.400749,0.000,1.000,1,14.823,0.148235,0.000,1.000,1,76.434,0.764339,0.000,1.000,1,42.177,0.421772,0.000,1.000,excitement,good
1783252816.867188,1,67.464,0.674639,0.000,1.000,1,88.384,0.883843,0.000,1.000,1,40.103,0.401027,0.000,1.000,1,14.013,0.140125,0.000,1.000,1,77.570,0.775701,0.000,1.000,1,44.539,0.445385,0.000,1.000,excitement,good
1783252816.875000,1,69.309,0.693089,0.000,1.000,1,87.395,0.873946,0.000,1.000,1,45.444,0.454445,0.000,1.000,1,15.142,0.151419,0.000,1.000,1,72.091,0.720913,0.000,1.000,1,48.673,0.486731,0.000,1.000,excitement,good
1783252816.882812,1,70.001,0.700005,0.000,1.000,1,91.795,0.917949,0.000,1.000,1,42.634,0.426337,0.000,1.000,1,10.757,0.107572,0.000,1.000,1,74.769,0.747686,0.000,1.000,1,43.507,0.435066,0.000,1.000,excitement,good
1783252816.890625,1,69.444,0.694441,0.000,1.000,1,87.023,0.870226,0.000,1.000,1,38.562,0.385617,0.000,1.000,1,15.085,0.150853,0.000,1.000,1,76.709,0.767089,0.000,1.000,1,44.810,0.448102,0.000,1.000,excitement,good
1783252816.898438,1,68.458,0.684578,0.000,1.000,1,88.055,0.880550,0.000,1.000,1,45.606,0.456061,0.000,1.000,1,14.019,0.140187,0.000,1.000,1,70.662,0.706624,0.000,1.000,1,41.973,0.419729,0.000,1.000,excitement,good
1783252816.906250,1,65.483,0.654829,0.000,1.000,1,89.083,0.890835,0.000,1.000,1,45.660,0.456599,0.000,1.000,1,12.633,0.126332,0.000,1.000,1,77.821,0.778207,0.000,1.000,1,46.382,0.463822,0.000,1.000,excitement,good
1783252816.914062,1,66.187,0.661874,0.000,1.000,1,86.928,0.869284,0.000,1.000,1,44.160,0.441602,0.000,1.000,1,10.072,0.100723,0.000,1.000,1,72.686,0.726862,0.000,1.000,1,43.016,0.430160,0.000,1.000,excitement,good
1783252816.921875,1,67.086,0.670860,0.000,1.000,1,86.305,0.863049,0.000,1.000,1,44.120,0.441202,0.000,1.000,1,11.780,0.117797,0.000,1.000,1,73.151,0.731512,0.000,1.000,1,46.195,0.461945,0.000,1.000,excitement,good
1783252816.929688,1,70.401,0.704012,0.000,1.000,1,90.472,0.904723,0.000,1.000,1,41.812,0.418118,0.000,1.000,1,13.239,0.132392,0.000,1.000,1,75.672,0.756715,0.000,1.000,1,44.708,0.447076,0.000,1.000,excitement,good
1783252816.937500,1,67.114,0.671144,0.000,1.000,1,93.706,0.937056,0.000,1.000,1,38.766,0.387659,0.000,1.000,1,9.480,0.094797,0.000,1.000,1,80.961,0.809610,0.000,1.000,1,45.153,0.451526,0.000,1.000,excitement,good
1783252816.945312,1,71.002,0.710015,0.000,1.000,1,87.133,0.871327,0.000,1.000,1,41.724,0.417239,0.000,1.000,1,11.158,0.111576,0.000,1.000,1,77.679,0.776790,0.000,1.000,1,45.766,0.457662,0.000,1.000,excitement,good
1783252816.953125,1,69.567,0.695673,0.000,1.000,1,91.277,0.912768,0.000,1.000,1,40.645,0.406445,0.000,1.000,1,11.519,0.115189,0.000,1.000,1,74.781,0.747810,0.000,1.000,1,43.747,0.437472,0.000,1.000,excitement,good
1783252816.960938,1,71.507,0.715067,0.000,1.000,1,88.018,0.880179,0.000,1.000,1,42.127,0.421266,0.000,1.000,1,12.998,0.129975,0.000,1.000,1,73.032,0.730322,0.000,1.000,1,42.298,0.422976,0.000,1.000,excitement,good
1783252816.968750,1,65.477,0.654767,0.000,1.000,1,91.293,0.912929,0.000,1.000,1,42.988,0.429881,0.000,1.000,1,8.979,0.089794,0.000,1.000,1,74.032,0.740317,0.000,1.000,1,42.048,0.420475,0.000,1.000,excitement,good
1783252816.976562,1,67.058,0.670583,0.000,1.000,1,91.759,0.917587,0.000,1.000,1,44.806,0.448060,0.000,1.000,1,11.950,0.119502,0.000,1.000,1,78.890,0.788897,0.000,1.000,1,40.434,0.404341,0.000,1.000,excitement,good
1783252816.984375,1,65.347,0.653467,0.000,1.000,1,90.598,0.905977,0.000,1.000,1,41.814,0.418144,0.000,1.000,1,18.188,0.181879,0.000,1.000,1,77.451,0.774508,0.000,1.000,1,46.936,0.469357,0.000,1.000,excitement,good
1783252816.992188,1,70.491,0.704909,0.000,1.000,1,87.657,0.876573,0.000,1.000,1,41.128,0.411284,0.000,1.000,1,14.320,0.143197,0.000,1.000,1,69.570,0.695700,0.000,1.000,1,48.056,0.480559,0.000,1.000,excitement,good
1783252817.000000,1,67.863,0.678630,0.000,1.000,1,85.354,0.853537,0.000,1.000,1,40.748,0.407478,0.000,1.000,1,15.996,0.159964,0.000,1.000,1,77.865,0.778648,0.000,1.000,1,40.595,0.405947,0.000,1.000,excitement,good
1783252817.007812,1,63.597,0.635970,0.000,1.000,1,89.473,0.894730,0.000,1.000,1,38.247,0.382474,0.000,1.000,1,13.688,0.136879,0.000,1.000,1,72.093,0.720934,0.000,1.000,1,35.336,0.353359,0.000,1.000,excitement,good
1783252817.015625,1,65.137,0.651366,0.000,1.000,1,92.549,0.925487,0.000,1.000,1,38.850,0.388504,0.000,1.000,1,12.410,0.124096,0.000,1.000,1,75.385,0.753848,0.000,1.000,1,45.791,0.457906,0.000,1.000,excitement,good
1783252817.023438,1,69.084,0.690837,0.000,1.000,1,90.143,0.901431,0.000,1.000,1,40.838,0.408376,0.000,1.000,1,11.289,0.112891,0.000,1.000,1,78.274,0.782735,0.000,1.000,1,42.311,0.423115,0.000,1.000,excitement,good
1783252817.031250,1,69.525,0.695246,0.000,1.000,1,86.904,0.869043,0.000,1.000,1,41.748,0.417484,0.000,1.000,1,18.448,0.184479,0.000,1.000,1,69.720,0.697200,0.000,1.000,1,43.585,0.435851,0.000,1.000,excitement,good
1783252817.039062,1,70.171,0.701713,0.000,1.000,1,86.816,0.868161,0.000,1.000,1,42.139,0.421393,0.000,1.000,1,12.147,0.121467,0.000,1.000,1,75.815,0.758151,0.000,1.000,1,43.165,0.431653,0.000,1.000,excitement,good
1783252817.046875,1,68.474,0.684744,0.000,1.000,1,87.936,0.879357,0.000,1.000,1,46.941,0.469414,0.000,1.000,1,16.086,0.160857,0.000,1.000,1,78.295,0.782952,0.000,1.000,1,43.385,0.433854,0.000,1.000,excitement,good
1783252817.054688,1,68.299,0.682990,0.000,1.000,1,87.279,0.872791,0.000,1.000,1,43.579,0.435787,0.000,1.000,1,17.460,0.174600,0.000,1.000,1,75.589,0.755890,0.000,1.000,1,43.085,0.430854,0.000,1.000,excitement,good
1783252817.062500,1,70.369,0.703695,0.000,1.000,1,87.258,0.872577,0.000,1.000,1,40.859,0.408591,0.000,1.000,1,13.421,0.134211,0.000,1.000,1,76.601,0.766015,0.000,1.000,1,42.789,0.427887,0.000,1.000,excitement,good
1783252817.070312,1,66.676,0.666764,0.000,1.000,1,88.840,0.888398,0.000,1.000,1,45.239,0.452391,0.000,1.000,1,16.951,0.169511,0.000,1.000,1,76.442,0.764416,0.000,1.000,1,41.380,0.413797,0.000,1.000,excitement,good
1783252817.078125,1,65.770,0.657703,0.000,1.000,1,90.319,0.903195,0.000,1.000,1,44.220,0.442200,0.000,1.000,1,13.570,0.135695,0.000,1.000,1,75.376,0.753764,0.000,1.000,1,44.296,0.442955,0.000,1.000,excitement,good
1783252817.085938,1,71.205,0.712051,0.000,1.000,1,86.033,0.860328,0.000,1.000,1,44.850,0.448500,0.000,1.000,1,7.654,0.076543,0.000,1.000,1,77.050,0.770502,0.000,1.000,1,44.891,0.448911,0.000,1.000,excitement,good
1783252817.093750,1,66.693,0.666925,0.000,1.000,1,88.852,0.888524,0.000,1.000,1,41.918,0.419179,0.000,1.000,1,15.871,0.158714,0.000,1.000,1,74.571,0.745711,0.000,1.000,1,43.400,0.434003,0.000,1.000,excitement,good
1783252817.101562,1,65.428,0.654279,0.000,1.000,1,82.774,0.827745,0.000,1.000,1,40.491,0.404911,0.000,1.000,1,20.524,0.205238,0.000,1.000,1,75.726,0.757256,0.000,1.000,1,40.246,0.402461,0.000,1.000,excitement,good
1783252817.109375,1,64.918,0.649178,0.000,1.000,1,87.220,0.872204,0.000,1.000,1,39.093,0.390934,0.000,1.000,1,15.004,0.150044,0.000,1.000,1,74.897,0.748971,0.000,1.000,1,47.009,0.470092,0.000,1.000,excitement,good
1783252817.117188,1,66.822,0.668218,0.000,1.000,1,84.874,0.848743,0.000,1.000,1,43.062,0.430623,0.000,1.000,1,15.936,0.159361,0.000,1.000,1,71.966,0.719662,0.000,1.000,1,41.231,0.412308,0.000,1.000,excitement,good
1783252817.125000,1,67.933,0.679327,0.000,1.000,1,86.201,0.862014,0.000,1.000,1,39.294,0.392941,0.000,1.000,1,16.379,0.163792,0.000,1.000,1,76.652,0.766524,0.000,1.000,1,42.456,0.424563,0.000,1.000,excitement,good
1783252817.132812,1,66.363,0.663632,0.000,1.000,1,85.793,0.857934,0.000,1.000,1,42.513,0.425131,0.000,1.000,1,17.377,0.173771,0.000,1.000,1,74.822,0.748223,0.000,1.000,1,47.337,0.473370,0.000,1.000,excitement,good
1783252817.140625,1,67.954,0.679540,0.000,1.000,1,91.961,0.919608,0.000,1.000,1,40.273,0.402729,0.000,1.000,1,12.561,0.125606,0.000,1.000,1,74.747,0.747471,0.000,1.000,1,45.324,0.453239,0.000,1.000,excitement,good
1783252817.148438,1,64.044,0.640442,0.000,1.000,1,89.235,0.892347,0.000,1.000,1,45.957,0.459571,0.000,1.000,1,12.945,0.129447,0.000,1.000,1,75.999,0.759995,0.000,1.000,1,40.868,0.408683,0.000,1.000,excitement,good
1783252817.156250,1,67.384,0.673843,0.000,1.000,1,85.011,0.850113,0.000,1.000,1,39.985,0.399846,0.000,1.000,1,13.261,0.132614,0.000,1.000,1,71.647,0.716474,0.000,1.000,1,46.863,0.468629,0.000,1.000,excitement,good
1783252817.164062,1,64.021,0.640212,0.000,1.000,1,87.062,0.870620,0.000,1.000,1,42.681,0.426815,0.000,1.000,1,16.788,0.167885,0.000,1.000,1,72.043,0.720426,0.000,1.000,1,45.030,0.450297,0.000,1.000,excitement,good
1783252817.171875,1,65.839,0.658388,0.000,1.000,1,81.205,0.812049,0.000,1.000,1,37.426,0.374259,0.000,1.000,1,14.780,0.147795,0.000,1.000,1,75.978,0.759781,0.000,1.000,1,41.972,0.419725,0.000,1.000,excitement,good
1783252817.179688,1,67.072,0.670724,0.000,1.000,1,90.587,0.905873,0.000,1.000,1,42.147,0.421474,0.000,1.000,1,10.103,0.101032,0.000,1.000,1,76.621,0.766205,0.000,1.000,1,43.882,0.438823,0.000,1.000,excitement,good
1783252817.187500,1,68.246,0.682460,0.000,1.000,1,92.050,0.920501,0.000,1.000,1,42.852,0.428520,0.000,1.000,1,12.846,0.128463,0.000,1.000,1,77.574,0.775742,0.000,1.000,1,40.563,0.405631,0.000,1.000,excitement,good
1783252817.195312,1,66.981,0.669810,0.000,1.000,1,90.224,0.902242,0.000,1.000,1,41.549,0.415494,0.000,1.000,1,10.502,0.105020,0.000,1.000,1,77.143,0.771427,0.000,1.000,1,42.761,0.427609,0.000,1.000,excitement,good
1783252817.203125,1,70.144,0.701438,0.000,1.000,1,88.500,0.885000,0.000,1.000,1,46.046,0.460465,0.000,1.000,1,12.116,0.121157,0.000,1.000,1,77.231,0.772307,0.000,1.000,1,40.989,0.409890,0.000,1.000,excitement,good
1783252817.210938,1,71.462,0.714622,0.000,1.000,1,85.276,0.852757,0.000,1.000,1,42.926,0.429261,0.000,1.000,1,14.514,0.145136,0.000,1.000,1,73.690,0.736904,0.000,1.000,1,47.052,0.470517,0.000,1.000,excitement,good
1783252817.218750,1,71.074,0.710744,0.000,1.000,1,91.407,0.914073,0.000,1.000,1,44.191,0.441915,0.000,1.000,1,18.844,0.188436,0.000,1.000,1,73.762,0.737624,0.000,1.000,1,46.346,0.463461,0.000,1.000,excitement,good
1783252817.226562,1,65.649,0.656488,0.000,1.000,1,88.635,0.886346,0.000,1.000,1,38.015,0.380148,0.000,1.000,1,9.211,0.092112,0.000,1.000,1,71.490,0.714902,0.000,1.000,1,41.831,0.418310,0.000,1.000,excitement,good
1783252817.234375,1,64.088,0.640876,0.000,1.000,1,89.927,0.899270,0.000,1.000,1,41.254,0.412540,0.000,1.000,1,11.242,0.112422,0.000,1.000,1,71.177,0.711773,0.000,1.000,1,46.731,0.467306,0.000,1.000,excitement,good
1783252817.242188,1,71.244,0.712440,0.000,1.000,1,84.968,0.849676,0.000,1.000,1,42.696,0.426957,0.000,1.000,1,12.705,0.127052,0.000,1.000,1,73.643,0.736427,0.000,1.000,1,45.075,0.450754,0.000,1.000,excitement,good
1783252817.250000,1,64.505,0.645048,0.000,1.000,1,87.323,0.873233,0.000,1.000,1,38.274,0.382744,0.000,1.000,1,13.393,0.133927,0.000,1.000,1,78.107,0.781068,0.000,1.000,1,46.882,0.468825,0.000,1.000,excitement,good
1783252817.257812,1,69.915,0.699153,0.000,1.000,1,90.336,0.903358,0.000,1.000,1,41.099,0.410990,0.000,1.000,1,9.698,0.096978,0.000,1.000,1,77.289,0.772894,0.000,1.000,1,39.952,0.399524,0.000,1.000,excitement,good
1783252817.265625,1,68.468,0.684683,0.000,1.000,1,88.341,0.883414,0.000,1.000,1,43.202,0.432019,0.000,1.000,1,9.419,0.094188,0.000,1.000,1,77.783,0.777831,0.000,1.000,1,45.789,0.457886,0.000,1.000,excitement,good
1783252817.273438,1,69.088,0.690879,0.000,1.000,1,86.523,0.865235,0.000,1.000,1,37.548,0.375484,0.000,1.000,1,11.496,0.114956,0.000,1.000,1,80.430,0.804305,0.000,1.000,1,47.801,0.478014,0.000,1.000,excitement,good
1783252817.281250,1,69.613,0.696128,0.000,1.000,1,87.010,0.870105,0.000,1.000,1,39.549,0.395493,0.000,1.000,1,14.744,0.147441,0.000,1.000,1,72.025,0.720249,0.000,1.000,1,47.794,0.477943,0.000,1.000,excitement,good
1783252817.289062,1,70.896,0.708955,0.000,1.000,1,88.864,0.888636,0.000,1.000,1,40.909,0.409089,0.000,1.000,1,12.648,0.126483,0.000,1.000,1,76.984,0.769842,0.000,1.000,1,38.877,0.388771,0.000,1.000,excitement,good
1783252817.296875,1,68.883,0.688826,0.000,1.000,1,87.559,0.875587,0.000,1.000,1,40.358,0.403579,0.000,1.000,1,16.536,0.165362,0.000,1.000,1,73.924,0.739242,0.000,1.000,1,43.030,0.430298,0.000,1.000,excitement,good
1783252817.304688,1,66.325,0.663251,0.000,1.000,1,86.787,0.867867,0.000,1.000,1,39.741,0.397414,0.000,1.000,1,14.423,0.144226,0.000,1.000,1,71.630,0.716300,0.000,1.000,1,45.750,0.457504,0.000,1.000,excitement,good
1783252817.312500,1,60.209,0.602093,0.000,1.000,1,90.701,0.907009,0.000,1.000,1,40.860,0.408604,0.000,1.000,1,11.775,0.117746,0.000,1.000,1,73.591,0.735907,0.000,1.000,1,44.460,0.444596,0.000,1.000,excitement,good
1783252817.320312,1,64.859,0.648590,0.000,1.000,1,93.069,0.930686,0.000,1.000,1,43.511,0.435106,0.000,1.000,1,15.819,0.158194,0.000,1.000,1,81.117,0.811172,0.000,1.000,1,46.159,0.461589,0.000,1.000,excitement,good
1783252817.328125,1,61.750,0.617497,0.000,1.000,1,92.088,0.920879,0.000,1.000,1,42.442,0.424421,0.000,1.000,1,19.719,0.197190,0.000,1.000,1,73.963,0.739628,0.000,1.000,1,47.000,0.469999,0.000,1.000,excitement,good
1783252817.335938,1,66.736,0.667357,0.000,1.000,1,88.400,0.884001,0.000,1.000,1,42.707,0.427068,0.000,1.000,1,15.207,0.152067,0.000,1.000,1,73.993,0.739926,0.000,1.000,1,44.564,0.445643,0.000,1.000,excitement,good
1783252817.343750,1,67.741,0.677406,0.000,1.000,1,89.881,0.898809,0.000,1.000,1,44.867,0.448666,0.000,1.000,1,16.183,0.161835,0.000,1.000,1,76.935,0.769347,0.000,1.000,1,46.656,0.466557,0.000,1.000,excitement,good
1783252817.351562,1,65.655,0.656549,0.000,1.000,1,90.801,0.908014,0.000,1.000,1,42.677,0.426768,0.000,1.000,1,15.653,0.156532,0.000,1.000,1,80.736,0.807355,0.000,1.000,1,45.840,0.458396,0.000,1.000,excitement,good
1783252817.359375,1,66.313,0.663134,0.000,1.000,1,86.258,0.862581,0.000,1.000,1,36.523,0.365232,0.000,1.000,1,15.661,0.156615,0.000,1.000,1,75.587,0.755869,0.000,1.000,1,44.408,0.444075,0.000,1.000,excitement,good
1783252817.367188,1,67.671,0.676709,0.000,1.000,1,87.529,0.875289,0.000,1.000,1,42.479,0.424789,0.000,1.000,1,12.780,0.127805,0.000,1.000,1,73.297,0.732970,0.000,1.000,1,40.542,0.405425,0.000,1.000,excitement,good
1783252817.375000,1,65.732,0.657315,0.000,1.000,1,85.597,0.855971,0.000,1.000,1,41.321,0.413211,0.000,1.000,1,12.516,0.125160,0.000,1.000,1,76.794,0.767940,0.000,1.000,1,44.777,0.447767,0.000,1.000,excitement,good
1783252817.382812,1,66.837,0.668366,0.000,1.000,1,85.649,0.856493,0.000,1.000,1,45.308,0.453076,0.000,1.000,1,10.954,0.109545,0.000,1.000,1,76.857,0.768567,0.000,1.000,1,43.300,0.432999,0.000,1.000,excitement,good
1783252817.390625,1,69.673,0.696732,0.000,1.000,1,87.254,0.872535,0.000,1.000,1,41.880,0.418801,0.000,1.000,1,16.617,0.166173,0.000,1.000,1,73.868,0.738677,0.000,1.000,1,46.832,0.468324,0.000,1.000,excitement,good
1783252817.398438,1,71.323,0.713234,0.000,1.000,1,91.305,0.913052,0.000,1.000,1,37.472,0.374723,0.000,1.000,1,15.831,0.158313,0.000,1.000,1,71.669,0.716687,0.000,1.000,1,40.731,0.407311,0.000,1.000,excitement,good
1783252817.406250,1,67.973,0.679729,0.000,1.000,1,88.907,0.889068,0.000,1.000,1,39.910,0.399103,0.000,1.000,1,12.741,0.127414,0.000,1.000,1,70.496,0.704957,0.000,1.000,1,39.310,0.393097,0.000,1.000,excitement,good
1783252817.414062,1,67.461,0.674609,0.000,1.000,1,85.313,0.853130,0.000,1.000,1,37.587,0.375874,0.000,1.000,1,17.079,0.170789,0.000,1.000,1,74.686,0.746862,0.000,1.000,1,43.949,0.439486,0.000,1.000,excitement,good
1783252817.421875,1,67.398,0.673983,0.000,1.000,1,86.920,0.869200,0.000,1.000,1,37.950,0.379505,0.000,1.000,1,13.092,0.130922,0.000,1.000,1,73.244,0.732441,0.000,1.000,1,44.373,0.443731,0.000,1.000,excitement,good
1783252817.429688,1,68.756,0.687561,0.000,1.000,1,87.591,0.875909,0.000,1.000,1,43.679,0.436790,0.000,1.000,1,11.929,0.119287,0.000,1.000,1,73.913,0.739133,0.000,1.000,1,41.904,0.419037,0.000,1.000,excitement,good
1783252817.437500,1,66.010,0.660104,0.000,1.000,1,87.343,0.873434,0.000,1.000,1,45.578,0.455776,0.000,1.000,1,16.799,0.167987,0.000,1.000,1,77.709,0.777091,0.000,1.000,1,44.388,0.443876,0.000,1.000,excitement,good
1783252817.445312,1,66.537,0.665370,0.000,1.000,1,88.692,0.886924,0.000,1.000,1,40.334,0.403337,0.000,1.000,1,13.448,0.134476,0.000,1.000,1,78.033,0.780330,0.000,1.000,1,42.023,0.420225,0.000,1.000,excitement,good
1783252817.453125,1,65.376,0.653755,0.000,1.000,1,92.370,0.923701,0.000,1.000,1,41.483,0.414828,0.000,1.000,1,6.080,0.060797,0.000,1.000,1,75.949,0.759495,0.000,1.000,1,44.570,0.445701,0.000,1.000,excitement,good
1783252817.460938,1,66.412,0.664119,0.000,1.000,1,86.193,0.861930,0.000,1.000,1,42.620,0.426203,0.000,1.000,1,12.626,0.126265,0.000,1.000,1,76.061,0.760607,0.000,1.000,1,44.862,0.448620,0.000,1.000,excitement,good
1783252817.468750,1,69.178,0.691779,0.000,1.000,1,88.500,0.885002,0.000,1.000,1,42.679,0.426793,0.000,1.000,1,11.690,0.116899,0.000,1.000,1,79.378,0.793783,0.000,1.000,1,42.474,0.424744,0.000,1.000,excitement,good
1783252817.476562,1,69.352,0.693524,0.000,1.000,1,87.773,0.877732,0.000,1.000,1,41.239,0.412393,0.000,1.000,1,15.541,0.155412,0.000,1.000,1,80.303,0.803033,0.000,1.000,1,43.743,0.437429,0.000,1.000,excitement,good
1783252817.484375,1,67.727,0.677271,0.000,1.000,1,84.790,0.847900,0.000,1.000,1,39.965,0.399654,0.000,1.000,1,9.858,0.098575,0.000,1.000,1,75.386,0.753861,0.000,1.000,1,38.832,0.388322,0.000,1.000,excitement,good
1783252817.492188,1,62.382,0.623815,0.000,1.000,1,88.836,0.888355,0.000,1.000,1,37.490,0.374899,0.000,1.000,1,14.866,0.148658,0.000,1.000,1,72.922,0.729219,0.000,1.000,1,44.287,0.442867,0.000,1.000,excitement,good
1783252817.500000,1,63.131,0.631308,0.000,1.000,1,87.897,0.878974,0.000,1.000,1,42.174,0.421735,0.000,1.000,1,8.910,0.089104,0.000,1.000,1,74.369,0.743693,0.000,1.000,1,43.026,0.430262,0.000,1.000,excitement,good
1783252817.507812,1,66.155,0.661548,0.000,1.000,1,81.309,0.813086,0.000,1.000,1,40.819,0.408191,0.000,1.000,1,13.389,0.133888,0.000,1.000,1,75.128,0.751277,0.000,1.000,1,41.598,0.415984,0.000,1.000,excitement,good
1783252817.515625,1,64.408,0.644082,0.000,1.000,1,87.818,0.878176,0.000,1.000,1,38.613,0.386128,0.000,1.000,1,10.307,0.103066,0.000,1.000,1,72.680,0.726801,0.000,1.000,1,43.500,0.434997,0.000,1.000,excitement,good
1783252817.523438,1,70.271,0.702709,0.000,1.000,1,87.551,0.875508,0.000,1.000,1,39.962,0.399617,0.000,1.000,1,12.358,0.123578,0.000,1.000,1,71.544,0.715435,0.000,1.000,1,45.010,0.450095,0.000,1.000,excitement,good
1783252817.531250,1,69.887,0.698870,0.000,1.000,1,86.883,0.868833,0.000,1.000,1,39.076,0.390757,0.000,1.000,1,14.997,0.149973,0.000,1.000,1,74.386,0.743855,0.000,1.000,1,40.013,0.400135,0.000,1.000,excitement,good
1783252817.539062,1,63.345,0.633455,0.000,1.000,1,86.364,0.863637,0.000,1.000,1,38.181,0.381814,0.000,1.000,1,12.543,0.125432,0.000,1.000,1,74.623,0.746228,0.000,1.000,1,38.260,0.382599,0.000,1.000,excitement,good
1783252817.546875,1,64.534,0.645337,0.000,1.000,1,89.308,0.893081,0.000,1.000,1,39.658,0.396584,0.000,1.000,1,17.359,0.173586,0.000,1.000,1,72.083,0.720830,0.000,1.000,1,48.368,0.483683,0.000,1.000,excitement,good
1783252817.554688,1,65.210,0.652096,0.000,1.000,1,87.249,0.872493,0.000,1.000,1,40.858,0.408582,0.000,1.000,1,12.653,0.126533,0.000,1.000,1,77.615,0.776150,0.000,1.000,1,41.719,0.417190,0.000,1.000,excitement,good
1783252817.562500,1,65.331,0.653312,0.000,1.000,1,89.743,0.897425,0.000,1.000,1,38.380,0.383803,0.000,1.000,1,16.408,0.164076,0.000,1.000,1,74.507,0.745066,0.000,1.000,1,41.498,0.414980,0.000,1.000,excitement,good
1783252817.570312,1,64.231,0.642314,0.000,1.000,1,92.674,0.926741,0.000,1.000,1,43.053,0.430532,0.000,1.000,1,17.922,0.179220,0.000,1.000,1,74.455,0.744555,0.000,1.000,1,45.724,0.457235,0.000,1.000,excitement,good
1783252817.578125,1,66.139,0.661385,0.000,1.000,1,92.508,0.925085,0.000,1.000,1,46.486,0.464857,0.000,1.000,1,15.953,0.159531,0.000,1.000,1,69.860,0.698599,0.000,1.000,1,45.927,0.459268,0.000,1.000,excitement,good
1783252817.585938,1,67.451,0.674513,0.000,1.000,1,84.949,0.849491,0.000,1.000,1,37.944,0.379438,0.000,1.000,1,17.457,0.174566,0.000,1.000,1,75.489,0.754892,0.000,1.000,1,42.680,0.426804,0.000,1.000,excitement,good
1783252817.593750,1,60.789,0.607895,0.000,1.000,1,88.274,0.882739,0.000,1.000,1,38.768,0.387677,0.000,1.000,1,9.262,0.092623,0.000,1.000,1,74.339,0.743386,0.000,1.000,1,44.456,0.444564,0.000,1.000,excitement,good
1783252817.601562,1,68.046,0.680456,0.000,1.000,1,86.397,0.863968,0.000,1.000,1,42.706,0.427061,0.000,1.000,1,14.095,0.140951,0.000,1.000,1,71.244,0.712439,0.000,1.000,1,42.895,0.428954,0.000,1.000,excitement,good
1783252817.609375,1,66.859,0.668590,0.000,1.000,1,84.703,0.847035,0.000,1.000,1,45.108,0.451085,0.000,1.000,1,13.491,0.134906,0.000,1.000,1,76.358,0.763579,0.000,1.000,1,44.889,0.448891,0.000,1.000,excitement,good
1783252817.617188,1,67.733,0.677333,0.000,1.000,1,84.463,0.844630,0.000,1.000,1,41.186,0.411856,0.000,1.000,1,12.740,0.127400,0.000,1.000,1,79.821,0.798206,0.000,1.000,1,44.228,0.442281,0.000,1.000,excitement,good
1783252817.625000,1,65.191,0.651907,0.000,1.000,1,85.550,0.855500,0.000,1.000,1,43.646,0.436464,0.000,1.000,1,13.279,0.132786,0.000,1.000,1,72.703,0.727029,0.000,1.000,1,45.701,0.457007,0.000,1.000,excitement,good
1783252817.632812,1,72.475,0.724751,0.000,1.000,1,90.149,0.901495,0.000,1.000,1,43.736,0.437356,0.000,1.000,1,13.225,0.132246,0.000,1.000,1,76.858,0.768584,0.000,1.000,1,44.990,0.449904,0.000,1.000,excitement,good
1783252817.640625,1,65.725,0.657247,0.000,1.000,1,92.113,0.921134,0.000,1.000,1,42.533,0.425335,0.000,1.000,1,17.122,0.171219,0.000,1.000,1,75.660,0.756596,0.000,1.000,1,44.080,0.440799,0.000,1.000,excitement,good
1783252817.648438,1,67.170,0.671699,0.000,1.000,1,87.015,0.870150,0.000,1.000,1,44.801,0.448012,0.000,1.000,1,11.668,0.116677,0.000,1.000,1,71.599,0.715994,0.000,1.000,1,43.723,0.437227,0.000,1.000,excitement,good
1783252817.656250,1,74.065,0.740648,0.000,1.000,1,84.458,0.844576,0.000,1.000,1,40.809,0.408089,0.000,1.000,1,10.941,0.109410,0.000,1.000,1,77.614,0.776136,0.000,1.000,1,41.800,0.418000,0.000,1.000,excitement,good
1783252817.664062,1,70.533,0.705332,0.000,1.000,1,91.712,0.917122,0.000,1.000,1,38.692,0.386917,0.000,1.000,1,10.564,0.105638,0.000,1.000,1,75.807,0.758069,0.000,1.000,1,44.915,0.449148,0.000,1.000,excitement,good
1783252817.671875,1,66.862,0.668617,0.000,1.000,1,90.915,0.909154,0.000,1.000,1,37.322,0.373223,0.000,1.000,1,15.217,0.152170,0.000,1.000,1,75.468,0.754678,0.000,1.000,1,41.829,0.418290,0.000,1.000,excitement,good
1783252817.679688,1,64.493,0.644930,0.000,1.000,1,87.108,0.871080,0.000,1.000,1,44.501,0.445011,0.000,1.000,1,14.624,0.146243,0.000,1.000,1,77.106,0.771060,0.000,1.000,1,46.527,0.465273,0.000,1.000,excitement,good
1783252817.687500,1,64.164,0.641636,0.000,1.000,1,88.407,0.884066,0.000,1.000,1,42.585,0.425847,0.000,1.000,1,11.209,0.112091,0.000,1.000,1,80.176,0.801757,0.000,1.000,1,43.811,0.438111,0.000,1.000,excitement,good
1783252817.695312,1,70.771,0.707710,0.000,1.000,1,94.240,0.942401,0.000,1.000,1,40.184,0.401840,0.000,1.000,1,13.828,0.138277,0.000,1.000,1,75.914,0.759145,0.000,1.000,1,42.925,0.429247,0.000,1.000,excitement,good
1783252817.703125,1,64.481,0.644811,0.000,1.000,1,88.000,0.879998,0.000,1.000,1,42.971,0.429705,0.000,1.000,1,16.192,0.161918,0.000,1.000,1,71.675,0.716746,0.000,1.000,1,48.797,0.487969,0.000,1.000,excitement,good
1783252817.710938,1,64.586,0.645860,0.000,1.000,1,88.672,0.886715,0.000,1.000,1,38.335,0.383353,0.000,1.000,1,10.738,0.107380,0.000,1.000,1,75.572,0.755719,0.000,1.000,1,39.516,0.395158,0.000,1.000,excitement,good
1783252817.718750,1,65.530,0.655301,0.000,1.000,1,89.257,0.892571,0.000,1.000,1,39.774,0.397737,0.000,1.000,1,12.602,0.126022,0.000,1.000,1,69.635,0.696353,0.000,1.000,1,41.558,0.415583,0.000,1.000,excitement,good
1783252817.726562,1,68.696,0.686964,0.000,1.000,1,88.841,0.888414,0.000,1.000,1,38.162,0.381617,0.000,1.000,1,14.819,0.148188,0.000,1.000,1,77.342,0.773423,0.000,1.000,1,43.370,0.433697,0.000,1.000,excitement,good
1783252817.734375,1,64.928,0.649282,0.000,1.000,1,85.509,0.855088,0.000,1.000,1,37.536,0.375362,0.000,1.000,1,12.566,0.125656,0.000,1.000,1,77.270,0.772705,0.000,1.000,1,46.341,0.463409,0.000,1.000,excitement,good
1783252817.742188,1,68.755,0.687550,0.000,1.000,1,86.370,0.863698,0.000,1.000,1,36.846,0.368464,0.000,1.000,1,5.829,0.058287,0.000,1.000,1,78.629,0.786295,0.000,1.000,1,43.279,0.432789,0.000,1.000,excitement,good
1783252817.750000,1,66.855,0.668549,0.000,1.000,1,87.370,0.873695,0.000,1.000,1,41.260,0.412600,0.000,1.000,1,11.172,0.111723,0.000,1.000,1,71.238,0.712384,0.000,1.000,1,42.365,0.423646,0.000,1.000,excitement,good
1783252817.757812,1,70.316,0.703158,0.000,1.000,1,89.487,0.894871,0.000,1.000,1,40.864,0.408636,0.000,1.000,1,13.648,0.136477,0.000,1.000,1,74.653,0.746530,0.000,1.000,1,44.311,0.443112,0.000,1.000,excitement,good
1783252817.765625,1,68.288,0.682876,0.000,1.000,1,89.547,0.895470,0.000,1.000,1,40.982,0.409820,0.000,1.000,1,8.808,0.088079,0.000,1.000,1,75.434,0.754337,0.000,1.000,1,40.897,0.408969,0.000,1.000,excitement,good
1783252817.773438,1,70.985,0.709851,0.000,1.000,1,89.495,0.894950,0.000,1.000,1,41.152,0.411519,0.000,1.000,1,15.451,0.154506,0.000,1.000,1,80.241,0.802410,0.000,1.000,1,39.476,0.394760,0.000,1.000,excitement,good
1783252817.781250,1,67.927,0.679266,0.000,1.000,1,81.884,0.818845,0.000,1.000,1,43.600,0.435999,0.000,1.000,1,19.523,0.195226,0.000,1.000,1,72.904,0.729039,0.000,1.000,1,44.098,0.440980,0.000,1.000,excitement,good
1783252817.789062,1,67.461,0.674613,0.000,1.000,1,88.429,0.884286,0.000,1.000,1,40.601,0.406013,0.000,1.000,1,14.893,0.148928,0.000,1.000,1,75.982,0.759822,0.000,1.000,1,44.465,0.444647,0.000,1.000,excitement,good
1783252817.796875,1,65.353,0.653530,0.000,1.000,1,80.911,0.809107,0.000,1.000,1,41.728,0.417275,0.000,1.000,1,11.540,0.115404,0.000,1.000,1,74.110,0.741097,0.000,1.000,1,43.696,0.436962,0.000,1.000,excitement,good
1783252817.804688,1,64.814,0.648140,0.000,1.000,1,87.615,0.876145,0.000,1.000,1,41.028,0.410281,0.000,1.000,1,9.956,0.099557,0.000,1.000,1,75.861,0.758614,0.000,1.000,1,44.083,0.440825,0.000,1.000,excitement,good
1783252817.812500,1,61.093,0.610929,0.000,1.000,1,86.455,0.864550,0.000,1.000,1,41.061,0.410609,0.000,1.000,1,13.137,0.131374,0.000,1.000,1,80.539,0.805387,0.000,1.000,1,41.238,0.412376,0.000,1.000,excitement,good
1783252817.820312,1,65.042,0.650424,0.000,1.000,1,85.933,0.859328,0.000,1.000,1,42.488,0.424878,0.000,1.000,1,14.040,0.140399,0.000,1.000,1,76.687,0.766866,0.000,1.000,1,46.634,0.466335,0.000,1.000,excitement,good
1783252817.828125,1,65.488,0.654880,0.000,1.000,1,92.693,0.926928,0.000,1.000,1,41.318,0.413181,0.000,1.000,1,20.889,0.208885,0.000,1.000,1,77.227,0.772271,0.000,1.000,1,43.987,0.439866,0.000,1.000,excitement,good
1783252817.835938,1,69.499,0.694993,0.000,1.000,1,86.107,0.861071,0.000,1.000,1,45.775,0.457752,0.000,1.000,1,13.707,0.137069,0.000,1.000,1,73.074,0.730739,0.000,1.000,1,42.554,0.425536,0.000,1.000,excitement,good
1783252817.843750,1,63.858,0.638581,0.000,1.000,1,88.278,0.882777,0.000,1.000,1,43.396,0.433960,0.000,1.000,1,17.337,0.173370,0.000,1.000,1,74.643,0.746426,0.000,1.000,1,47.043,0.470426,0.000,1.000,excitement,good
1783252817.851562,1,65.059,0.650588,0.000,1.000,1,90.024,0.900238,0.000,1.000,1,43.507,0.435073,0.000,1.000,1,12.981,0.129807,0.000,1.000,1,74.795,0.747949,0.000,1.000,1,40.412,0.404118,0.000,1.000,excitement,good
1783252817.859375,1,67.838,0.678382,0.000,1.000,1,93.518,0.935185,0.000,1.000,1,42.675,0.426753,0.000,1.000,1,13.898,0.138976,0.000,1.000,1,73.265,0.732646,0.000,1.000,1,42.465,0.424653,0.000,1.000,excitement,good
1783252817.867188,1,65.423,0.654228,0.000,1.000,1,85.922,0.859217,0.000,1.000,1,42.149,0.421486,0.000,1.000,1,15.736,0.157358,0.000,1.000,1,77.345,0.773448,0.000,1.000,1,46.499,0.464990,0.000,1.000,excitement,good
1783252817.875000,1,66.194,0.661940,0.000,1.000,1,87.584,0.875838,0.000,1.000,1,40.274,0.402740,0.000,1.000,1,15.903,0.159033,0.000,1.000,1,74.296,0.742961,0.000,1.000,1,42.659,0.426589,0.000,1.000,excitement,good
1783252817.882812,1,71.776,0.717756,0.000,1.000,1,86.301,0.863006,0.000,1.000,1,41.999,0.419992,0.000,1.000,1,16.994,0.169945,0.000,1.000,1,74.664,0.746636,0.000,1.000,1,45.669,0.456695,0.000,1.000,excitement,good
1783252817.890625,1,66.912,0.669122,0.000,1.000,1,90.559,0.905595,0.000,1.000,1,46.348,0.463477,0.000,1.000,1,13.360,0.133601,0.000,1.000,1,71.777,0.717768,0.000,1.000,1,43.084,0.430844,0.000,1.000,excitement,good
1783252817.898438,1,63.990,0.639904,0.000,1.000,1,85.239,0.852394,0.000,1.000,1,44.761,0.447607,0.000,1.000,1,14.696,0.146960,0.000,1.000,1,75.473,0.754733,0.000,1.000,1,44.107,0.441066,0.000,1.000,excitement,good
1783252817.906250,1,67.193,0.671934,0.000,1.000,1,87.738,0.877383,0.000,1.000,1,41.839,0.418385,0.000,1.000,1,11.833,0.118331,0.000,1.000,1,76.724,0.767243,0.000,1.000,1,43.798,0.437975,0.000,1.000,excitement,good
1783252817.914062,1,65.632,0.656316,0.000,1.000,1,83.018,0.830175,0.000,1.000,1,38.805,0.388052,0.000,1.000,1,19.384,0.193841,0.000,1.000,1,74.795,0.747951,0.000,1.000,1,48.267,0.482673,0.000,1.000,excitement,good
1783252817.921875,1,66.327,0.663266,0.000,1.000,1,87.426,0.874258,0.000,1.000,1,48.520,0.485203,0.000,1.000,1,19.928,0.199282,0.000,1.000,1,75.532,0.755323,0.000,1.000,1,43.737,0.437368,0.000,1.000,excitement,good
1783252817.929688,1,65.852,0.658520,0.000,1.000,1,90.822,0.908217,0.000,1.000,1,39.604,0.396037,0.000,1.000,1,14.069,0.140689,0.000,1.000,1,74.092,0.740919,0.000,1.000,1,47.160,0.471603,0.000,1.000,excitement,good
1783252817.937500,1,64.930,0.649301,0.000,1.000,1,86.915,0.869147,0.000,1.000,1,41.723,0.417233,0.000,1.000,1,11.785,0.117854,0.000,1.000,1,75.354,0.753540,0.000,1.000,1,46.708,0.467077,0.000,1.000,excitement,good
1783252817.945312,1,70.214,0.702139,0.000,1.000,1,89.550,0.895502,0.000,1.000,1,39.489,0.394889,0.000,1.000,1,14.133,0.141326,0.000,1.000,1,73.721,0.737211,0.000,1.000,1,45.771,0.457710,0.000,1.000,excitement,good
1783252817.953125,1,66.655,0.666553,0.000,1.000,1,84.771,0.847709,0.000,1.000,1,39.792,0.397921,0.000,1.000,1,9.503,0.095035,0.000,1.000,1,74.988,0.749885,0.000,1.000,1,49.336,0.493356,0.000,1.000,excitement,good
1783252817.960938,1,67.751,0.677512,0.000,1.000,1,90.588,0.905884,0.000,1.000,1,42.756,0.427561,0.000,1.000,1,14.306,0.143060,0.000,1.000,1,75.521,0.755207,0.000,1.000,1,41.772,0.417717,0.000,1.000,excitement,good
1783252817.968750,1,65.056,0.650563,0.000,1.000,1,88.405,0.884052,0.000,1.000,1,43.287,0.432865,0.000,1.000,1,13.464,0.134643,0.000,1.000,1,76.914,0.769144,0.000,1.000,1,43.215,0.432153,0.000,1.000,excitement,good
1783252817.976562,1,66.879,0.668790,0.000,1.000,1,88.650,0.886501,0.000,1.000,1,42.198,0.421984,0.000,1.000,1,10.772,0.107723,0.000,1.000,1,74.394,0.743945,0.000,1.000,1,41.841,0.418411,0.000,1.000,excitement,good
1783252817.984375,1,67.640,0.676396,0.000,1.000,1,88.627,0.886267,0.000,1.000,1,41.998,0.419976,0.000,1.000,1,11.568,0.115683,0.000,1.000,1,72.169,0.721694,0.000,1.000,1,44.206,0.442063,0.000,1.000,excitement,good
1783252817.992188,1,65.077,0.650766,0.000,1.000,1,88.564,0.885636,0.000,1.000,1,44.569,0.445691,0.000,1.000,1,14.621,0.146212,0.000,1.000,1,74.966,0.749657,0.000,1.000,1,45.211,0.452107,0.000,1.000,excitement,good
1783252818.000000,1,61.378,0.613779,0.000,1.000,1,88.496,0.884955,0.000,1.000,1,39.976,0.399763,0.000,1.000,1,13.859,0.138586,0.000,1.000,1,75.791,0.757914,0.000,1.000,1,43.290,0.432901,0.000,1.000,excitement,good
1783252818.007812,1,68.851,0.688514,0.000,1.000,1,88.321,0.883213,0.000,1.000,1,47.349,0.473487,0.000,1.000,1,11.727,0.117268,0.000,1.000,1,75.066,0.750659,0.000,1.000,1,40.310,0.403096,0.000,1.000,excitement,good
1783252818.015625,1,69.009,0.690094,0.000,1.000,1,91.287,0.912869,0.000,1.000,1,40.743,0.407431,0.000,1.000,1,11.369,0.113693,0.000,1.000,1,76.879,0.768787,0.000,1.000,1,42.954,0.429542,0.000,1.000,excitement,good
1783252818.023438,1,71.060,0.710600,0.000,1.000,1,89.581,0.895813,0.000,1.000,1,42.293,0.422927,0.000,1.000,1,13.385,0.133855,0.000,1.000,1,76.633,0.766332,0.000,1.000,1,40.868,0.408678,0.000,1.000,excitement,good
1783252818.031250,1,66.268,0.662684,0.000,1.000,1,86.902,0.869017,0.000,1.000,1,44.391,0.443908,0.000,1.000,1,13.964,0.139645,0.000,1.000,1,71.955,0.719550,0.000,1.000,1,45.188,0.451877,0.000,1.000,excitement,good
1783252818.039062,1,64.537,0.645372,0.000,1.000,1,84.611,0.846108,0.000,1.000,1,38.062,0.380625,0.000,1.000,1,10.395,0.103950,0.000,1.000,1,76.281,0.762806,0.000,1.000,1,46.694,0.466943,0.000,1.000,excitement,good
1783252818.046875,1,60.383,0.603832,0.000,1.000,1,88.149,0.881486,0.000,1.000,1,39.649,0.396495,0.000,1.000,1,8.038,0.080375,0.000,1.000,1,80.990,0.809895,0.000,1.000,1,41.967,0.419673,0.000,1.000,excitement,good
1783252818.054688,1,65.239,0.652391,0.000,1.000,1,87.854,0.878543,0.000,1.000,1,41.980,0.419803,0.000,1.000,1,11.296,0.112958,0.000,1.000,1,74.923,0.749229,0.000,1.000,1,52.396,0.523961,0.000,1.000,excitement,good
1783252818.062500,1,67.026,0.670265,0.000,1.000,1,89.570,0.895704,0.000,1.000,1,42.462,0.424615,0.000,1.000,1,15.208,0.152076,0.000,1.000,1,77.059,0.770593,0.000,1.000,1,40.381,0.403805,0.000,1.000,excitement,good
1783252818.070312,1,69.763,0.697633,0.000,1.000,1,86.067,0.860671,0.000,1.000,1,39.011,0.390114,0.000,1.000,1,11.801,0.118011,0.000,1.000,1,74.692,0.746924,0.000,1.000,1,44.222,0.442217,0.000,1.000,excitement,good
1783252818.078125,1,66.090,0.660898,0.000,1.000,1,89.419,0.894193,0.000,1.000,1,46.256,0.462562,0.000,1.000,1,13.028,0.130284,0.000,1.000,1,79.174,0.791742,0.000,1.000,1,44.290,0.442900,0.000,1.000,excitement,good
1783252818.085938,1,66.162,0.661620,0.000,1.000,1,86.522,0.865216,0.000,1.000,1,42.645,0.426455,0.000,1.000,1,14.030,0.140300,0.000,1.000,1,73.676,0.736765,0.000,1.000,1,45.912,0.459117,0.000,1.000,excitement,good
1783252818.093750,1,66.439,0.664391,0.000,1.000,1,89.966,0.899661,0.000,1.000,1,41.792,0.417924,0.000,1.000,1,15.187,0.151868,0.000,1.000,1,76.945,0.769449,0.000,1.000,1,49.117,0.491166,0.000,1.000,excitement,good
1783252818.101562,1,65.821,0.658207,0.000,1.000,1,88.574,0.885743,0.000,1.000,1,38.284,0.382843,0.000,1.000,1,10.366,0.103664,0.000,1.000,1,72.291,0.722912,0.000,1.000,1,46.208,0.462076,0.000,1.000,excitement,good
1783252818.109375,1,65.703,0.657034,0.000,1.000,1,86.328,0.863281,0.000,1.000,1,42.991,0.429910,0.000,1.000,1,12.948,0.129485,0.000,1.000,1,71.164,0.711636,0.000,1.000,1,45.652,0.456515,0.000,1.000,excitement,good
1783252818.117188,1,63.240,0.632397,0.000,1.000,1,90.331,0.903305,0.000,1.000,1,39.194,0.391936,0.000,1.000,1,15.500,0.155004,0.000,1.000,1,80.401,0.804014,0.000,1.000,1,42.980,0.429802,0.000,1.000,excitement,good
1783252818.125000,1,69.263,0.692632,0.000,1.000,1,84.093,0.840927,0.000,1.000,1,43.966,0.439662,0.000,1.000,1,20.259,0.202589,0.000,1.000,1,76.037,0.760373,0.000,1.000,1,36.773,0.367727,0.000,1.000,excitement,good
1783252818.132812,1,69.147,0.691466,0.000,1.000,1,91.700,0.917002,0.000,1.000,1,38.103,0.381028,0.000,1.000,1,10.508,0.105076,0.000,1.000,1,74.394,0.743939,0.000,1.000,1,39.011,0.390114,0.000,1.000,excitement,good
1783252818.140625,1,68.050,0.680499,0.000,1.000,1,85.644,0.856437,0.000,1.000,1,42.185,0.421853,0.000,1.000,1,16.842,0.168415,0.000,1.000,1,74.628,0.746281,0.000,1.000,1,44.501,0.445012,0.000,1.000,excitement,good
1783252818.148438,1,69.530,0.695304,0.000,1.000,1,86.434,0.864345,0.000,1.000,1,42.411,0.424113,0.000,1.000,1,11.728,0.117277,0.000,1.000,1,71.241,0.712411,0.000,1.000,1,42.576,0.425758,0.000,1.000,excitement,good
1783252818.156250,1,67.309,0.673089,0.000,1.000,1,88.409,0.884090,0.000,1.000,1,41.154,0.411541,0.000,1.000,1,13.573,0.135726,0.000,1.000,1,77.377,0.773773,0.000,1.000,1,45.308,0.453082,0.000,1.000,excitement,good
1783252818.164062,1,66.999,0.669987,0.000,1.000,1,85.899,0.858987,0.000,1.000,1,45.450,0.454503,0.000,1.000,1,14.398,0.143975,0.000,1.000,1,77.639,0.776394,0.000,1.000,1,40.534,0.405341,0.000,1.000,excitement,good
1783252818.171875,1,66.451,0.664505,0.000,1.000,1,88.005,0.880055,0.000,1.000,1,36.810,0.368103,0.000,1.000,1,12.427,0.124267,0.000,1.000,1,73.643,0.736434,0.000,1.000,1,46.379,0.463793,0.000,1.000,excitement,good
1783252818.179688,1,68.224,0.682242,0.000,1.000,1,83.984,0.839838,0.000,1.000,1,40.469,0.404690,0.000,1.000,1,10.312,0.103118,0.000,1.000,1,75.987,0.759872,0.000,1.000,1,48.079,0.480789,0.000,1.000,excitement,good
1783252818.187500,1,71.401,0.714009,0.000,1.000,1,87.939,0.879385,0.000,1.000,1,42.068,0.420678,0.000,1.000,1,12.786,0.127862,0.000,1.000,1,77.319,0.773186,0.000,1.000,1,45.985,0.459845,0.000,1.000,excitement,good
1783252818.195312,1,65.440,0.654400,0.000,1.000,1,86.049,0.860489,0.000,1.000,1,40.626,0.406262,0.000,1.000,1,10.280,0.102797,0.000,1.000,1,75.475,0.754755,0.000,1.000,1,45.131,0.451312,0.000,1.000,excitement,good
1783252818.203125,1,71.352,0.713523,0.000,1.000,1,93.809,0.938093,0.000,1.000,1,38.081,0.380810,0.000,1.000,1,15.235,0.152353,0.000,1.000,1,75.351,0.753512,0.000,1.000,1,47.371,0.473706,0.000,1.000,excitement,good
1783252818.210938,1,69.597,0.695968,0.000,1.000,1,89.237,0.892374,0.000,1.000,1,49.186,0.491864,0.000,1.000,1,11.910,0.119100,0.000,1.000,1,78.121,0.781209,0.000,1.000,1,51.365,0.513650,0.000,1.000,excitement,good
1783252818.218750,1,64.632,0.646325,0.000,1.000,1,89.943,0.899428,0.000,1.000,1,40.046,0.400464,0.000,1.000,1,9.332,0.093321,0.000,1.000,1,77.951,0.779510,0.000,1.000,1,42.715,0.427152,0.000,1.000,excitement,good
1783252818.226562,1,66.822,0.668221,0.000,1.000,1,89.834,0.898344,0.000,1.000,1,40.910,0.409104,0.000,1.000,1,14.785,0.147853,0.000,1.000,1,75.506,0.755062,0.000,1.000,1,41.146,0.411461,0.000,1.000,excitement,good
1783252818.234375,1,67.518,0.675179,0.000,1.000,1,89.947,0.899466,0.000,1.000,1,40.927,0.409270,0.000,1.000,1,13.528,0.135283,0.000,1.000,1,72.038,0.720379,0.000,1.000,1,42.814,0.428139,0.000,1.000,excitement,good
1783252818.242188,1,66.710,0.667105,0.000,1.000,1,88.386,0.883860,0.000,1.000,1,43.003,0.430026,0.000,1.000,1,10.061,0.100609,0.000,1.000,1,72.398,0.723980,0.000,1.000,1,42.632,0.426323,0.000,1.000,excitement,good
1783252818.250000,1,66.352,0.663519,0.000,1.000,1,90.079,0.900791,0.000,1.000,1,40.560,0.405599,0.000,1.000,1,15.231,0.152315,0.000,1.000,1,76.205,0.762046,0.000,1.000,1,39.372,0.393718,0.000,1.000,excitement,good
1783252818.257812,1,69.122,0.691219,0.000,1.000,1,89.017,0.890171,0.000,1.000,1,43.662,0.436617,0.000,1.000,1,11.443,0.114430,0.000,1.000,1,73.913,0.739126,0.000,1.000,1,44.585,0.445846,0.000,1.000,excitement,good
1783252818.265625,1,66.970,0.669696,0.000,1.000,1,84.709,0.847095,0.000,1.000,1,43.449,0.434488,0.000,1.000,1,9.966,0.099663,0.000,1.000,1,76.994,0.769944,0.000,1.000,1,43.335,0.433349,0.000,1.000,excitement,good
1783252818.273438,1,69.642,0.696424,0.000,1.000,1,87.531,0.875306,0.000,1.000,1,46.239,0.462391,0.000,1.000,1,20.210,0.202103,0.000,1.000,1,76.138,0.761384,0.000,1.000,1,44.535,0.445345,0.000,1.000,excitement,good
1783252818.281250,1,67.113,0.671129,0.000,1.000,1,89.871,0.898712,0.000,1.000,1,42.282,0.422822,0.000,1.000,1,13.792,0.137919,0.000,1.000,1,70.725,0.707249,0.000,1.000,1,38.581,0.385805,0.000,1.000,excitement,good
1783252818.289062,1,63.587,0.635875,0.000,1.000,1,89.967,0.899668,0.000,1.000,1,43.084,0.430836,0.000,1.000,1,10.776,0.107756,0.000,1.000,1,71.061,0.710608,0.000,1.000,1,44.097,0.440972,0.000,1.000,excitement,good
1783252818.296875,1,69.575,0.695748,0.000,1.000,1,92.502,0.925021,0.000,1.000,1,41.138,0.411382,0.000,1.000,1,11.462,0.114622,0.000,1.000,1,76.427,0.764269,0.000,1.000,1,40.581,0.405812,0.000,1.000,excitement,good
1783252818.304688,1,67.965,0.679652,0.000,1.000,1,90.941,0.909414,0.000,1.000,1,47.155,0.471549,0.000,1.000,1,12.296,0.122964,0.000,1.000,1,73.200,0.731998,0.000,1.000,1,46.975,0.469745,0.000,1.000,excitement,good
1783252818.312500,1,69.539,0.695387,0.000,1.000,1,85.443,0.854434,0.000,1.000,1,42.019,0.420190,0.000,1.000,1,12.989,0.129893,0.000,1.000,1,73.107,0.731067,0.000,1.000,1,42.663,0.426633,0.000,1.000,excitement,good
1783252818.320312,1,67.289,0.672886,0.000,1.000,1,84.726,0.847262,0.000,1.000,1,44.537,0.445369,0.000,1.000,1,15.090,0.150897,0.000,1.000,1,74.178,0.741781,0.000,1.000,1,46.557,0.465572,0.000,1.000,excitement,good
1783252818.328125,1,66.438,0.664377,0.000,1.000,1,83.077,0.830775,0.000,1.000,1,41.324,0.413238,0.000,1.000,1,8.053,0.080535,0.000,1.000,1,72.497,0.724973,0.000,1.000,1,43.371,0.433711,0.000,1.000,excitement,good
1783252818.335938,1,64.014,0.640140,0.000,1.000,1,92.335,0.923346,0.000,1.000,1,42.668,0.426676,0.000,1.000,1,16.761,0.167605,0.000,1.000,1,73.766,0.737660,0.000,1.000,1,43.853,0.438528,0.000,1.000,excitement,good
1783252818.343750,1,64.390,0.643896,0.000,1.000,1,87.526,0.875264,0.000,1.000,1,43.696,0.436959,0.000,1.000,1,14.815,0.148148,0.000,1.000,1,75.668,0.756675,0.000,1.000,1,42.996,0.429956,0.000,1.000,excitement,good
1783252818.351562,1,65.857,0.658571,0.000,1.000,1,86.064,0.860637,0.000,1.000,1,44.504,0.445035,0.000,1.000,1,11.500,0.115003,0.000,1.000,1,76.396,0.763957,0.000,1.000,1,43.338,0.433383,0.000,1.000,excitement,good
1783252818.359375,1,67.433,0.674325,0.000,1.000,1,87.019,0.870186,0.000,1.000,1,46.389,0.463885,0.000,1.000,1,15.926,0.159260,0.000,1.000,1,75.918,0.759178,0.000,1.000,1,42.860,0.428599,0.000,1.000,excitement,good
1783252818.367188,1,68.610,0.686101,0.000,1.000,1,91.123,0.911230,0.000,1.000,1,40.776,0.407764,0.000,1.000,1,10.633,0.106329,0.000,1.000,1,70.932,0.709319,0.000,1.000,1,41.456,0.414563,0.000,1.000,excitement,good
1783252818.375000,1,65.494,0.654942,0.000,1.000,1,87.035,0.870354,0.000,1.000,1,36.955,0.369545,0.000,1.000,1,16.251,0.162512,0.000,1.000,1,73.882,0.738821,0.000,1.000,1,44.831,0.448307,0.000,1.000,excitement,good
1783252818.382812,1,67.957,0.679574,0.000,1.000,1,88.582,0.885822,0.000,1.000,1,42.010,0.420099,0.000,1.000,1,12.424,0.124240,0.000,1.000,1,73.367,0.733666,0.000,1.000,1,42.105,0.421049,0.000,1.000,excitement,good
1783252818.390625,1,63.986,0.639863,0.000,1.000,1,88.827,0.888268,0.000,1.000,1,41.633,0.416325,0.000,1.000,1,8.382,0.083821,0.000,1.000,1,78.982,0.789824,0.000,1.000,1,44.057,0.440575,0.000,1.000,excitement,good
1783252818.398438,1,66.594,0.665939,0.000,1.000,1,87.444,0.874441,0.000,1.000,1,42.756,0.427564,0.000,1.000,1,11.658,0.116580,0.000,1.000,1,72.350,0.723498,0.000,1.000,1,48.693,0.486927,0.000,1.000,excitement,good
1783252818.406250,1,66.960,0.669599,0.000,1.000,1,87.326,0.873261,0.000,1.000,1,41.434,0.414336,0.000,1.000,1,8.788,0.087879,0.000,1.000,1,74.341,0.743414,0.000,1.000,1,44.889,0.448886,0.000,1.000,excitement,good
1783252818.414062,1,66.308,0.663079,0.000,1.000,1,86.814,0.868141,0.000,1.000,1,41.219,0.412194,0.000,1.000,1,10.098,0.100975,0.000,1.000,1,77.020,0.770202,0.000,1.000,1,39.916,0.399156,0.000,1.000,excitement,good
1783252818.421875,1,62.274,0.622741,0.000,1.000,1,88.114,0.881139,0.000,1.000,1,43.821,0.438209,0.000,1.000,1,10.121,0.101207,0.000,1.000,1,73.860,0.738603,0.000,1.000,1,42.453,0.424531,0.000,1.000,excitement,good
1783252818.429688,1,65.307,0.653071,0.000,1.000,1,90.631,0.906310,0.000,1.000,1,45.899,0.458992,0.000,1.000,1,13.048,0.130484,0.000,1.000,1,75.524,0.755244,0.000,1.000,1,47.770,0.477701,0.000,1.000,excitement,good
1783252818.437500,1,65.975,0.659749,0.000,1.000,1,89.119,0.891187,0.000,1.000,1,41.064,0.410638,0.000,1.000,1,15.304,0.153043,0.000,1.000,1,74.025,0.740247,0.000,1.000,1,46.756,0.467560,0.000,1.000,excitement,good
1783252818.445312,1,69.806,0.698058,0.000,1.000,1,84.389,0.843891,0.000,1.000,1,37.632,0.376320,0.000,1.000,1,11.914,0.119135,0.000,1.000,1,74.044,0.740437,0.000,1.000,1,45.812,0.458118,0.000,1.000,excitement,good
1783252818.453125,1,69.268,0.692684,0.000,1.000,1,91.387,0.913867,0.000,1.000,1,41.009,0.410087,0.000,1.000,1,13.840,0.138396,0.000,1.000,1,78.580,0.785796,0.000,1.000,1,42.420,0.424204,0.000,1.000,excitement,good
1783252818.460938,1,64.879,0.648794,0.000,1.000,1,90.803,0.908026,0.000,1.000,1,44.581,0.445815,0.000,1.000,1,11.877,0.118774,0.000,1.000,1,71.898,0.718980,0.000,1.000,1,49.534,0.495337,0.000,1.000,excitement,good
1783252818.468750,1,69.813,0.698131,0.000,1.000,1,89.106,0.891057,0.000,1.000,1,40.298,0.402980,0.000,1.000,1,8.393,0.083929,0.000,1.000,1,76.997,0.769968,0.000,1.000,1,47.052,0.470516,0.000,1.000,excitement,good
1783252818.476562,1,71.953,0.719534,0.000,1.000,1,87.537,0.875368,0.000,1.000,1,42.366,0.423657,0.000,1.000,1,19.397,0.193971,0.000,1.000,1,78.936,0.789361,0.000,1.000,1,42.238,0.422383,0.000,1.000,excitement,good
1783252818.484375,1,63.455,0.634548,0.000,1.000,1,88.139,0.881391,0.000,1.000,1,45.049,0.450494,0.000,1.000,1,14.553,0.145528,0.000,1.000,1,69.684,0.696841,0.000,1.000,1,46.672,0.466718,0.000,1.000,excitement,good
1783252818.492188,1,65.954,0.659536,0.000,1.000,1,85.438,0.854381,0.000,1.000,1,39.387,0.393865,0.000,1.000,1,10.369,0.103694,0.000,1.000,1,73.147,0.731466,0.000,1.000,1,45.284,0.452841,0.000,1.000,excitement,good
1783252818.500000,1,66.708,0.667084,0.000,1.000,1,90.882,0.908818,0.000,1.000,1,40.787,0.407866,0.000,1.000,1,15.670,0.156702,0.000,1.000,1,77.125,0.771249,0.000,1.000,1,42.600,0.426000,0.000,1.000,excitement,good
1783252818.507812,1,65.655,0.656553,0.000,1.000,1,86.910,0.869097,0.000,1.000,1,40.089,0.400895,0.000,1.000,1,15.556,0.155557,0.000,1.000,1,73.059,0.730587,0.000,1.000,1,46.663,0.466631,0.000,1.000,excitement,good
1783252818.515625,1,71.004,0.710036,0.000,1.000,1,86.960,0.869601,0.000,1.000,1,42.716,0.427164,0.000,1.000,1,16.293,0.162927,0.000,1.000,1,74.709,0.747093,0.000,1.000,1,48.755,0.487553,0.000,1.000,excitement,good
1783252818.523438,1,70.103,0.701034,0.000,1.000,1,88.375,0.883749,0.000,1.000,1,44.294,0.442939,0.000,1.000,1,17.650,0.176498,0.000,1.000,1,75.509,0.755095,0.000,1.000,1,49.791,0.497913,0.000,1.000,excitement,good
1783252818.531250,1,73.609,0.736093,0.000,1.000,1,88.869,0.888689,0.000,1.000,1,42.864,0.428639,0.000,1.000,1,15.686,0.156861,0.000,1.000,1,76.586,0.765858,0.000,1.000,1,46.327,0.463266,0.000,1.000,excitement,good
1783252818.539062,1,64.016,0.640155,0.000,1.000,1,84.510,0.845097,0.000,1.000,1,42.948,0.429485,0.000,1.000,1,11.976,0.119761,0.000,1.000,1,76.620,0.766202,0.000,1.000,1,46.345,0.463448,0.000,1.000,excitement,good
1783252818.546875,1,67.464,0.674644,0.000,1.000,1,87.465,0.874653,0.000,1.000,1,45.038,0.450384,0.000,1.000,1,14.983,0.149826,0.000,1.000,1,69.033,0.690332,0.000,1.000,1,45.632,0.456318,0.000,1.000,excitement,good
1783252818.554688,1,74.643,0.746433,0.000,1.000,1,86.366,0.863662,0.000,1.000,1,42.099,0.420992,0.000,1.000,1,15.257,0.152566,0.000,1.000,1,77.283,0.772832,0.000,1.000,1,45.128,0.451278,0.000,1.000,excitement,good
1783252818.562500,1,70.088,0.700882,0.000,1.000,1,91.563,0.915632,0.000,1.000,1,40.528,0.405278,0.000,1.000,1,11.474,0.114736,0.000,1.000,1,71.078,0.710784,0.000,1.000,1,43.757,0.437568,0.000,1.000,excitement,good
1783252818.570312,1,66.469,0.664687,0.000,1.000,1,90.811,0.908107,0.000,1.000,1,44.771,0.447713,0.000,1.000,1,15.075,0.150746,0.000,1.000,1,71.499,0.714995,0.000,1.000,1,49.163,0.491628,0.000,1.000,excitement,good
1783252818.578125,1,72.551,0.725514,0.000,1.000,1,87.284,0.872843,0.000,1.000,1,41.980,0.419804,0.000,1.000,1,16.192,0.161916,0.000,1.000,1,75.000,0.750003,0.000,1.000,1,42.274,0.422737,0.000,1.000,excitement,good
1783252818.585938,1,62.817,0.628173,0.000,1.000,1,88.381,0.883812,0.000,1.000,1,41.380,0.413805,0.000,1.000,1,12.319,0.123185,0.000,1.000,1,76.155,0.761551,0.000,1.000,1,40.024,0.400241,0.000,1.000,excitement,good
1783252818.593750,1,68.512,0.685122,0.000,1.000,1,82.862,0.828622,0.000,1.000,1,48.646,0.486457,0.000,1.000,1,14.881,0.148815,0.000,1.000,1,78.302,0.783019,0.000,1.000,1,47.181,0.471814,0.000,1.000,excitement,good
1783252818.601562,1,62.487,0.624870,0.000,1.000,1,88.719,0.887187,0.000,1.000,1,43.283,0.432826,0.000,1.000,1,11.789,0.117886,0.000,1.000,1,73.482,0.734819,0.000,1.000,1,42.201,0.422014,0.000,1.000,excitement,good
1783252818.609375,1,65.175,0.651754,0.000,1.000,1,87.802,0.878022,0.000,1.000,1,47.765,0.477646,0.000,1.000,1,12.345,0.123448,0.000,1.000,1,70.299,0.702991,0.000,1.000,1,45.127,0.451266,0.000,1.000,excitement,good
1783252818.617188,1,69.376,0.693756,0.000,1.000,1,94.297,0.942970,0.000,1.000,1,41.470,0.414697,0.000,1.000,1,10.719,0.107188,0.000,1.000,1,76.647,0.766473,0.000,1.000,1,43.444,0.434441,0.000,1.000,excitement,good
1783252818.625000,1,68.269,0.682691,0.000,1.000,1,91.667,0.916672,0.000,1.000,1,41.837,0.418375,0.000,1.000,1,14.254,0.142544,0.000,1.000,1,73.839,0.738388,0.000,1.000,1,45.079,0.450795,0.000,1.000,excitement,good
1783252818.632812,1,72.450,0.724503,0.000,1.000,1,88.257,0.882568,0.000,1.000,1,44.169,0.441693,0.000,1.000,1,14.279,0.142792,0.000,1.000,1,75.136,0.751365,0.000,1.000,1,42.944,0.429439,0.000,1.000,excitement,good
1783252818.640625,1,65.938,0.659385,0.000,1.000,1,89.298,0.892981,0.000,1.000,1,43.404,0.434044,0.000,1.000,1,10.971,0.109710,0.000,1.000,1,72.280,0.722804,0.000,1.000,1,44.813,0.448129,0.000,1.000,excitement,good
1783252818.648438,1,64.028,0.640282,0.000,1.000,1,90.230,0.902298,0.000,1.000,1,45.887,0.458870,0.000,1.000,1,16.792,0.167922,0.000,1.000,1,75.276,0.752758,0.000,1.000,1,45.179,0.451788,0.000,1.000,excitement,good
1783252818.656250,1,66.384,0.663836,0.000,1.000,1,92.053,0.920532,0.000,1.000,1,41.666,0.416660,0.000,1.000,1,9.537,0.095366,0.000,1.000,1,76.809,0.768090,0.000,1.000,1,44.826,0.448255,0.000,1.000,excitement,good
1783252818.664062,1,68.284,0.682843,0.000,1.000,1,89.540,0.895403,0.000,1.000,1,43.789,0.437893,0.000,1.000,1,12.084,0.120844,0.000,1.000,1,76.120,0.761198,0.000,1.000,1,43.831,0.438312,0.000,1.000,excitement,good
1783252818.671875,1,67.755,0.677546,0.000,1.000,1,89.363,0.893626,0.000,1.000,1,40.162,0.401618,0.000,1.000,1,11.103,0.111026,0.000,1.000,1,76.589,0.765886,0.000,1.000,1,40.563,0.405630,0.000,1.000,excitement,good
1783252818.679688,1,67.645,0.676454,0.000,1.000,1,93.723,0.937226,0.000,1.000,1,45.267,0.452669,0.000,1.000,1,10.160,0.101600,0.000,1.000,1,72.487,0.724867,0.000,1.000,1,42.881,0.428805,0.000,1.000,excitement,good
1783252818.687500,1,66.644,0.666439,0.000,1.000,1,90.570,0.905699,0.000,1.000,1,41.674,0.416737,0.000,1.000,1,14.829,0.148291,0.000,1.000,1,72.350,0.723504,0.000,1.000,1,44.006,0.440065,0.000,1.000,excitement,good
1783252818.695312,1,68.204,0.682036,0.000,1.000,1,88.250,0.882501,0.000,1.000,1,44.121,0.441206,0.000,1.000,1,9.177,0.091772,0.000,1.000,1,73.747,0.737466,0.000,1.000,1,46.608,0.466078,0.000,1.000,excitement,good
1783252818.703125,1,64.606,0.646064,0.000,1.000,1,88.296,0.882965,0.000,1.000,1,43.663,0.436633,0.000,1.000,1,16.380,0.163795,0.000,1.000,1,73.609,0.736095,0.000,1.000,1,42.458,0.424584,0.000,1.000,excitement,good
1783252818.710938,1,68.954,0.689545,0.000,1.000,1,87.587,0.875875,0.000,1.000,1,42.101,0.421006,0.000,1.000,1,14.340,0.143396,0.000,1.000,1,77.515,0.775155,0.000,1.000,1,42.946,0.429457,0.000,1.000,excitement,good
1783252818.718750,1,67.661,0.676614,0.000,1.000,1,92.468,0.924677,0.000,1.000,1,34.541,0.345405,0.000,1.000,1,13.529,0.135294,0.000,1.000,1,68.883,0.688828,0.000,1.000,1,44.112,0.441118,0.000,1.000,excitement,good
1783252818.726562,1,65.147,0.651465,0.000,1.000,1,92.137,0.921366,0.000,1.000,1,36.874,0.368743,0.000,1.000,1,14.498,0.144975,0.000,1.000,1,72.028,0.720285,0.000,1.000,1,42.652,0.426516,0.000,1.000,excitement,good
1783252818.734375,1,68.587,0.685866,0.000,1.000,1,88.482,0.884821,0.000,1.000,1,43.497,0.434973,0.000,1.000,1,12.870,0.128703,0.000,1.000,1,72.144,0.721436,0.000,1.000,1,48.533,0.485334,0.000,1.000,excitement,good
1783252818.742188,1,69.522,0.695219,0.000,1.000,1,88.780,0.887796,0.000,1.000,1,50.044,0.500443,0.000,1.000,1,13.611,0.136115,0.000,1.000,1,75.675,0.756751,0.000,1.000,1,46.069,0.460687,0.000,1.000,excitement,good
1783252818.750000,1,74.358,0.743577,0.000,1.000,1,87.027,0.870274,0.000,1.000,1,46.628,0.466283,0.000,1.000,1,16.443,0.164432,0.000,1.000,1,73.249,0.732493,0.000,1.000,1,47.840,0.478396,0.000,1.000,excitement,good
1783252818.757812,1,65.389,0.653895,0.000,1.000,1,91.514,0.915140,0.000,1.000,1,43.048,0.430477,0.000,1.000,1,14.922,0.149219,0.000,1.000,1,79.885,0.798845,0.000,1.000,1,43.935,0.439350,0.000,1.000,excitement,good
1783252818.765625,1,67.881,0.678809,0.000,1.000,1,89.582,0.895817,0.000,1.000,1,41.705,0.417049,0.000,1.000,1,14.310,0.143096,0.000,1.000,1,76.180,0.761798,0.000,1.000,1,48.307,0.483072,0.000,1.000,excitement,good
1783252818.773438,1,67.245,0.672449,0.000,1.000,1,91.134,0.911343,0.000,1.000,1,36.386,0.363863,0.000,1.000,1,15.610,0.156102,0.000,1.000,1,77.336,0.773363,0.000,1.000,1,41.206,0.412062,0.000,1.000,excitement,good
1783252818.781250,1,70.261,0.702606,0.000,1.000,1,89.662,0.896616,0.000,1.000,1,43.661,0.436612,0.000,1.000,1,11.809,0.118092,0.000,1.000,1,71.889,0.718888,0.000,1.000,1,46.240,0.462399,0.000,1.000,excitement,good
1783252818.789062,1,68.812,0.688120,0.000,1.000,1,86.615,0.866149,0.000,1.000,1,43.808,0.438085,0.000,1.000,1,7.596,0.075963,0.000,1.000,1,76.355,0.763547,0.000,1.000,1,45.283,0.452826,0.000,1.000,excitement,good
1783252818.796875,1,65.284,0.652840,0.000,1.000,1,92.784,0.927841,0.000,1.000,1,40.404,0.404043,0.000,1.000,1,8.469,0.084688,0.000,1.000,1,81.083,0.810834,0.000,1.000,1,41.028,0.410282,0.000,1.000,excitement,good
1783252818.804688,1,67.738,0.677380,0.000,1.000,1,84.784,0.847844,0.000,1.000,1,42.659,0.426588,0.000,1.000,1,12.761,0.127611,0.000,1.000,1,79.188,0.791881,0.000,1.000,1,44.674,0.446740,0.000,1.000,excitement,good
1783252818.812500,1,72.118,0.721184,0.000,1.000,1,85.817,0.858170,0.000,1.000,1,46.549,0.465486,0.000,1.000,1,15.453,0.154534,0.000,1.000,1,75.518,0.755176,0.000,1.000,1,47.827,0.478273,0.000,1.000,excitement,good
1783252818.820312,1,65.035,0.650348,0.000,1.000,1,87.950,0.879498,0.000,1.000,1,43.506,0.435057,0.000,1.000,1,13.264,0.132638,0.000,1.000,1,76.507,0.765068,0.000,1.000,1,46.794,0.467939,0.000,1.000,excitement,good
1783252818.828125,1,70.456,0.704560,0.000,1.000,1,87.343,0.873433,0.000,1.000,1,42.844,0.428438,0.000,1.000,1,11.703,0.117031,0.000,1.000,1,75.107,0.751075,0.000,1.000,1,43.338,0.433385,0.000,1.000,excitement,good
1783252818.835938,1,71.659,0.716592,0.000,1.000,1,91.404,0.914042,0.000,1.000,1,41.011,0.410105,0.000,1.000,1,16.805,0.168047,0.000,1.000,1,77.694,0.776944,0.000,1.000,1,45.779,0.457787,0.000,1.000,excitement,good
1783252818.843750,1,65.022,0.650217,0.000,1.000,1,87.364,0.873643,0.000,1.000,1,42.327,0.423271,0.000,1.000,1,14.465,0.144646,0.000,1.000,1,79.007,0.790070,0.000,1.000,1,46.572,0.465720,0.000,1.000,excitement,good
1783252818.851562,1,72.493,0.724935,0.000,1.000,1,86.893,0.868926,0.000,1.000,1,44.077,0.440769,0.000,1.000,1,14.219,0.142194,0.000,1.000,1,75.859,0.758590,0.000,1.000,1,43.843,0.438431,0.000,1.000,excitement,good
1783252818.859375,1,69.349,0.693494,0.000,1.000,1,88.006,0.880060,0.000,1.000,1,48.276,0.482761,0.000,1.000,1,10.804,0.108036,0.000,1.000,1,75.568,0.755679,0.000,1.000,1,44.590,0.445897,0.000,1.000,excitement,good
1783252818.867188,1,69.280,0.692796,0.000,1.000,1,93.470,0.934698,0.000,1.000,1,43.724,0.437240,0.000,1.000,1,12.532,0.125319,0.000,1.000,1,70.497,0.704974,0.000,1.000,1,45.178,0.451778,0.000,1.000,excitement,good
1783252818.875000,1,67.149,0.671489,0.000,1.000,1,85.221,0.852206,0.000,1.000,1,42.661,0.426607,0.000,1.000,1,13.740,0.137405,0.000,1.000,1,76.486,0.764863,0.000,1.000,1,43.673,0.436734,0.000,1.000,excitement,good
1783252818.882812,1,66.634,0.666339,0.000,1.000,1,90.356,0.903564,0.000,1.000,1,42.966,0.429665,0.000,1.000,1,15.623,0.156225,0.000,1.000,1,76.690,0.766896,0.000,1.000,1,43.245,0.432448,0.000,1.000,excitement,good
1783252818.890625,1,67.784,0.677845,0.000,1.000,1,90.361,0.903608,0.000,1.000,1,40.169,0.401689,0.000,1.000,1,16.237,0.162371,0.000,1.000,1,79.647,0.796465,0.000,1.000,1,43.611,0.436111,0.000,1.000,excitement,good
1783252818.898438,1,66.758,0.667583,0.000,1.000,1,88.305,0.883046,0.000,1.000,1,42.874,0.428737,0.000,1.000,1,13.313,0.133127,0.000,1.000,1,77.365,0.773647,0.000,1.000,1,46.296,0.462957,0.000,1.000,excitement,good
1783252818.906250,1,69.092,0.690924,0.000,1.000,1,86.283,0.862835,0.000,1.000,1,48.785,0.487854,0.000,1.000,1,17.110,0.171100,0.000,1.000,1,76.967,0.769674,0.000,1.000,1,49.108,0.491075,0.000,1.000,excitement,good
1783252818.914062,1,65.058,0.650581,0.000,1.000,1,90.775,0.907750,0.000,1.000,1,48.225,0.482253,0.000,1.000,1,17.158,0.171576,0.000,1.000,1,68.871,0.688711,0.000,1.000,1,39.355,0.393546,0.000,1.000,excitement,good
1783252818.921875,1,70.305,0.703049,0.000,1.000,1,88.503,0.885027,0.000,1.000,1,43.420,0.434198,0.000,1.000,1,16.776,0.167761,0.000,1.000,1,76.549,0.765487,0.000,1.000,1,43.903,0.439026,0.000,1.000,excitement,good
1783252818.929688,1,69.204,0.692038,0.000,1.000,1,88.976,0.889762,0.000,1.000,1,42.640,0.426397,0.000,1.000,1,10.617,0.106168,0.000,1.000,1,74.146,0.741459,0.000,1.000,1,41.208,0.412084,0.000,1.000,excitement,good
1783252818.937500,1,61.797,0.617972,0.000,1.000,1,87.596,0.875958,0.000,1.000,1,42.591,0.425912,0.000,1.000,1,11.572,0.115725,0.000,1.000,1,78.866,0.788660,0.000,1.000,1,42.810,0.428101,0.000,1.000,excitement,good
1783252818.945312,1,64.589,0.645889,0.000,1.000,1,86.897,0.868973,0.000,1.000,1,43.973,0.439729,0.000,1.000,1,12.106,0.121063,0.000,1.000,1,75.434,0.754337,0.000,1.000,1,48.072,0.480723,0.000,1.000,excitement,good
1783252818.953125,1,68.961,0.689612,0.000,1.000,1,88.788,0.887881,0.000,1.000,1,43.483,0.434832,0.000,1.000,1,13.240,0.132396,0.000,1.000,1,76.347,0.763467,0.000,1.000,1,46.208,0.462081,0.000,1.000,excitement,good
1783252818.960938,1,66.254,0.662537,0.000,1.000,1,87.692,0.876918,0.000,1.000,1,33.240,0.332400,0.000,1.000,1,12.048,0.120478,0.000,1.000,1,77.531,0.775310,0.000,1.000,1,42.359,0.423586,0.000,1.000,excitement,good
1783252818.968750,1,69.303,0.693030,0.000,1.000,1,88.679,0.886790,0.000,1.000,1,44.745,0.447451,0.000,1.000,1,16.736,0.167359,0.000,1.000,1,77.939,0.779387,0.000,1.000,1,40.051,0.400513,0.000,1.000,excitement,good
1783252818.976562,1,64.846,0.648463,0.000,1.000,1,90.654,0.906536,0.000,1.000,1,44.487,0.444868,0.000,1.000,1,14.001,0.140007,0.000,1.000,1,79.374,0.793743,0.000,1.000,1,42.057,0.420569,0.000,1.000,excitement,good
1783252818.984375,1,69.887,0.698867,0.000,1.000,1,87.710,0.877100,0.000,1.000,1,42.151,0.421511,0.000,1.000,1,15.843,0.158429,0.000,1.000,1,78.285,0.782851,0.000,1.000,1,45.281,0.452813,0.000,1.000,excitement,good
1783252818.992188,1,68.684,0.686838,0.000,1.000,1,84.962,0.849618,0.000,1.000,1,41.800,0.417997,0.000,1.000,1,7.511,0.075106,0.000,1.000,1,82.612,0.826121,0.000,1.000,1,46.365,0.463646,0.000,1.000,excitement,good
1783252819.000000,1,72.057,0.720574,0.000,1.000,1,91.994,0.919942,0.000,1.000,1,45.357,0.453570,0.000,1.000,1,14.454,0.144542,0.000,1.000,1,73.952,0.739521,0.000,1.000,1,42.812,0.428116,0.000,1.000,excitement,good
1783252819.007812,1,69.701,0.697010,0.000,1.000,1,90.006,0.900058,0.000,1.000,1,43.834,0.438339,0.000,1.000,1,11.026,0.110264,0.000,1.000,1,76.561,0.765606,0.000,1.000,1,42.510,0.425102,0.000,1.000,excitement,good
1783252819.015625,1,68.456,0.684560,0.000,1.000,1,90.151,0.901510,0.000,1.000,1,41.236,0.412357,0.000,1.000,1,9.709,0.097089,0.000,1.000,1,72.797,0.727967,0.000,1.000,1,49.187,0.491868,0.000,1.000,excitement,good
1783252819.023438,1,64.962,0.649619,0.000,1.000,1,90.148,0.901480,0.000,1.000,1,41.223,0.412231,0.000,1.000,1,12.219,0.122188,0.000,1.000,1,74.594,0.745936,0.000,1.000,1,46.172,0.461718,0.000,1.000,excitement,good
1783252819.031250,1,65.539,0.655393,0.000,1.000,1,91.742,0.917415,0.000,1.000,1,46.225,0.462252,0.000,1.000,1,11.841,0.118413,0.000,1.000,1,78.941,0.789407,0.000,1.000,1,47.774,0.477742,0.000,1.000,excitement,good
1783252819.039062,1,65.739,0.657390,0.000,1.000,1,90.245,0.902454,0.000,1.000,1,42.021,0.420212,0.000,1.000,1,17.700,0.177003,0.000,1.000,1,77.025,0.770251,0.000,1.000,1,45.875,0.458747,0.000,1.000,excitement,good
1783252819.046875,1,65.401,0.654005,0.000,1.000,1,89.052,0.890517,0.000,1.000,1,42.901,0.429011,0.000,1.000,1,16.224,0.162240,0.000,1.000,1,72.909,0.729087,0.000,1.000,1,43.702,0.437017,0.000,1.000,excitement,good
1783252819.054688,1,64.722,0.647215,0.000,1.000,1,86.488,0.864876,0.000,1.000,1,41.124,0.411236,0.000,1.000,1,12.617,0.126166,0.000,1.000,1,78.055,0.780546,0.000,1.000,1,44.164,0.441644,0.000,1.000,excitement,good
1783252819.062500,1,72.022,0.720221,0.000,1.000,1,86.818,0.868182,0.000,1.000,1,45.466,0.454658,0.000,1.000,1,17.539,0.175390,0.000,1.000,1,76.523,0.765227,0.000,1.000,1,44.336,0.443362,0.000,1.000,excitement,good
1783252819.070312,1,65.149,0.651488,0.000,1.000,1,90.231,0.902306,0.000,1.000,1,40.790,0.407899,0.000,1.000,1,13.713,0.137132,0.000,1.000,1,75.685,0.756847,0.000,1.000,1,44.850,0.448498,0.000,1.000,excitement,good
1783252819.078125,1,68.105,0.681054,0.000,1.000,1,85.094,0.850940,0.000,1.000,1,40.546,0.405458,0.000,1.000,1,15.310,0.153098,0.000,1.000,1,76.041,0.760414,0.000,1.000,1,46.107,0.461065,0.000,1.000,excitement,good
1783252819.085938,1,71.747,0.717468,0.000,1.000,1,92.229,0.922294,0.000,1.000,1,40.566,0.405655,0.000,1.000,1,16.333,0.163330,0.000,1.000,1,76.769,0.767686,0.000,1.000,1,44.533,0.445326,0.000,1.000,excitement,good
1783252819.093750,1,66.646,0.666461,0.000,1.000,1,94.654,0.946539,0.000,1.000,1,47.705,0.477048,0.000,1.000,1,12.547,0.125466,0.000,1.000,1,75.026,0.750262,0.000,1.000,1,45.239,0.452387,0.000,1.000,excitement,good
1783252819.101562,1,68.733,0.687330,0.000,1.000,1,90.659,0.906593,0.000,1.000,1,46.531,0.465312,0.000,1.000,1,14.840,0.148397,0.000,1.000,1,75.505,0.755047,0.000,1.000,1,47.427,0.474272,0.000,1.000,excitement,good
1783252819.109375,1,66.842,0.668421,0.000,1.000,1,93.543,0.935431,0.000,1.000,1,49.425,0.494253,0.000,1.000,1,12.635,0.126345,0.000,1.000,1,72.230,0.722298,0.000,1.000,1,43.909,0.439093,0.000,1.000,excitement,good
1783252819.117188,1,70.509,0.705087,0.000,1.000,1,88.944,0.889442,0.000,1.000,1,46.330,0.463305,0.000,1.000,1,19.305,0.193051,0.000,1.000,1,75.703,0.757033,0.000,1.000,1,40.738,0.407381,0.000,1.000,excitement,good
1783252819.125000,1,69.138,0.691383,0.000,1.000,1,89.314,0.893136,0.000,1.000,1,42.446,0.424458,0.000,1.000,1,12.845,0.128453,0.000,1.000,1,75.450,0.754501,0.000,1.000,1,44.929,0.449286,0.000,1.000,excitement,good
1783252819.132812,1,67.482,0.674821,0.000,1.000,1,97.505,0.975047,0.000,1.000,1,40.515,0.405153,0.000,1.000,1,12.849,0.128492,0.000,1.000,1,76.419,0.764187,0.000,1.000,1,43.344,0.433437,0.000,1.000,excitement,good
1783252819.140625,1,65.033,0.650330,0.000,1.000,1,91.860,0.918604,0.000,1.000,1,44.555,0.445551,0.000,1.000,1,15.546,0.155464,0.000,1.000,1,74.810,0.748102,0.000,1.000,1,43.095,0.430950,0.000,1.000,excitement,good
1783252819.148438,1,67.462,0.674617,0.000,1.000,1,88.242,0.882417,0.000,1.000,1,44.416,0.444163,0.000,1.000,1,18.326,0.183257,0.000,1.000,1,76.979,0.769795,0.000,1.000,1,48.886,0.488864,0.000,1.000,excitement,good
1783252819.156250,1,67.778,0.677776,0.000,1.000,1,92.034,0.920338,0.000,1.000,1,43.586,0.435858,0.000,1.000,1,13.788,0.137881,0.000,1.000,1,74.168,0.741681,0.000,1.000,1,38.993,0.389926,0.000,1.000,excitement,good
1783252819.164062,1,66.383,0.663830,0.000,1.000,1,93.453,0.934531,0.000,1.000,1,48.277,0.482766,0.000,1.000,1,15.132,0.151322,0.000,1.000,1,78.148,0.781484,0.000,1.000,1,44.096,0.440965,0.000,1.000,excitement,good
1783252819.171875,1,67.364,0.673635,0.000,1.000,1,86.722,0.867223,0.000,1.000,1,41.520,0.415203,0.000,1.000,1,13.854,0.138544,0.000,1.000,1,80.398,0.803976,0.000,1.000,1,44.410,0.444104,0.000,1.000,excitement,good
1783252819.179688,1,64.551,0.645512,0.000,1.000,1,92.995,0.929948,0.000,1.000,1,47.671,0.476714,0.000,1.000,1,14.263,0.142626,0.000,1.000,1,80.518,0.805182,0.000,1.000,1,44.436,0.444357,0.000,1.000,excitement,good
1783252819.187500,1,71.004,0.710037,0.000,1.000,1,90.641,0.906407,0.000,1.000,1,44.681,0.446814,0.000,1.000,1,11.763,0.117629,0.000,1.000,1,76.341,0.763413,0.000,1.000,1,43.683,0.436827,0.000,1.000,excitement,good
1783252819.195312,1,67.343,0.673426,0.000,1.000,1,90.324,0.903239,0.000,1.000,1,42.646,0.426458,0.000,1.000,1,16.977,0.169770,0.000,1.000,1,75.650,0.756504,0.000,1.000,1,47.299,0.472994,0.000,1.000,excitement,good
1783252819.203125,1,64.952,0.649515,0.000,1.000,1,90.064,0.900643,0.000,1.000,1,41.419,0.414195,0.000,1.000,1,12.893,0.128931,0.000,1.000,1,77.937,0.779370,0.000,1.000,1,41.083,0.410829,0.000,1.000,excitement,good
1783252819.210938,1,64.978,0.649781,0.000,1.000,1,91.350,0.913499,0.000,1.000,1,46.114,0.461143,0.000,1.000,1,17.903,0.179030,0.000,1.000,1,74.834,0.748340,0.000,1.000,1,46.486,0.464863,0.000,1.000,excitement,good
1783252819.218750,1,66.136,0.661365,0.000,1.000,1,84.565,0.845650,0.000,1.000,1,45.800,0.458003,0.000,1.000,1,15.003,0.150035,0.000,1.000,1,74.337,0.743371,0.000,1.000,1,46.872,0.468720,0.000,1.000,excitement,good
1783252819.226562,1,66.554,0.665539,0.000,1.000,1,88.575,0.885746,0.000,1.000,1,41.392,0.413916,0.000,1.000,1,18.041,0.180408,0.000,1.000,1,79.655,0.796552,0.000,1.000,1,44.144,0.441444,0.000,1.000,excitement,good
1783252819.234375,1,70.503,0.705035,0.000,1.000,1,85.919,0.859193,0.000,1.000,1,39.755,0.397551,0.000,1.000,1,15.072,0.150715,0.000,1.000,1,75.333,0.753327,0.000,1.000,1,39.604,0.396043,0.000,1.000,excitement,good
1783252819.242188,1,72.846,0.728462,0.000,1.000,1,92.202,0.922016,0.000,1.000,1,42.983,0.429829,0.000,1.000,1,15.280,0.152797,0.000,1.000,1,80.278,0.802779,0.000,1.000,1,50.144,0.501443,0.000,1.000,excitement,good
1783252819.250000,1,72.776,0.727761,0.000,1.000,1,89.109,0.891091,0.000,1.000,1,45.547,0.455468,0.000,1.000,1,9.190,0.091904,0.000,1.000,1,80.316,0.803157,0.000,1.000,1,42.000,0.419997,0.000,1.000,excitement,good
1783252819.257812,1,65.279,0.652789,0.000,1.000,1,89.559,0.895588,0.000,1.000,1,42.898,0.428984,0.000,1.000,1,12.349,0.123489,0.000,1.000,1,78.029,0.780287,0.000,1.000,1,46.298,0.462982,0.000,1.000,excitement,good
1783252819.265625,1,71.061,0.710613,0.000,1.000,1,85.744,0.857442,0.000,1.000,1,43.378,0.433778,0.000,1.000,1,18.094,0.180942,0.000,1.000,1,74.354,0.743543,0.000,1.000,1,43.198,0.431985,0.000,1.000,excitement,good
1783252819.273438,1,69.257,0.692568,0.000,1.000,1,90.936,0.909362,0.000,1.000,1,47.472,0.474718,0.000,1.000,1,10.592,0.105921,0.000,1.000,1,73.590,0.735898,0.000,1.000,1,43.725,0.437253,0.000,1.000,excitement,good
1783252819.281250,1,68.301,0.683010,0.000,1.000,1,88.658,0.886582,0.000,1.000,1,43.575,0.435754,0.000,1.000,1,16.936,0.169359,0.000,1.000,1,74.905,0.749045,0.000,1.000,1,41.226,0.412260,0.000,1.000,excitement,good
1783252819.289062,1,63.716,0.637157,0.000,1.000,1,89.153,0.891531,0.000,1.000,1,45.456,0.454556,0.000,1.000,1,12.496,0.124965,0.000,1.000,1,77.427,0.774274,0.000,1.000,1,41.660,0.416597,0.000,1.000,excitement,good
1783252819.296875,1,67.701,0.677010,0.000,1.000,1,88.524,0.885245,0.000,1.000,1,44.919,0.449192,0.000,1.000,1,17.252,0.172518,0.000,1.000,1,77.418,0.774184,0.000,1.000,1,45.373,0.453730,0.000,1.000,excitement,good
1783252819.304688,1,68.949,0.689494,0.000,1.000,1,88.485,0.884846,0.000,1.000,1,39.602,0.396020,0.000,1.000,1,24.730,0.247301,0.000,1.000,1,75.914,0.759136,0.000,1.000,1,44.150,0.441495,0.000,1.000,excitement,good
1783252819.312500,1,70.958,0.709577,0.000,1.000,1,89.004,0.890044,0.000,1.000,1,44.310,0.443096,0.000,1.000,1,14.633,0.146327,0.000,1.000,1,75.703,0.757031,0.000,1.000,1,48.287,0.482875,0.000,1.000,excitement,good
1783252819.320312,1,64.105,0.641046,0.000,1.000,1,89.368,0.893683,0.000,1.000,1,44.747,0.447473,0.000,1.000,1,12.511,0.125112,0.000,1.000,1,76.787,0.767870,0.000,1.000,1,49.257,0.492575,0.000,1.000,excitement,good
1783252819.328125,1,68.442,0.684420,0.000,1.000,1,93.242,0.932421,0.000,1.000,1,46.301,0.463011,0.000,1.000,1,18.211,0.182114,0.000,1.000,1,77.205,0.772055,0.000,1.000,1,45.828,0.458283,0.000,1.000,excitement,good
1783252819.335938,1,66.889,0.668888,0.000,1.000,1,84.101,0.841007,0.000,1.000,1,44.374,0.443743,0.000,1.000,1,12.563,0.125628,0.000,1.000,1,76.831,0.768312,0.000,1.000,1,43.012,0.430121,0.000,1.000,excitement,good
1783252819.343750,1,72.145,0.721450,0.000,1.000,1,83.399,0.833985,0.000,1.000,1,40.227,0.402267,0.000,1.000,1,14.625,0.146246,0.000,1.000,1,76.651,0.766511,0.000,1.000,1,41.639,0.416394,0.000,1.000,excitement,good
1783252819.351562,1,66.372,0.663715,0.000,1.000,1,89.916,0.899160,0.000,1.000,1,48.402,0.484018,0.000,1.000,1,15.813,0.158128,0.000,1.000,1,73.996,0.739963,0.000,1.000,1,47.237,0.472367,0.000,1.000,excitement,good
1783252819.359375,1,63.955,0.639550,0.000,1.000,1,94.617,0.946167,0.000,1.000,1,41.583,0.415830,0.000,1.000,1,14.141,0.141410,0.000,1.000,1,79.342,0.793417,0.000,1.000,1,47.726,0.477257,0.000,1.000,excitement,good
1783252819.367188,1,71.460,0.714600,0.000,1.000,1,88.986,0.889861,0.000,1.000,1,40.759,0.407585,0.000,1.000,1,17.630,0.176300,0.000,1.000,1,75.968,0.759680,0.000,1.000,1,44.566,0.445663,0.000,1.000,excitement,good
1783252819.375000,1,72.311,0.723105,0.000,1.000,1,91.200,0.912004,0.000,1.000,1,45.412,0.454116,0.000,1.000,1,15.468,0.154680,0.000,1.000,1,77.813,0.778127,0.000,1.000,1,46.014,0.460141,0.000,1.000,excitement,good
1783252819.382812,1,72.155,0.721549,0.000,1.000,1,89.296,0.892960,0.000,1.000,1,50.072,0.500722,0.000,1.000,1,16.417,0.164169,0.000,1.000,1,78.210,0.782096,0.000,1.000,1,44.340,0.443400,0.000,1.000,excitement,good
1783252819.390625,1,70.508,0.705080,0.000,1.000,1,93.591,0.935914,0.000,1.000,1,40.568,0.405684,0.000,1.000,1,15.375,0.153746,0.000,1.000,1,79.837,0.798373,0.000,1.000,1,45.527,0.455274,0.000,1.000,excitement,good
1783252819.398438,1,72.249,0.722486,0.000,1.000,1,90.490,0.904904,0.000,1.000,1,45.628,0.456279,0.000,1.000,1,12.901,0.129014,0.000,1.000,1,77.603,0.776033,0.000,1.000,1,46.804,0.468036,0.000,1.000,excitement,good
1783252819.406250,1,65.967,0.659667,0.000,1.000,1,86.824,0.868245,0.000,1.000,1,46.781,0.467811,0.000,1.000,1,10.374,0.103740,0.000,1.000,1,77.904,0.779037,0.000,1.000,1,42.845,0.428447,0.000,1.000,excitement,good
1783252819.414062,1,67.398,0.673978,0.000,1.000,1,89.471,0.894709,0.000,1.000,1,41.656,0.416560,0.000,1.000,1,10.154,0.101541,0.000,1.000,1,76.246,0.762462,0.000,1.000,1,46.826,0.468258,0.000,1.000,excitement,good
1783252819.421875,1,64.404,0.644044,0.000,1.000,1,94.680,0.946799,0.000,1.000,1,38.719,0.387191,0.000,1.000,1,10.109,0.101089,0.000,1.000,1,77.396,0.773963,0.000,1.000,1,47.541,0.475407,0.000,1.000,excitement,good
1783252819.429688,1,69.804,0.698036,0.000,1.000,1,89.907,0.899071,0.000,1.000,1,43.107,0.431075,0.000,1.000,1,17.435,0.174349,0.000,1.000,1,76.479,0.764785,0.000,1.000,1,48.329,0.483295,0.000,1.000,excitement,good
1783252819.437500,1,66.447,0.664471,0.000,1.000,1,92.084,0.920844,0.000,1.000,1,41.571,0.415710,0.000,1.000,1,15.982,0.159823,0.000,1.000,1,75.237,0.752365,0.000,1.000,1,48.655,0.486546,0.000,1.000,excitement,good
1783252819.445312,1,66.457,0.664574,0.000,1.000,1,93.505,0.935050,0.000,1.000,1,43.714,0.437138,0.000,1.000,1,15.201,0.152008,0.000,1.000,1,75.114,0.751142,0.000,1.000,1,43.904,0.439040,0.000,1.000,excitement,good
1783252819.453125,1,68.239,0.682389,0.000,1.000,1,90.917,0.909173,0.000,1.000,1,47.015,0.470146,0.000,1.000,1,18.074,0.180743,0.000,1.000,1,80.074,0.800735,0.000,1.000,1,45.777,0.457775,0.000,1.000,excitement,good
1783252819.460938,1,70.712,0.707123,0.000,1.000,1,87.131,0.871306,0.000,1.000,1,40.186,0.401859,0.000,1.000,1,15.510,0.155099,0.000,1.000,1,73.962,0.739619,0.000,1.000,1,41.267,0.412670,0.000,1.000,excitement,good
1783252819.468750,1,68.761,0.687608,0.000,1.000,1,94.681,0.946813,0.000,1.000,1,45.244,0.452436,0.000,1.000,1,14.329,0.143292,0.000,1.000,1,71.157,0.711572,0.000,1.000,1,42.963,0.429634,0.000,1.000,excitement,good
1783252819.476562,1,71.244,0.712438,0.000,1.000,1,90.244,0.902441,0.000,1.000,1,43.310,0.433101,0.000,1.000,1,11.429,0.114295,0.000,1.000,1,76.720,0.767197,0.000,1.000,1,48.212,0.482124,0.000,1.000,excitement,good
1783252819.484375,1,71.754,0.717536,0.000,1.000,1,90.498,0.904982,0.000,1.000,1,43.304,0.433042,0.000,1.000,1,14.613,0.146127,0.000,1.000,1,76.557,0.765570,0.000,1.000,1,45.224,0.452243,0.000,1.000,excitement,good
1783252819.492188,1,65.971,0.659714,0.000,1.000,1,92.844,0.928443,0.000,1.000,1,44.420,0.444201,0.000,1.000,1,15.928,0.159279,0.000,1.000,1,76.400,0.764002,0.000,1.000,1,47.814,0.478142,0.000,1.000,excitement,good
1783252819.500000,1,65.986,0.659863,0.000,1.000,1,89.896,0.898961,0.000,1.000,1,39.020,0.390201,0.000,1.000,1,17.622,0.176216,0.000,1.000,1,76.666,0.766659,0.000,1.000,1,46.397,0.463969,0.000,1.000,excitement,good
1783252819.507812,1,68.143,0.681428,0.000,1.000,1,94.399,0.943987,0.000,1.000,1,44.209,0.442087,0.000,1.000,1,15.365,0.153651,0.000,1.000,1,76.365,0.763646,0.000,1.000,1,47.072,0.470720,0.000,1.000,excitement,good
1783252819.515625,1,65.726,0.657265,0.000,1.000,1,91.233,0.912329,0.000,1.000,1,43.970,0.439702,0.000,1.000,1,16.665,0.166650,0.000,1.000,1,76.874,0.768737,0.000,1.000,1,46.708,0.467076,0.000,1.000,excitement,good
1783252819.523438,1,68.975,0.689751,0.000,1.000,1,89.539,0.895392,0.000,1.000,1,44.576,0.445756,0.000,1.000,1,17.929,0.179290,0.000,1.000,1,78.548,0.785475,0.000,1.000,1,47.925,0.479246,0.000,1.000,excitement,good
1783252819.531250,1,66.327,0.663271,0.000,1.000,1,91.109,0.911089,0.000,1.000,1,39.939,0.399392,0.000,1.000,1,10.792,0.107922,0.000,1.000,1,78.146,0.781465,0.000,1.000,1,44.485,0.444851,0.000,1.000,excitement,good
1783252819.539062,1,68.947,0.689472,0.000,1.000,1,93.759,0.937591,0.000,1.000,1,48.671,0.486705,0.000,1.000,1,13.023,0.130228,0.000,1.000,1,77.137,0.771371,0.000,1.000,1,46.179,0.461790,0.000,1.000,excitement,good
1783252819.546875,1,69.010,0.690100,0.000,1.000,1,91.681,0.916815,0.000,1.000,1,47.480,0.474805,0.000,1.000,1,15.373,0.153734,0.000,1.000,1,77.534,0.775344,0.000,1.000,1,46.061,0.460610,0.000,1.000,excitement,good
1783252819.554688,1,65.620,0.656201,0.000,1.000,1,90.215,0.902148,0.000,1.000,1,46.327,0.463273,0.000,1.000,1,15.243,0.152426,0.000,1.000,1,74.607,0.746069,0.000,1.000,1,44.512,0.445118,0.000,1.000,excitement,good
1783252819.562500,1,72.345,0.723449,0.000,1.000,1,83.851,0.838511,0.000,1.000,1,44.863,0.448631,0.000,1.000,1,18.170,0.181697,0.000,1.000,1,77.136,0.771359,0.000,1.000,1,44.070,0.440695,0.000,1.000,excitement,good
1783252819.570312,1,66.977,0.669773,0.000,1.000,1,88.973,0.889734,0.000,1.000,1,42.889,0.428895,0.000,1.000,1,12.972,0.129724,0.000,1.000,1,78.457,0.784572,0.000,1.000,1,49.165,0.491651,0.000,1.000,excitement,good
1783252819.578125,1,68.914,0.689144,0.000,1.000,1,90.787,0.907865,0.000,1.000,1,41.090,0.410900,0.000,1.000,1,14.518,0.145179,0.000,1.000,1,78.344,0.783438,0.000,1.000,1,47.307,0.473072,0.000,1.000,excitement,good
1783252819.585938,1,72.216,0.722164,0.000,1.000,1,88.985,0.889845,0.000,1.000,1,40.937,0.409372,0.000,1.000,1,14.018,0.140184,0.000,1.000,1,78.849,0.788487,0.000,1.000,1,49.213,0.492133,0.000,1.000,excitement,good
1783252819.593750,1,66.166,0.661661,0.000,1.000,1,87.627,0.876272,0.000,1.000,1,40.095,0.400951,0.000,1.000,1,17.519,0.175192,0.000,1.000,1,78.389,0.783887,0.000,1.000,1,45.041,0.450410,0.000,1.000,excitement,good
1783252819.601562,1,69.107,0.691070,0.000,1.000,1,88.349,0.883493,0.000,1.000,1,45.042,0.450424,0.000,1.000,1,15.266,0.152665,0.000,1.000,1,75.191,0.751909,0.000,1.000,1,44.151,0.441512,0.000,1.000,excitement,good
1783252819.609375,1,69.182,0.691821,0.000,1.000,1,88.959,0.889591,0.000,1.000,1,45.165,0.451650,0.000,1.000,1,9.708,0.097075,0.000,1.000,1,76.789,0.767888,0.000,1.000,1,46.645,0.466452,0.000,1.000,excitement,good
1783252819.617188,1,66.459,0.664594,0.000,1.000,1,88.637,0.886367,0.000,1.000,1,44.459,0.444586,0.000,1.000,1,11.992,0.119917,0.000,1.000,1,76.679,0.766792,0.000,1.000,1,47.338,0.473375,0.000,1.000,excitement,good
1783252819.625000,1,69.416,0.694157,0.000,1.000,1,85.423,0.854228,0.000,1.000,1,45.780,0.457799,0.000,1.000,1,12.011,0.120107,0.000,1.000,1,77.278,0.772784,0.000,1.000,1,47.947,0.479475,0.000,1.000,excitement,good
1783252819.632812,1,68.140,0.681397,0.000,1.000,1,92.170,0.921695,0.000,1.000,1,45.545,0.455449,0.000,1.000,1,16.990,0.169903,0.000,1.000,1,72.705,0.727052,0.000,1.000,1,45.265,0.452646,0.000,1.000,excitement,good
1783252819.640625,1,66.856,0.668561,0.000,1.000,1,91.869,0.918688,0.000,1.000,1,40.151,0.401512,0.000,1.000,1,12.371,0.123713,0.000,1.000,1,72.258,0.722578,0.000,1.000,1,46.530,0.465297,0.000,1.000,excitement,good
1783252819.648438,1,69.770,0.697700,0.000,1.000,1,94.093,0.940930,0.000,1.000,1,43.559,0.435593,0.000,1.000,1,12.162,0.121623,0.000,1.000,1,77.554,0.775538,0.000,1.000,1,45.556,0.455562,0.000,1.000,excitement,good
1783252819.656250,1,68.155,0.681550,0.000,1.000,1,91.809,0.918091,0.000,1.000,1,44.652,0.446520,0.000,1.000,1,14.339,0.143394,0.000,1.000,1,77.735,0.777354,0.000,1.000,1,46.134,0.461343,0.000,1.000,excitement,good
1783252819.664062,1,71.659,0.716588,0.000,1.000,1,89.484,0.894844,0.000,1.000,1,41.438,0.414384,0.000,1.000,1,17.377,0.173768,0.000,1.000,1,75.133,0.751329,0.000,1.000,1,51.422,0.514216,0.000,1.000,excitement,good
1783252819.671875,1,69.782,0.697818,0.000,1.000,1,85.095,0.850947,0.000,1.000,1,42.013,0.420132,0.000,1.000,1,13.894,0.138938,0.000,1.000,1,73.140,0.731405,0.000,1.000,1,47.045,0.470453,0.000,1.000,excitement,good
1783252819.679688,1,70.810,0.708105,0.000,1.000,1,88.616,0.886157,0.000,1.000,1,44.595,0.445953,0.000,1.000,1,16.371,0.163709,0.000,1.000,1,80.917,0.809167,0.000,1.000,1,48.037,0.480374,0.000,1.000,excitement,good
1783252819.687500,1,65.494,0.654942,0.000,1.000,1,93.220,0.932197,0.000,1.000,1,47.715,0.477155,0.000,1.000,1,14.808,0.148085,0.000,1.000,1,78.233,0.782333,0.000,1.000,1,47.836,0.478356,0.000,1.000,excitement,good
1783252819.695312,1,73.165,0.731654,0.000,1.000,1,91.241,0.912410,0.000,1.000,1,46.936,0.469355,0.000,1.000,1,13.986,0.139861,0.000,1.000,1,78.125,0.781247,0.000,1.000,1,46.232,0.462321,0.000,1.000,excitement,good
1783252819.703125,1,68.512,0.685119,0.000,1.000,1,91.142,0.911416,0.000,1.000,1,42.630,0.426303,0.000,1.000,1,13.504,0.135040,0.000,1.000,1,80.178,0.801784,0.000,1.000,1,44.010,0.440099,0.000,1.000,excitement,good
1783252819.710938,1,70.405,0.704054,0.000,1.000,1,88.937,0.889370,0.000,1.000,1,47.773,0.477734,0.000,1.000,1,15.110,0.151101,0.000,1.000,1,75.948,0.759479,0.000,1.000,1,46.056,0.460564,0.000,1.000,excitement,good
1783252819.718750,1,67.135,0.671353,0.000,1.000,1,90.775,0.907747,0.000,1.000,1,45.129,0.451295,0.000,1.000,1,17.870,0.178695,0.000,1.000,1,75.293,0.752935,0.000,1.000,1,46.891,0.468913,0.000,1.000,excitement,good
1783252819.726562,1,71.939,0.719395,0.000,1.000,1,88.127,0.881274,0.000,1.000,1,44.537,0.445372,0.000,1.000,1,13.365,0.133653,0.000,1.000,1,75.519,0.755187,0.000,1.000,1,45.700,0.457001,0.000,1.000,excitement,good
1783252819.734375,1,67.265,0.672650,0.000,1.000,1,93.104,0.931039,0.000,1.000,1,45.903,0.459028,0.000,1.000,1,14.508,0.145078,0.000,1.000,1,76.978,0.769783,0.000,1.000,1,46.750,0.467497,0.000,1.000,excitement,good
1783252819.742188,1,71.408,0.714084,0.000,1.000,1,87.645,0.876448,0.000,1.000,1,41.173,0.411730,0.000,1.000,1,17.807,0.178066,0.000,1.000,1,76.994,0.769943,0.000,1.000,1,47.967,0.479669,0.000,1.000,excitement,good
1783252819.750000,1,71.088,0.710879,0.000,1.000,1,93.894,0.938939,0.000,1.000,1,41.525,0.415246,0.000,1.000,1,17.789,0.177892,0.000,1.000,1,75.480,0.754795,0.000,1.000,1,50.297,0.502968,0.000,1.000,excitement,good
1783252819.757812,1,68.692,0.686923,0.000,1.000,1,90.863,0.908625,0.000,1.000,1,44.765,0.447649,0.000,1.000,1,18.030,0.180304,0.000,1.000,1,80.254,0.802535,0.000,1.000,1,49.550,0.495502,0.000,1.000,excitement,good
1783252819.765625,1,70.562,0.705616,0.000,1.000,1,89.429,0.894290,0.000,1.000,1,41.710,0.417102,0.000,1.000,1,16.094,0.160942,0.000,1.000,1,73.019,0.730190,0.000,1.000,1,46.896,0.468962,0.000,1.000,excitement,good
1783252819.773438,1,71.098,0.710981,0.000,1.000,1,87.901,0.879011,0.000,1.000,1,44.192,0.441923,0.000,1.000,1,15.511,0.155113,0.000,1.000,1,78.887,0.788865,0.000,1.000,1,44.530,0.445300,0.000,1.000,excitement,good
1783252819.781250,1,67.625,0.676254,0.000,1.000,1,94.724,0.947243,0.000,1.000,1,45.342,0.453423,0.000,1.000,1,17.035,0.170352,0.000,1.000,1,76.829,0.768295,0.000,1.000,1,47.411,0.474107,0.000,1.000,excitement,good
1783252819.789062,1,70.274,0.702745,0.000,1.000,1,87.228,0.872282,0.000,1.000,1,47.096,0.470960,0.000,1.000,1,18.345,0.183445,0.000,1.000,1,75.718,0.757175,0.000,1.000,1,48.293,0.482932,0.000,1.000,excitement,good
1783252819.796875,1,72.551,0.725511,0.000,1.000,1,91.502,0.915019,0.000,1.000,1,45.782,0.457816,0.000,1.000,1,9.527,0.095267,0.000,1.000,1,81.353,0.813528,0.000,1.000,1,45.134,0.451339,0.000,1.000,excitement,good
1783252819.804688,1,73.672,0.736716,0.000,1.000,1,90.698,0.906979,0.000,1.000,1,48.269,0.482690,0.000,1.000,1,13.810,0.138100,0.000,1.000,1,76.898,0.768980,0.000,1.000,1,46.880,0.468798,0.000,1.000,excitement,good
1783252819.812500,1,68.190,0.681900,0.000,1.000,1,91.328,0.913284,0.000,1.000,1,45.257,0.452568,0.000,1.000,1,17.547,0.175474,0.000,1.000,1,76.076,0.760759,0.000,1.000,1,48.301,0.483006,0.000,1.000,excitement,good
1783252819.820312,1,71.371,0.713709,0.000,1.000,1,89.814,0.898141,0.000,1.000,1,49.314,0.493138,0.000,1.000,1,19.101,0.191007,0.000,1.000,1,76.061,0.760614,0.000,1.000,1,46.213,0.462126,0.000,1.000,excitement,good
1783252819.828125,1,67.987,0.679867,0.000,1.000,1,93.446,0.934464,0.000,1.000,1,46.293,0.462925,0.000,1.000,1,19.675,0.196746,0.000,1.000,1,77.658,0.776578,0.000,1.000,1,46.650,0.466495,0.000,1.000,excitement,good
1783252819.835938,1,63.981,0.639812,0.000,1.000,1,90.552,0.905521,0.000,1.000,1,45.984,0.459838,0.000,1.000,1,13.903,0.139032,0.000,1.000,1,74.947,0.749470,0.000,1.000,1,46.216,0.462161,0.000,1.000,excitement,good
1783252819.843750,1,71.136,0.711358,0.000,1.000,1,89.995,0.899949,0.000,1.000,1,47.532,0.475319,0.000,1.000,1,11.474,0.114737,0.000,1.000,1,77.473,0.774730,0.000,1.000,1,44.964,0.449639,0.000,1.000,excitement,good
1783252819.851562,1,69.224,0.692244,0.000,1.000,1,90.124,0.901243,0.000,1.000,1,44.387,0.443866,0.000,1.000,1,16.193,0.161934,0.000,1.000,1,77.201,0.772007,0.000,1.000,1,45.442,0.454424,0.000,1.000,excitement,good
1783252819.859375,1,72.252,0.722516,0.000,1.000,1,90.276,0.902756,0.000,1.000,1,44.133,0.441326,0.000,1.000,1,15.546,0.155459,0.000,1.000,1,75.254,0.752539,0.000,1.000,1,43.846,0.438461,0.000,1.000,excitement,good
1783252819.867188,1,70.257,0.702571,0.000,1.000,1,88.803,0.888032,0.000,1.000,1,44.386,0.443865,0.000,1.000,1,18.313,0.183129,0.000,1.000,1,74.848,0.748485,0.000,1.000,1,50.687,0.506875,0.000,1.000,excitement,good
1783252819.875000,1,66.912,0.669117,0.000,1.000,1,86.574,0.865742,0.000,1.000,1,42.233,0.422328,0.000,1.000,1,15.119,0.151190,0.000,1.000,1,74.952,0.749524,0.000,1.000,1,39.824,0.398236,0.000,1.000,excitement,good
1783252819.882812,1,68.695,0.686955,0.000,1.000,1,92.321,0.923208,0.000,1.000,1,47.490,0.474903,0.000,1.000,1,18.482,0.184820,0.000,1.000,1,80.701,0.807011,0.000,1.000,1,46.752,0.467518,0.000,1.000,excitement,good
1783252819.890625,1,71.149,0.711486,0.000,1.000,1,88.237,0.882371,0.000,1.000,1,46.410,0.464099,0.000,1.000,1,12.827,0.128273,0.000,1.000,1,76.504,0.765035,0.000,1.000,1,40.046,0.400458,0.000,1.000,excitement,good
1783252819.898438,1,70.475,0.704750,0.000,1.000,1,86.574,0.865742,0.000,1.000,1,38.244,0.382435,0.000,1.000,1,18.079,0.180795,0.000,1.000,1,78.757,0.787572,0.000,1.000,1,48.592,0.485915,0.000,1.000,excitement,good
1783252819.906250,1,70.366,0.703656,0.000,1.000,1,88.688,0.886877,0.000,1.000,1,45.714,0.457138,0.000,1.000,1,14.775,0.147750,0.000,1.000,1,77.037,0.770373,0.000,1.000,1,43.210,0.432101,0.000,1.000,excitement,good
1783252819.914062,1,69.480,0.694800,0.000,1.000,1,88.141,0.881414,0.000,1.000,1,45.718,0.457183,0.000,1.000,1,16.613,0.166132,0.000,1.000,1,82.290,0.822903,0.000,1.000,1,46.309,0.463094,0.000,1.000,excitement,good
1783252819.921875,1,70.997,0.709975,0.000,1.000,1,91.847,0.918465,0.000,1.000,1,45.297,0.452969,0.000,1.000,1,15.108,0.151075,0.000,1.000,1,73.234,0.732340,0.000,1.000,1,50.218,0.502180,0.000,1.000,excitement,good
1783252819.929688,1,70.431,0.704306,0.000,1.000,1,92.838,0.928380,0.000,1.000,1,47.334,0.473336,0.000,1.000,1,14.990,0.149897,0.000,1.000,1,79.519,0.795193,0.000,1.000,1,47.909,0.479089,0.000,1.000,excitement,good
1783252819.937500,1,70.501,0.705006,0.000,1.000,1,88.929,0.889290,0.000,1.000,1,44.895,0.448950,0.000,1.000,1,19.152,0.191519,0.000,1.000,1,79.334,0.793340,0.000,1.000,1,46.254,0.462544,0.000,1.000,excitement,good
1783252819.945312,1,68.916,0.689160,0.000,1.000,1,93.953,0.939532,0.000,1.000,1,45.133,0.451332,0.000,1.000,1,16.958,0.169577,0.000,1.000,1,81.463,0.814625,0.000,1.000,1,42.964,0.429643,0.000,1.000,excitement,good
1783252819.953125,1,68.554,0.685536,0.000,1.000,1,93.694,0.936944,0.000,1.000,1,44.017,0.440165,0.000,1.000,1,15.997,0.159972,0.000,1.000,1,80.577,0.805767,0.000,1.000,1,48.554,0.485543,0.000,1.000,excitement,good
1783252819.960938,1,68.499,0.684986,0.000,1.000,1,91.759,0.917587,0.000,1.000,1,44.019,0.440187,0.000,1.000,1,15.867,0.158674,0.000,1.000,1,75.882,0.758824,0.000,1.000,1,45.211,0.452108,0.000,1.000,excitement,good
1783252819.968750,1,73.861,0.738612,0.000,1.000,1,89.937,0.899369,0.000,1.000,1,45.111,0.451111,0.000,1.000,1,15.496,0.154958,0.000,1.000,1,78.939,0.789392,0.000,1.000,1,43.359,0.433592,0.000,1.000,excitement,good
1783252819.976562,1,71.013,0.710127,0.000,1.000,1,87.990,0.879899,0.000,1.000,1,42.903,0.429029,0.000,1.000,1,13.800,0.138002,0.000,1.000,1,75.343,0.753430,0.000,1.000,1,47.544,0.475443,0.000,1.000,excitement,good
1783252819.984375,1,69.742,0.697418,0.000,1.000,1,92.810,0.928096,0.000,1.000,1,47.316,0.473156,0.000,1.000,1,14.285,0.142847,0.000,1.000,1,76.885,0.768854,0.000,1.000,1,49.959,0.499590,0.000,1.000,excitement,good
1783252819.992188,1,76.172,0.761719,0.000,1.000,1,94.300,0.943001,0.000,1.000,1,45.312,0.453117,0.000,1.000,1,19.338,0.193383,0.000,1.000,1,77.872,0.778722,0.000,1.000,1,45.507,0.455069,0.000,1.000,excitement,good
1783252820.000000,1,80.334,0.803337,0.000,1.000,1,30.144,0.301440,0.000,1.000,1,25.974,0.259745,0.000,1.000,1,38.316,0.383158,0.000,1.000,1,67.944,0.679436,0.000,1.000,1,85.157,0.851569,0.000,1.000,focus,good
1783252820.007812,1,83.394,0.833938,0.000,1.000,1,35.506,0.355061,0.000,1.000,1,25.379,0.253793,0.000,1.000,1,39.484,0.394843,0.000,1.000,1,65.408,0.654075,0.000,1.000,1,87.118,0.871179,0.000,1.000,focus,good
1783252820.015625,1,85.746,0.857457,0.000,1.000,1,27.551,0.275510,0.000,1.000,1,24.377,0.243772,0.000,1.000,1,40.557,0.405569,0.000,1.000,1,67.428,0.674283,0.000,1.000,1,87.427,0.874274,0.000,1.000,focus,good
1783252820.023438,1,80.064,0.800642,0.000,1.000,1,30.061,0.300614,0.000,1.000,1,25.707,0.257072,0.000,1.000,1,38.395,0.383947,0.000,1.000,1,64.006,0.640055,0.000,1.000,1,87.074,0.870743,0.000,1.000,focus,good
1783252820.031250,1,81.100,0.810999,0.000,1.000,1,32.814,0.328142,0.000,1.000,1,30.284,0.302842,0.000,1.000,1,38.157,0.381568,0.000,1.000,1,66.876,0.668757,0.000,1.000,1,88.370,0.883704,0.000,1.000,focus,good
1783252820.039062,1,89.113,0.891132,0.000,1.000,1,32.048,0.320481,0.000,1.000,1,27.692,0.276924,0.000,1.000,1,39.018,0.390181,0.000,1.000,1,70.179,0.701791,0.000,1.000,1,93.671,0.936708,0.000,1.000,focus,good
1783252820.046875,1,83.106,0.831058,0.000,1.000,1,32.395,0.323948,0.000,1.000,1,27.909,0.279093,0.000,1.000,1,43.930,0.439296,0.000,1.000,1,62.768,0.627677,0.000,1.000,1,90.276,0.902760,0.000,1.000,focus,good
1783252820.054688,1,84.139,0.841389,0.000,1.000,1,33.740,0.337403,0.000,1.000,1,30.454,0.304538,0.000,1.000,1,40.119,0.401194,0.000,1.000,1,68.725,0.687254,0.000,1.000,1,89.901,0.899006,0.000,1.000,focus,good
1783252820.062500,1,76.078,0.760784,0.000,1.000,1,34.934,0.349343,0.000,1.000,1,29.698,0.296981,0.000,1.000,1,42.988,0.429876,0.000,1.000,1,66.313,0.663126,0.000,1.000,1,91.495,0.914951,0.000,1.000,focus,good
1783252820.070312,1,80.706,0.807063,0.000,1.000,1,29.124,0.291245,0.000,1.000,1,25.218,0.252181,0.000,1.000,1,42.015,0.420145,0.000,1.000,1,64.615,0.646147,0.000,1.000,1,88.714,0.887140,0.000,1.000,focus,good
1783252820.078125,1,88.135,0.881350,0.000,1.000,1,28.360,0.283602,0.000,1.000,1,28.842,0.288417,0.000,1.000,1,40.701,0.407008,0.000,1.000,1,66.371,0.663707,0.000,1.000,1,85.878,0.858776,0.000,1.000,focus,good
1783252820.085938,1,78.710,0.787096,0.000,1.000,1,31.345,0.313448,0.000,1.000,1,29.135,0.291355,0.000,1.000,1,39.211,0.392107,0.000,1.000,1,67.857,0.678568,0.000,1.000,1,90.649,0.906486,0.000,1.000,focus,good
1783252820.093750,1,82.587,0.825873,0.000,1.000,1,32.204,0.322037,0.000,1.000,1,29.573,0.295735,0.000,1.000,1,38.616,0.386162,0.000,1.000,1,61.187,0.611869,0.000,1.000,1,87.423,0.874227,0.000,1.000,focus,good
1783252820.101562,1,79.337,0.793366,0.000,1.000,1,33.019,0.330193,0.000,1.000,1,30.489,0.304886,0.000,1.000,1,36.474,0.364743,0.000,1.000,1,68.604,0.686044,0.000,1.000,1,89.947,0.899474,0.000,1.000,focus,good
1783252820.109375,1,83.871,0.838706,0.000,1.000,1,31.341,0.313408,0.000,1.000,1,27.607,0.276066,0.000,1.000,1,35.247,0.352469,0.000,1.000,1,69.635,0.696348,0.000,1.000,1,91.772,0.917718,0.000,1.000,focus,good
1783252820.117188,1,80.657,0.806566,0.000,1.000,1,34.582,0.345820,0.000,1.000,1,23.332,0.233322,0.000,1.000,1,43.094,0.430937,0.000,1.000,1,67.101,0.671008,0.000,1.000,1,91.955,0.919553,0.000,1.000,focus,good
1783252820.125000,1,86.536,0.865364,0.000,1.000,1,26.635,0.266350,0.000,1.000,1,28.905,0.289047,0.000,1.000,1,40.172,0.401724,0.000,1.000,1,64.239,0.642386,0.000,1.000,1,88.646,0.886459,0.000,1.000,focus,good
1783252820.132812,1,81.353,0.813528,0.000,1.000,1,30.366,0.303662,0.000,1.000,1,27.580,0.275801,0.000,1.000,1,38.709,0.387087,0.000,1.000,1,66.064,0.660643,0.000,1.000,1,88.897,0.888968,0.000,1.000,focus,good
1783252820.140625,1,86.890,0.868898,0.000,1.000,1,24.280,0.242799,0.000,1.000,1,29.374,0.293737,0.000,1.000,1,39.121,0.391210,0.000,1.000,1,64.063,0.640627,0.000,1.000,1,87.394,0.873939,0.000,1.000,focus,good
1783252820.148438,1,81.042,0.810422,0.000,1.000,1,33.902,0.339024,0.000,1.000,1,30.305,0.303052,0.000,1.000,1,33.959,0.339590,0.000,1.000,1,65.592,0.655920,0.000,1.000,1,91.323,0.913227,0.000,1.000,focus,good
1783252820.156250,1,78.410,0.784102,0.000,1.000,1,27.808,0.278078,0.000,1.000,1,31.810,0.318098,0.000,1.000,1,37.317,0.373173,0.000,1.000,1,67.193,0.671930,0.000,1.000,1,87.276,0.872760,0.000,1.000,focus,good
1783252820.164062,1,83.026,0.830264,0.000,1.000,1,29.408,0.294085,0.000,1.000,1,28.438,0.284381,0.000,1.000,1,42.226,0.422265,0.000,1.000,1,67.765,0.677654,0.000,1.000,1,90.892,0.908919,0.000,1.000,focus,good
1783252820.171875,1,79.835,0.798349,0.000,1.000,1,28.323,0.283228,0.000,1.000,1,27.180,0.271798,0.000,1.000,1,41.835,0.418346,0.000,1.000,1,59.242,0.592423,0.000,1.000,1,90.820,0.908195,0.000,1.000,focus,good
1783252820.179688,1,78.752,0.787523,0.000,1.000,1,30.886,0.308863,0.000,1.000,1,26.801,0.268015,0.000,1.000,1,36.006,0.360065,0.000,1.000,1,66.914,0.669139,0.000,1.000,1,92.234,0.922340,0.000,1.000,focus,good
1783252820.187500,1,81.261,0.812605,0.000,1.000,1,26.441,0.264413,0.000,1.000,1,28.492,0.284922,0.000,1.000,1,39.059,0.390589,0.000,1.000,1,65.827,0.658265,0.000,1.000,1,88.167,0.881669,0.000,1.000,focus,good
1783252820.195312,1,83.854,0.838543,0.000,1.000,1,33.128,0.331276,0.000,1.000,1,32.215,0.322152,0.000,1.000,1,38.983,0.389832,0.000,1.000,1,68.967,0.689670,0.000,1.000,1,87.686,0.876862,0.000,1.000,focus,good
1783252820.203125,1,80.137,0.801371,0.000,1.000,1,33.853,0.338531,0.000,1.000,1,24.257,0.242569,0.000,1.000,1,33.678,0.336782,0.000,1.000,1,61.876,0.618764,0.000,1.000,1,87.318,0.873181,0.000,1.000,focus,good
1783252820.210938,1,82.062,0.820617,0.000,1.000,1,27.754,0.277537,0.000,1.000,1,22.049,0.220495,0.000,1.000,1,35.757,0.357571,0.000,1.000,1,65.329,0.653287,0.000,1.000,1,96.131,0.961312,0.000,1.000,focus,good
1783252820.218750,1,84.862,0.848625,0.000,1.000,1,29.867,0.298674,0.000,1.000,1,26.420,0.264197,0.000,1.000,1,40.016,0.400163,0.000,1.000,1,67.978,0.679776,0.000,1.000,1,89.752,0.897515,0.000,1.000,focus,good
1783252820.226562,1,85.354,0.853543,0.000,1.000,1,23.443,0.234434,0.000,1.000,1,33.007,0.330071,0.000,1.000,1,37.687,0.376868,0.000,1.000,1,67.766,0.677663,0.000,1.000,1,89.424,0.894243,0.000,1.000,focus,good
1783252820.234375,1,83.372,0.833718,0.000,1.000,1,30.598,0.305984,0.000,1.000,1,29.156,0.291557,0.000,1.000,1,37.753,0.377526,0.000,1.000,1,69.659,0.696592,0.000,1.000,1,89.826,0.898260,0.000,1.000,focus,good
1783252820.242188,1,82.402,0.824017,0.000,1.000,1,28.326,0.283258,0.000,1.000,1,26.929,0.269285,0.000,1.000,1,39.145,0.391453,0.000,1.000,1,74.319,0.743191,0.000,1.000,1,88.886,0.888859,0.000,1.000,focus,good
1783252820.250000,1,81.277,0.812773,0.000,1.000,1,31.718,0.317184,0.000,1.000,1,27.959,0.279588,0.000,1.000,1,38.937,0.389369,0.000,1.000,1,68.113,0.681125,0.000,1.000,1,90.192,0.901919,0.000,1.000,focus,good
1783252820.257812,1,81.023,0.810230,0.000,1.000,1,36.371,0.363709,0.000,1.000,1,25.131,0.251309,0.000,1.000,1,33.571,0.335713,0.000,1.000,1,64.587,0.645874,0.000,1.000,1,84.541,0.845407,0.000,1.000,focus,good
1783252820.265625,1,84.586,0.845860,0.000,1.000,1,34.653,0.346527,0.000,1.000,1,29.755,0.297548,0.000,1.000,1,32.802,0.328018,0.000,1.000,1,61.451,0.614510,0.000,1.000,1,88.454,0.884537,0.000,1.000,focus,good
1783252820.273438,1,84.708,0.847084,0.000,1.000,1,30.318,0.303181,0.000,1.000,1,27.959,0.279593,0.000,1.000,1,39.127,0.391270,0.000,1.000,1,70.583,0.705830,0.000,1.000,1,86.464,0.864639,0.000,1.000,focus,good
1783252820.281250,1,77.600,0.775997,0.000,1.000,1,32.509,0.325089,0.000,1.000,1,29.860,0.298605,0.000,1.000,1,38.827,0.388271,0.000,1.000,1,67.768,0.677682,0.000,1.000,1,86.502,0.865015,0.000,1.000,focus,good
1783252820.289062,1,81.014,0.810140,0.000,1.000,1,29.751,0.297508,0.000,1.000,1,28.068,0.280680,0.000,1.000,1,37.537,0.375366,0.000,1.000,1,69.688,0.696876,0.000,1.000,1,83.404,0.834042,0.000,1.000,focus,good
1783252820.296875,1,84.507,0.845071,0.000,1.000,1,32.164,0.321638,0.000,1.000,1,28.805,0.288045,0.000,1.000,1,38.644,0.386440,0.000,1.000,1,65.158,0.651582,0.000,1.000,1,84.400,0.844002,0.000,1.000,focus,good
1783252820.304688,1,85.933,0.859333,0.000,1.000,1,31.331,0.313313,0.000,1.000,1,28.849,0.288493,0.000,1.000,1,42.792,0.427915,0.000,1.000,1,63.895,0.638954,0.000,1.000,1,89.212,0.892117,0.000,1.000,focus,good
1783252820.312500,1,84.559,0.845587,0.000,1.000,1,26.429,0.264290,0.000,1.000,1,27.314,0.273142,0.000,1.000,1,40.355,0.403549,0.000,1.000,1,63.963,0.639631,0.000,1.000,1,92.313,0.923128,0.000,1.000,focus,good
1783252820.320312,1,80.059,0.800591,0.000,1.000,1,33.315,0.333154,0.000,1.000,1,31.062,0.310622,0.000,1.000,1,36.939,0.369394,0.000,1.000,1,63.775,0.637748,0.000,1.000,1,90.180,0.901804,0.000,1.000,focus,good
1783252820.328125,1,82.793,0.827931,0.000,1.000,1,29.683,0.296833,0.000,1.000,1,25.412,0.254119,0.000,1.000,1,36.633,0.366333,0.000,1.000,1,66.208,0.662075,0.000,1.000,1,90.246,0.902462,0.000,1.000,focus,good
1783252820.335938,1,87.888,0.878880,0.000,1.000,1,31.439,0.314391,0.000,1.000,1,28.151,0.281508,0.000,1.000,1,43.420,0.434197,0.000,1.000,1,69.052,0.690521,0.000,1.000,1,87.450,0.874500,0.000,1.000,focus,good
1783252820.343750,1,77.033,0.770332,0.000,1.000,1,27.504,0.275042,0.000,1.000,1,32.328,0.323285,0.000,1.000,1,33.480,0.334795,0.000,1.000,1,65.845,0.658455,0.000,1.000,1,88.833,0.888326,0.000,1.000,focus,good
1783252820.351562,1,83.167,0.831669,0.000,1.000,1,37.942,0.379422,0.000,1.000,1,28.189,0.281895,0.000,1.000,1,41.185,0.411849,0.000,1.000,1,68.379,0.683785,0.000,1.000,1,84.229,0.842286,0.000,1.000,focus,good
1783252820.359375,1,79.110,0.791101,0.000,1.000,1,27.514,0.275144,0.000,1.000,1,26.953,0.269531,0.000,1.000,1,38.125,0.381254,0.000,1.000,1,65.828,0.658277,0.000,1.000,1,88.439,0.884386,0.000,1.000,focus,good
1783252820.367188,1,84.033,0.840326,0.000,1.000,1,28.289,0.282890,0.000,1.000,1,28.937,0.289370,0.000,1.000,1,37.893,0.378926,0.000,1.000,1,66.052,0.660524,0.000,1.000,1,88.407,0.884074,0.000,1.000,focus,good
1783252820.375000,1,85.156,0.851564,0.000,1.000,1,33.347,0.333473,0.000,1.000,1,25.972,0.259718,0.000,1.000,1,40.384,0.403842,0.000,1.000,1,62.775,0.627748,0.000,1.000,1,91.555,0.915555,0.000,1.000,focus,good
1783252820.382812,1,84.183,0.841832,0.000,1.000,1,30.892,0.308924,0.000,1.000,1,28.930,0.289298,0.000,1.000,1,37.808,0.378081,0.000,1.000,1,65.313,0.653129,0.000,1.000,1,87.405,0.874052,0.000,1.000,focus,good
1783252820.390625,1,87.199,0.871994,0.000,1.000,1,29.165,0.291649,0.000,1.000,1,24.061,0.240606,0.000,1.000,1,41.350,0.413497,0.000,1.000,1,67.531,0.675307,0.000,1.000,1,84.499,0.844995,0.000,1.000,focus,good
1783252820.398438,1,77.968,0.779676,0.000,1.000,1,30.525,0.305253,0.000,1.000,1,26.411,0.264112,0.000,1.000,1,39.328,0.393282,0.000,1.000,1,66.244,0.662439,0.000,1.000,1,90.188,0.901878,0.000,1.000,focus,good
1783252820.406250,1,79.398,0.793982,0.000,1.000,1,31.019,0.310191,0.000,1.000,1,31.458,0.314584,0.000,1.000,1,39.706,0.397059,0.000,1.000,1,58.198,0.581981,0.000,1.000,1,94.614,0.946144,0.000,1.000,focus,good
1783252820.414062,1,83.400,0.833996,0.000,1.000,1,34.379,0.343786,0.000,1.000,1,27.488,0.274876,0.000,1.000,1,43.384,0.433839,0.000,1.000,1,67.172,0.671720,0.000,1.000,1,85.451,0.854508,0.000,1.000,focus,good
1783252820.421875,1,85.559,0.855593,0.000,1.000,1,33.782,0.337818,0.000,1.000,1,26.604,0.266038,0.000,1.000,1,37.864,0.378645,0.000,1.000,1,62.378,0.623779,0.000,1.000,1,88.214,0.882141,0.000,1.000,focus,good
1783252820.429688,1,85.072,0.850718,0.000,1.000,1,29.854,0.298543,0.000,1.000,1,30.213,0.302130,0.000,1.000,1,38.675,0.386753,0.000,1.000,1,67.161,0.671612,0.000,1.000,1,91.476,0.914755,0.000,1.000,focus,good
1783252820.437500,1,84.191,0.841912,0.000,1.000,1,31.425,0.314245,0.000,1.000,1,29.596,0.295962,0.000,1.000,1,38.778,0.387784,0.000,1.000,1,65.343,0.653433,0.000,1.000,1,91.051,0.910509,0.000,1.000,focus,good
1783252820.445312,1,86.282,0.862825,0.000,1.000,1,31.284,0.312843,0.000,1.000,1,30.569,0.305693,0.000,1.000,1,37.377,0.373768,0.000,1.000,1,65.575,0.655746,0.000,1.000,1,84.543,0.845431,0.000,1.000,focus,good
1783252820.453125,1,80.992,0.809922,0.000,1.000,1,26.193,0.261934,0.000,1.000,1,26.030,0.260302,0.000,1.000,1,38.882,0.388819,0.000,1.000,1,64.875,0.648745,0.000,1.000,1,87.531,0.875312,0.000,1.000,focus,good
1783252820.460938,1,84.727,0.847274,0.000,1.000,1,34.679,0.346787,0.000,1.000,1,27.553,0.275528,0.000,1.000,1,39.041,0.390409,0.000,1.000,1,67.706,0.677061,0.000,1.000,1,90.549,0.905485,0.000,1.000,focus,good
1783252820.468750,1,85.248,0.852481,0.000,1.000,1,30.410,0.304103,0.000,1.000,1,30.499,0.304992,0.000,1.000,1,38.035,0.380348,0.000,1.000,1,66.115,0.661149,0.000,1.000,1,85.685,0.856847,0.000,1.000,focus,good
1783252820.476562,1,78.704,0.787041,0.000,1.000,1,34.166,0.341657,0.000,1.000,1,31.042,0.310419,0.000,1.000,1,36.967,0.369666,0.000,1.000,1,63.360,0.633598,0.000,1.000,1,83.419,0.834194,0.000,1.000,focus,good
1783252820.484375,1,81.794,0.817937,0.000,1.000,1,31.561,0.315609,0.000,1.000,1,24.757,0.247570,0.000,1.000,1,44.284,0.442837,0.000,1.000,1,64.119,0.641187,0.000,1.000,1,85.805,0.858047,0.000,1.000,focus,good
1783252820.492188,1,87.546,0.875457,0.000,1.000,1,29.350,0.293499,0.000,1.000,1,30.512,0.305120,0.000,1.000,1,39.513,0.395131,0.000,1.000,1,67.447,0.674469,0.000,1.000,1,83.206,0.832056,0.000,1.000,focus,good
1783252820.500000,1,88.211,0.882114,0.000,1.000,1,33.231,0.332313,0.000,1.000,1,28.971,0.289705,0.000,1.000,1,36.489,0.364889,0.000,1.000,1,67.112,0.671121,0.000,1.000,1,85.907,0.859073,0.000,1.000,focus,good
1783252820.507812,1,81.792,0.817916,0.000,1.000,1,32.859,0.328590,0.000,1.000,1,27.018,0.270176,0.000,1.000,1,36.967,0.369668,0.000,1.000,1,66.580,0.665795,0.000,1.000,1,88.747,0.887468,0.000,1.000,focus,good
1783252820.515625,1,84.032,0.840325,0.000,1.000,1,34.818,0.348178,0.000,1.000,1,26.609,0.266087,0.000,1.000,1,40.322,0.403222,0.000,1.000,1,64.645,0.646449,0.000,1.000,1,87.243,0.872427,0.000,1.000,focus,good
1783252820.523438,1,82.029,0.820286,0.000,1.000,1,32.804,0.328043,0.000,1.000,1,32.071,0.320707,0.000,1.000,1,40.680,0.406798,0.000,1.000,1,67.422,0.674223,0.000,1.000,1,86.688,0.866877,0.000,1.000,focus,good
1783252820.531250,1,84.415,0.844154,0.000,1.000,1,31.721,0.317208,0.000,1.000,1,32.936,0.329362,0.000,1.000,1,36.958,0.369581,0.000,1.000,1,69.982,0.699820,0.000,1.000,1,88.458,0.884576,0.000,1.000,focus,good
1783252820.539062,1,81.556,0.815558,0.000,1.000,1,31.071,0.310707,0.000,1.000,1,25.003,0.250030,0.000,1.000,1,38.742,0.387422,0.000,1.000,1,66.547,0.665474,0.000,1.000,1,84.379,0.843792,0.000,1.000,focus,good
1783252820.546875,1,79.853,0.798528,0.000,1.000,1,33.770,0.337700,0.000,1.000,1,21.168,0.211683,0.000,1.000,1,39.854,0.398544,0.000,1.000,1,67.812,0.678124,0.000,1.000,1,87.403,0.874028,0.000,1.000,focus,good
1783252820.554688,1,79.642,0.796419,0.000,1.000,1,37.219,0.372185,0.000,1.000,1,28.762,0.287622,0.000,1.000,1,36.949,0.369494,0.000,1.000,1,70.721,0.707208,0.000,1.000,1,86.579,0.865788,0.000,1.000,focus,good
1783252820.562500,1,82.439,0.824394,0.000,1.000,1,27.014,0.270137,0.000,1.000,1,27.602,0.276020,0.000,1.000,1,41.062,0.410625,0.000,1.000,1,65.368,0.653682,0.000,1.000,1,85.843,0.858428,0.000,1.000,focus,good
1783252820.570312,1,81.313,0.813129,0.000,1.000,1,35.429,0.354287,0.000,1.000,1,28.245,0.282454,0.000,1.000,1,39.280,0.392799,0.000,1.000,1,70.522,0.705220,0.000,1.000,1,94.982,0.949824,0.000,1.000,focus,good
1783252820.578125,1,84.513,0.845135,0.000,1.000,1,28.689,0.286894,0.000,1.000,1,28.835,0.288347,0.000,1.000,1,39.608,0.396082,0.000,1.000,1,65.556,0.655562,0.000,1.000,1,90.621,0.906207,0.000,1.000,focus,good
1783252820.585938,1,81.394,0.813943,0.000,1.000,1,30.179,0.301789,0.000,1.000,1,29.996,0.299964,0.000,1.000,1,41.430,0.414301,0.000,1.000,1,66.244,0.662444,0.000,1.000,1,89.442,0.894420,0.000,1.000,focus,good
1783252820.593750,1,80.865,0.808645,0.000,1.000,1,33.854,0.338538,0.000,1.000,1,29.620,0.296199,0.000,1.000,1,38.691,0.386911,0.000,1.000,1,68.833,0.688328,0.000,1.000,1,86.409,0.864086,0.000,1.000,focus,good
1783252820.601562,1,83.453,0.834535,0.000,1.000,1,32.966,0.329659,0.000,1.000,1,30.343,0.303433,0.000,1.000,1,36.096,0.360962,0.000,1.000,1,69.843,0.698433,0.000,1.000,1,91.840,0.918402,0.000,1.000,focus,good
1783252820.609375,1,82.829,0.828287,0.000,1.000,1,34.867,0.348674,0.000,1.000,1,28.770,0.287696,0.000,1.000,1,35.579,0.355789,0.000,1.000,1,66.672,0.666717,0.000,1.000,1,84.959,0.849593,0.000,1.000,focus,good
1783252820.617188,1,82.984,0.829843,0.000,1.000,1,27.796,0.277964,0.000,1.000,1,25.989,0.259894,0.000,1.000,1,38.627,0.386266,0.000,1.000,1,64.604,0.646040,0.000,1.000,1,84.890,0.848901,0.000,1.000,focus,good
1783252820.625000,1,85.523,0.855234,0.000,1.000,1,33.260,0.332602,0.000,1.000,1,27.022,0.270224,0.000,1.000,1,37.083,0.370828,0.000,1.000,1,65.236,0.652357,0.000,1.000,1,87.898,0.878976,0.000,1.000,focus,good
1783252820.632812,1,85.967,0.859672,0.000,1.000,1,28.428,0.284275,0.000,1.000,1,30.226,0.302260,0.000,1.000,1,40.218,0.402178,0.000,1.000,1,67.925,0.679250,0.000,1.000,1,85.744,0.857444,0.000,1.000,focus,good
1783252820.640625,1,87.604,0.876041,0.000,1.000,1,32.710,0.327097,0.000,1.000,1,30.392,0.303918,0.000,1.000,1,39.559,0.395595,0.000,1.000,1,69.794,0.697936,0.000,1.000,1,93.486,0.934860,0.000,1.000,focus,good
1783252820.648438,1,81.696,0.816957,0.000,1.000,1,32.541,0.325412,0.000,1.000,1,31.162,0.311624,0.000,1.000,1,41.357,0.413574,0.000,1.000,1,67.613,0.676128,0.000,1.000,1,86.843,0.868428,0.000,1.000,focus,good
1783252820.656250,1,85.026,0.850256,0.000,1.000,1,29.224,0.292239,0.000,1.000,1,28.471,0.284707,0.000,1.000,1,44.990,0.449896,0.000,1.000,1,74.486,0.744859,0.000,1.000,1,91.336,0.913362,0.000,1.000,focus,good
1783252820.664062,1,85.113,0.851131,0.000,1.000,1,26.174,0.261743,0.000,1.000,1,31.167,0.311674,0.000,1.000,1,38.329,0.383290,0.000,1.000,1,65.820,0.658196,0.000,1.000,1,90.343,0.903429,0.000,1.000,focus,good
1783252820.671875,1,79.541,0.795415,0.000,1.000,1,31.758,0.317583,0.000,1.000,1,28.162,0.281618,0.000,1.000,1,35.380,0.353796,0.000,1.000,1,61.589,0.615886,0.000,1.000,1,91.202,0.912017,0.000,1.000,focus,good
1783252820.679688,1,80.369,0.803686,0.000,1.000,1,28.062,0.280615,0.000,1.000,1,26.877,0.268765,0.000,1.000,1,39.024,0.390239,0.000,1.000,1,67.420,0.674200,0.000,1.000,1,87.204,0.872038,0.000,1.000,focus,good
1783252820.687500,1,81.641,0.816409,0.000,1.000,1,33.811,0.338113,0.000,1.000,1,30.097,0.300969,0.000,1.000,1,40.269,0.402687,0.000,1.000,1,66.520,0.665196,0.000,1.000,1,88.878,0.888778,0.000,1.000,focus,good
1783252820.695312,1,80.011,0.800106,0.000,1.000,1,31.274,0.312744,0.000,1.000,1,29.254,0.292540,0.000,1.000,1,42.920,0.429198,0.000,1.000,1,67.773,0.677731,0.000,1.000,1,86.043,0.860431,0.000,1.000,focus,good
1783252820.703125,1,82.609,0.826095,0.000,1.000,1,29.850,0.298497,0.000,1.000,1,34.931,0.349314,0.000,1.000,1,39.434,0.394345,0.000,1.000,1,68.281,0.682813,0.000,1.000,1,90.219,0.902186,0.000,1.000,focus,good
1783252820.710938,1,79.250,0.792503,0.000,1.000,1,31.750,0.317503,0.000,1.000,1,25.755,0.257553,0.000,1.000,1,40.395,0.403947,0.000,1.000,1,64.792,0.647923,0.000,1.000,1,90.948,0.909475,0.000,1.000,focus,good
1783252820.718750,1,81.934,0.819342,0.000,1.000,1,30.659,0.306592,0.000,1.000,1,30.354,0.303544,0.000,1.000,1,39.714,0.397140,0.000,1.000,1,69.396,0.693956,0.000,1.000,1,86.776,0.867762,0.000,1.000,focus,good
1783252820.726562,1,84.700,0.847000,0.000,1.000,1,31.520,0.315202,0.000,1.000,1,28.594,0.285942,0.000,1.000,1,37.361,0.373606,0.000,1.000,1,66.885,0.668846,0.000,1.000,1,86.611,0.866108,0.000,1.000,focus,good
1783252820.734375,1,83.912,0.839124,0.000,1.000,1,32.864,0.328645,0.000,1.000,1,32.606,0.326059,0.000,1.000,1,38.165,0.381649,0.000,1.000,1,71.556,0.715558,0.000,1.000,1,90.468,0.904679,0.000,1.000,focus,good
1783252820.742188,1,79.970,0.799701,0.000,1.000,1,31.020,0.310204,0.000,1.000,1,31.441,0.314410,0.000,1.000,1,41.582,0.415820,0.000,1.000,1,69.835,0.698354,0.000,1.000,1,86.885,0.868854,0.000,1.000,focus,good
1783252820.750000,1,87.777,0.877771,0.000,1.000,1,30.222,0.302223,0.000,1.000,1,32.112,0.321115,0.000,1.000,1,41.632,0.416324,0.000,1.000,1,66.261,0.662615,0.000,1.000,1,87.909,0.879087,0.000,1.000,focus,good
1783252820.757812,1,82.261,0.822613,0.000,1.000,1,33.689,0.336889,0.000,1.000,1,27.562,0.275624,0.000,1.000,1,40.561,0.405605,0.000,1.000,1,68.516,0.685164,0.000,1.000,1,91.611,0.916113,0.000,1.000,focus,good
1783252820.765625,1,84.536,0.845363,0.000,1.000,1,29.969,0.299689,0.000,1.000,1,31.657,0.316568,0.000,1.000,1,36.449,0.364492,0.000,1.000,1,65.319,0.653187,0.000,1.000,1,89.080,0.890799,0.000,1.000,focus,good
1783252820.773438,1,82.318,0.823183,0.000,1.000,1,29.956,0.299564,0.000,1.000,1,35.732,0.357323,0.000,1.000,1,40.788,0.407884,0.000,1.000,1,66.910,0.669096,0.000,1.000,1,91.349,0.913491,0.000,1.000,focus,good
1783252820.781250,1,84.582,0.845817,0.000,1.000,1,34.263,0.342630,0.000,1.000,1,30.410,0.304103,0.000,1.000,1,34.255,0.342553,0.000,1.000,1,67.005,0.670050,0.000,1.000,1,97.223,0.972228,0.000,1.000,focus,good
1783252820.789062,1,78.094,0.780941,0.000,1.000,1,31.278,0.312785,0.000,1.000,1,27.379,0.273787,0.000,1.000,1,39.800,0.397996,0.000,1.000,1,66.666,0.666665,0.000,1.000,1,89.163,0.891626,0.000,1.000,focus,good
1783252820.796875,1,83.590,0.835900,0.000,1.000,1,31.654,0.316540,0.000,1.000,1,31.074,0.310736,0.000,1.000,1,41.296,0.412958,0.000,1.000,1,66.811,0.668112,0.000,1.000,1,87.642,0.876419,0.000,1.000,focus,good
1783252820.804688,1,85.279,0.852789,0.000,1.000,1,33.138,0.331384,0.000,1.000,1,24.657,0.246573,0.000,1.000,1,35.321,0.353208,0.000,1.000,1,64.117,0.641173,0.000,1.000,1,87.612,0.876125,0.000,1.000,focus,good
1783252820.812500,1,82.279,0.822786,0.000,1.000,1,34.204,0.342043,0.000,1.000,1,32.804,0.328044,0.000,1.000,1,37.995,0.379953,0.000,1.000,1,63.754,0.637543,0.000,1.000,1,93.120,0.931200,0.000,1.000,focus,good
1783252820.820312,1,80.145,0.801454,0.000,1.000,1,30.142,0.301423,0.000,1.000,1,28.417,0.284174,0.000,1.000,1,36.036,0.360356,0.000,1.000,1,69.627,0.696275,0.000,1.000,1,87.764,0.877638,0.000,1.000,focus,good
1783252820.828125,1,84.752,0.847522,0.000,1.000,1,28.818,0.288184,0.000,1.000,1,26.490,0.264903,0.000,1.000,1,41.422,0.414217,0.000,1.000,1,63.792,0.637917,0.000,1.000,1,90.396,0.903965,0.000,1.000,focus,good
1783252820.835938,1,85.880,0.858796,0.000,1.000,1,34.283,0.342835,0.000,1.000,1,22.593,0.225929,0.000,1.000,1,40.890,0.408900,0.000,1.000,1,68.393,0.683930,0.000,1.000,1,93.627,0.936272,0.000,1.000,focus,good
1783252820.843750,1,77.969,0.779685,0.000,1.000,1,34.153,0.341533,0.000,1.000,1,27.259,0.272595,0.000,1.000,1,38.162,0.381618,0.000,1.000,1,68.263,0.682634,0.000,1.000,1,91.276,0.912759,0.000,1.000,focus,good
1783252820.851562,1,88.630,0.886301,0.000,1.000,1,30.505,0.305051,0.000,1.000,1,29.700,0.296998,0.000,1.000,1,38.038,0.380382,0.000,1.000,1,68.432,0.684319,0.000,1.000,1,93.765,0.937653,0.000,1.000,focus,good
1783252820.859375,1,84.011,0.840106,0.000,1.000,1,32.670,0.326701,0.000,1.000,1,27.184,0.271838,0.000,1.000,1,38.876,0.388762,0.000,1.000,1,65.770,0.657698,0.000,1.000,1,90.979,0.909791,0.000,1.000,focus,good
1783252820.867188,1,82.026,0.820258,0.000,1.000,1,33.262,0.332624,0.000,1.000,1,37.540,0.375401,0.000,1.000,1,38.803,0.388035,0.000,1.000,1,67.835,0.678349,0.000,1.000,1,87.633,0.876326,0.000,1.000,focus,good
1783252820.875000,1,84.942,0.849422,0.000,1.000,1,30.788,0.307884,0.000,1.000,1,29.647,0.296475,0.000,1.000,1,39.730,0.397303,0.000,1.000,1,65.105,0.651046,0.000,1.000,1,87.732,0.877321,0.000,1.000,focus,good
1783252820.882812,1,80.982,0.809822,0.000,1.000,1,32.283,0.322827,0.000,1.000,1,30.271,0.302708,0.000,1.000,1,38.363,0.383629,0.000,1.000,1,69.872,0.698720,0.000,1.000,1,90.389,0.903887,0.000,1.000,focus,good
1783252820.890625,1,83.771,0.837712,0.000,1.000,1,31.321,0.313214,0.000,1.000,1,28.866,0.288663,0.000,1.000,1,40.743,0.407427,0.000,1.000,1,63.724,0.637236,0.000,1.000,1,90.689,0.906890,0.000,1.000,focus,good
1783252820.898438,1,87.540,0.875402,0.000,1.000,1,31.976,0.319762,0.000,1.000,1,31.429,0.314291,0.000,1.000,1,39.853,0.398526,0.000,1.000,1,69.418,0.694180,0.000,1.000,1,89.735,0.897353,0.000,1.000,focus,good
1783252820.906250,1,86.039,0.860394,0.000,1.000,1,29.099,0.290985,0.000,1.000,1,26.434,0.264338,0.000,1.000,1,42.601,0.426014,0.000,1.000,1,66.687,0.666865,0.000,1.000,1,89.753,0.897526,0.000,1.000,focus,good
1783252820.914062,1,91.673,0.916734,0.000,1.000,1,27.650,0.276498,0.000,1.000,1,30.552,0.305519,0.000,1.000,1,39.887,0.398869,0.000,1.000,1,65.600,0.656005,0.000,1.000,1,89.628,0.896279,0.000,1.000,focus,good
1783252820.921875,1,87.592,0.875925,0.000,1.000,1,29.563,0.295628,0.000,1.000,1,32.235,0.322347,0.000,1.000,1,38.980,0.389799,0.000,1.000,1,71.238,0.712384,0.000,1.000,1,90.205,0.902046,0.000,1.000,focus,good
1783252820.929688,1,84.094,0.840941,0.000,1.000,1,31.509,0.315092,0.000,1.000,1,31.922,0.319221,0.000,1.000,1,41.103,0.411025,0.000,1.000,1,66.727,0.667270,0.000,1.000,1,86.480,0.864799,0.000,1.000,focus,good
1783252820.937500,1,88.256,0.882564,0.000,1.000,1,32.434,0.324335,0.000,1.000,1,28.210,0.282103,0.000,1.000,1,38.384,0.383836,0.000,1.000,1,73.202,0.732021,0.000,1.000,1,88.270,0.882701,0.000,1.000,focus,good
1783252820.945312,1,82.070,0.820696,0.000,1.000,1,33.921,0.339208,0.000,1.000,1,29.337,0.293372,0.000,1.000,1,41.742,0.417422,0.000,1.000,1,67.658,0.676579,0.000,1.000,1,89.297,0.892969,0.000,1.000,focus,good
1783252820.953125,1,85.688,0.856882,0.000,1.000,1,34.355,0.343554,0.000,1.000,1,30.889,0.308890,0.000,1.000,1,36.777,0.367765,0.000,1.000,1,72.396,0.723963,0.000,1.000,1,88.671,0.886707,0.000,1.000,focus,good
1783252820.960938,1,86.151,0.861515,0.000,1.000,1,32.986,0.329861,0.000,1.000,1,29.205,0.292052,0.000,1.000,1,38.209,0.382088,0.000,1.000,1,64.393,0.643932,0.000,1.000,1,89.174,0.891742,0.000,1.000,focus,good
1783252820.968750,1,90.879,0.908789,0.000,1.000,1,34.455,0.344554,0.000,1.000,1,30.923,0.309234,0.000,1.000,1,40.290,0.402901,0.000,1.000,1,73.301,0.733013,0.000,1.000,1,90.620,0.906202,0.000,1.000,focus,good
1783252820.976562,1,85.014,0.850142,0.000,1.000,1,33.624,0.336237,0.000,1.000,1,31.249,0.312491,0.000,1.000,1,34.512,0.345124,0.000,1.000,1,68.220,0.682201,0.000,1.000,1,89.941,0.899409,0.000,1.000,focus,good
1783252820.984375,1,86.315,0.863152,0.000,1.000,1,32.530,0.325301,0.000,1.000,1,33.374,0.333735,0.000,1.000,1,41.170,0.411699,0.000,1.000,1,66.832,0.668319,0.000,1.000,1,91.576,0.915755,0.000,1.000,focus,good
1783252820.992188,1,85.289,0.852893,0.000,1.000,1,33.919,0.339186,0.000,1.000,1,30.581,0.305815,0.000,1.000,1,37.770,0.377701,0.000,1.000,1,68.123,0.681225,0.000,1.000,1,90.709,0.907087,0.000,1.000,focus,good
1783252821.000000,1,86.856,0.868563,0.000,1.000,1,30.552,0.305522,0.000,1.000,1,30.742,0.307420,0.000,1.000,1,37.250,0.372499,0.000,1.000,1,66.475,0.664748,0.000,1.000,1,88.510,0.885103,0.000,1.000,focus,good
1783252821.007812,1,81.782,0.817825,0.000,1.000,1,33.981,0.339808,0.000,1.000,1,32.806,0.328062,0.000,1.000,1,39.993,0.399927,0.000,1.000,1,69.955,0.699554,0.000,1.000,1,91.891,0.918906,0.000,1.000,focus,good
1783252821.015625,1,82.480,0.824796,0.000,1.000,1,33.444,0.334438,0.000,1.000,1,30.628,0.306275,0.000,1.000,1,43.989,0.439887,0.000,1.000,1,65.552,0.655517,0.000,1.000,1,91.356,0.913555,0.000,1.000,focus,good
1783252821.023438,1,85.506,0.855056,0.000,1.000,1,30.917,0.309172,0.000,1.000,1,30.682,0.306816,0.000,1.000,1,41.325,0.413248,0.000,1.000,1,63.907,0.639069,0.000,1.000,1,90.512,0.905120,0.000,1.000,focus,good
1783252821.031250,1,80.591,0.805910,0.000,1.000,1,27.876,0.278763,0.000,1.000,1,33.206,0.332056,0.000,1.000,1,37.511,0.375115,0.000,1.000,1,72.253,0.722528,0.000,1.000,1,93.523,0.935230,0.000,1.000,focus,good
1783252821.039062,1,87.299,0.872992,0.000,1.000,1,30.188,0.301881,0.000,1.000,1,31.365,0.313646,0.000,1.000,1,34.676,0.346758,0.000,1.000,1,69.472,0.694722,0.000,1.000,1,87.063,0.870627,0.000,1.000,focus,good
1783252821.046875,1,82.950,0.829498,0.000,1.000,1,34.733,0.347326,0.000,1.000,1,32.253,0.322530,0.000,1.000,1,38.244,0.382441,0.000,1.000,1,69.950,0.699504,0.000,1.000,1,90.992,0.909921,0.000,1.000,focus,good
1783252821.054688,1,83.078,0.830778,0.000,1.000,1,34.448,0.344477,0.000,1.000,1,28.553,0.285529,0.000,1.000,1,46.184,0.461837,0.000,1.000,1,71.940,0.719401,0.000,1.000,1,85.296,0.852958,0.000,1.000,focus,good
1783252821.062500,1,82.122,0.821217,0.000,1.000,1,32.414,0.324140,0.000,1.000,1,26.203,0.262034,0.000,1.000,1,36.806,0.368064,0.000,1.000,1,70.029,0.700289,0.000,1.000,1,90.310,0.903100,0.000,1.000,focus,good
1783252821.070312,1,84.171,0.841712,0.000,1.000,1,32.138,0.321380,0.000,1.000,1,31.498,0.314984,0.000,1.000,1,39.481,0.394809,0.000,1.000,1,67.949,0.679492,0.000,1.000,1,98.759,0.987586,0.000,1.000,focus,good
1783252821.078125,1,82.625,0.826255,0.000,1.000,1,32.945,0.329447,0.000,1.000,1,29.508,0.295080,0.000,1.000,1,38.249,0.382492,0.000,1.000,1,66.586,0.665858,0.000,1.000,1,87.831,0.878311,0.000,1.000,focus,good
1783252821.085938,1,80.243,0.802432,0.000,1.000,1,27.573,0.275726,0.000,1.000,1,28.398,0.283983,0.000,1.000,1,40.737,0.407372,0.000,1.000,1,69.252,0.692525,0.000,1.000,1,87.013,0.870127,0.000,1.000,focus,good
1783252821.093750,1,82.499,0.824993,0.000,1.000,1,32.072,0.320722,0.000,1.000,1,29.699,0.296991,0.000,1.000,1,39.848,0.398481,0.000,1.000,1,68.158,0.681580,0.000,1.000,1,89.635,0.896348,0.000,1.000,focus,good
1783252821.101562,1,85.832,0.858320,0.000,1.000,1,30.943,0.309433,0.000,1.000,1,29.404,0.294038,0.000,1.000,1,37.321,0.373206,0.000,1.000,1,65.706,0.657059,0.000,1.000,1,90.480,0.904801,0.000,1.000,focus,good
1783252821.109375,1,83.930,0.839298,0.000,1.000,1,33.753,0.337526,0.000,1.000,1,32.211,0.322108,0.000,1.000,1,36.460,0.364596,0.000,1.000,1,67.538,0.675383,0.000,1.000,1,91.947,0.919466,0.000,1.000,focus,good
1783252821.117188,1,85.889,0.858887,0.000,1.000,1,32.970,0.329699,0.000,1.000,1,32.329,0.323287,0.000,1.000,1,40.868,0.408681,0.000,1.000,1,69.501,0.695007,0.000,1.000,1,91.707,0.917074,0.000,1.000,focus,good
1783252821.125000,1,81.103,0.811032,0.000,1.000,1,28.127,0.281267,0.000,1.000,1,32.286,0.322864,0.000,1.000,1,37.093,0.370929,0.000,1.000,1,66.252,0.662517,0.000,1.000,1,88.635,0.886354,0.000,1.000,focus,good
1783252821.132812,1,84.874,0.848737,0.000,1.000,1,34.273,0.342735,0.000,1.000,1,27.267,0.272672,0.000,1.000,1,39.491,0.394911,0.000,1.000,1,68.866,0.688661,0.000,1.000,1,85.660,0.856597,0.000,1.000,focus,good
1783252821.140625,1,80.928,0.809283,0.000,1.000,1,32.970,0.329703,0.000,1.000,1,31.617,0.316169,0.000,1.000,1,38.057,0.380571,0.000,1.000,1,72.465,0.724650,0.000,1.000,1,90.503,0.905034,0.000,1.000,focus,good
1783252821.148438,1,89.671,0.896706,0.000,1.000,1,36.271,0.362712,0.000,1.000,1,27.895,0.278955,0.000,1.000,1,41.787,0.417866,0.000,1.000,1,67.372,0.673722,0.000,1.000,1,91.493,0.914934,0.000,1.000,focus,good
1783252821.156250,1,82.527,0.825273,0.000,1.000,1,28.041,0.280412,0.000,1.000,1,27.623,0.276232,0.000,1.000,1,40.371,0.403707,0.000,1.000,1,66.866,0.668663,0.000,1.000,1,89.894,0.898942,0.000,1.000,focus,good
1783252821.164062,1,85.357,0.853573,0.000,1.000,1,34.911,0.349112,0.000,1.000,1,28.655,0.286555,0.000,1.000,1,41.228,0.412276,0.000,1.000,1,67.416,0.674158,0.000,1.000,1,92.208,0.922085,0.000,1.000,focus,good
1783252821.171875,1,80.182,0.801818,0.000,1.000,1,35.058,0.350582,0.000,1.000,1,31.149,0.311494,0.000,1.000,1,39.375,0.393746,0.000,1.000,1,65.614,0.656136,0.000,1.000,1,90.792,0.907920,0.000,1.000,focus,good
1783252821.179688,1,86.344,0.863437,0.000,1.000,1,32.041,0.320413,0.000,1.000,1,29.779,0.297787,0.000,1.000,1,39.772,0.397724,0.000,1.000,1,66.831,0.668306,0.000,1.000,1,86.684,0.866845,0.000,1.000,focus,good
1783252821.187500,1,84.441,0.844412,0.000,1.000,1,29.331,0.293311,0.000,1.000,1,34.759,0.347594,0.000,1.000,1,38.775,0.387750,0.000,1.000,1,68.939,0.689388,0.000,1.000,1,89.600,0.896005,0.000,1.000,focus,good
1783252821.195312,1,85.750,0.857505,0.000,1.000,1,33.347,0.333467,0.000,1.000,1,27.831,0.278312,0.000,1.000,1,34.686,0.346858,0.000,1.000,1,66.988,0.669883,0.000,1.000,1,89.120,0.891196,0.000,1.000,focus,good
1783252821.203125,1,81.081,0.810812,0.000,1.000,1,33.192,0.331925,0.000,1.000,1,25.875,0.258753,0.000,1.000,1,38.462,0.384621,0.000,1.000,1,64.611,0.646115,0.000,1.000,1,93.502,0.935019,0.000,1.000,focus,good
1783252821.210938,1,83.347,0.833471,0.000,1.000,1,33.401,0.334008,0.000,1.000,1,30.604,0.306043,0.000,1.000,1,37.817,0.378165,0.000,1.000,1,69.964,0.699637,0.000,1.000,1,92.355,0.923554,0.000,1.000,focus,good
1783252821.218750,1,83.566,0.835656,0.000,1.000,1,32.618,0.326181,0.000,1.000,1,28.321,0.283214,0.000,1.000,1,39.825,0.398248,0.000,1.000,1,68.868,0.688683,0.000,1.000,1,82.709,0.827087,0.000,1.000,focus,good
1783252821.226562,1,87.023,0.870231,0.000,1.000,1,31.912,0.319121,0.000,1.000,1,32.525,0.325248,0.000,1.000,1,42.876,0.428765,0.000,1.000,1,70.385,0.703853,0.000,1.000,1,95.862,0.958615,0.000,1.000,focus,good
1783252821.234375,1,82.731,0.827309,0.000,1.000,1,24.542,0.245422,0.000,1.000,1,31.804,0.318042,0.000,1.000,1,38.298,0.382983,0.000,1.000,1,69.049,0.690485,0.000,1.000,1,90.995,0.909947,0.000,1.000,focus,good
1783252821.242188,1,84.863,0.848633,0.000,1.000,1,30.341,0.303412,0.000,1.000,1,31.887,0.318871,0.000,1.000,1,41.308,0.413085,0.000,1.000,1,70.583,0.705826,0.000,1.000,1,93.379,0.933791,0.000,1.000,focus,good
1783252821.250000,1,84.378,0.843780,0.000,1.000,1,34.367,0.343666,0.000,1.000,1,30.541,0.305415,0.000,1.000,1,42.848,0.428478,0.000,1.000,1,65.787,0.657866,0.000,1.000,1,86.328,0.863280,0.000,1.000,focus,good
1783252821.257812,1,81.879,0.818786,0.000,1.000,1,32.813,0.328133,0.000,1.000,1,32.090,0.320903,0.000,1.000,1,39.220,0.392204,0.000,1.000,1,70.189,0.701889,0.000,1.000,1,91.471,0.914709,0.000,1.000,focus,good
1783252821.265625,1,80.247,0.802473,0.000,1.000,1,31.756,0.317562,0.000,1.000,1,29.604,0.296042,0.000,1.000,1,46.053,0.460531,0.000,1.000,1,67.578,0.675777,0.000,1.000,1,88.827,0.888273,0.000,1.000,focus,good
1783252821.273438,1,83.363,0.833628,0.000,1.000,1,31.945,0.319449,0.000,1.000,1,33.767,0.337672,0.000,1.000,1,40.201,0.402014,0.000,1.000,1,69.941,0.699415,0.000,1.000,1,94.441,0.944406,0.000,1.000,focus,good
1783252821.281250,1,83.543,0.835434,0.000,1.000,1,33.813,0.338126,0.000,1.000,1,32.086,0.320861,0.000,1.000,1,38.179,0.381791,0.000,1.000,1,66.390,0.663897,0.000,1.000,1,86.927,0.869271,0.000,1.000,focus,good
1783252821.289062,1,87.440,0.874405,0.000,1.000,1,37.473,0.374731,0.000,1.000,1,31.749,0.317488,0.000,1.000,1,40.203,0.402026,0.000,1.000,1,66.588,0.665883,0.000,1.000,1,89.067,0.890665,0.000,1.000,focus,good
1783252821.296875,1,87.732,0.877321,0.000,1.000,1,35.338,0.353383,0.000,1.000,1,29.666,0.296660,0.000,1.000,1,39.402,0.394018,0.000,1.000,1,69.384,0.693841,0.000,1.000,1,93.156,0.931561,0.000,1.000,focus,good
1783252821.304688,1,85.434,0.854341,0.000,1.000,1,32.517,0.325167,0.000,1.000,1,32.060,0.320599,0.000,1.000,1,37.324,0.373239,0.000,1.000,1,65.480,0.654802,0.000,1.000,1,85.327,0.853271,0.000,1.000,focus,good
1783252821.312500,1,83.383,0.833834,0.000,1.000,1,31.281,0.312814,0.000,1.000,1,30.942,0.309425,0.000,1.000,1,39.067,0.390673,0.000,1.000,1,68.579,0.685790,0.000,1.000,1,88.649,0.886493,0.000,1.000,focus,good
1783252821.320312,1,82.410,0.824095,0.000,1.000,1,30.326,0.303263,0.000,1.000,1,33.578,0.335778,0.000,1.000,1,37.447,0.374468,0.000,1.000,1,67.436,0.674361,0.000,1.000,1,91.252,0.912522,0.000,1.000,focus,good
1783252821.328125,1,88.094,0.880942,0.000,1.000,1,33.539,0.335388,0.000,1.000,1,30.643,0.306431,0.000,1.000,1,37.767,0.377665,0.000,1.000,1,75.974,0.759739,0.000,1.000,1,91.825,0.918249,0.000,1.000,focus,good
1783252821.335938,1,86.736,0.867361,0.000,1.000,1,36.503,0.365025,0.000,1.000,1,26.997,0.269966,0.000,1.000,1,41.813,0.418126,0.000,1.000,1,64.997,0.649972,0.000,1.000,1,94.040,0.940402,0.000,1.000,focus,good
1783252821.343750,1,83.835,0.838354,0.000,1.000,1,30.674,0.306738,0.000,1.000,1,28.795,0.287953,0.000,1.000,1,35.714,0.357143,0.000,1.000,1,68.153,0.681531,0.000,1.000,1,89.540,0.895399,0.000,1.000,focus,good
1783252821.351562,1,83.785,0.837852,0.000,1.000,1,35.937,0.359373,0.000,1.000,1,31.231,0.312314,0.000,1.000,1,39.384,0.393842,0.000,1.000,1,70.988,0.709883,0.000,1.000,1,89.994,0.899940,0.000,1.000,focus,good
1783252821.359375,1,88.452,0.884524,0.000,1.000,1,35.361,0.353606,0.000,1.000,1,26.543,0.265428,0.000,1.000,1,39.244,0.392436,0.000,1.000,1,66.814,0.668137,0.000,1.000,1,89.456,0.894561,0.000,1.000,focus,good
1783252821.367188,1,84.601,0.846011,0.000,1.000,1,33.129,0.331289,0.000,1.000,1,27.866,0.278662,0.000,1.000,1,39.703,0.397029,0.000,1.000,1,68.819,0.688187,0.000,1.000,1,90.464,0.904639,0.000,1.000,focus,good
1783252821.375000,1,82.718,0.827179,0.000,1.000,1,28.748,0.287478,0.000,1.000,1,30.791,0.307913,0.000,1.000,1,41.470,0.414705,0.000,1.000,1,69.658,0.696584,0.000,1.000,1,89.239,0.892388,0.000,1.000,focus,good
1783252821.382812,1,84.457,0.844569,0.000,1.000,1,32.006,0.320064,0.000,1.000,1,27.264,0.272639,0.000,1.000,1,41.166,0.411657,0.000,1.000,1,66.270,0.662703,0.000,1.000,1,92.970,0.929701,0.000,1.000,focus,good
1783252821.390625,1,82.372,0.823720,0.000,1.000,1,33.394,0.333937,0.000,1.000,1,27.665,0.276651,0.000,1.000,1,40.113,0.401133,0.000,1.000,1,65.412,0.654119,0.000,1.000,1,94.471,0.944707,0.000,1.000,focus,good
1783252821.398438,1,83.241,0.832415,0.000,1.000,1,34.087,0.340872,0.000,1.000,1,31.359,0.313593,0.000,1.000,1,37.195,0.371954,0.000,1.000,1,70.450,0.704504,0.000,1.000,1,84.460,0.844595,0.000,1.000,focus,good
1783252821.406250,1,81.914,0.819137,0.000,1.000,1,33.310,0.333100,0.000,1.000,1,30.328,0.303278,0.000,1.000,1,41.314,0.413145,0.000,1.000,1,66.976,0.669764,0.000,1.000,1,87.897,0.878969,0.000,1.000,focus,good
1783252821.414062,1,80.218,0.802184,0.000,1.000,1,37.341,0.373414,0.000,1.000,1,29.661,0.296609,0.000,1.000,1,41.571,0.415711,0.000,1.000,1,70.205,0.702052,0.000,1.000,1,90.452,0.904523,0.000,1.000,focus,good
1783252821.421875,1,84.217,0.842173,0.000,1.000,1,36.117,0.361171,0.000,1.000,1,30.168,0.301683,0.000,1.000,1,38.267,0.382672,0.000,1.000,1,67.362,0.673619,0.000,1.000,1,87.174,0.871736,0.000,1.000,focus,good
1783252821.429688,1,86.764,0.867639,0.000,1.000,1,33.401,0.334010,0.000,1.000,1,32.546,0.325457,0.000,1.000,1,45.191,0.451912,0.000,1.000,1,69.129,0.691289,0.000,1.000,1,88.884,0.888844,0.000,1.000,focus,good
1783252821.437500,1,82.564,0.825644,0.000,1.000,1,31.854,0.318537,0.000,1.000,1,31.933,0.319326,0.000,1.000,1,36.950,0.369504,0.000,1.000,1,67.955,0.679550,0.000,1.000,1,89.847,0.898471,0.000,1.000,focus,good
1783252821.445312,1,83.756,0.837558,0.000,1.000,1,32.305,0.323049,0.000,1.000,1,27.302,0.273020,0.000,1.000,1,40.264,0.402644,0.000,1.000,1,67.724,0.677238,0.000,1.000,1,86.317,0.863173,0.000,1.000,focus,good
1783252821.453125,1,84.484,0.844839,0.000,1.000,1,29.005,0.290051,0.000,1.000,1,26.123,0.261226,0.000,1.000,1,38.095,0.380950,0.000,1.000,1,64.162,0.641617,0.000,1.000,1,90.598,0.905980,0.000,1.000,focus,good
1783252821.460938,1,85.395,0.853955,0.000,1.000,1,32.198,0.321983,0.000,1.000,1,32.462,0.324620,0.000,1.000,1,41.021,0.410210,0.000,1.000,1,65.219,0.652187,0.000,1.000,1,92.267,0.922674,0.000,1.000,focus,good
1783252821.468750,1,82.308,0.823082,0.000,1.000,1,27.876,0.278764,0.000,1.000,1,26.388,0.263882,0.000,1.000,1,37.746,0.377460,0.000,1.000,1,68.668,0.686683,0.000,1.000,1,89.899,0.898991,0.000,1.000,focus,good
1783252821.476562,1,88.301,0.883012,0.000,1.000,1,32.550,0.325500,0.000,1.000,1,26.250,0.262498,0.000,1.000,1,43.642,0.436416,0.000,1.000,1,69.352,0.693524,0.000,1.000,1,89.318,0.893180,0.000,1.000,focus,good
1783252821.484375,1,87.880,0.878804,0.000,1.000,1,29.272,0.292722,0.000,1.000,1,32.992,0.329922,0.000,1.000,1,46.571,0.465710,0.000,1.000,1,65.812,0.658122,0.000,1.000,1,92.022,0.920218,0.000,1.000,focus,good
1783252821.492188,1,84.676,0.846758,0.000,1.000,1,34.467,0.344674,0.000,1.000,1,33.165,0.331647,0.000,1.000,1,38.865,0.388653,0.000,1.000,1,74.261,0.742606,0.000,1.000,1,90.690,0.906896,0.000,1.000,focus,good
1783252821.500000,1,84.099,0.840988,0.000,1.000,1,36.178,0.361784,0.000,1.000,1,30.743,0.307433,0.000,1.000,1,39.109,0.391091,0.000,1.000,1,63.552,0.635523,0.000,1.000,1,85.207,0.852070,0.000,1.000,focus,good
1783252821.507812,1,85.195,0.851949,0.000,1.000,1,32.965,0.329647,0.000,1.000,1,31.198,0.311981,0.000,1.000,1,39.585,0.395850,0.000,1.000,1,65.030,0.650298,0.000,1.000,1,93.398,0.933981,0.000,1.000,focus,good
1783252821.515625,1,87.298,0.872978,0.000,1.000,1,32.617,0.326172,0.000,1.000,1,26.897,0.268968,0.000,1.000,1,38.164,0.381636,0.000,1.000,1,70.509,0.705092,0.000,1.000,1,90.664,0.906638,0.000,1.000,focus,good
1783252821.523438,1,85.546,0.855463,0.000,1.000,1,34.557,0.345573,0.000,1.000,1,33.524,0.335238,0.000,1.000,1,37.238,0.372378,0.000,1.000,1,69.822,0.698221,0.000,1.000,1,90.048,0.900477,0.000,1.000,focus,good
1783252821.531250,1,81.384,0.813837,0.000,1.000,1,31.982,0.319817,0.000,1.000,1,28.122,0.281220,0.000,1.000,1,43.848,0.438480,0.000,1.000,1,64.839,0.648387,0.000,1.000,1,90.600,0.906001,0.000,1.000,focus,good
1783252821.539062,1,85.655,0.856549,0.000,1.000,1,30.131,0.301312,0.000,1.000,1,34.215,0.342151,0.000,1.000,1,41.358,0.413578,0.000,1.000,1,71.034,0.710344,0.000,1.000,1,95.841,0.958407,0.000,1.000,focus,good
1783252821.546875,1,86.137,0.861365,0.000,1.000,1,34.757,0.347573,0.000,1.000,1,30.813,0.308129,0.000,1.000,1,36.660,0.366600,0.000,1.000,1,65.885,0.658851,0.000,1.000,1,91.781,0.917809,0.000,1.000,focus,good
1783252821.554688,1,87.320,0.873200,0.000,1.000,1,37.432,0.374315,0.000,1.000,1,29.480,0.294802,0.000,1.000,1,45.012,0.450119,0.000,1.000,1,67.132,0.671320,0.000,1.000,1,91.525,0.915249,0.000,1.000,focus,good
1783252821.562500,1,88.291,0.882913,0.000,1.000,1,31.130,0.311296,0.000,1.000,1,29.466,0.294655,0.000,1.000,1,38.439,0.384391,0.000,1.000,1,70.106,0.701055,0.000,1.000,1,89.787,0.897865,0.000,1.000,focus,good
1783252821.570312,1,84.547,0.845470,0.000,1.000,1,30.227,0.302269,0.000,1.000,1,30.406,0.304065,0.000,1.000,1,38.601,0.386005,0.000,1.000,1,71.226,0.712261,0.000,1.000,1,89.793,0.897928,0.000,1.000,focus,good
1783252821.578125,1,81.738,0.817384,0.000,1.000,1,34.221,0.342207,0.000,1.000,1,31.049,0.310494,0.000,1.000,1,36.863,0.368632,0.000,1.000,1,70.916,0.709163,0.000,1.000,1,92.190,0.921900,0.000,1.000,focus,good
1783252821.585938,1,87.093,0.870934,0.000,1.000,1,30.963,0.309635,0.000,1.000,1,31.027,0.310267,0.000,1.000,1,42.496,0.424958,0.000,1.000,1,65.088,0.650883,0.000,1.000,1,90.421,0.904212,0.000,1.000,focus,good
1783252821.593750,1,83.462,0.834621,0.000,1.000,1,31.912,0.319120,0.000,1.000,1,34.039,0.340395,0.000,1.000,1,38.421,0.384210,0.000,1.000,1,70.448,0.704482,0.000,1.000,1,88.949,0.889493,0.000,1.000,focus,good
1783252821.601562,1,87.873,0.878730,0.000,1.000,1,31.241,0.312414,0.000,1.000,1,29.543,0.295428,0.000,1.000,1,40.192,0.401924,0.000,1.000,1,61.047,0.610472,0.000,1.000,1,92.251,0.922511,0.000,1.000,focus,good
1783252821.609375,1,87.529,0.875293,0.000,1.000,1,28.246,0.282458,0.000,1.000,1,24.955,0.249546,0.000,1.000,1,42.705,0.427052,0.000,1.000,1,67.872,0.678716,0.000,1.000,1,90.464,0.904639,0.000,1.000,focus,good
1783252821.617188,1,85.882,0.858818,0.000,1.000,1,31.466,0.314663,0.000,1.000,1,29.652,0.296521,0.000,1.000,1,41.817,0.418171,0.000,1.000,1,66.117,0.661169,0.000,1.000,1,93.143,0.931433,0.000,1.000,focus,good
1783252821.625000,1,80.863,0.808633,0.000,1.000,1,30.947,0.309468,0.000,1.000,1,23.770,0.237705,0.000,1.000,1,39.048,0.390478,0.000,1.000,1,70.012,0.700123,0.000,1.000,1,91.360,0.913603,0.000,1.000,focus,good
1783252821.632812,1,82.412,0.824117,0.000,1.000,1,29.020,0.290197,0.000,1.000,1,34.101,0.341007,0.000,1.000,1,39.182,0.391821,0.000,1.000,1,69.209,0.692093,0.000,1.000,1,93.842,0.938423,0.000,1.000,focus,good
1783252821.640625,1,84.028,0.840281,0.000,1.000,1,29.167,0.291669,0.000,1.000,1,27.241,0.272408,0.000,1.000,1,36.780,0.367795,0.000,1.000,1,68.967,0.689673,0.000,1.000,1,96.289,0.962892,0.000,1.000,focus,good
1783252821.648438,1,84.152,0.841522,0.000,1.000,1,35.551,0.355507,0.000,1.000,1,34.116,0.341165,0.000,1.000,1,42.242,0.422416,0.000,1.000,1,70.844,0.708444,0.000,1.000,1,93.971,0.939710,0.000,1.000,focus,good
1783252821.656250,1,88.319,0.883190,0.000,1.000,1,28.887,0.288866,0.000,1.000,1,35.200,0.351996,0.000,1.000,1,38.906,0.389059,0.000,1.000,1,67.229,0.672286,0.000,1.000,1,94.153,0.941527,0.000,1.000,focus,good
1783252821.664062,1,86.491,0.864909,0.000,1.000,1,28.925,0.289255,0.000,1.000,1,31.771,0.317714,0.000,1.000,1,42.196,0.421962,0.000,1.000,1,69.707,0.697071,0.000,1.000,1,92.478,0.924776,0.000,1.000,focus,good
1783252821.671875,1,86.005,0.860049,0.000,1.000,1,36.320,0.363198,0.000,1.000,1,29.035,0.290346,0.000,1.000,1,41.236,0.412357,0.000,1.000,1,67.359,0.673591,0.000,1.000,1,91.484,0.914841,0.000,1.000,focus,good
1783252821.679688,1,86.415,0.864154,0.000,1.000,1,27.930,0.279301,0.000,1.000,1,33.405,0.334054,0.000,1.000,1,43.319,0.433187,0.000,1.000,1,66.038,0.660379,0.000,1.000,1,94.298,0.942977,0.000,1.000,focus,good
1783252821.687500,1,87.467,0.874666,0.000,1.000,1,28.391,0.283912,0.000,1.000,1,28.973,0.289733,0.000,1.000,1,40.450,0.404504,0.000,1.000,1,70.465,0.704653,0.000,1.000,1,88.048,0.880484,0.000,1.000,focus,good
1783252821.695312,1,82.863,0.828635,0.000,1.000,1,28.108,0.281079,0.000,1.000,1,31.747,0.317474,0.000,1.000,1,39.812,0.398124,0.000,1.000,1,68.269,0.682691,0.000,1.000,1,90.445,0.904454,0.000,1.000,focus,good
1783252821.703125,1,80.783,0.807832,0.000,1.000,1,28.442,0.284416,0.000,1.000,1,28.548,0.285483,0.000,1.000,1,36.735,0.367348,0.000,1.000,1,73.658,0.736577,0.000,1.000,1,87.338,0.873376,0.000,1.000,focus,good
1783252821.710938,1,85.026,0.850261,0.000,1.000,1,34.883,0.348826,0.000,1.000,1,26.955,0.269547,0.000,1.000,1,34.688,0.346882,0.000,1.000,1,63.678,0.636776,0.000,1.000,1,89.342,0.893421,0.000,1.000,focus,good
1783252821.718750,1,81.085,0.810845,0.000,1.000,1,35.464,0.354636,0.000,1.000,1,29.921,0.299208,0.000,1.000,1,42.326,0.423258,0.000,1.000,1,67.376,0.673765,0.000,1.000,1,89.517,0.895175,0.000,1.000,focus,good
1783252821.726562,1,85.446,0.854459,0.000,1.000,1,28.694,0.286942,0.000,1.000,1,30.538,0.305380,0.000,1.000,1,40.258,0.402576,0.000,1.000,1,70.162,0.701622,0.000,1.000,1,94.633,0.946327,0.000,1.000,focus,good
1783252821.734375,1,87.675,0.876753,0.000,1.000,1,32.108,0.321077,0.000,1.000,1,31.967,0.319672,0.000,1.000,1,38.307,0.383067,0.000,1.000,1,68.166,0.681661,0.000,1.000,1,86.778,0.867779,0.000,1.000,focus,good
1783252821.742188,1,86.928,0.869282,0.000,1.000,1,33.645,0.336454,0.000,1.000,1,35.453,0.354525,0.000,1.000,1,42.133,0.421334,0.000,1.000,1,67.916,0.679156,0.000,1.000,1,89.943,0.899429,0.000,1.000,focus,good
1783252821.750000,1,84.218,0.842184,0.000,1.000,1,30.381,0.303814,0.000,1.000,1,33.291,0.332909,0.000,1.000,1,39.547,0.395472,0.000,1.000,1,67.316,0.673159,0.000,1.000,1,91.623,0.916229,0.000,1.000,focus,good
1783252821.757812,1,88.645,0.886445,0.000,1.000,1,32.808,0.328079,0.000,1.000,1,23.967,0.239668,0.000,1.000,1,39.737,0.397373,0.000,1.000,1,68.870,0.688700,0.000,1.000,1,93.149,0.931491,0.000,1.000,focus,good
1783252821.765625,1,86.912,0.869123,0.000,1.000,1,31.548,0.315479,0.000,1.000,1,30.179,0.301793,0.000,1.000,1,41.630,0.416298,0.000,1.000,1,68.391,0.683907,0.000,1.000,1,87.137,0.871374,0.000,1.000,focus,good
1783252821.773438,1,84.564,0.845635,0.000,1.000,1,34.147,0.341471,0.000,1.000,1,28.749,0.287495,0.000,1.000,1,39.808,0.398082,0.000,1.000,1,69.693,0.696935,0.000,1.000,1,88.845,0.888454,0.000,1.000,focus,good
1783252821.781250,1,86.002,0.860020,0.000,1.000,1,33.227,0.332268,0.000,1.000,1,30.985,0.309853,0.000,1.000,1,42.408,0.424076,0.000,1.000,1,66.223,0.662234,0.000,1.000,1,94.836,0.948357,0.000,1.000,focus,good
1783252821.789062,1,84.311,0.843107,0.000,1.000,1,37.446,0.374462,0.000,1.000,1,27.094,0.270940,0.000,1.000,1,40.855,0.408549,0.000,1.000,1,68.294,0.682944,0.000,1.000,1,82.948,0.829485,0.000,1.000,focus,good
1783252821.796875,1,87.053,0.870534,0.000,1.000,1,35.029,0.350286,0.000,1.000,1,27.189,0.271889,0.000,1.000,1,41.465,0.414645,0.000,1.000,1,68.733,0.687334,0.000,1.000,1,91.344,0.913440,0.000,1.000,focus,good
1783252821.804688,1,83.438,0.834383,0.000,1.000,1,29.124,0.291242,0.000,1.000,1,30.937,0.309366,0.000,1.000,1,40.129,0.401285,0.000,1.000,1,68.964,0.689641,0.000,1.000,1,86.663,0.866626,0.000,1.000,focus,good
1783252821.812500,1,84.690,0.846899,0.000,1.000,1,33.702,0.337019,0.000,1.000,1,29.352,0.293521,0.000,1.000,1,41.112,0.411122,0.000,1.000,1,70.474,0.704744,0.000,1.000,1,92.548,0.925485,0.000,1.000,focus,good
1783252821.820312,1,83.559,0.835593,0.000,1.000,1,38.702,0.387022,0.000,1.000,1,30.116,0.301163,0.000,1.000,1,37.602,0.376020,0.000,1.000,1,72.575,0.725751,0.000,1.000,1,84.253,0.842525,0.000,1.000,focus,good
1783252821.828125,1,83.917,0.839167,0.000,1.000,1,32.393,0.323935,0.000,1.000,1,27.989,0.279894,0.000,1.000,1,43.317,0.433173,0.000,1.000,1,70.298,0.702978,0.000,1.000,1,89.186,0.891857,0.000,1.000,focus,good
1783252821.835938,1,85.451,0.854513,0.000,1.000,1,33.016,0.330163,0.000,1.000,1,34.017,0.340168,0.000,1.000,1,40.492,0.404917,0.000,1.000,1,71.576,0.715760,0.000,1.000,1,87.907,0.879072,0.000,1.000,focus,good
1783252821.843750,1,85.496,0.854961,0.000,1.000,1,31.254,0.312538,0.000,1.000,1,30.881,0.308809,0.000,1.000,1,42.201,0.422013,0.000,1.000,1,69.676,0.696758,0.000,1.000,1,90.512,0.905120,0.000,1.000,focus,good
1783252821.851562,1,89.169,0.891692,0.000,1.000,1,34.364,0.343639,0.000,1.000,1,36.510,0.365102,0.000,1.000,1,38.818,0.388182,0.000,1.000,1,66.554,0.665539,0.000,1.000,1,85.946,0.859458,0.000,1.000,focus,good
1783252821.859375,1,89.826,0.898262,0.000,1.000,1,32.041,0.320411,0.000,1.000,1,29.338,0.293375,0.000,1.000,1,43.228,0.432278,0.000,1.000,1,72.849,0.728486,0.000,1.000,1,87.149,0.871492,0.000,1.000,focus,good
1783252821.867188,1,87.154,0.871542,0.000,1.000,1,34.674,0.346736,0.000,1.000,1,31.711,0.317106,0.000,1.000,1,43.607,0.436070,0.000,1.000,1,66.147,0.661468,0.000,1.000,1,81.664,0.816645,0.000,1.000,focus,good
1783252821.875000,1,85.320,0.853201,0.000,1.000,1,30.671,0.306711,0.000,1.000,1,34.219,0.342192,0.000,1.000,1,43.651,0.436505,0.000,1.000,1,69.604,0.696043,0.000,1.000,1,89.575,0.895755,0.000,1.000,focus,good
1783252821.882812,1,85.709,0.857090,0.000,1.000,1,33.966,0.339661,0.000,1.000,1,29.113,0.291132,0.000,1.000,1,42.115,0.421149,0.000,1.000,1,65.768,0.657676,0.000,1.000,1,96.066,0.960658,0.000,1.000,focus,good
1783252821.890625,1,88.652,0.886524,0.000,1.000,1,34.786,0.347856,0.000,1.000,1,30.635,0.306346,0.000,1.000,1,39.483,0.394834,0.000,1.000,1,71.407,0.714067,0.000,1.000,1,89.283,0.892826,0.000,1.000,focus,good
1783252821.898438,1,82.820,0.828204,0.000,1.000,1,31.306,0.313061,0.000,1.000,1,26.876,0.268759,0.000,1.000,1,42.446,0.424461,0.000,1.000,1,67.771,0.677709,0.000,1.000,1,88.570,0.885696,0.000,1.000,focus,good
1783252821.906250,1,85.811,0.858109,0.000,1.000,1,28.555,0.285545,0.000,1.000,1,32.228,0.322279,0.000,1.000,1,39.767,0.397667,0.000,1.000,1,71.158,0.711577,0.000,1.000,1,91.648,0.916476,0.000,1.000,focus,good
1783252821.914062,1,82.566,0.825659,0.000,1.000,1,38.341,0.383412,0.000,1.000,1,29.444,0.294441,0.000,1.000,1,37.286,0.372864,0.000,1.000,1,64.537,0.645371,0.000,1.000,1,94.958,0.949583,0.000,1.000,focus,good
1783252821.921875,1,82.969,0.829688,0.000,1.000,1,30.964,0.309637,0.000,1.000,1,28.846,0.288460,0.000,1.000,1,34.788,0.347875,0.000,1.000,1,64.716,0.647157,0.000,1.000,1,86.961,0.869609,0.000,1.000,focus,good
1783252821.929688,1,83.656,0.836558,0.000,1.000,1,29.523,0.295228,0.000,1.000,1,32.041,0.320413,0.000,1.000,1,40.628,0.406280,0.000,1.000,1,72.061,0.720607,0.000,1.000,1,91.971,0.919713,0.000,1.000,focus,good
1783252821.937500,1,85.673,0.856726,0.000,1.000,1,30.881,0.308810,0.000,1.000,1,32.372,0.323718,0.000,1.000,1,34.307,0.343069,0.000,1.000,1,69.516,0.695159,0.000,1.000,1,93.805,0.938054,0.000,1.000,focus,good
1783252821.945312,1,88.857,0.888573,0.000,1.000,1,31.714,0.317143,0.000,1.000,1,32.097,0.320967,0.000,1.000,1,43.353,0.433531,0.000,1.000,1,72.278,0.722780,0.000,1.000,1,93.509,0.935087,0.000,1.000,focus,good
1783252821.953125,1,82.941,0.829411,0.000,1.000,1,33.459,0.334595,0.000,1.000,1,26.285,0.262854,0.000,1.000,1,43.536,0.435356,0.000,1.000,1,67.843,0.678429,0.000,1.000,1,91.806,0.918059,0.000,1.000,focus,good
1783252821.960938,1,84.414,0.844138,0.000,1.000,1,32.787,0.327867,0.000,1.000,1,29.015,0.290147,0.000,1.000,1,39.670,0.396704,0.000,1.000,1,67.719,0.677190,0.000,1.000,1,92.260,0.922600,0.000,1.000,focus,good
1783252821.968750,1,88.364,0.883645,0.000,1.000,1,28.938,0.289376,0.000,1.000,1,31.313,0.313130,0.000,1.000,1,42.074,0.420738,0.000,1.000,1,64.648,0.646480,0.000,1.000,1,92.908,0.929083,0.000,1.000,focus,good
1783252821.976562,1,85.072,0.850717,0.000,1.000,1,33.409,0.334086,0.000,1.000,1,29.395,0.293954,0.000,1.000,1,43.826,0.438260,0.000,1.000,1,69.119,0.691191,0.000,1.000,1,87.441,0.874413,0.000,1.000,focus,good
1783252821.984375,1,87.795,0.877949,0.000,1.000,1,31.386,0.313865,0.000,1.000,1,36.352,0.363525,0.000,1.000,1,38.352,0.383517,0.000,1.000,1,72.227,0.722272,0.000,1.000,1,92.264,0.922641,0.000,1.000,focus,good
1783252821.992188,1,84.675,0.846749,0.000,1.000,1,31.963,0.319631,0.000,1.000,1,32.684,0.326844,0.000,1.000,1,43.493,0.434926,0.000,1.000,1,67.599,0.675992,0.000,1.000,1,93.840,0.938397,0.000,1.000,focus,good
1783252822.000000,1,85.491,0.854912,0.000,1.000,1,33.553,0.335526,0.000,1.000,1,31.105,0.311051,0.000,1.000,1,39.517,0.395166,0.000,1.000,1,63.856,0.638556,0.000,1.000,1,88.303,0.883028,0.000,1.000,focus,good
1783252822.007812,1,83.405,0.834051,0.000,1.000,1,34.543,0.345433,0.000,1.000,1,31.968,0.319680,0.000,1.000,1,44.463,0.444634,0.000,1.000,1,64.731,0.647314,0.000,1.000,1,94.003,0.940031,0.000,1.000,focus,good
1783252822.015625,1,82.848,0.828475,0.000,1.000,1,35.988,0.359877,0.000,1.000,1,30.437,0.304371,0.000,1.000,1,36.123,0.361230,0.000,1.000,1,68.054,0.680541,0.000,1.000,1,91.192,0.911916,0.000,1.000,focus,good
1783252822.023438,1,86.146,0.861462,0.000,1.000,1,33.865,0.338645,0.000,1.000,1,30.137,0.301373,0.000,1.000,1,38.937,0.389369,0.000,1.000,1,66.831,0.668309,0.000,1.000,1,89.498,0.894977,0.000,1.000,focus,good
1783252822.031250,1,88.070,0.880699,0.000,1.000,1,32.775,0.327748,0.000,1.000,1,30.339,0.303388,0.000,1.000,1,44.257,0.442571,0.000,1.000,1,65.069,0.650691,0.000,1.000,1,90.499,0.904993,0.000,1.000,focus,good
1783252822.039062,1,86.428,0.864284,0.000,1.000,1,31.676,0.316757,0.000,1.000,1,30.749,0.307486,0.000,1.000,1,40.209,0.402094,0.000,1.000,1,63.843,0.638427,0.000,1.000,1,94.239,0.942386,0.000,1.000,focus,good
1783252822.046875,1,86.887,0.868874,0.000,1.000,1,32.190,0.321895,0.000,1.000,1,31.568,0.315676,0.000,1.000,1,38.409,0.384087,0.000,1.000,1,68.702,0.687020,0.000,1.000,1,90.054,0.900539,0.000,1.000,focus,good
1783252822.054688,1,82.913,0.829126,0.000,1.000,1,34.845,0.348454,0.000,1.000,1,30.476,0.304764,0.000,1.000,1,37.377,0.373772,0.000,1.000,1,66.465,0.664646,0.000,1.000,1,88.453,0.884528,0.000,1.000,focus,good
1783252822.062500,1,86.348,0.863481,0.000,1.000,1,31.293,0.312928,0.000,1.000,1,32.120,0.321201,0.000,1.000,1,41.160,0.411596,0.000,1.000,1,69.556,0.695564,0.000,1.000,1,89.171,0.891711,0.000,1.000,focus,good
1783252822.070312,1,86.045,0.860449,0.000,1.000,1,31.655,0.316548,0.000,1.000,1,30.830,0.308304,0.000,1.000,1,41.323,0.413232,0.000,1.000,1,68.967,0.689666,0.000,1.000,1,94.284,0.942840,0.000,1.000,focus,good
1783252822.078125,1,84.631,0.846311,0.000,1.000,1,30.711,0.307111,0.000,1.000,1,32.794,0.327938,0.000,1.000,1,39.281,0.392808,0.000,1.000,1,71.607,0.716075,0.000,1.000,1,86.384,0.863837,0.000,1.000,focus,good
1783252822.085938,1,82.785,0.827855,0.000,1.000,1,32.046,0.320464,0.000,1.000,1,28.907,0.289074,0.000,1.000,1,39.732,0.397317,0.000,1.000,1,73.452,0.734516,0.000,1.000,1,88.207,0.882065,0.000,1.000,focus,good
1783252822.093750,1,84.477,0.844766,0.000,1.000,1,33.209,0.332086,0.000,1.000,1,32.473,0.324734,0.000,1.000,1,39.632,0.396319,0.000,1.000,1,63.555,0.635546,0.000,1.000,1,85.793,0.857925,0.000,1.000,focus,good
1783252822.101562,1,85.057,0.850571,0.000,1.000,1,30.282,0.302825,0.000,1.000,1,32.252,0.322518,0.000,1.000,1,36.287,0.362870,0.000,1.000,1,69.392,0.693918,0.000,1.000,1,87.722,0.877220,0.000,1.000,focus,good
1783252822.109375,1,79.136,0.791358,0.000,1.000,1,31.937,0.319372,0.000,1.000,1,31.161,0.311608,0.000,1.000,1,43.031,0.430309,0.000,1.000,1,64.245,0.642449,0.000,1.000,1,93.270,0.932696,0.000,1.000,focus,good
1783252822.117188,1,83.795,0.837949,0.000,1.000,1,32.830,0.328302,0.000,1.000,1,34.581,0.345809,0.000,1.000,1,39.174,0.391743,0.000,1.000,1,66.693,0.666930,0.000,1.000,1,91.342,0.913416,0.000,1.000,focus,good
1783252822.125000,1,83.105,0.831053,0.000,1.000,1,34.021,0.340209,0.000,1.000,1,34.547,0.345475,0.000,1.000,1,40.256,0.402562,0.000,1.000,1,68.311,0.683107,0.000,1.000,1,90.119,0.901194,0.000,1.000,focus,good
1783252822.132812,1,85.463,0.854627,0.000,1.000,1,30.486,0.304860,0.000,1.000,1,25.511,0.255113,0.000,1.000,1,38.914,0.389143,0.000,1.000,1,65.487,0.654874,0.000,1.000,1,88.239,0.882388,0.000,1.000,focus,good
1783252822.140625,1,85.480,0.854801,0.000,1.000,1,32.965,0.329652,0.000,1.000,1,27.832,0.278325,0.000,1.000,1,37.225,0.372247,0.000,1.000,1,70.139,0.701392,0.000,1.000,1,86.390,0.863904,0.000,1.000,focus,good
1783252822.148438,1,87.425,0.874254,0.000,1.000,1,36.339,0.363391,0.000,1.000,1,29.558,0.295580,0.000,1.000,1,39.870,0.398702,0.000,1.000,1,66.911,0.669109,0.000,1.000,1,90.451,0.904505,0.000,1.000,focus,good
1783252822.156250,1,90.762,0.907619,0.000,1.000,1,32.593,0.325927,0.000,1.000,1,33.294,0.332943,0.000,1.000,1,40.521,0.405206,0.000,1.000,1,68.341,0.683408,0.000,1.000,1,92.477,0.924774,0.000,1.000,focus,good
1783252822.164062,1,89.171,0.891713,0.000,1.000,1,32.896,0.328960,0.000,1.000,1,33.008,0.330081,0.000,1.000,1,42.801,0.428006,0.000,1.000,1,70.927,0.709272,0.000,1.000,1,90.101,0.901012,0.000,1.000,focus,good
1783252822.171875,1,85.528,0.855284,0.000,1.000,1,33.649,0.336489,0.000,1.000,1,30.350,0.303499,0.000,1.000,1,44.827,0.448270,0.000,1.000,1,67.774,0.677740,0.000,1.000,1,85.530,0.855299,0.000,1.000,focus,good
1783252822.179688,1,84.182,0.841825,0.000,1.000,1,30.833,0.308326,0.000,1.000,1,29.931,0.299310,0.000,1.000,1,38.517,0.385171,0.000,1.000,1,67.042,0.670418,0.000,1.000,1,90.130,0.901295,0.000,1.000,focus,good
1783252822.187500,1,85.071,0.850714,0.000,1.000,1,34.054,0.340541,0.000,1.000,1,29.868,0.298680,0.000,1.000,1,41.140,0.411396,0.000,1.000,1,69.217,0.692167,0.000,1.000,1,85.232,0.852325,0.000,1.000,focus,good
1783252822.195312,1,87.012,0.870119,0.000,1.000,1,31.600,0.315996,0.000,1.000,1,30.763,0.307634,0.000,1.000,1,41.417,0.414167,0.000,1.000,1,65.643,0.656428,0.000,1.000,1,92.946,0.929456,0.000,1.000,focus,good
1783252822.203125,1,86.023,0.860228,0.000,1.000,1,33.712,0.337116,0.000,1.000,1,31.394,0.313942,0.000,1.000,1,43.573,0.435733,0.000,1.000,1,68.980,0.689796,0.000,1.000,1,89.540,0.895402,0.000,1.000,focus,good
1783252822.210938,1,87.505,0.875054,0.000,1.000,1,33.470,0.334696,0.000,1.000,1,29.805,0.298046,0.000,1.000,1,39.821,0.398210,0.000,1.000,1,71.009,0.710087,0.000,1.000,1,91.613,0.916135,0.000,1.000,focus,good
1783252822.218750,1,85.861,0.858614,0.000,1.000,1,36.057,0.360575,0.000,1.000,1,32.135,0.321346,0.000,1.000,1,40.581,0.405805,0.000,1.000,1,70.508,0.705078,0.000,1.000,1,90.804,0.908037,0.000,1.000,focus,good
1783252822.226562,1,84.055,0.840552,0.000,1.000,1,27.115,0.271149,0.000,1.000,1,29.936,0.299356,0.000,1.000,1,41.101,0.411006,0.000,1.000,1,63.467,0.634673,0.000,1.000,1,94.724,0.947238,0.000,1.000,focus,good
1783252822.234375,1,82.175,0.821749,0.000,1.000,1,35.046,0.350464,0.000,1.000,1,29.095,0.290950,0.000,1.000,1,38.809,0.388095,0.000,1.000,1,73.523,0.735233,0.000,1.000,1,88.272,0.882720,0.000,1.000,focus,good
1783252822.242188,1,87.064,0.870642,0.000,1.000,1,34.469,0.344687,0.000,1.000,1,33.426,0.334256,0.000,1.000,1,43.292,0.432920,0.000,1.000,1,70.321,0.703207,0.000,1.000,1,91.964,0.919642,0.000,1.000,focus,good
1783252822.250000,1,80.319,0.803190,0.000,1.000,1,36.054,0.360537,0.000,1.000,1,33.909,0.339092,0.000,1.000,1,40.894,0.408939,0.000,1.000,1,67.344,0.673439,0.000,1.000,1,92.997,0.929973,0.000,1.000,focus,good
1783252822.257812,1,91.248,0.912480,0.000,1.000,1,33.661,0.336614,0.000,1.000,1,33.877,0.338774,0.000,1.000,1,39.061,0.390614,0.000,1.000,1,65.732,0.657322,0.000,1.000,1,89.096,0.890962,0.000,1.000,focus,good
1783252822.265625,1,89.236,0.892361,0.000,1.000,1,31.997,0.319966,0.000,1.000,1,32.276,0.322762,0.000,1.000,1,41.646,0.416464,0.000,1.000,1,67.768,0.677682,0.000,1.000,1,91.598,0.915981,0.000,1.000,focus,good
1783252822.273438,1,85.003,0.850027,0.000,1.000,1,35.017,0.350169,0.000,1.000,1,35.081,0.350806,0.000,1.000,1,43.309,0.433087,0.000,1.000,1,68.693,0.686928,0.000,1.000,1,93.024,0.930236,0.000,1.000,focus,good
1783252822.281250,1,85.862,0.858623,0.000,1.000,1,30.711,0.307111,0.000,1.000,1,33.055,0.330547,0.000,1.000,1,39.116,0.391161,0.000,1.000,1,72.932,0.729317,0.000,1.000,1,94.085,0.940853,0.000,1.000,focus,good
1783252822.289062,1,89.160,0.891595,0.000,1.000,1,34.949,0.349487,0.000,1.000,1,25.884,0.258841,0.000,1.000,1,39.532,0.395320,0.000,1.000,1,65.782,0.657819,0.000,1.000,1,96.509,0.965088,0.000,1.000,focus,good
1783252822.296875,1,87.159,0.871590,0.000,1.000,1,31.692,0.316923,0.000,1.000,1,33.252,0.332523,0.000,1.000,1,44.899,0.448992,0.000,1.000,1,66.795,0.667946,0.000,1.000,1,90.317,0.903174,0.000,1.000,focus,good
1783252822.304688,1,83.872,0.838716,0.000,1.000,1,33.215,0.332152,0.000,1.000,1,29.917,0.299166,0.000,1.000,1,43.720,0.437200,0.000,1.000,1,73.927,0.739270,0.000,1.000,1,88.504,0.885044,0.000,1.000,focus,good
1783252822.312500,1,87.136,0.871360,0.000,1.000,1,31.540,0.315398,0.000,1.000,1,30.854,0.308541,0.000,1.000,1,37.572,0.375716,0.000,1.000,1,64.819,0.648195,0.000,1.000,1,91.972,0.919725,0.000,1.000,focus,good
1783252822.320312,1,88.938,0.889381,0.000,1.000,1,26.422,0.264221,0.000,1.000,1,32.320,0.323202,0.000,1.000,1,40.715,0.407154,0.000,1.000,1,65.486,0.654855,0.000,1.000,1,86.666,0.866658,0.000,1.000,focus,good
1783252822.328125,1,84.545,0.845453,0.000,1.000,1,28.641,0.286406,0.000,1.000,1,35.322,0.353217,0.000,1.000,1,40.583,0.405832,0.000,1.000,1,70.138,0.701382,0.000,1.000,1,90.683,0.906830,0.000,1.000,focus,good
1783252822.335938,1,85.124,0.851236,0.000,1.000,1,32.688,0.326876,0.000,1.000,1,31.030,0.310297,0.000,1.000,1,40.881,0.408814,0.000,1.000,1,67.917,0.679167,0.000,1.000,1,91.109,0.911093,0.000,1.000,focus,good
1783252822.343750,1,78.734,0.787342,0.000,1.000,1,32.328,0.323283,0.000,1.000,1,29.914,0.299140,0.000,1.000,1,42.152,0.421518,0.000,1.000,1,68.383,0.683832,0.000,1.000,1,88.245,0.882447,0.000,1.000,focus,good
1783252822.351562,1,89.850,0.898497,0.000,1.000,1,31.312,0.313116,0.000,1.000,1,29.235,0.292352,0.000,1.000,1,43.923,0.439233,0.000,1.000,1,72.504,0.725043,0.000,1.000,1,90.167,0.901668,0.000,1.000,focus,good
1783252822.359375,1,89.290,0.892900,0.000,1.000,1,33.337,0.333374,0.000,1.000,1,30.398,0.303976,0.000,1.000,1,42.191,0.421911,0.000,1.000,1,68.387,0.683874,0.000,1.000,1,90.130,0.901295,0.000,1.000,focus,good
1783252822.367188,1,85.875,0.858752,0.000,1.000,1,36.516,0.365163,0.000,1.000,1,31.293,0.312929,0.000,1.000,1,36.644,0.366444,0.000,1.000,1,70.014,0.700141,0.000,1.000,1,90.325,0.903247,0.000,1.000,focus,good
1783252822.375000,1,82.229,0.822291,0.000,1.000,1,30.333,0.303330,0.000,1.000,1,28.369,0.283685,0.000,1.000,1,38.584,0.385844,0.000,1.000,1,69.620,0.696201,0.000,1.000,1,87.118,0.871185,0.000,1.000,focus,good
1783252822.382812,1,83.911,0.839107,0.000,1.000,1,33.562,0.335622,0.000,1.000,1,28.590,0.285898,0.000,1.000,1,44.034,0.440344,0.000,1.000,1,70.649,0.706490,0.000,1.000,1,90.605,0.906047,0.000,1.000,focus,good
1783252822.390625,1,85.076,0.850757,0.000,1.000,1,32.685,0.326848,0.000,1.000,1,31.910,0.319097,0.000,1.000,1,40.695,0.406954,0.000,1.000,1,66.704,0.667044,0.000,1.000,1,97.767,0.977668,0.000,1.000,focus,good
1783252822.398438,1,85.381,0.853808,0.000,1.000,1,31.076,0.310761,0.000,1.000,1,34.256,0.342560,0.000,1.000,1,38.067,0.380665,0.000,1.000,1,69.048,0.690479,0.000,1.000,1,93.839,0.938393,0.000,1.000,focus,good
1783252822.406250,1,86.852,0.868520,0.000,1.000,1,34.676,0.346762,0.000,1.000,1,25.229,0.252287,0.000,1.000,1,41.231,0.412313,0.000,1.000,1,70.066,0.700659,0.000,1.000,1,90.270,0.902701,0.000,1.000,focus,good
1783252822.414062,1,83.204,0.832039,0.000,1.000,1,30.604,0.306041,0.000,1.000,1,28.666,0.286664,0.000,1.000,1,40.239,0.402387,0.000,1.000,1,68.944,0.689439,0.000,1.000,1,90.491,0.904910,0.000,1.000,focus,good
1783252822.421875,1,86.370,0.863698,0.000,1.000,1,31.326,0.313262,0.000,1.000,1,33.859,0.338586,0.000,1.000,1,42.867,0.428674,0.000,1.000,1,65.791,0.657908,0.000,1.000,1,86.622,0.866216,0.000,1.000,focus,good
1783252822.429688,1,85.559,0.855585,0.000,1.000,1,35.723,0.357233,0.000,1.000,1,32.557,0.325574,0.000,1.000,1,42.638,0.426381,0.000,1.000,1,70.085,0.700850,0.000,1.000,1,87.580,0.875801,0.000,1.000,focus,good
1783252822.437500,1,84.866,0.848662,0.000,1.000,1,32.238,0.322375,0.000,1.000,1,29.052,0.290515,0.000,1.000,1,42.870,0.428703,0.000,1.000,1,69.864,0.698636,0.000,1.000,1,90.146,0.901459,0.000,1.000,focus,good
1783252822.445312,1,85.845,0.858446,0.000,1.000,1,32.401,0.324006,0.000,1.000,1,29.600,0.296003,0.000,1.000,1,37.411,0.374106,0.000,1.000,1,68.034,0.680337,0.000,1.000,1,94.520,0.945196,0.000,1.000,focus,good
1783252822.453125,1,84.762,0.847616,0.000,1.000,1,38.598,0.385984,0.000,1.000,1,30.588,0.305881,0.000,1.000,1,41.340,0.413397,0.000,1.000,1,66.413,0.664128,0.000,1.000,1,91.634,0.916335,0.000,1.000,focus,good
1783252822.460938,1,86.537,0.865374,0.000,1.000,1,28.007,0.280072,0.000,1.000,1,31.821,0.318207,0.000,1.000,1,43.996,0.439964,0.000,1.000,1,64.425,0.644254,0.000,1.000,1,94.385,0.943848,0.000,1.000,focus,good
1783252822.468750,1,89.101,0.891013,0.000,1.000,1,31.668,0.316676,0.000,1.000,1,31.403,0.314033,0.000,1.000,1,43.256,0.432556,0.000,1.000,1,67.973,0.679730,0.000,1.000,1,90.271,0.902707,0.000,1.000,focus,good
1783252822.476562,1,81.170,0.811704,0.000,1.000,1,32.435,0.324350,0.000,1.000,1,32.394,0.323941,0.000,1.000,1,43.784,0.437844,0.000,1.000,1,65.409,0.654094,0.000,1.000,1,93.244,0.932437,0.000,1.000,focus,good
1783252822.484375,1,81.337,0.813375,0.000,1.000,1,31.809,0.318095,0.000,1.000,1,33.941,0.339406,0.000,1.000,1,38.563,0.385626,0.000,1.000,1,65.558,0.655584,0.000,1.000,1,86.797,0.867970,0.000,1.000,focus,good
1783252822.492188,1,82.770,0.827703,0.000,1.000,1,36.402,0.364021,0.000,1.000,1,26.208,0.262080,0.000,1.000,1,39.698,0.396976,0.000,1.000,1,67.536,0.675364,0.000,1.000,1,86.758,0.867578,0.000,1.000,focus,good
1783252822.500000,1,83.226,0.832258,0.000,1.000,1,32.688,0.326877,0.000,1.000,1,31.218,0.312182,0.000,1.000,1,39.246,0.392459,0.000,1.000,1,69.675,0.696752,0.000,1.000,1,95.332,0.953321,0.000,1.000,focus,good
1783252822.507812,1,81.057,0.810566,0.000,1.000,1,33.116,0.331158,0.000,1.000,1,29.288,0.292880,0.000,1.000,1,39.495,0.394945,0.000,1.000,1,69.987,0.699871,0.000,1.000,1,88.512,0.885119,0.000,1.000,focus,good
1783252822.515625,1,85.158,0.851585,0.000,1.000,1,33.736,0.337357,0.000,1.000,1,29.047,0.290474,0.000,1.000,1,38.800,0.388001,0.000,1.000,1,70.362,0.703621,0.000,1.000,1,92.232,0.922320,0.000,1.000,focus,good
1783252822.523438,1,83.550,0.835502,0.000,1.000,1,35.458,0.354584,0.000,1.000,1,31.523,0.315235,0.000,1.000,1,42.981,0.429805,0.000,1.000,1,68.219,0.682188,0.000,1.000,1,91.151,0.911506,0.000,1.000,focus,good
1783252822.531250,1,83.808,0.838081,0.000,1.000,1,33.637,0.336370,0.000,1.000,1,36.964,0.369642,0.000,1.000,1,40.953,0.409530,0.000,1.000,1,68.035,0.680352,0.000,1.000,1,90.246,0.902463,0.000,1.000,focus,good
1783252822.539062,1,85.452,0.854516,0.000,1.000,1,31.444,0.314444,0.000,1.000,1,30.856,0.308558,0.000,1.000,1,42.533,0.425333,0.000,1.000,1,73.077,0.730772,0.000,1.000,1,91.063,0.910633,0.000,1.000,focus,good
1783252822.546875,1,90.402,0.904020,0.000,1.000,1,38.112,0.381124,0.000,1.000,1,30.243,0.302435,0.000,1.000,1,41.805,0.418049,0.000,1.000,1,69.585,0.695847,0.000,1.000,1,92.652,0.926517,0.000,1.000,focus,good
1783252822.554688,1,86.361,0.863609,0.000,1.000,1,30.783,0.307831,0.000,1.000,1,32.615,0.326146,0.000,1.000,1,38.496,0.384957,0.000,1.000,1,72.662,0.726616,0.000,1.000,1,89.540,0.895398,0.000,1.000,focus,good
1783252822.562500,1,83.900,0.838997,0.000,1.000,1,31.723,0.317233,0.000,1.000,1,32.264,0.322645,0.000,1.000,1,41.915,0.419150,0.000,1.000,1,73.023,0.730230,0.000,1.000,1,92.106,0.921063,0.000,1.000,focus,good
1783252822.570312,1,81.299,0.812991,0.000,1.000,1,32.801,0.328012,0.000,1.000,1,31.889,0.318892,0.000,1.000,1,45.045,0.450445,0.000,1.000,1,66.604,0.666042,0.000,1.000,1,88.132,0.881321,0.000,1.000,focus,good
1783252822.578125,1,84.371,0.843707,0.000,1.000,1,34.311,0.343108,0.000,1.000,1,34.161,0.341605,0.000,1.000,1,40.931,0.409308,0.000,1.000,1,72.963,0.729629,0.000,1.000,1,86.421,0.864207,0.000,1.000,focus,good
1783252822.585938,1,83.143,0.831431,0.000,1.000,1,34.961,0.349611,0.000,1.000,1,32.909,0.329090,0.000,1.000,1,36.173,0.361730,0.000,1.000,1,71.152,0.711517,0.000,1.000,1,90.153,0.901533,0.000,1.000,focus,good
1783252822.593750,1,80.430,0.804301,0.000,1.000,1,30.508,0.305076,0.000,1.000,1,31.820,0.318202,0.000,1.000,1,43.836,0.438360,0.000,1.000,1,68.029,0.680288,0.000,1.000,1,89.837,0.898373,0.000,1.000,focus,good
1783252822.601562,1,82.432,0.824322,0.000,1.000,1,28.955,0.289546,0.000,1.000,1,32.447,0.324471,0.000,1.000,1,44.988,0.449881,0.000,1.000,1,69.444,0.694444,0.000,1.000,1,93.381,0.933810,0.000,1.000,focus,good
1783252822.609375,1,81.648,0.816482,0.000,1.000,1,29.938,0.299383,0.000,1.000,1,28.602,0.286017,0.000,1.000,1,43.686,0.436864,0.000,1.000,1,72.109,0.721093,0.000,1.000,1,94.035,0.940351,0.000,1.000,focus,good
1783252822.617188,1,84.680,0.846799,0.000,1.000,1,34.894,0.348943,0.000,1.000,1,26.053,0.260528,0.000,1.000,1,44.740,0.447400,0.000,1.000,1,70.339,0.703387,0.000,1.000,1,88.478,0.884780,0.000,1.000,focus,good
1783252822.625000,1,84.292,0.842921,0.000,1.000,1,36.065,0.360648,0.000,1.000,1,31.937,0.319368,0.000,1.000,1,40.002,0.400015,0.000,1.000,1,68.722,0.687221,0.000,1.000,1,93.525,0.935250,0.000,1.000,focus,good
1783252822.632812,1,86.149,0.861494,0.000,1.000,1,38.374,0.383741,0.000,1.000,1,28.670,0.286704,0.000,1.000,1,40.453,0.404528,0.000,1.000,1,66.346,0.663460,0.000,1.000,1,91.714,0.917142,0.000,1.000,focus,good
1783252822.640625,1,82.070,0.820698,0.000,1.000,1,35.464,0.354641,0.000,1.000,1,30.379,0.303786,0.000,1.000,1,40.607,0.406073,0.000,1.000,1,68.863,0.688625,0.000,1.000,1,92.735,0.927351,0.000,1.000,focus,good
1783252822.648438,1,90.720,0.907204,0.000,1.000,1,27.073,0.270734,0.000,1.000,1,34.250,0.342498,0.000,1.000,1,39.007,0.390066,0.000,1.000,1,70.799,0.707995,0.000,1.000,1,94.271,0.942709,0.000,1.000,focus,good
1783252822.656250,1,85.525,0.855251,0.000,1.000,1,31.198,0.311975,0.000,1.000,1,31.652,0.316519,0.000,1.000,1,41.517,0.415169,0.000,1.000,1,68.947,0.689465,0.000,1.000,1,90.808,0.908082,0.000,1.000,focus,good
1783252822.664062,1,83.162,0.831623,0.000,1.000,1,32.463,0.324633,0.000,1.000,1,27.808,0.278084,0.000,1.000,1,42.958,0.429585,0.000,1.000,1,70.728,0.707276,0.000,1.000,1,88.447,0.884474,0.000,1.000,focus,good
1783252822.671875,1,89.169,0.891688,0.000,1.000,1,31.798,0.317977,0.000,1.000,1,34.161,0.341611,0.000,1.000,1,43.097,0.430970,0.000,1.000,1,69.280,0.692800,0.000,1.000,1,93.335,0.933354,0.000,1.000,focus,good
1783252822.679688,1,83.051,0.830508,0.000,1.000,1,35.956,0.359558,0.000,1.000,1,27.775,0.277754,0.000,1.000,1,37.553,0.375533,0.000,1.000,1,68.618,0.686180,0.000,1.000,1,89.528,0.895278,0.000,1.000,focus,good
1783252822.687500,1,83.457,0.834566,0.000,1.000,1,33.930,0.339300,0.000,1.000,1,27.601,0.276009,0.000,1.000,1,40.518,0.405175,0.000,1.000,1,66.250,0.662497,0.000,1.000,1,96.460,0.964597,0.000,1.000,focus,good
1783252822.695312,1,84.218,0.842177,0.000,1.000,1,34.172,0.341718,0.000,1.000,1,26.796,0.267956,0.000,1.000,1,39.569,0.395694,0.000,1.000,1,67.550,0.675498,0.000,1.000,1,89.889,0.898886,0.000,1.000,focus,good
1783252822.703125,1,85.053,0.850527,0.000,1.000,1,32.590,0.325904,0.000,1.000,1,31.582,0.315822,0.000,1.000,1,39.472,0.394719,0.000,1.000,1,70.522,0.705225,0.000,1.000,1,91.243,0.912428,0.000,1.000,focus,good
1783252822.710938,1,87.795,0.877953,0.000,1.000,1,33.268,0.332680,0.000,1.000,1,27.070,0.270701,0.000,1.000,1,42.108,0.421082,0.000,1.000,1,70.817,0.708174,0.000,1.000,1,87.867,0.878666,0.000,1.000,focus,good
1783252822.718750,1,87.641,0.876407,0.000,1.000,1,28.948,0.289475,0.000,1.000,1,27.138,0.271383,0.000,1.000,1,40.355,0.403553,0.000,1.000,1,70.476,0.704759,0.000,1.000,1,91.993,0.919931,0.000,1.000,focus,good
1783252822.726562,1,83.225,0.832250,0.000,1.000,1,33.928,0.339276,0.000,1.000,1,32.177,0.321768,0.000,1.000,1,38.994,0.389939,0.000,1.000,1,69.608,0.696082,0.000,1.000,1,90.018,0.900180,0.000,1.000,focus,good
1783252822.734375,1,86.618,0.866178,0.000,1.000,1,29.622,0.296221,0.000,1.000,1,27.318,0.273178,0.000,1.000,1,43.742,0.437422,0.000,1.000,1,64.696,0.646959,0.000,1.000,1,92.301,0.923010,0.000,1.000,focus,good
1783252822.742188,1,88.048,0.880482,0.000,1.000,1,31.350,0.313496,0.000,1.000,1,31.252,0.312516,0.000,1.000,1,41.942,0.419415,0.000,1.000,1,69.685,0.696853,0.000,1.000,1,94.775,0.947746,0.000,1.000,focus,good
1783252822.750000,1,82.472,0.824715,0.000,1.000,1,31.575,0.315754,0.000,1.000,1,25.674,0.256735,0.000,1.000,1,42.603,0.426034,0.000,1.000,1,69.823,0.698226,0.000,1.000,1,88.927,0.889269,0.000,1.000,focus,good
1783252822.757812,1,85.798,0.857978,0.000,1.000,1,36.486,0.364865,0.000,1.000,1,30.273,0.302733,0.000,1.000,1,39.500,0.395003,0.000,1.000,1,66.979,0.669786,0.000,1.000,1,89.806,0.898057,0.000,1.000,focus,good
1783252822.765625,1,80.089,0.800890,0.000,1.000,1,29.099,0.290993,0.000,1.000,1,29.631,0.296308,0.000,1.000,1,44.462,0.444620,0.000,1.000,1,70.875,0.708753,0.000,1.000,1,90.726,0.907262,0.000,1.000,focus,good
1783252822.773438,1,84.472,0.844724,0.000,1.000,1,30.982,0.309815,0.000,1.000,1,33.500,0.335005,0.000,1.000,1,41.530,0.415304,0.000,1.000,1,67.671,0.676714,0.000,1.000,1,90.567,0.905669,0.000,1.000,focus,good
1783252822.781250,1,85.156,0.851558,0.000,1.000,1,34.551,0.345513,0.000,1.000,1,30.562,0.305619,0.000,1.000,1,44.225,0.442249,0.000,1.000,1,69.160,0.691600,0.000,1.000,1,89.551,0.895511,0.000,1.000,focus,good
1783252822.789062,1,86.440,0.864399,0.000,1.000,1,33.612,0.336123,0.000,1.000,1,32.296,0.322962,0.000,1.000,1,42.011,0.420113,0.000,1.000,1,72.215,0.722146,0.000,1.000,1,91.343,0.913430,0.000,1.000,focus,good
1783252822.796875,1,87.714,0.877143,0.000,1.000,1,33.939,0.339385,0.000,1.000,1,30.803,0.308027,0.000,1.000,1,40.049,0.400491,0.000,1.000,1,72.891,0.728908,0.000,1.000,1,88.932,0.889316,0.000,1.000,focus,good
1783252822.804688,1,87.277,0.872773,0.000,1.000,1,32.988,0.329881,0.000,1.000,1,29.713,0.297128,0.000,1.000,1,41.013,0.410126,0.000,1.000,1,70.602,0.706018,0.000,1.000,1,89.906,0.899063,0.000,1.000,focus,good
1783252822.812500,1,86.871,0.868709,0.000,1.000,1,34.572,0.345724,0.000,1.000,1,26.711,0.267113,0.000,1.000,1,41.434,0.414344,0.000,1.000,1,67.948,0.679476,0.000,1.000,1,86.459,0.864588,0.000,1.000,focus,good
1783252822.820312,1,81.097,0.810967,0.000,1.000,1,31.842,0.318415,0.000,1.000,1,29.527,0.295270,0.000,1.000,1,41.535,0.415346,0.000,1.000,1,71.285,0.712850,0.000,1.000,1,92.169,0.921693,0.000,1.000,focus,good
1783252822.828125,1,86.613,0.866126,0.000,1.000,1,37.175,0.371747,0.000,1.000,1,31.065,0.310647,0.000,1.000,1,41.019,0.410192,0.000,1.000,1,70.166,0.701662,0.000,1.000,1,93.902,0.939020,0.000,1.000,focus,good
1783252822.835938,1,85.622,0.856222,0.000,1.000,1,31.571,0.315711,0.000,1.000,1,30.640,0.306401,0.000,1.000,1,42.634,0.426343,0.000,1.000,1,68.559,0.685590,0.000,1.000,1,90.053,0.900533,0.000,1.000,focus,good
1783252822.843750,1,86.988,0.869883,0.000,1.000,1,35.278,0.352784,0.000,1.000,1,29.498,0.294975,0.000,1.000,1,44.709,0.447085,0.000,1.000,1,66.761,0.667611,0.000,1.000,1,88.490,0.884903,0.000,1.000,focus,good
1783252822.851562,1,86.228,0.862277,0.000,1.000,1,30.682,0.306817,0.000,1.000,1,27.015,0.270150,0.000,1.000,1,39.841,0.398407,0.000,1.000,1,63.735,0.637346,0.000,1.000,1,89.613,0.896125,0.000,1.000,focus,good
1783252822.859375,1,87.747,0.877471,0.000,1.000,1,36.281,0.362808,0.000,1.000,1,32.272,0.322722,0.000,1.000,1,44.505,0.445055,0.000,1.000,1,68.795,0.687952,0.000,1.000,1,89.334,0.893343,0.000,1.000,focus,good
1783252822.867188,1,78.891,0.788913,0.000,1.000,1,32.790,0.327902,0.000,1.000,1,28.001,0.280011,0.000,1.000,1,38.819,0.388193,0.000,1.000,1,70.639,0.706388,0.000,1.000,1,90.227,0.902272,0.000,1.000,focus,good
1783252822.875000,1,82.045,0.820452,0.000,1.000,1,32.288,0.322884,0.000,1.000,1,33.726,0.337255,0.000,1.000,1,41.101,0.411009,0.000,1.000,1,68.891,0.688913,0.000,1.000,1,84.136,0.841361,0.000,1.000,focus,good
1783252822.882812,1,87.417,0.874174,0.000,1.000,1,28.662,0.286620,0.000,1.000,1,31.750,0.317499,0.000,1.000,1,42.520,0.425202,0.000,1.000,1,73.064,0.730643,0.000,1.000,1,88.902,0.889023,0.000,1.000,focus,good
1783252822.890625,1,86.359,0.863587,0.000,1.000,1,31.078,0.310783,0.000,1.000,1,34.881,0.348813,0.000,1.000,1,37.145,0.371447,0.000,1.000,1,72.244,0.722440,0.000,1.000,1,90.895,0.908952,0.000,1.000,focus,good
1783252822.898438,1,85.994,0.859937,0.000,1.000,1,33.083,0.330826,0.000,1.000,1,33.188,0.331882,0.000,1.000,1,42.262,0.422624,0.000,1.000,1,74.079,0.740788,0.000,1.000,1,91.364,0.913639,0.000,1.000,focus,good
1783252822.906250,1,79.918,0.799185,0.000,1.000,1,31.566,0.315657,0.000,1.000,1,30.105,0.301051,0.000,1.000,1,40.703,0.407025,0.000,1.000,1,66.715,0.667147,0.000,1.000,1,92.485,0.924849,0.000,1.000,focus,good
1783252822.914062,1,81.044,0.810441,0.000,1.000,1,33.056,0.330562,0.000,1.000,1,38.502,0.385020,0.000,1.000,1,40.088,0.400884,0.000,1.000,1,67.305,0.673054,0.000,1.000,1,92.107,0.921066,0.000,1.000,focus,good
1783252822.921875,1,83.958,0.839575,0.000,1.000,1,30.578,0.305781,0.000,1.000,1,30.891,0.308914,0.000,1.000,1,42.193,0.421926,0.000,1.000,1,69.101,0.691010,0.000,1.000,1,92.784,0.927841,0.000,1.000,focus,good
1783252822.929688,1,82.434,0.824344,0.000,1.000,1,32.608,0.326083,0.000,1.000,1,27.144,0.271436,0.000,1.000,1,40.684,0.406837,0.000,1.000,1,64.342,0.643421,0.000,1.000,1,92.869,0.928695,0.000,1.000,focus,good
1783252822.937500,1,85.707,0.857067,0.000,1.000,1,30.921,0.309207,0.000,1.000,1,25.178,0.251782,0.000,1.000,1,38.651,0.386514,0.000,1.000,1,67.920,0.679204,0.000,1.000,1,91.226,0.912262,0.000,1.000,focus,good
1783252822.945312,1,84.877,0.848774,0.000,1.000,1,30.282,0.302816,0.000,1.000,1,30.670,0.306697,0.000,1.000,1,42.221,0.422210,0.000,1.000,1,67.604,0.676038,0.000,1.000,1,91.161,0.911612,0.000,1.000,focus,good
1783252822.953125,1,85.367,0.853667,0.000,1.000,1,34.800,0.348001,0.000,1.000,1,33.007,0.330071,0.000,1.000,1,41.908,0.419078,0.000,1.000,1,72.387,0.723873,0.000,1.000,1,88.985,0.889847,0.000,1.000,focus,good
1783252822.960938,1,86.430,0.864303,0.000,1.000,1,34.110,0.341099,0.000,1.000,1,31.026,0.310259,0.000,1.000,1,43.234,0.432342,0.000,1.000,1,67.689,0.676892,0.000,1.000,1,92.556,0.925560,0.000,1.000,focus,good
1783252822.968750,1,83.987,0.839872,0.000,1.000,1,33.020,0.330204,0.000,1.000,1,34.116,0.341159,0.000,1.000,1,39.983,0.399829,0.000,1.000,1,68.655,0.686553,0.000,1.000,1,91.687,0.916866,0.000,1.000,focus,good
1783252822.976562,1,85.203,0.852027,0.000,1.000,1,37.018,0.370184,0.000,1.000,1,30.070,0.300696,0.000,1.000,1,41.603,0.416030,0.000,1.000,1,70.252,0.702520,0.000,1.000,1,88.107,0.881067,0.000,1.000,focus,good
1783252822.984375,1,88.339,0.883387,0.000,1.000,1,34.186,0.341860,0.000,1.000,1,28.033,0.280325,0.000,1.000,1,42.878,0.428781,0.000,1.000,1,66.236,0.662357,0.000,1.000,1,92.124,0.921243,0.000,1.000,focus,good
1783252822.992188,1,88.174,0.881743,0.000,1.000,1,35.931,0.359314,0.000,1.000,1,36.230,0.362302,0.000,1.000,1,40.350,0.403495,0.000,1.000,1,71.561,0.715611,0.000,1.000,1,88.957,0.889569,0.000,1.000,focus,good
1783252823.000000,1,87.258,0.872581,0.000,1.000,1,34.038,0.340382,0.000,1.000,1,32.785,0.327848,0.000,1.000,1,43.322,0.433225,0.000,1.000,1,66.021,0.660212,0.000,1.000,1,95.966,0.959657,0.000,1.000,focus,good
1783252823.007812,1,84.687,0.846866,0.000,1.000,1,33.826,0.338261,0.000,1.000,1,29.952,0.299517,0.000,1.000,1,41.071,0.410706,0.000,1.000,1,66.976,0.669758,0.000,1.000,1,93.106,0.931063,0.000,1.000,focus,good
1783252823.015625,1,86.770,0.867698,0.000,1.000,1,33.472,0.334717,0.000,1.000,1,31.353,0.313526,0.000,1.000,1,38.906,0.389063,0.000,1.000,1,67.375,0.673750,0.000,1.000,1,87.838,0.878376,0.000,1.000,focus,good
1783252823.023438,1,76.783,0.767828,0.000,1.000,1,32.066,0.320661,0.000,1.000,1,30.790,0.307904,0.000,1.000,1,37.654,0.376542,0.000,1.000,1,70.194,0.701942,0.000,1.000,1,86.082,0.860821,0.000,1.000,focus,good
1783252823.031250,1,85.534,0.855344,0.000,1.000,1,33.059,0.330587,0.000,1.000,1,27.187,0.271875,0.000,1.000,1,38.252,0.382520,0.000,1.000,1,72.571,0.725714,0.000,1.000,1,90.822,0.908222,0.000,1.000,focus,good
1783252823.039062,1,81.914,0.819143,0.000,1.000,1,29.810,0.298103,0.000,1.000,1,28.018,0.280179,0.000,1.000,1,38.539,0.385394,0.000,1.000,1,65.966,0.659659,0.000,1.000,1,91.138,0.911384,0.000,1.000,focus,good
1783252823.046875,1,83.338,0.833385,0.000,1.000,1,30.866,0.308664,0.000,1.000,1,28.527,0.285265,0.000,1.000,1,40.489,0.404892,0.000,1.000,1,69.762,0.697616,0.000,1.000,1,86.540,0.865400,0.000,1.000,focus,good
1783252823.054688,1,83.110,0.831096,0.000,1.000,1,33.814,0.338141,0.000,1.000,1,34.835,0.348355,0.000,1.000,1,44.506,0.445063,0.000,1.000,1,66.000,0.659998,0.000,1.000,1,94.164,0.941643,0.000,1.000,focus,good
1783252823.062500,1,82.591,0.825914,0.000,1.000,1,39.434,0.394341,0.000,1.000,1,25.518,0.255182,0.000,1.000,1,40.617,0.406174,0.000,1.000,1,72.706,0.727063,0.000,1.000,1,86.285,0.862850,0.000,1.000,focus,good
1783252823.070312,1,86.202,0.862015,0.000,1.000,1,34.005,0.340050,0.000,1.000,1,29.828,0.298285,0.000,1.000,1,32.829,0.328294,0.000,1.000,1,65.432,0.654322,0.000,1.000,1,92.283,0.922830,0.000,1.000,focus,good
1783252823.078125,1,83.447,0.834472,0.000,1.000,1,36.615,0.366149,0.000,1.000,1,31.957,0.319566,0.000,1.000,1,42.667,0.426667,0.000,1.000,1,69.675,0.696748,0.000,1.000,1,90.051,0.900511,0.000,1.000,focus,good
1783252823.085938,1,86.200,0.862005,0.000,1.000,1,31.525,0.315255,0.000,1.000,1,29.327,0.293273,0.000,1.000,1,44.203,0.442032,0.000,1.000,1,66.218,0.662180,0.000,1.000,1,91.596,0.915959,0.000,1.000,focus,good
1783252823.093750,1,87.920,0.879196,0.000,1.000,1,32.554,0.325541,0.000,1.000,1,34.611,0.346107,0.000,1.000,1,43.015,0.430153,0.000,1.000,1,65.661,0.656607,0.000,1.000,1,89.547,0.895466,0.000,1.000,focus,good
1783252823.101562,1,81.332,0.813320,0.000,1.000,1,30.708,0.307082,0.000,1.000,1,31.266,0.312658,0.000,1.000,1,41.469,0.414694,0.000,1.000,1,70.494,0.704937,0.000,1.000,1,89.436,0.894357,0.000,1.000,focus,good
1783252823.109375,1,84.233,0.842325,0.000,1.000,1,36.506,0.365062,0.000,1.000,1,28.264,0.282638,0.000,1.000,1,41.066,0.410660,0.000,1.000,1,68.261,0.682612,0.000,1.000,1,89.965,0.899645,0.000,1.000,focus,good
1783252823.117188,1,84.107,0.841067,0.000,1.000,1,34.271,0.342707,0.000,1.000,1,31.419,0.314189,0.000,1.000,1,35.654,0.356536,0.000,1.000,1,68.866,0.688662,0.000,1.000,1,89.116,0.891156,0.000,1.000,focus,good
1783252823.125000,1,89.842,0.898418,0.000,1.000,1,28.840,0.288401,0.000,1.000,1,32.791,0.327913,0.000,1.000,1,41.359,0.413591,0.000,1.000,1,70.045,0.700451,0.000,1.000,1,90.359,0.903593,0.000,1.000,focus,good
1783252823.132812,1,85.733,0.857326,0.000,1.000,1,34.203,0.342027,0.000,1.000,1,29.465,0.294650,0.000,1.000,1,36.605,0.366049,0.000,1.000,1,65.140,0.651401,0.000,1.000,1,92.739,0.927389,0.000,1.000,focus,good
1783252823.140625,1,80.805,0.808049,0.000,1.000,1,35.978,0.359776,0.000,1.000,1,31.146,0.311457,0.000,1.000,1,37.371,0.373714,0.000,1.000,1,69.340,0.693401,0.000,1.000,1,92.662,0.926625,0.000,1.000,focus,good
1783252823.148438,1,87.797,0.877967,0.000,1.000,1,32.133,0.321333,0.000,1.000,1,32.106,0.321061,0.000,1.000,1,39.993,0.399926,0.000,1.000,1,72.832,0.728322,0.000,1.000,1,88.302,0.883016,0.000,1.000,focus,good
1783252823.156250,1,85.376,0.853758,0.000,1.000,1,34.967,0.349674,0.000,1.000,1,28.713,0.287129,0.000,1.000,1,41.820,0.418203,0.000,1.000,1,72.759,0.727588,0.000,1.000,1,91.693,0.916932,0.000,1.000,focus,good
1783252823.164062,1,85.910,0.859095,0.000,1.000,1,37.757,0.377567,0.000,1.000,1,31.323,0.313232,0.000,1.000,1,36.213,0.362129,0.000,1.000,1,71.829,0.718286,0.000,1.000,1,85.606,0.856055,0.000,1.000,focus,good
1783252823.171875,1,84.061,0.840613,0.000,1.000,1,30.021,0.300207,0.000,1.000,1,33.418,0.334176,0.000,1.000,1,39.847,0.398473,0.000,1.000,1,71.279,0.712792,0.000,1.000,1,93.539,0.935392,0.000,1.000,focus,good
1783252823.179688,1,80.823,0.808226,0.000,1.000,1,32.175,0.321749,0.000,1.000,1,24.272,0.242725,0.000,1.000,1,43.771,0.437714,0.000,1.000,1,69.131,0.691307,0.000,1.000,1,88.105,0.881054,0.000,1.000,focus,good
1783252823.187500,1,87.109,0.871094,0.000,1.000,1,34.116,0.341159,0.000,1.000,1,31.482,0.314822,0.000,1.000,1,36.811,0.368107,0.000,1.000,1,72.063,0.720629,0.000,1.000,1,91.649,0.916489,0.000,1.000,focus,good
1783252823.195312,1,86.811,0.868109,0.000,1.000,1,31.652,0.316521,0.000,1.000,1,35.121,0.351206,0.000,1.000,1,39.264,0.392636,0.000,1.000,1,69.733,0.697327,0.000,1.000,1,90.996,0.909955,0.000,1.000,focus,good
1783252823.203125,1,88.105,0.881049,0.000,1.000,1,29.327,0.293267,0.000,1.000,1,28.559,0.285588,0.000,1.000,1,38.737,0.387370,0.000,1.000,1,73.041,0.730407,0.000,1.000,1,92.270,0.922697,0.000,1.000,focus,good
1783252823.210938,1,85.324,0.853235,0.000,1.000,1,31.116,0.311159,0.000,1.000,1,32.420,0.324197,0.000,1.000,1,40.640,0.406396,0.000,1.000,1,71.763,0.717634,0.000,1.000,1,91.179,0.911791,0.000,1.000,focus,good
1783252823.218750,1,82.225,0.822254,0.000,1.000,1,28.190,0.281901,0.000,1.000,1,29.040,0.290398,0.000,1.000,1,44.382,0.443825,0.000,1.000,1,69.361,0.693615,0.000,1.000,1,90.579,0.905786,0.000,1.000,focus,good
1783252823.226562,1,89.393,0.893929,0.000,1.000,1,29.862,0.298617,0.000,1.000,1,30.725,0.307254,0.000,1.000,1,42.082,0.420819,0.000,1.000,1,68.688,0.686877,0.000,1.000,1,87.610,0.876100,0.000,1.000,focus,good
1783252823.234375,1,82.717,0.827168,0.000,1.000,1,34.123,0.341230,0.000,1.000,1,32.255,0.322555,0.000,1.000,1,42.787,0.427875,0.000,1.000,1,71.215,0.712147,0.000,1.000,1,88.571,0.885710,0.000,1.000,focus,good
1783252823.242188,1,81.569,0.815691,0.000,1.000,1,35.799,0.357993,0.000,1.000,1,34.096,0.340955,0.000,1.000,1,44.454,0.444543,0.000,1.000,1,65.007,0.650067,0.000,1.000,1,90.214,0.902145,0.000,1.000,focus,good
1783252823.250000,1,86.123,0.861228,0.000,1.000,1,28.473,0.284730,0.000,1.000,1,32.323,0.323226,0.000,1.000,1,38.994,0.389940,0.000,1.000,1,65.223,0.652226,0.000,1.000,1,92.126,0.921263,0.000,1.000,focus,good
1783252823.257812,1,85.809,0.858094,0.000,1.000,1,33.170,0.331698,0.000,1.000,1,31.517,0.315172,0.000,1.000,1,38.233,0.382329,0.000,1.000,1,70.063,0.700629,0.000,1.000,1,90.123,0.901232,0.000,1.000,focus,good
1783252823.265625,1,85.878,0.858780,0.000,1.000,1,38.006,0.380061,0.000,1.000,1,29.598,0.295978,0.000,1.000,1,42.206,0.422062,0.000,1.000,1,69.326,0.693259,0.000,1.000,1,95.270,0.952700,0.000,1.000,focus,good
1783252823.273438,1,85.155,0.851546,0.000,1.000,1,35.470,0.354701,0.000,1.000,1,33.053,0.330533,0.000,1.000,1,41.884,0.418842,0.000,1.000,1,71.047,0.710465,0.000,1.000,1,92.514,0.925138,0.000,1.000,focus,good
1783252823.281250,1,81.110,0.811101,0.000,1.000,1,26.813,0.268131,0.000,1.000,1,30.886,0.308861,0.000,1.000,1,39.149,0.391486,0.000,1.000,1,70.805,0.708054,0.000,1.000,1,88.220,0.882201,0.000,1.000,focus,good
1783252823.289062,1,83.500,0.835004,0.000,1.000,1,33.286,0.332861,0.000,1.000,1,28.453,0.284534,0.000,1.000,1,43.074,0.430745,0.000,1.000,1,67.384,0.673842,0.000,1.000,1,90.772,0.907716,0.000,1.000,focus,good
1783252823.296875,1,82.025,0.820249,0.000,1.000,1,33.349,0.333489,0.000,1.000,1,28.939,0.289386,0.000,1.000,1,40.350,0.403501,0.000,1.000,1,64.534,0.645344,0.000,1.000,1,87.662,0.876619,0.000,1.000,focus,good
1783252823.304688,1,85.710,0.857100,0.000,1.000,1,29.750,0.297498,0.000,1.000,1,32.651,0.326509,0.000,1.000,1,39.971,0.399708,0.000,1.000,1,72.285,0.722851,0.000,1.000,1,85.497,0.854966,0.000,1.000,focus,good
1783252823.312500,1,86.212,0.862123,0.000,1.000,1,30.676,0.306757,0.000,1.000,1,31.907,0.319066,0.000,1.000,1,42.700,0.427002,0.000,1.000,1,67.965,0.679654,0.000,1.000,1,88.861,0.888610,0.000,1.000,focus,good
1783252823.320312,1,86.561,0.865611,0.000,1.000,1,30.805,0.308047,0.000,1.000,1,28.901,0.289007,0.000,1.000,1,43.084,0.430841,0.000,1.000,1,67.980,0.679798,0.000,1.000,1,94.910,0.949098,0.000,1.000,focus,good
1783252823.328125,1,80.705,0.807048,0.000,1.000,1,39.234,0.392336,0.000,1.000,1,32.835,0.328346,0.000,1.000,1,40.754,0.407538,0.000,1.000,1,66.408,0.664077,0.000,1.000,1,88.214,0.882144,0.000,1.000,focus,good
1783252823.335938,1,83.557,0.835568,0.000,1.000,1,27.957,0.279570,0.000,1.000,1,32.162,0.321620,0.000,1.000,1,43.488,0.434885,0.000,1.000,1,70.085,0.700854,0.000,1.000,1,93.535,0.935348,0.000,1.000,focus,good
1783252823.343750,1,84.806,0.848056,0.000,1.000,1,33.976,0.339758,0.000,1.000,1,30.571,0.305706,0.000,1.000,1,36.025,0.360250,0.000,1.000,1,66.207,0.662072,0.000,1.000,1,90.474,0.904744,0.000,1.000,focus,good
1783252823.351562,1,86.254,0.862537,0.000,1.000,1,31.998,0.319983,0.000,1.000,1,29.597,0.295971,0.000,1.000,1,40.236,0.402362,0.000,1.000,1,63.869,0.638691,0.000,1.000,1,92.652,0.926523,0.000,1.000,focus,good
1783252823.359375,1,84.756,0.847557,0.000,1.000,1,33.354,0.333545,0.000,1.000,1,29.966,0.299659,0.000,1.000,1,39.193,0.391931,0.000,1.000,1,67.890,0.678903,0.000,1.000,1,93.934,0.939337,0.000,1.000,focus,good
1783252823.367188,1,83.628,0.836284,0.000,1.000,1,33.377,0.333768,0.000,1.000,1,24.413,0.244130,0.000,1.000,1,41.726,0.417255,0.000,1.000,1,67.643,0.676432,0.000,1.000,1,93.258,0.932581,0.000,1.000,focus,good
1783252823.375000,1,81.505,0.815054,0.000,1.000,1,30.402,0.304018,0.000,1.000,1,30.597,0.305974,0.000,1.000,1,42.076,0.420755,0.000,1.000,1,69.236,0.692359,0.000,1.000,1,86.985,0.869855,0.000,1.000,focus,good
1783252823.382812,1,84.236,0.842363,0.000,1.000,1,32.041,0.320406,0.000,1.000,1,34.460,0.344604,0.000,1.000,1,37.601,0.376011,0.000,1.000,1,72.593,0.725930,0.000,1.000,1,89.707,0.897075,0.000,1.000,focus,good
1783252823.390625,1,85.175,0.851746,0.000,1.000,1,31.985,0.319848,0.000,1.000,1,32.153,0.321534,0.000,1.000,1,41.316,0.413157,0.000,1.000,1,69.372,0.693718,0.000,1.000,1,90.587,0.905866,0.000,1.000,focus,good
1783252823.398438,1,84.941,0.849415,0.000,1.000,1,36.267,0.362671,0.000,1.000,1,30.122,0.301222,0.000,1.000,1,42.800,0.428002,0.000,1.000,1,67.400,0.673996,0.000,1.000,1,84.930,0.849302,0.000,1.000,focus,good
1783252823.406250,1,86.385,0.863846,0.000,1.000,1,28.005,0.280047,0.000,1.000,1,28.112,0.281116,0.000,1.000,1,39.393,0.393930,0.000,1.000,1,70.774,0.707745,0.000,1.000,1,91.725,0.917251,0.000,1.000,focus,good
1783252823.414062,1,83.014,0.830145,0.000,1.000,1,33.347,0.333469,0.000,1.000,1,26.783,0.267832,0.000,1.000,1,40.427,0.404274,0.000,1.000,1,68.515,0.685151,0.000,1.000,1,90.309,0.903092,0.000,1.000,focus,good
1783252823.421875,1,85.025,0.850248,0.000,1.000,1,32.762,0.327622,0.000,1.000,1,32.377,0.323766,0.000,1.000,1,38.949,0.389492,0.000,1.000,1,71.560,0.715604,0.000,1.000,1,90.383,0.903834,0.000,1.000,focus,good
1783252823.429688,1,87.352,0.873525,0.000,1.000,1,35.878,0.358778,0.000,1.000,1,31.873,0.318730,0.000,1.000,1,33.805,0.338050,0.000,1.000,1,65.576,0.655760,0.000,1.000,1,91.267,0.912669,0.000,1.000,focus,good
1783252823.437500,1,89.865,0.898651,0.000,1.000,1,34.091,0.340909,0.000,1.000,1,27.828,0.278279,0.000,1.000,1,44.374,0.443741,0.000,1.000,1,69.799,0.697994,0.000,1.000,1,84.931,0.849308,0.000,1.000,focus,good
1783252823.445312,1,83.963,0.839631,0.000,1.000,1,30.140,0.301397,0.000,1.000,1,33.969,0.339688,0.000,1.000,1,38.305,0.383054,0.000,1.000,1,67.426,0.674255,0.000,1.000,1,88.398,0.883979,0.000,1.000,focus,good
1783252823.453125,1,94.469,0.944694,0.000,1.000,1,32.215,0.322149,0.000,1.000,1,31.222,0.312225,0.000,1.000,1,39.225,0.392249,0.000,1.000,1,70.929,0.709285,0.000,1.000,1,91.216,0.912163,0.000,1.000,focus,good
1783252823.460938,1,84.601,0.846014,0.000,1.000,1,30.852,0.308520,0.000,1.000,1,30.691,0.306906,0.000,1.000,1,41.394,0.413942,0.000,1.000,1,68.795,0.687953,0.000,1.000,1,87.406,0.874057,0.000,1.000,focus,good
1783252823.468750,1,82.818,0.828179,0.000,1.000,1,30.589,0.305885,0.000,1.000,1,30.174,0.301737,0.000,1.000,1,38.249,0.382486,0.000,1.000,1,68.249,0.682491,0.000,1.000,1,89.874,0.898743,0.000,1.000,focus,good
1783252823.476562,1,87.058,0.870579,0.000,1.000,1,33.731,0.337310,0.000,1.000,1,35.401,0.354007,0.000,1.000,1,42.480,0.424801,0.000,1.000,1,69.019,0.690189,0.000,1.000,1,88.153,0.881526,0.000,1.000,focus,good
1783252823.484375,1,81.408,0.814076,0.000,1.000,1,35.027,0.350274,0.000,1.000,1,29.965,0.299653,0.000,1.000,1,41.895,0.418954,0.000,1.000,1,69.593,0.695929,0.000,1.000,1,90.520,0.905199,0.000,1.000,focus,good
1783252823.492188,1,86.533,0.865334,0.000,1.000,1,31.059,0.310591,0.000,1.000,1,32.638,0.326384,0.000,1.000,1,41.737,0.417366,0.000,1.000,1,66.664,0.666642,0.000,1.000,1,90.040,0.900398,0.000,1.000,focus,good
1783252823.500000,1,79.339,0.793390,0.000,1.000,1,29.152,0.291521,0.000,1.000,1,30.229,0.302293,0.000,1.000,1,40.884,0.408839,0.000,1.000,1,66.144,0.661441,0.000,1.000,1,91.733,0.917335,0.000,1.000,focus,good
1783252823.507812,1,83.335,0.833345,0.000,1.000,1,39.415,0.394154,0.000,1.000,1,29.483,0.294831,0.000,1.000,1,39.760,0.397600,0.000,1.000,1,67.123,0.671227,0.000,1.000,1,87.869,0.878690,0.000,1.000,focus,good
1783252823.515625,1,85.847,0.858472,0.000,1.000,1,31.549,0.315492,0.000,1.000,1,27.261,0.272609,0.000,1.000,1,40.399,0.403988,0.000,1.000,1,70.496,0.704962,0.000,1.000,1,95.043,0.950427,0.000,1.000,focus,good
1783252823.523438,1,81.158,0.811575,0.000,1.000,1,28.356,0.283564,0.000,1.000,1,27.970,0.279703,0.000,1.000,1,38.779,0.387787,0.000,1.000,1,67.266,0.672660,0.000,1.000,1,87.621,0.876205,0.000,1.000,focus,good
1783252823.531250,1,88.901,0.889007,0.000,1.000,1,33.512,0.335121,0.000,1.000,1,30.413,0.304131,0.000,1.000,1,42.473,0.424727,0.000,1.000,1,60.985,0.609848,0.000,1.000,1,91.800,0.918003,0.000,1.000,focus,good
1783252823.539062,1,85.577,0.855775,0.000,1.000,1,28.636,0.286361,0.000,1.000,1,30.922,0.309217,0.000,1.000,1,43.367,0.433669,0.000,1.000,1,69.415,0.694151,0.000,1.000,1,85.755,0.857551,0.000,1.000,focus,good
1783252823.546875,1,86.335,0.863350,0.000,1.000,1,30.907,0.309067,0.000,1.000,1,32.800,0.328004,0.000,1.000,1,45.445,0.454447,0.000,1.000,1,66.184,0.661836,0.000,1.000,1,89.461,0.894612,0.000,1.000,focus,good
1783252823.554688,1,89.299,0.892990,0.000,1.000,1,33.739,0.337390,0.000,1.000,1,31.151,0.311511,0.000,1.000,1,37.551,0.375514,0.000,1.000,1,71.863,0.718628,0.000,1.000,1,88.377,0.883770,0.000,1.000,focus,good
1783252823.562500,1,87.354,0.873544,0.000,1.000,1,34.555,0.345546,0.000,1.000,1,31.518,0.315184,0.000,1.000,1,38.941,0.389410,0.000,1.000,1,65.776,0.657758,0.000,1.000,1,92.743,0.927429,0.000,1.000,focus,good
1783252823.570312,1,82.686,0.826863,0.000,1.000,1,32.426,0.324259,0.000,1.000,1,29.759,0.297586,0.000,1.000,1,40.924,0.409238,0.000,1.000,1,69.820,0.698201,0.000,1.000,1,92.834,0.928337,0.000,1.000,focus,good
1783252823.578125,1,84.060,0.840599,0.000,1.000,1,30.880,0.308799,0.000,1.000,1,31.043,0.310429,0.000,1.000,1,34.378,0.343780,0.000,1.000,1,67.052,0.670522,0.000,1.000,1,94.038,0.940376,0.000,1.000,focus,good
1783252823.585938,1,83.160,0.831599,0.000,1.000,1,35.792,0.357918,0.000,1.000,1,29.103,0.291026,0.000,1.000,1,41.712,0.417123,0.000,1.000,1,73.186,0.731861,0.000,1.000,1,92.307,0.923073,0.000,1.000,focus,good
1783252823.593750,1,80.624,0.806236,0.000,1.000,1,26.922,0.269217,0.000,1.000,1,29.234,0.292340,0.000,1.000,1,40.014,0.400136,0.000,1.000,1,70.698,0.706980,0.000,1.000,1,89.706,0.897064,0.000,1.000,focus,good
1783252823.601562,1,82.063,0.820632,0.000,1.000,1,35.259,0.352590,0.000,1.000,1,27.757,0.277570,0.000,1.000,1,38.190,0.381899,0.000,1.000,1,70.257,0.702566,0.000,1.000,1,90.163,0.901635,0.000,1.000,focus,good
1783252823.609375,1,82.105,0.821052,0.000,1.000,1,30.940,0.309404,0.000,1.000,1,32.076,0.320765,0.000,1.000,1,37.547,0.375467,0.000,1.000,1,69.079,0.690791,0.000,1.000,1,91.335,0.913350,0.000,1.000,focus,good
1783252823.617188,1,85.153,0.851534,0.000,1.000,1,30.676,0.306763,0.000,1.000,1,28.132,0.281319,0.000,1.000,1,40.466,0.404665,0.000,1.000,1,70.068,0.700679,0.000,1.000,1,86.050,0.860497,0.000,1.000,focus,good
1783252823.625000,1,87.187,0.871868,0.000,1.000,1,30.202,0.302024,0.000,1.000,1,28.166,0.281663,0.000,1.000,1,38.554,0.385544,0.000,1.000,1,64.421,0.644212,0.000,1.000,1,87.741,0.877410,0.000,1.000,focus,good
1783252823.632812,1,86.211,0.862112,0.000,1.000,1,33.162,0.331621,0.000,1.000,1,31.710,0.317098,0.000,1.000,1,42.047,0.420473,0.000,1.000,1,67.912,0.679120,0.000,1.000,1,86.962,0.869624,0.000,1.000,focus,good
1783252823.640625,1,87.474,0.874738,0.000,1.000,1,29.785,0.297852,0.000,1.000,1,30.585,0.305855,0.000,1.000,1,37.748,0.377484,0.000,1.000,1,65.773,0.657725,0.000,1.000,1,92.115,0.921155,0.000,1.000,focus,good
1783252823.648438,1,83.178,0.831778,0.000,1.000,1,29.824,0.298235,0.000,1.000,1,28.795,0.287947,0.000,1.000,1,39.424,0.394236,0.000,1.000,1,70.526,0.705264,0.000,1.000,1,88.229,0.882285,0.000,1.000,focus,good
1783252823.656250,1,78.854,0.788540,0.000,1.000,1,32.898,0.328980,0.000,1.000,1,29.872,0.298723,0.000,1.000,1,39.601,0.396014,0.000,1.000,1,66.950,0.669502,0.000,1.000,1,86.260,0.862600,0.000,1.000,focus,good
1783252823.664062,1,89.964,0.899639,0.000,1.000,1,29.026,0.290260,0.000,1.000,1,29.932,0.299320,0.000,1.000,1,40.975,0.409749,0.000,1.000,1,71.625,0.716250,0.000,1.000,1,84.213,0.842129,0.000,1.000,focus,good
1783252823.671875,1,83.874,0.838738,0.000,1.000,1,31.675,0.316746,0.000,1.000,1,29.760,0.297603,0.000,1.000,1,37.818,0.378179,0.000,1.000,1,65.089,0.650893,0.000,1.000,1,89.750,0.897498,0.000,1.000,focus,good
1783252823.679688,1,83.322,0.833218,0.000,1.000,1,25.953,0.259531,0.000,1.000,1,28.346,0.283458,0.000,1.000,1,42.826,0.428261,0.000,1.000,1,68.376,0.683762,0.000,1.000,1,92.875,0.928746,0.000,1.000,focus,good
1783252823.687500,1,84.749,0.847490,0.000,1.000,1,33.043,0.330427,0.000,1.000,1,30.080,0.300804,0.000,1.000,1,41.305,0.413046,0.000,1.000,1,67.910,0.679103,0.000,1.000,1,90.743,0.907427,0.000,1.000,focus,good
1783252823.695312,1,79.271,0.792711,0.000,1.000,1,29.017,0.290173,0.000,1.000,1,27.316,0.273155,0.000,1.000,1,45.193,0.451934,0.000,1.000,1,72.423,0.724226,0.000,1.000,1,88.624,0.886242,0.000,1.000,focus,good
1783252823.703125,1,88.364,0.883643,0.000,1.000,1,28.959,0.289588,0.000,1.000,1,27.398,0.273977,0.000,1.000,1,37.045,0.370448,0.000,1.000,1,72.906,0.729061,0.000,1.000,1,89.509,0.895092,0.000,1.000,focus,good
1783252823.710938,1,83.221,0.832214,0.000,1.000,1,30.559,0.305592,0.000,1.000,1,33.362,0.333617,0.000,1.000,1,37.558,0.375583,0.000,1.000,1,65.727,0.657265,0.000,1.000,1,90.687,0.906867,0.000,1.000,focus,good
1783252823.718750,1,83.644,0.836442,0.000,1.000,1,33.876,0.338760,0.000,1.000,1,29.125,0.291248,0.000,1.000,1,41.568,0.415678,0.000,1.000,1,67.280,0.672804,0.000,1.000,1,84.739,0.847391,0.000,1.000,focus,good
1783252823.726562,1,85.136,0.851355,0.000,1.000,1,33.002,0.330024,0.000,1.000,1,31.261,0.312610,0.000,1.000,1,41.143,0.411432,0.000,1.000,1,64.741,0.647407,0.000,1.000,1,87.340,0.873397,0.000,1.000,focus,good
1783252823.734375,1,83.403,0.834029,0.000,1.000,1,34.565,0.345652,0.000,1.000,1,34.106,0.341061,0.000,1.000,1,43.862,0.438620,0.000,1.000,1,69.442,0.694421,0.000,1.000,1,88.347,0.883472,0.000,1.000,focus,good
1783252823.742188,1,83.104,0.831043,0.000,1.000,1,31.621,0.316210,0.000,1.000,1,29.107,0.291066,0.000,1.000,1,41.270,0.412702,0.000,1.000,1,69.917,0.699166,0.000,1.000,1,90.381,0.903808,0.000,1.000,focus,good
1783252823.750000,1,86.411,0.864110,0.000,1.000,1,29.596,0.295957,0.000,1.000,1,30.397,0.303970,0.000,1.000,1,41.987,0.419871,0.000,1.000,1,68.605,0.686048,0.000,1.000,1,93.664,0.936644,0.000,1.000,focus,good
1783252823.757812,1,86.452,0.864521,0.000,1.000,1,32.201,0.322006,0.000,1.000,1,29.845,0.298448,0.000,1.000,1,47.197,0.471972,0.000,1.000,1,66.246,0.662458,0.000,1.000,1,91.964,0.919638,0.000,1.000,focus,good
1783252823.765625,1,77.315,0.773151,0.000,1.000,1,31.647,0.316465,0.000,1.000,1,29.997,0.299971,0.000,1.000,1,39.837,0.398368,0.000,1.000,1,66.636,0.666363,0.000,1.000,1,90.354,0.903545,0.000,1.000,focus,good
1783252823.773438,1,83.519,0.835193,0.000,1.000,1,37.724,0.377237,0.000,1.000,1,31.886,0.318857,0.000,1.000,1,40.180,0.401802,0.000,1.000,1,70.311,0.703106,0.000,1.000,1,89.326,0.893257,0.000,1.000,focus,good
1783252823.781250,1,81.994,0.819939,0.000,1.000,1,28.562,0.285625,0.000,1.000,1,34.645,0.346452,0.000,1.000,1,40.859,0.408586,0.000,1.000,1,68.204,0.682039,0.000,1.000,1,89.995,0.899954,0.000,1.000,focus,good
1783252823.789062,1,84.201,0.842007,0.000,1.000,1,34.018,0.340184,0.000,1.000,1,30.210,0.302100,0.000,1.000,1,44.036,0.440362,0.000,1.000,1,69.758,0.697582,0.000,1.000,1,93.318,0.933184,0.000,1.000,focus,good
1783252823.796875,1,85.972,0.859725,0.000,1.000,1,36.935,0.369349,0.000,1.000,1,26.565,0.265649,0.000,1.000,1,42.133,0.421330,0.000,1.000,1,64.420,0.644197,0.000,1.000,1,92.875,0.928748,0.000,1.000,focus,good
1783252823.804688,1,83.142,0.831421,0.000,1.000,1,32.278,0.322782,0.000,1.000,1,29.536,0.295360,0.000,1.000,1,41.378,0.413777,0.000,1.000,1,65.655,0.656554,0.000,1.000,1,89.853,0.898526,0.000,1.000,focus,good
1783252823.812500,1,82.608,0.826075,0.000,1.000,1,30.110,0.301104,0.000,1.000,1,27.593,0.275927,0.000,1.000,1,40.602,0.406019,0.000,1.000,1,69.041,0.690411,0.000,1.000,1,90.006,0.900062,0.000,1.000,focus,good
1783252823.820312,1,84.746,0.847464,0.000,1.000,1,33.954,0.339539,0.000,1.000,1,25.187,0.251870,0.000,1.000,1,39.829,0.398287,0.000,1.000,1,68.620,0.686202,0.000,1.000,1,91.073,0.910729,0.000,1.000,focus,good
1783252823.828125,1,84.186,0.841861,0.000,1.000,1,35.131,0.351308,0.000,1.000,1,32.794,0.327935,0.000,1.000,1,41.297,0.412965,0.000,1.000,1,72.281,0.722806,0.000,1.000,1,88.854,0.888536,0.000,1.000,focus,good
1783252823.835938,1,84.088,0.840882,0.000,1.000,1,35.978,0.359781,0.000,1.000,1,30.452,0.304521,0.000,1.000,1,40.765,0.407651,0.000,1.000,1,69.512,0.695119,0.000,1.000,1,86.742,0.867416,0.000,1.000,focus,good
1783252823.843750,1,84.222,0.842224,0.000,1.000,1,32.266,0.322658,0.000,1.000,1,30.084,0.300843,0.000,1.000,1,41.730,0.417299,0.000,1.000,1,70.059,0.700594,0.000,1.000,1,91.285,0.912848,0.000,1.000,focus,good
1783252823.851562,1,79.961,0.799609,0.000,1.000,1,29.814,0.298139,0.000,1.000,1,31.118,0.311176,0.000,1.000,1,41.553,0.415531,0.000,1.000,1,63.585,0.635848,0.000,1.000,1,90.074,0.900744,0.000,1.000,focus,good
1783252823.859375,1,82.543,0.825430,0.000,1.000,1,30.806,0.308064,0.000,1.000,1,28.705,0.287055,0.000,1.000,1,37.929,0.379286,0.000,1.000,1,66.919,0.669187,0.000,1.000,1,88.368,0.883675,0.000,1.000,focus,good
1783252823.867188,1,79.425,0.794246,0.000,1.000,1,30.005,0.300053,0.000,1.000,1,29.662,0.296625,0.000,1.000,1,38.358,0.383584,0.000,1.000,1,69.327,0.693268,0.000,1.000,1,90.982,0.909817,0.000,1.000,focus,good
1783252823.875000,1,80.992,0.809918,0.000,1.000,1,35.285,0.352847,0.000,1.000,1,30.104,0.301036,0.000,1.000,1,44.959,0.449593,0.000,1.000,1,69.690,0.696900,0.000,1.000,1,90.781,0.907813,0.000,1.000,focus,good
1783252823.882812,1,86.325,0.863248,0.000,1.000,1,27.751,0.277505,0.000,1.000,1,29.468,0.294680,0.000,1.000,1,38.707,0.387066,0.000,1.000,1,69.066,0.690665,0.000,1.000,1,90.153,0.901525,0.000,1.000,focus,good
1783252823.890625,1,84.166,0.841657,0.000,1.000,1,31.281,0.312811,0.000,1.000,1,28.319,0.283194,0.000,1.000,1,36.259,0.362587,0.000,1.000,1,68.689,0.686886,0.000,1.000,1,88.697,0.886971,0.000,1.000,focus,good
1783252823.898438,1,85.066,0.850661,0.000,1.000,1,26.585,0.265850,0.000,1.000,1,27.529,0.275287,0.000,1.000,1,37.538,0.375376,0.000,1.000,1,65.997,0.659966,0.000,1.000,1,89.920,0.899204,0.000,1.000,focus,good
1783252823.906250,1,81.842,0.818418,0.000,1.000,1,33.077,0.330765,0.000,1.000,1,29.442,0.294416,0.000,1.000,1,39.740,0.397400,0.000,1.000,1,65.280,0.652799,0.000,1.000,1,89.653,0.896531,0.000,1.000,focus,good
1783252823.914062,1,83.244,0.832443,0.000,1.000,1,35.203,0.352035,0.000,1.000,1,33.734,0.337343,0.000,1.000,1,42.547,0.425474,0.000,1.000,1,66.565,0.665654,0.000,1.000,1,92.095,0.920952,0.000,1.000,focus,good
1783252823.921875,1,85.917,0.859174,0.000,1.000,1,29.105,0.291049,0.000,1.000,1,33.594,0.335938,0.000,1.000,1,37.150,0.371497,0.000,1.000,1,69.348,0.693484,0.000,1.000,1,89.043,0.890435,0.000,1.000,focus,good
1783252823.929688,1,81.897,0.818967,0.000,1.000,1,29.597,0.295974,0.000,1.000,1,26.254,0.262544,0.000,1.000,1,39.024,0.390241,0.000,1.000,1,70.419,0.704193,0.000,1.000,1,90.832,0.908317,0.000,1.000,focus,good
1783252823.937500,1,85.694,0.856944,0.000,1.000,1,29.467,0.294670,0.000,1.000,1,31.767,0.317668,0.000,1.000,1,40.567,0.405670,0.000,1.000,1,64.615,0.646145,0.000,1.000,1,88.778,0.887783,0.000,1.000,focus,good
1783252823.945312,1,80.612,0.806118,0.000,1.000,1,31.836,0.318362,0.000,1.000,1,26.853,0.268527,0.000,1.000,1,43.818,0.438180,0.000,1.000,1,71.748,0.717481,0.000,1.000,1,93.406,0.934059,0.000,1.000,focus,good
1783252823.953125,1,85.632,0.856319,0.000,1.000,1,34.873,0.348730,0.000,1.000,1,30.106,0.301059,0.000,1.000,1,39.642,0.396425,0.000,1.000,1,62.809,0.628094,0.000,1.000,1,86.710,0.867102,0.000,1.000,focus,good
1783252823.960938,1,85.095,0.850950,0.000,1.000,1,24.667,0.246669,0.000,1.000,1,32.468,0.324675,0.000,1.000,1,41.836,0.418358,0.000,1.000,1,65.928,0.659278,0.000,1.000,1,90.528,0.905285,0.000,1.000,focus,good
1783252823.968750,1,81.245,0.812454,0.000,1.000,1,31.538,0.315381,0.000,1.000,1,27.752,0.277522,0.000,1.000,1,43.951,0.439506,0.000,1.000,1,67.523,0.675231,0.000,1.000,1,94.469,0.944693,0.000,1.000,focus,good
1783252823.976562,1,87.565,0.875652,0.000,1.000,1,33.905,0.339051,0.000,1.000,1,30.261,0.302614,0.000,1.000,1,39.621,0.396206,0.000,1.000,1,66.488,0.664881,0.000,1.000,1,89.433,0.894333,0.000,1.000,focus,good
1783252823.984375,1,88.580,0.885802,0.000,1.000,1,33.040,0.330404,0.000,1.000,1,32.860,0.328597,0.000,1.000,1,42.166,0.421658,0.000,1.000,1,70.559,0.705594,0.000,1.000,1,88.807,0.888065,0.000,1.000,focus,good
1783252823.992188,1,82.068,0.820675,0.000,1.000,1,27.447,0.274466,0.000,1.000,1,26.607,0.266071,0.000,1.000,1,38.629,0.386290,0.000,1.000,1,67.020,0.670204,0.000,1.000,1,88.442,0.884422,0.000,1.000,focus,good
1783252824.000000,1,86.345,0.863453,0.000,1.000,1,28.071,0.280714,0.000,1.000,1,31.188,0.311876,0.000,1.000,1,40.594,0.405942,0.000,1.000,1,67.440,0.674398,0.000,1.000,1,90.289,0.902889,0.000,1.000,focus,good
1783252824.007812,1,83.526,0.835258,0.000,1.000,1,33.303,0.333030,0.000,1.000,1,28.422,0.284216,0.000,1.000,1,40.076,0.400761,0.000,1.000,1,69.001,0.690008,0.000,1.000,1,93.264,0.932643,0.000,1.000,focus,good
1783252824.015625,1,82.711,0.827106,0.000,1.000,1,33.002,0.330020,0.000,1.000,1,28.320,0.283199,0.000,1.000,1,39.791,0.397909,0.000,1.000,1,64.061,0.640608,0.000,1.000,1,91.190,0.911904,0.000,1.000,focus,good
1783252824.023438,1,85.666,0.856662,0.000,1.000,1,31.172,0.311717,0.000,1.000,1,28.328,0.283283,0.000,1.000,1,35.046,0.350459,0.000,1.000,1,65.139,0.651385,0.000,1.000,1,92.578,0.925777,0.000,1.000,focus,good
1783252824.031250,1,85.963,0.859628,0.000,1.000,1,28.500,0.285000,0.000,1.000,1,28.047,0.280471,0.000,1.000,1,38.231,0.382313,0.000,1.000,1,71.777,0.717770,0.000,1.000,1,91.213,0.912129,0.000,1.000,focus,good
1783252824.039062,1,83.441,0.834414,0.000,1.000,1,31.229,0.312286,0.000,1.000,1,31.711,0.317110,0.000,1.000,1,41.957,0.419568,0.000,1.000,1,66.292,0.662919,0.000,1.000,1,91.540,0.915401,0.000,1.000,focus,good
1783252824.046875,1,79.317,0.793171,0.000,1.000,1,34.885,0.348853,0.000,1.000,1,24.856,0.248556,0.000,1.000,1,41.393,0.413929,0.000,1.000,1,67.547,0.675475,0.000,1.000,1,94.317,0.943172,0.000,1.000,focus,good
1783252824.054688,1,80.642,0.806419,0.000,1.000,1,34.443,0.344434,0.000,1.000,1,25.958,0.259576,0.000,1.000,1,40.246,0.402457,0.000,1.000,1,65.584,0.655838,0.000,1.000,1,87.259,0.872586,0.000,1.000,focus,good
1783252824.062500,1,86.091,0.860911,0.000,1.000,1,32.563,0.325635,0.000,1.000,1,25.392,0.253918,0.000,1.000,1,35.082,0.350823,0.000,1.000,1,66.279,0.662787,0.000,1.000,1,88.611,0.886111,0.000,1.000,focus,good
1783252824.070312,1,76.951,0.769509,0.000,1.000,1,33.810,0.338101,0.000,1.000,1,30.372,0.303721,0.000,1.000,1,41.049,0.410489,0.000,1.000,1,66.850,0.668503,0.000,1.000,1,88.059,0.880590,0.000,1.000,focus,good
1783252824.078125,1,81.099,0.810990,0.000,1.000,1,30.975,0.309751,0.000,1.000,1,30.064,0.300642,0.000,1.000,1,42.127,0.421275,0.000,1.000,1,64.558,0.645575,0.000,1.000,1,92.265,0.922645,0.000,1.000,focus,good
1783252824.085938,1,76.695,0.766954,0.000,1.000,1,35.290,0.352897,0.000,1.000,1,32.012,0.320125,0.000,1.000,1,38.369,0.383689,0.000,1.000,1,67.975,0.679745,0.000,1.000,1,89.573,0.895729,0.000,1.000,focus,good
1783252824.093750,1,81.325,0.813252,0.000,1.000,1,35.831,0.358305,0.000,1.000,1,32.485,0.324850,0.000,1.000,1,38.198,0.381976,0.000,1.000,1,67.275,0.672747,0.000,1.000,1,90.757,0.907569,0.000,1.000,focus,good
1783252824.101562,1,85.745,0.857447,0.000,1.000,1,30.598,0.305980,0.000,1.000,1,33.216,0.332162,0.000,1.000,1,38.648,0.386485,0.000,1.000,1,70.525,0.705246,0.000,1.000,1,89.284,0.892843,0.000,1.000,focus,good
1783252824.109375,1,84.577,0.845767,0.000,1.000,1,28.534,0.285340,0.000,1.000,1,29.641,0.296413,0.000,1.000,1,37.149,0.371491,0.000,1.000,1,65.673,0.656729,0.000,1.000,1,90.719,0.907189,0.000,1.000,focus,good
1783252824.117188,1,80.040,0.800398,0.000,1.000,1,31.708,0.317081,0.000,1.000,1,31.903,0.319028,0.000,1.000,1,41.529,0.415290,0.000,1.000,1,68.209,0.682088,0.000,1.000,1,86.251,0.862510,0.000,1.000,focus,good
1783252824.125000,1,84.476,0.844757,0.000,1.000,1,31.585,0.315849,0.000,1.000,1,27.453,0.274528,0.000,1.000,1,35.839,0.358394,0.000,1.000,1,67.001,0.670013,0.000,1.000,1,88.763,0.887628,0.000,1.000,focus,good
1783252824.132812,1,88.596,0.885960,0.000,1.000,1,34.588,0.345881,0.000,1.000,1,26.314,0.263137,0.000,1.000,1,36.015,0.360154,0.000,1.000,1,68.949,0.689486,0.000,1.000,1,93.543,0.935430,0.000,1.000,focus,good
1783252824.140625,1,84.825,0.848251,0.000,1.000,1,34.572,0.345720,0.000,1.000,1,30.278,0.302782,0.000,1.000,1,41.701,0.417007,0.000,1.000,1,66.097,0.660969,0.000,1.000,1,94.112,0.941120,0.000,1.000,focus,good
1783252824.148438,1,82.592,0.825921,0.000,1.000,1,26.696,0.266963,0.000,1.000,1,31.704,0.317037,0.000,1.000,1,39.306,0.393063,0.000,1.000,1,69.332,0.693317,0.000,1.000,1,88.899,0.888991,0.000,1.000,focus,good
1783252824.156250,1,86.308,0.863082,0.000,1.000,1,37.758,0.377578,0.000,1.000,1,27.481,0.274810,0.000,1.000,1,43.127,0.431267,0.000,1.000,1,61.479,0.614789,0.000,1.000,1,89.266,0.892662,0.000,1.000,focus,good
1783252824.164062,1,83.814,0.838138,0.000,1.000,1,31.478,0.314785,0.000,1.000,1,29.668,0.296678,0.000,1.000,1,40.764,0.407643,0.000,1.000,1,67.560,0.675597,0.000,1.000,1,91.389,0.913887,0.000,1.000,focus,good
1783252824.171875,1,83.173,0.831733,0.000,1.000,1,37.188,0.371880,0.000,1.000,1,29.422,0.294223,0.000,1.000,1,41.236,0.412358,0.000,1.000,1,69.920,0.699197,0.000,1.000,1,92.058,0.920575,0.000,1.000,focus,good
1783252824.179688,1,77.186,0.771861,0.000,1.000,1,27.916,0.279157,0.000,1.000,1,26.667,0.266667,0.000,1.000,1,42.172,0.421721,0.000,1.000,1,70.087,0.700867,0.000,1.000,1,87.056,0.870556,0.000,1.000,focus,good
1783252824.187500,1,87.838,0.878377,0.000,1.000,1,33.120,0.331195,0.000,1.000,1,29.102,0.291020,0.000,1.000,1,40.078,0.400781,0.000,1.000,1,72.446,0.724459,0.000,1.000,1,90.828,0.908284,0.000,1.000,focus,good
1783252824.195312,1,85.036,0.850360,0.000,1.000,1,29.774,0.297744,0.000,1.000,1,24.394,0.243937,0.000,1.000,1,41.188,0.411881,0.000,1.000,1,64.152,0.641525,0.000,1.000,1,89.221,0.892213,0.000,1.000,focus,good
1783252824.203125,1,84.830,0.848300,0.000,1.000,1,33.486,0.334862,0.000,1.000,1,27.878,0.278781,0.000,1.000,1,36.242,0.362424,0.000,1.000,1,68.858,0.688584,0.000,1.000,1,95.103,0.951026,0.000,1.000,focus,good
1783252824.210938,1,83.416,0.834163,0.000,1.000,1,26.155,0.261551,0.000,1.000,1,30.966,0.309657,0.000,1.000,1,39.414,0.394142,0.000,1.000,1,69.741,0.697412,0.000,1.000,1,87.407,0.874074,0.000,1.000,focus,good
1783252824.218750,1,81.778,0.817777,0.000,1.000,1,33.392,0.333923,0.000,1.000,1,28.904,0.289036,0.000,1.000,1,41.933,0.419330,0.000,1.000,1,67.102,0.671020,0.000,1.000,1,90.088,0.900885,0.000,1.000,focus,good
1783252824.226562,1,78.568,0.785682,0.000,1.000,1,33.148,0.331484,0.000,1.000,1,27.279,0.272790,0.000,1.000,1,37.549,0.375492,0.000,1.000,1,65.369,0.653691,0.000,1.000,1,93.281,0.932807,0.000,1.000,focus,good
1783252824.234375,1,81.613,0.816129,0.000,1.000,1,32.281,0.322814,0.000,1.000,1,29.527,0.295271,0.000,1.000,1,43.697,0.436966,0.000,1.000,1,64.294,0.642937,0.000,1.000,1,91.491,0.914911,0.000,1.000,focus,good
1783252824.242188,1,83.626,0.836262,0.000,1.000,1,32.824,0.328241,0.000,1.000,1,30.251,0.302514,0.000,1.000,1,40.596,0.405964,0.000,1.000,1,74.156,0.741564,0.000,1.000,1,93.311,0.933112,0.000,1.000,focus,good
1783252824.250000,1,82.494,0.824939,0.000,1.000,1,34.921,0.349208,0.000,1.000,1,30.687,0.306869,0.000,1.000,1,35.416,0.354158,0.000,1.000,1,69.743,0.697430,0.000,1.000,1,86.159,0.861593,0.000,1.000,focus,good
1783252824.257812,1,86.921,0.869206,0.000,1.000,1,30.330,0.303297,0.000,1.000,1,31.796,0.317962,0.000,1.000,1,40.648,0.406484,0.000,1.000,1,66.949,0.669494,0.000,1.000,1,89.624,0.896242,0.000,1.000,focus,good
1783252824.265625,1,82.587,0.825872,0.000,1.000,1,28.659,0.286594,0.000,1.000,1,29.524,0.295243,0.000,1.000,1,39.090,0.390902,0.000,1.000,1,67.999,0.679991,0.000,1.000,1,88.439,0.884388,0.000,1.000,focus,good
1783252824.273438,1,82.890,0.828897,0.000,1.000,1,30.451,0.304507,0.000,1.000,1,29.988,0.299884,0.000,1.000,1,39.788,0.397878,0.000,1.000,1,67.653,0.676534,0.000,1.000,1,88.906,0.889063,0.000,1.000,focus,good
1783252824.281250,1,82.192,0.821918,0.000,1.000,1,32.501,0.325011,0.000,1.000,1,29.995,0.299949,0.000,1.000,1,38.668,0.386684,0.000,1.000,1,68.538,0.685384,0.000,1.000,1,94.090,0.940898,0.000,1.000,focus,good
1783252824.289062,1,78.986,0.789857,0.000,1.000,1,27.802,0.278020,0.000,1.000,1,26.978,0.269777,0.000,1.000,1,41.986,0.419859,0.000,1.000,1,65.007,0.650070,0.000,1.000,1,89.875,0.898747,0.000,1.000,focus,good
1783252824.296875,1,84.417,0.844172,0.000,1.000,1,30.777,0.307775,0.000,1.000,1,34.609,0.346092,0.000,1.000,1,35.444,0.354439,0.000,1.000,1,69.773,0.697727,0.000,1.000,1,92.519,0.925192,0.000,1.000,focus,good
1783252824.304688,1,81.650,0.816502,0.000,1.000,1,34.816,0.348164,0.000,1.000,1,25.638,0.256383,0.000,1.000,1,39.822,0.398217,0.000,1.000,1,65.318,0.653183,0.000,1.000,1,91.959,0.919586,0.000,1.000,focus,good
1783252824.312500,1,80.029,0.800291,0.000,1.000,1,32.360,0.323597,0.000,1.000,1,31.385,0.313849,0.000,1.000,1,42.262,0.422616,0.000,1.000,1,67.217,0.672173,0.000,1.000,1,86.457,0.864567,0.000,1.000,focus,good
1783252824.320312,1,79.110,0.791099,0.000,1.000,1,29.835,0.298351,0.000,1.000,1,31.313,0.313134,0.000,1.000,1,36.770,0.367703,0.000,1.000,1,64.068,0.640683,0.000,1.000,1,90.381,0.903807,0.000,1.000,focus,good
1783252824.328125,1,82.173,0.821727,0.000,1.000,1,30.896,0.308961,0.000,1.000,1,30.515,0.305149,0.000,1.000,1,33.371,0.333709,0.000,1.000,1,67.617,0.676166,0.000,1.000,1,88.030,0.880303,0.000,1.000,focus,good
1783252824.335938,1,82.858,0.828582,0.000,1.000,1,27.626,0.276259,0.000,1.000,1,29.488,0.294880,0.000,1.000,1,41.068,0.410680,0.000,1.000,1,67.046,0.670457,0.000,1.000,1,84.817,0.848166,0.000,1.000,focus,good
1783252824.343750,1,78.237,0.782370,0.000,1.000,1,26.229,0.262292,0.000,1.000,1,29.172,0.291717,0.000,1.000,1,39.195,0.391951,0.000,1.000,1,65.077,0.650770,0.000,1.000,1,90.766,0.907663,0.000,1.000,focus,good
1783252824.351562,1,77.149,0.771489,0.000,1.000,1,23.967,0.239671,0.000,1.000,1,32.167,0.321670,0.000,1.000,1,39.247,0.392469,0.000,1.000,1,69.075,0.690745,0.000,1.000,1,94.561,0.945611,0.000,1.000,focus,good
1783252824.359375,1,81.082,0.810819,0.000,1.000,1,32.714,0.327138,0.000,1.000,1,29.442,0.294417,0.000,1.000,1,42.332,0.423316,0.000,1.000,1,65.364,0.653641,0.000,1.000,1,90.933,0.909332,0.000,1.000,focus,good
1783252824.367188,1,85.054,0.850540,0.000,1.000,1,39.632,0.396317,0.000,1.000,1,26.769,0.267692,0.000,1.000,1,40.504,0.405038,0.000,1.000,1,67.770,0.677704,0.000,1.000,1,89.782,0.897824,0.000,1.000,focus,good
1783252824.375000,1,86.292,0.862917,0.000,1.000,1,26.264,0.262642,0.000,1.000,1,28.572,0.285718,0.000,1.000,1,37.578,0.375785,0.000,1.000,1,66.840,0.668398,0.000,1.000,1,85.044,0.850435,0.000,1.000,focus,good
1783252824.382812,1,83.447,0.834465,0.000,1.000,1,28.054,0.280539,0.000,1.000,1,31.657,0.316571,0.000,1.000,1,39.637,0.396371,0.000,1.000,1,66.760,0.667602,0.000,1.000,1,87.487,0.874865,0.000,1.000,focus,good
1783252824.390625,1,79.273,0.792732,0.000,1.000,1,27.658,0.276580,0.000,1.000,1,32.678,0.326777,0.000,1.000,1,36.355,0.363553,0.000,1.000,1,63.864,0.638641,0.000,1.000,1,87.543,0.875427,0.000,1.000,focus,good
1783252824.398438,1,84.415,0.844151,0.000,1.000,1,29.202,0.292016,0.000,1.000,1,30.169,0.301688,0.000,1.000,1,38.763,0.387630,0.000,1.000,1,66.650,0.666500,0.000,1.000,1,88.183,0.881826,0.000,1.000,focus,good
1783252824.406250,1,81.388,0.813883,0.000,1.000,1,30.992,0.309923,0.000,1.000,1,31.045,0.310454,0.000,1.000,1,37.011,0.370108,0.000,1.000,1,65.793,0.657934,0.000,1.000,1,92.119,0.921187,0.000,1.000,focus,good
1783252824.414062,1,84.045,0.840446,0.000,1.000,1,29.473,0.294727,0.000,1.000,1,30.452,0.304525,0.000,1.000,1,36.890,0.368904,0.000,1.000,1,64.767,0.647672,0.000,1.000,1,88.541,0.885412,0.000,1.000,focus,good
1783252824.421875,1,84.617,0.846172,0.000,1.000,1,29.471,0.294713,0.000,1.000,1,22.413,0.224133,0.000,1.000,1,36.976,0.369761,0.000,1.000,1,72.384,0.723836,0.000,1.000,1,87.252,0.872524,0.000,1.000,focus,good
1783252824.429688,1,84.849,0.848486,0.000,1.000,1,26.155,0.261547,0.000,1.000,1,29.899,0.298991,0.000,1.000,1,39.883,0.398829,0.000,1.000,1,67.086,0.670863,0.000,1.000,1,88.205,0.882051,0.000,1.000,focus,good
1783252824.437500,1,82.869,0.828693,0.000,1.000,1,32.331,0.323313,0.000,1.000,1,32.798,0.327984,0.000,1.000,1,41.643,0.416426,0.000,1.000,1,63.362,0.633625,0.000,1.000,1,87.491,0.874907,0.000,1.000,focus,good
1783252824.445312,1,82.780,0.827801,0.000,1.000,1,36.731,0.367314,0.000,1.000,1,31.163,0.311631,0.000,1.000,1,39.007,0.390070,0.000,1.000,1,65.096,0.650964,0.000,1.000,1,88.848,0.888478,0.000,1.000,focus,good
1783252824.453125,1,86.402,0.864023,0.000,1.000,1,33.759,0.337586,0.000,1.000,1,28.916,0.289160,0.000,1.000,1,38.398,0.383982,0.000,1.000,1,68.390,0.683897,0.000,1.000,1,88.929,0.889293,0.000,1.000,focus,good
1783252824.460938,1,85.392,0.853923,0.000,1.000,1,31.289,0.312890,0.000,1.000,1,28.184,0.281835,0.000,1.000,1,38.755,0.387547,0.000,1.000,1,67.460,0.674602,0.000,1.000,1,89.178,0.891784,0.000,1.000,focus,good
1783252824.468750,1,80.974,0.809737,0.000,1.000,1,32.746,0.327462,0.000,1.000,1,28.817,0.288167,0.000,1.000,1,40.354,0.403544,0.000,1.000,1,69.904,0.699043,0.000,1.000,1,82.868,0.828678,0.000,1.000,focus,good
1783252824.476562,1,85.683,0.856832,0.000,1.000,1,35.490,0.354899,0.000,1.000,1,25.819,0.258191,0.000,1.000,1,36.312,0.363124,0.000,1.000,1,66.950,0.669502,0.000,1.000,1,87.551,0.875510,0.000,1.000,focus,good
1783252824.484375,1,85.092,0.850920,0.000,1.000,1,31.593,0.315929,0.000,1.000,1,28.753,0.287526,0.000,1.000,1,40.013,0.400131,0.000,1.000,1,68.344,0.683441,0.000,1.000,1,87.783,0.877834,0.000,1.000,focus,good
1783252824.492188,1,83.740,0.837399,0.000,1.000,1,30.617,0.306167,0.000,1.000,1,26.036,0.260363,0.000,1.000,1,40.604,0.406042,0.000,1.000,1,68.101,0.681011,0.000,1.000,1,93.323,0.933227,0.000,1.000,focus,good
1783252824.500000,1,82.202,0.822021,0.000,1.000,1,28.764,0.287641,0.000,1.000,1,28.290,0.282896,0.000,1.000,1,40.243,0.402432,0.000,1.000,1,66.408,0.664075,0.000,1.000,1,90.045,0.900449,0.000,1.000,focus,good
1783252824.507812,1,81.605,0.816047,0.000,1.000,1,30.259,0.302585,0.000,1.000,1,23.426,0.234256,0.000,1.000,1,41.804,0.418042,0.000,1.000,1,68.195,0.681949,0.000,1.000,1,90.625,0.906252,0.000,1.000,focus,good
1783252824.515625,1,83.790,0.837901,0.000,1.000,1,31.621,0.316212,0.000,1.000,1,31.524,0.315245,0.000,1.000,1,41.337,0.413375,0.000,1.000,1,66.282,0.662816,0.000,1.000,1,86.165,0.861650,0.000,1.000,focus,good
1783252824.523438,1,85.645,0.856450,0.000,1.000,1,30.953,0.309531,0.000,1.000,1,28.114,0.281139,0.000,1.000,1,42.408,0.424084,0.000,1.000,1,65.375,0.653753,0.000,1.000,1,88.388,0.883876,0.000,1.000,focus,good
1783252824.531250,1,81.577,0.815775,0.000,1.000,1,34.181,0.341806,0.000,1.000,1,31.140,0.311405,0.000,1.000,1,34.072,0.340725,0.000,1.000,1,64.713,0.647134,0.000,1.000,1,87.341,0.873410,0.000,1.000,focus,good
1783252824.539062,1,79.043,0.790426,0.000,1.000,1,32.321,0.323209,0.000,1.000,1,28.826,0.288259,0.000,1.000,1,38.574,0.385737,0.000,1.000,1,64.370,0.643700,0.000,1.000,1,84.708,0.847079,0.000,1.000,focus,good
1783252824.546875,1,83.790,0.837899,0.000,1.000,1,28.496,0.284955,0.000,1.000,1,27.626,0.276261,0.000,1.000,1,41.800,0.418002,0.000,1.000,1,62.481,0.624806,0.000,1.000,1,91.336,0.913357,0.000,1.000,focus,good
1783252824.554688,1,80.859,0.808590,0.000,1.000,1,29.598,0.295983,0.000,1.000,1,25.691,0.256914,0.000,1.000,1,39.698,0.396984,0.000,1.000,1,71.810,0.718101,0.000,1.000,1,89.611,0.896107,0.000,1.000,focus,good
1783252824.562500,1,81.890,0.818900,0.000,1.000,1,30.533,0.305333,0.000,1.000,1,26.336,0.263362,0.000,1.000,1,39.062,0.390619,0.000,1.000,1,65.667,0.656667,0.000,1.000,1,84.826,0.848263,0.000,1.000,focus,good
1783252824.570312,1,81.788,0.817884,0.000,1.000,1,27.587,0.275873,0.000,1.000,1,29.318,0.293182,0.000,1.000,1,38.533,0.385334,0.000,1.000,1,65.470,0.654695,0.000,1.000,1,91.270,0.912700,0.000,1.000,focus,good
1783252824.578125,1,84.479,0.844788,0.000,1.000,1,31.873,0.318733,0.000,1.000,1,27.461,0.274612,0.000,1.000,1,35.070,0.350699,0.000,1.000,1,66.588,0.665885,0.000,1.000,1,83.760,0.837603,0.000,1.000,focus,good
1783252824.585938,1,84.559,0.845594,0.000,1.000,1,31.061,0.310607,0.000,1.000,1,28.940,0.289397,0.000,1.000,1,37.683,0.376830,0.000,1.000,1,70.235,0.702355,0.000,1.000,1,91.648,0.916483,0.000,1.000,focus,good
1783252824.593750,1,84.922,0.849221,0.000,1.000,1,31.406,0.314059,0.000,1.000,1,29.075,0.290751,0.000,1.000,1,39.142,0.391423,0.000,1.000,1,67.396,0.673962,0.000,1.000,1,89.304,0.893035,0.000,1.000,focus,good
1783252824.601562,1,84.784,0.847842,0.000,1.000,1,28.553,0.285532,0.000,1.000,1,24.671,0.246711,0.000,1.000,1,38.293,0.382928,0.000,1.000,1,64.889,0.648887,0.000,1.000,1,86.132,0.861317,0.000,1.000,focus,good
1783252824.609375,1,77.398,0.773980,0.000,1.000,1,28.597,0.285967,0.000,1.000,1,32.483,0.324829,0.000,1.000,1,39.651,0.396510,0.000,1.000,1,69.294,0.692935,0.000,1.000,1,91.481,0.914810,0.000,1.000,focus,good
1783252824.617188,1,83.789,0.837891,0.000,1.000,1,28.750,0.287498,0.000,1.000,1,31.047,0.310469,0.000,1.000,1,37.563,0.375632,0.000,1.000,1,64.248,0.642484,0.000,1.000,1,88.196,0.881962,0.000,1.000,focus,good
1783252824.625000,1,83.296,0.832959,0.000,1.000,1,32.496,0.324955,0.000,1.000,1,29.398,0.293984,0.000,1.000,1,36.599,0.365985,0.000,1.000,1,66.391,0.663911,0.000,1.000,1,96.347,0.963473,0.000,1.000,focus,good
1783252824.632812,1,81.185,0.811849,0.000,1.000,1,32.694,0.326937,0.000,1.000,1,31.076,0.310758,0.000,1.000,1,40.922,0.409224,0.000,1.000,1,63.282,0.632822,0.000,1.000,1,89.547,0.895474,0.000,1.000,focus,good
1783252824.640625,1,84.400,0.843995,0.000,1.000,1,30.845,0.308446,0.000,1.000,1,26.117,0.261170,0.000,1.000,1,35.556,0.355559,0.000,1.000,1,67.979,0.679787,0.000,1.000,1,87.136,0.871360,0.000,1.000,focus,good
1783252824.648438,1,83.331,0.833315,0.000,1.000,1,23.814,0.238138,0.000,1.000,1,31.387,0.313867,0.000,1.000,1,34.914,0.349139,0.000,1.000,1,62.913,0.629128,0.000,1.000,1,88.771,0.887715,0.000,1.000,focus,good
1783252824.656250,1,83.877,0.838772,0.000,1.000,1,28.397,0.283966,0.000,1.000,1,29.499,0.294992,0.000,1.000,1,41.994,0.419941,0.000,1.000,1,70.072,0.700725,0.000,1.000,1,85.049,0.850490,0.000,1.000,focus,good
1783252824.664062,1,82.915,0.829147,0.000,1.000,1,27.920,0.279197,0.000,1.000,1,33.915,0.339149,0.000,1.000,1,37.743,0.377432,0.000,1.000,1,64.849,0.648489,0.000,1.000,1,92.136,0.921362,0.000,1.000,focus,good
1783252824.671875,1,86.673,0.866731,0.000,1.000,1,32.776,0.327758,0.000,1.000,1,30.217,0.302170,0.000,1.000,1,41.141,0.411408,0.000,1.000,1,66.694,0.666942,0.000,1.000,1,89.007,0.890068,0.000,1.000,focus,good
1783252824.679688,1,82.088,0.820879,0.000,1.000,1,25.590,0.255903,0.000,1.000,1,27.177,0.271772,0.000,1.000,1,42.675,0.426752,0.000,1.000,1,66.213,0.662131,0.000,1.000,1,94.199,0.941989,0.000,1.000,focus,good
1783252824.687500,1,80.064,0.800638,0.000,1.000,1,28.064,0.280638,0.000,1.000,1,29.140,0.291398,0.000,1.000,1,37.348,0.373477,0.000,1.000,1,67.069,0.670685,0.000,1.000,1,87.902,0.879016,0.000,1.000,focus,good
1783252824.695312,1,83.914,0.839144,0.000,1.000,1,29.591,0.295906,0.000,1.000,1,31.354,0.313543,0.000,1.000,1,37.856,0.378560,0.000,1.000,1,66.288,0.662879,0.000,1.000,1,88.229,0.882289,0.000,1.000,focus,good
1783252824.703125,1,80.822,0.808223,0.000,1.000,1,32.453,0.324528,0.000,1.000,1,30.500,0.305000,0.000,1.000,1,39.236,0.392357,0.000,1.000,1,64.773,0.647727,0.000,1.000,1,89.207,0.892074,0.000,1.000,focus,good
1783252824.710938,1,79.693,0.796932,0.000,1.000,1,28.401,0.284014,0.000,1.000,1,30.899,0.308994,0.000,1.000,1,41.131,0.411310,0.000,1.000,1,69.305,0.693047,0.000,1.000,1,93.323,0.933225,0.000,1.000,focus,good
1783252824.718750,1,85.039,0.850385,0.000,1.000,1,26.132,0.261321,0.000,1.000,1,27.191,0.271907,0.000,1.000,1,32.552,0.325524,0.000,1.000,1,64.246,0.642461,0.000,1.000,1,84.732,0.847316,0.000,1.000,focus,good
1783252824.726562,1,82.314,0.823145,0.000,1.000,1,37.709,0.377095,0.000,1.000,1,23.939,0.239391,0.000,1.000,1,38.878,0.388780,0.000,1.000,1,65.390,0.653897,0.000,1.000,1,87.703,0.877027,0.000,1.000,focus,good
1783252824.734375,1,78.693,0.786929,0.000,1.000,1,29.224,0.292239,0.000,1.000,1,27.947,0.279473,0.000,1.000,1,43.021,0.430210,0.000,1.000,1,66.993,0.669932,0.000,1.000,1,93.063,0.930633,0.000,1.000,focus,good
1783252824.742188,1,78.391,0.783907,0.000,1.000,1,31.033,0.310332,0.000,1.000,1,30.188,0.301877,0.000,1.000,1,37.484,0.374837,0.000,1.000,1,67.435,0.674350,0.000,1.000,1,90.042,0.900416,0.000,1.000,focus,good
1783252824.750000,1,82.350,0.823497,0.000,1.000,1,29.672,0.296723,0.000,1.000,1,27.525,0.275249,0.000,1.000,1,38.587,0.385868,0.000,1.000,1,69.682,0.696819,0.000,1.000,1,84.817,0.848172,0.000,1.000,focus,good
1783252824.757812,1,85.560,0.855600,0.000,1.000,1,34.410,0.344103,0.000,1.000,1,28.575,0.285751,0.000,1.000,1,39.715,0.397149,0.000,1.000,1,65.049,0.650493,0.000,1.000,1,84.038,0.840384,0.000,1.000,focus,good
1783252824.765625,1,84.254,0.842535,0.000,1.000,1,35.322,0.353220,0.000,1.000,1,27.620,0.276195,0.000,1.000,1,38.051,0.380506,0.000,1.000,1,69.253,0.692530,0.000,1.000,1,84.635,0.846354,0.000,1.000,focus,good
1783252824.773438,1,83.991,0.839914,0.000,1.000,1,25.067,0.250672,0.000,1.000,1,29.259,0.292594,0.000,1.000,1,38.635,0.386350,0.000,1.000,1,66.786,0.667865,0.000,1.000,1,88.719,0.887194,0.000,1.000,focus,good
1783252824.781250,1,79.136,0.791364,0.000,1.000,1,27.587,0.275869,0.000,1.000,1,28.192,0.281916,0.000,1.000,1,40.117,0.401167,0.000,1.000,1,65.180,0.651799,0.000,1.000,1,87.644,0.876438,0.000,1.000,focus,good
1783252824.789062,1,86.580,0.865802,0.000,1.000,1,30.969,0.309693,0.000,1.000,1,25.108,0.251081,0.000,1.000,1,35.131,0.351308,0.000,1.000,1,64.470,0.644698,0.000,1.000,1,91.452,0.914517,0.000,1.000,focus,good
1783252824.796875,1,81.952,0.819525,0.000,1.000,1,23.897,0.238965,0.000,1.000,1,27.367,0.273672,0.000,1.000,1,38.767,0.387667,0.000,1.000,1,68.356,0.683564,0.000,1.000,1,86.391,0.863915,0.000,1.000,focus,good
1783252824.804688,1,79.402,0.794018,0.000,1.000,1,30.155,0.301552,0.000,1.000,1,29.888,0.298879,0.000,1.000,1,39.087,0.390867,0.000,1.000,1,60.332,0.603324,0.000,1.000,1,89.618,0.896178,0.000,1.000,focus,good
1783252824.812500,1,83.429,0.834285,0.000,1.000,1,30.140,0.301398,0.000,1.000,1,28.727,0.287274,0.000,1.000,1,40.691,0.406908,0.000,1.000,1,67.397,0.673965,0.000,1.000,1,84.643,0.846429,0.000,1.000,focus,good
1783252824.820312,1,81.848,0.818485,0.000,1.000,1,33.097,0.330973,0.000,1.000,1,33.181,0.331807,0.000,1.000,1,37.947,0.379466,0.000,1.000,1,67.590,0.675895,0.000,1.000,1,90.049,0.900486,0.000,1.000,focus,good
1783252824.828125,1,82.041,0.820408,0.000,1.000,1,30.285,0.302850,0.000,1.000,1,31.203,0.312026,0.000,1.000,1,41.873,0.418727,0.000,1.000,1,67.227,0.672271,0.000,1.000,1,87.465,0.874651,0.000,1.000,focus,good
1783252824.835938,1,81.508,0.815082,0.000,1.000,1,31.293,0.312931,0.000,1.000,1,31.188,0.311882,0.000,1.000,1,39.718,0.397178,0.000,1.000,1,62.464,0.624642,0.000,1.000,1,90.131,0.901305,0.000,1.000,focus,good
1783252824.843750,1,81.646,0.816455,0.000,1.000,1,33.050,0.330498,0.000,1.000,1,28.345,0.283450,0.000,1.000,1,39.201,0.392011,0.000,1.000,1,68.402,0.684018,0.000,1.000,1,88.938,0.889382,0.000,1.000,focus,good
1783252824.851562,1,82.937,0.829367,0.000,1.000,1,32.864,0.328641,0.000,1.000,1,29.537,0.295375,0.000,1.000,1,39.213,0.392130,0.000,1.000,1,65.285,0.652847,0.000,1.000,1,85.672,0.856721,0.000,1.000,focus,good
1783252824.859375,1,77.736,0.777364,0.000,1.000,1,33.079,0.330791,0.000,1.000,1,30.938,0.309379,0.000,1.000,1,39.048,0.390480,0.000,1.000,1,64.999,0.649992,0.000,1.000,1,89.231,0.892306,0.000,1.000,focus,good
1783252824.867188,1,82.262,0.822617,0.000,1.000,1,28.852,0.288525,0.000,1.000,1,28.107,0.281071,0.000,1.000,1,34.371,0.343711,0.000,1.000,1,65.504,0.655040,0.000,1.000,1,84.356,0.843558,0.000,1.000,focus,good
1783252824.875000,1,77.552,0.775518,0.000,1.000,1,29.202,0.292022,0.000,1.000,1,33.546,0.335461,0.000,1.000,1,36.594,0.365939,0.000,1.000,1,62.872,0.628716,0.000,1.000,1,83.873,0.838725,0.000,1.000,focus,good
1783252824.882812,1,81.475,0.814753,0.000,1.000,1,32.025,0.320248,0.000,1.000,1,28.004,0.280040,0.000,1.000,1,36.943,0.369433,0.000,1.000,1,65.748,0.657485,0.000,1.000,1,91.103,0.911029,0.000,1.000,focus,good
1783252824.890625,1,81.142,0.811424,0.000,1.000,1,30.729,0.307293,0.000,1.000,1,27.124,0.271245,0.000,1.000,1,35.150,0.351498,0.000,1.000,1,65.579,0.655794,0.000,1.000,1,88.749,0.887487,0.000,1.000,focus,good
1783252824.898438,1,82.478,0.824783,0.000,1.000,1,27.266,0.272655,0.000,1.000,1,34.047,0.340472,0.000,1.000,1,34.923,0.349234,0.000,1.000,1,69.724,0.697241,0.000,1.000,1,89.125,0.891245,0.000,1.000,focus,good
1783252824.906250,1,77.242,0.772416,0.000,1.000,1,30.811,0.308108,0.000,1.000,1,24.912,0.249120,0.000,1.000,1,39.871,0.398713,0.000,1.000,1,66.307,0.663069,0.000,1.000,1,86.547,0.865474,0.000,1.000,focus,good
1783252824.914062,1,79.084,0.790843,0.000,1.000,1,24.595,0.245951,0.000,1.000,1,26.899,0.268994,0.000,1.000,1,35.613,0.356127,0.000,1.000,1,65.454,0.654536,0.000,1.000,1,86.556,0.865561,0.000,1.000,focus,good
1783252824.921875,1,82.140,0.821400,0.000,1.000,1,28.627,0.286269,0.000,1.000,1,29.398,0.293983,0.000,1.000,1,32.276,0.322764,0.000,1.000,1,64.107,0.641069,0.000,1.000,1,86.918,0.869181,0.000,1.000,focus,good
1783252824.929688,1,82.028,0.820276,0.000,1.000,1,29.153,0.291532,0.000,1.000,1,27.815,0.278149,0.000,1.000,1,36.616,0.366162,0.000,1.000,1,65.046,0.650465,0.000,1.000,1,86.123,0.861227,0.000,1.000,focus,good
1783252824.937500,1,80.445,0.804451,0.000,1.000,1,33.021,0.330214,0.000,1.000,1,34.414,0.344139,0.000,1.000,1,37.506,0.375057,0.000,1.000,1,67.640,0.676400,0.000,1.000,1,86.371,0.863713,0.000,1.000,focus,good
1783252824.945312,1,80.031,0.800311,0.000,1.000,1,29.714,0.297142,0.000,1.000,1,27.376,0.273757,0.000,1.000,1,37.231,0.372314,0.000,1.000,1,64.604,0.646037,0.000,1.000,1,85.858,0.858576,0.000,1.000,focus,good
1783252824.953125,1,86.192,0.861918,0.000,1.000,1,26.649,0.266492,0.000,1.000,1,26.275,0.262748,0.000,1.000,1,34.531,0.345313,0.000,1.000,1,65.818,0.658179,0.000,1.000,1,87.465,0.874654,0.000,1.000,focus,good
1783252824.960938,1,81.720,0.817199,0.000,1.000,1,34.000,0.339996,0.000,1.000,1,27.257,0.272572,0.000,1.000,1,43.098,0.430979,0.000,1.000,1,67.444,0.674437,0.000,1.000,1,86.108,0.861078,0.000,1.000,focus,good
1783252824.968750,1,81.529,0.815291,0.000,1.000,1,31.107,0.311069,0.000,1.000,1,31.698,0.316980,0.000,1.000,1,38.966,0.389661,0.000,1.000,1,67.091,0.670915,0.000,1.000,1,92.080,0.920796,0.000,1.000,focus,good
1783252824.976562,1,82.816,0.828157,0.000,1.000,1,30.993,0.309928,0.000,1.000,1,31.450,0.314501,0.000,1.000,1,32.867,0.328669,0.000,1.000,1,64.671,0.646713,0.000,1.000,1,86.144,0.861436,0.000,1.000,focus,good
1783252824.984375,1,79.573,0.795732,0.000,1.000,1,30.736,0.307361,0.000,1.000,1,29.010,0.290098,0.000,1.000,1,39.014,0.390136,0.000,1.000,1,69.007,0.690070,0.000,1.000,1,81.752,0.817518,0.000,1.000,focus,good
1783252824.992188,1,83.929,0.839292,0.000,1.000,1,29.783,0.297828,0.000,1.000,1,25.704,0.257045,0.000,1.000,1,41.839,0.418386,0.000,1.000,1,67.625,0.676247,0.000,1.000,1,88.239,0.882393,0.000,1.000,focus,good
1783252825.000000,0,,,0.000,1.000,0,,,0.000,1.000,0,,,0.000,1.000,0,,,0.000,1.000,0,,,0.000,1.000,0,,,0.000,1.000,motion_artifact,bad_quality_motion
1783252825.007812,0,,,0.000,1.000,0,,,0.000,1.000,0,,,0.000,1.000,0,,,0.000,1.000,0,,,0.000,1.000,0,,,0.000,1.000,motion_artifact,bad_quality_motion
1783252825.015625,0,,,0.000,1.000,0,,,0.000,1.000,0,,,0.000,1.000,0,,,0.000,1.000,0,,,0.000,1.000,0,,,0.000,1.000,motion_artifact,bad_quality_motion
1783252825.023438,0,,,0.000,1.000,0,,,0.000,1.000,0,,,0.000,1.000,0,,,0.000,1.000,0,,,0.000,1.000,0,,,0.000,1.000,motion_artifact,bad_quality_motion
1783252825.031250,0,,,0.000,1.000,0,,,0.000,1.000,0,,,0.000,1.000,0,,,0.000,1.000,0,,,0.000,1.000,0,,,0.000,1.000,motion_artifact,bad_quality_motion
1783252825.039062,0,,,0.000,1.000,0,,,0.000,1.000,0,,,0.000,1.000,0,,,0.000,1.000,0,,,0.000,1.000,0,,,0.000,1.000,motion_artifact,bad_quality_motion
1783252825.046875,0,,,0.000,1.000,0,,,0.000,1.000,0,,,0.000,1.000,0,,,0.000,1.000,0,,,0.000,1.000,0,,,0.000,1.000,motion_artifact,bad_quality_motion
1783252825.054688,0,,,0.000,1.000,0,,,0.000,1.000,0,,,0.000,1.000,0,,,0.000,1.000,0,,,0.000,1.000,0,,,0.000,1.000,motion_artifact,bad_quality_motion
1783252825.062500,0,,,0.000,1.000,0,,,0.000,1.000,0,,,0.000,1.000,0,,,0.000,1.000,0,,,0.000,1.000,0,,,0.000,1.000,motion_artifact,bad_quality_motion
1783252825.070312,0,,,0.000,1.000,0,,,0.000,1.000,0,,,0.000,1.000,0,,,0.000,1.000,0,,,0.000,1.000,0,,,0.000,1.000,motion_artifact,bad_quality_motion
1783252825.078125,0,,,0.000,1.000,0,,,0.000,1.000,0,,,0.000,1.000,0,,,0.000,1.000,0,,,0.000,1.000,0,,,0.000,1.000,motion_artifact,bad_quality_motion
1783252825.085938,0,,,0.000,1.000,0,,,0.000,1.000,0,,,0.000,1.000,0,,,0.000,1.000,0,,,0.000,1.000,0,,,0.000,1.000,motion_artifact,bad_quality_motion
1783252825.093750,0,,,0.000,1.000,0,,,0.000,1.000,0,,,0.000,1.000,0,,,0.000,1.000,0,,,0.000,1.000,0,,,0.000,1.000,motion_artifact,bad_quality_motion
1783252825.101562,0,,,0.000,1.000,0,,,0.000,1.000,0,,,0.000,1.000,0,,,0.000,1.000,0,,,0.000,1.000,0,,,0.000,1.000,motion_artifact,bad_quality_motion
1783252825.109375,0,,,0.000,1.000,0,,,0.000,1.000,0,,,0.000,1.000,0,,,0.000,1.000,0,,,0.000,1.000,0,,,0.000,1.000,motion_artifact,bad_quality_motion
1783252825.117188,0,,,0.000,1.000,0,,,0.000,1.000,0,,,0.000,1.000,0,,,0.000,1.000,0,,,0.000,1.000,0,,,0.000,1.000,motion_artifact,bad_quality_motion
1783252825.125000,0,,,0.000,1.000,0,,,0.000,1.000,0,,,0.000,1.000,0,,,0.000,1.000,0,,,0.000,1.000,0,,,0.000,1.000,motion_artifact,bad_quality_motion
1783252825.132812,0,,,0.000,1.000,0,,,0.000,1.000,0,,,0.000,1.000,0,,,0.000,1.000,0,,,0.000,1.000,0,,,0.000,1.000,motion_artifact,bad_quality_motion
1783252825.140625,0,,,0.000,1.000,0,,,0.000,1.000,0,,,0.000,1.000,0,,,0.000,1.000,0,,,0.000,1.000,0,,,0.000,1.000,motion_artifact,bad_quality_motion
1783252825.148438,0,,,0.000,1.000,0,,,0.000,1.000,0,,,0.000,1.000,0,,,0.000,1.000,0,,,0.000,1.000,0,,,0.000,1.000,motion_artifact,bad_quality_motion
1783252825.156250,0,,,0.000,1.000,0,,,0.000,1.000,0,,,0.000,1.000,0,,,0.000,1.000,0,,,0.000,1.000,0,,,0.000,1.000,motion_artifact,bad_quality_motion
1783252825.164062,0,,,0.000,1.000,0,,,0.000,1.000,0,,,0.000,1.000,0,,,0.000,1.000,0,,,0.000,1.000,0,,,0.000,1.000,motion_artifact,bad_quality_motion
1783252825.171875,0,,,0.000,1.000,0,,,0.000,1.000,0,,,0.000,1.000,0,,,0.000,1.000,0,,,0.000,1.000,0,,,0.000,1.000,motion_artifact,bad_quality_motion
1783252825.179688,0,,,0.000,1.000,0,,,0.000,1.000,0,,,0.000,1.000,0,,,0.000,1.000,0,,,0.000,1.000,0,,,0.000,1.000,motion_artifact,bad_quality_motion
1783252825.187500,0,,,0.000,1.000,0,,,0.000,1.000,0,,,0.000,1.000,0,,,0.000,1.000,0,,,0.000,1.000,0,,,0.000,1.000,motion_artifact,bad_quality_motion
1783252825.195312,0,,,0.000,1.000,0,,,0.000,1.000,0,,,0.000,1.000,0,,,0.000,1.000,0,,,0.000,1.000,0,,,0.000,1.000,motion_artifact,bad_quality_motion
1783252825.203125,0,,,0.000,1.000,0,,,0.000,1.000,0,,,0.000,1.000,0,,,0.000,1.000,0,,,0.000,1.000,0,,,0.000,1.000,motion_artifact,bad_quality_motion
1783252825.210938,0,,,0.000,1.000,0,,,0.000,1.000,0,,,0.000,1.000,0,,,0.000,1.000,0,,,0.000,1.000,0,,,0.000,1.000,motion_artifact,bad_quality_motion
1783252825.218750,0,,,0.000,1.000,0,,,0.000,1.000,0,,,0.000,1.000,0,,,0.000,1.000,0,,,0.000,1.000,0,,,0.000,1.000,motion_artifact,bad_quality_motion
1783252825.226562,0,,,0.000,1.000,0,,,0.000,1.000,0,,,0.000,1.000,0,,,0.000,1.000,0,,,0.000,1.000,0,,,0.000,1.000,motion_artifact,bad_quality_motion
1783252825.234375,0,,,0.000,1.000,0,,,0.000,1.000,0,,,0.000,1.000,0,,,0.000,1.000,0,,,0.000,1.000,0,,,0.000,1.000,motion_artifact,bad_quality_motion
1783252825.242188,0,,,0.000,1.000,0,,,0.000,1.000,0,,,0.000,1.000,0,,,0.000,1.000,0,,,0.000,1.000,0,,,0.000,1.000,motion_artifact,bad_quality_motion
1783252825.250000,0,,,0.000,1.000,0,,,0.000,1.000,0,,,0.000,1.000,0,,,0.000,1.000,0,,,0.000,1.000,0,,,0.000,1.000,motion_artifact,bad_quality_motion
1783252825.257812,0,,,0.000,1.000,0,,,0.000,1.000,0,,,0.000,1.000,0,,,0.000,1.000,0,,,0.000,1.000,0,,,0.000,1.000,motion_artifact,bad_quality_motion
1783252825.265625,0,,,0.000,1.000,0,,,0.000,1.000,0,,,0.000,1.000,0,,,0.000,1.000,0,,,0.000,1.000,0,,,0.000,1.000,motion_artifact,bad_quality_motion
1783252825.273438,0,,,0.000,1.000,0,,,0.000,1.000,0,,,0.000,1.000,0,,,0.000,1.000,0,,,0.000,1.000,0,,,0.000,1.000,motion_artifact,bad_quality_motion
1783252825.281250,0,,,0.000,1.000,0,,,0.000,1.000,0,,,0.000,1.000,0,,,0.000,1.000,0,,,0.000,1.000,0,,,0.000,1.000,motion_artifact,bad_quality_motion
1783252825.289062,0,,,0.000,1.000,0,,,0.000,1.000,0,,,0.000,1.000,0,,,0.000,1.000,0,,,0.000,1.000,0,,,0.000,1.000,motion_artifact,bad_quality_motion
1783252825.296875,0,,,0.000,1.000,0,,,0.000,1.000,0,,,0.000,1.000,0,,,0.000,1.000,0,,,0.000,1.000,0,,,0.000,1.000,motion_artifact,bad_quality_motion
1783252825.304688,0,,,0.000,1.000,0,,,0.000,1.000,0,,,0.000,1.000,0,,,0.000,1.000,0,,,0.000,1.000,0,,,0.000,1.000,motion_artifact,bad_quality_motion
1783252825.312500,0,,,0.000,1.000,0,,,0.000,1.000,0,,,0.000,1.000,0,,,0.000,1.000,0,,,0.000,1.000,0,,,0.000,1.000,motion_artifact,bad_quality_motion
1783252825.320312,0,,,0.000,1.000,0,,,0.000,1.000,0,,,0.000,1.000,0,,,0.000,1.000,0,,,0.000,1.000,0,,,0.000,1.000,motion_artifact,bad_quality_motion
1783252825.328125,0,,,0.000,1.000,0,,,0.000,1.000,0,,,0.000,1.000,0,,,0.000,1.000,0,,,0.000,1.000,0,,,0.000,1.000,motion_artifact,bad_quality_motion
1783252825.335938,0,,,0.000,1.000,0,,,0.000,1.000,0,,,0.000,1.000,0,,,0.000,1.000,0,,,0.000,1.000,0,,,0.000,1.000,motion_artifact,bad_quality_motion
1783252825.343750,0,,,0.000,1.000,0,,,0.000,1.000,0,,,0.000,1.000,0,,,0.000,1.000,0,,,0.000,1.000,0,,,0.000,1.000,motion_artifact,bad_quality_motion
1783252825.351562,0,,,0.000,1.000,0,,,0.000,1.000,0,,,0.000,1.000,0,,,0.000,1.000,0,,,0.000,1.000,0,,,0.000,1.000,motion_artifact,bad_quality_motion
1783252825.359375,0,,,0.000,1.000,0,,,0.000,1.000,0,,,0.000,1.000,0,,,0.000,1.000,0,,,0.000,1.000,0,,,0.000,1.000,motion_artifact,bad_quality_motion
1783252825.367188,0,,,0.000,1.000,0,,,0.000,1.000,0,,,0.000,1.000,0,,,0.000,1.000,0,,,0.000,1.000,0,,,0.000,1.000,motion_artifact,bad_quality_motion
1783252825.375000,0,,,0.000,1.000,0,,,0.000,1.000,0,,,0.000,1.000,0,,,0.000,1.000,0,,,0.000,1.000,0,,,0.000,1.000,motion_artifact,bad_quality_motion
1783252825.382812,0,,,0.000,1.000,0,,,0.000,1.000,0,,,0.000,1.000,0,,,0.000,1.000,0,,,0.000,1.000,0,,,0.000,1.000,motion_artifact,bad_quality_motion
1783252825.390625,0,,,0.000,1.000,0,,,0.000,1.000,0,,,0.000,1.000,0,,,0.000,1.000,0,,,0.000,1.000,0,,,0.000,1.000,motion_artifact,bad_quality_motion
1783252825.398438,0,,,0.000,1.000,0,,,0.000,1.000,0,,,0.000,1.000,0,,,0.000,1.000,0,,,0.000,1.000,0,,,0.000,1.000,motion_artifact,bad_quality_motion
1783252825.406250,0,,,0.000,1.000,0,,,0.000,1.000,0,,,0.000,1.000,0,,,0.000,1.000,0,,,0.000,1.000,0,,,0.000,1.000,motion_artifact,bad_quality_motion
1783252825.414062,0,,,0.000,1.000,0,,,0.000,1.000,0,,,0.000,1.000,0,,,0.000,1.000,0,,,0.000,1.000,0,,,0.000,1.000,motion_artifact,bad_quality_motion
1783252825.421875,0,,,0.000,1.000,0,,,0.000,1.000,0,,,0.000,1.000,0,,,0.000,1.000,0,,,0.000,1.000,0,,,0.000,1.000,motion_artifact,bad_quality_motion
1783252825.429688,0,,,0.000,1.000,0,,,0.000,1.000,0,,,0.000,1.000,0,,,0.000,1.000,0,,,0.000,1.000,0,,,0.000,1.000,motion_artifact,bad_quality_motion
1783252825.437500,0,,,0.000,1.000,0,,,0.000,1.000,0,,,0.000,1.000,0,,,0.000,1.000,0,,,0.000,1.000,0,,,0.000,1.000,motion_artifact,bad_quality_motion
1783252825.445312,0,,,0.000,1.000,0,,,0.000,1.000,0,,,0.000,1.000,0,,,0.000,1.000,0,,,0.000,1.000,0,,,0.000,1.000,motion_artifact,bad_quality_motion
1783252825.453125,0,,,0.000,1.000,0,,,0.000,1.000,0,,,0.000,1.000,0,,,0.000,1.000,0,,,0.000,1.000,0,,,0.000,1.000,motion_artifact,bad_quality_motion
1783252825.460938,0,,,0.000,1.000,0,,,0.000,1.000,0,,,0.000,1.000,0,,,0.000,1.000,0,,,0.000,1.000,0,,,0.000,1.000,motion_artifact,bad_quality_motion
1783252825.468750,0,,,0.000,1.000,0,,,0.000,1.000,0,,,0.000,1.000,0,,,0.000,1.000,0,,,0.000,1.000,0,,,0.000,1.000,motion_artifact,bad_quality_motion
1783252825.476562,0,,,0.000,1.000,0,,,0.000,1.000,0,,,0.000,1.000,0,,,0.000,1.000,0,,,0.000,1.000,0,,,0.000,1.000,motion_artifact,bad_quality_motion
1783252825.484375,0,,,0.000,1.000,0,,,0.000,1.000,0,,,0.000,1.000,0,,,0.000,1.000,0,,,0.000,1.000,0,,,0.000,1.000,motion_artifact,bad_quality_motion
1783252825.492188,0,,,0.000,1.000,0,,,0.000,1.000,0,,,0.000,1.000,0,,,0.000,1.000,0,,,0.000,1.000,0,,,0.000,1.000,motion_artifact,bad_quality_motion
1783252825.500000,0,,,0.000,1.000,0,,,0.000,1.000,0,,,0.000,1.000,0,,,0.000,1.000,0,,,0.000,1.000,0,,,0.000,1.000,motion_artifact,bad_quality_motion
1783252825.507812,0,,,0.000,1.000,0,,,0.000,1.000,0,,,0.000,1.000,0,,,0.000,1.000,0,,,0.000,1.000,0,,,0.000,1.000,motion_artifact,bad_quality_motion
1783252825.515625,0,,,0.000,1.000,0,,,0.000,1.000,0,,,0.000,1.000,0,,,0.000,1.000,0,,,0.000,1.000,0,,,0.000,1.000,motion_artifact,bad_quality_motion
1783252825.523438,0,,,0.000,1.000,0,,,0.000,1.000,0,,,0.000,1.000,0,,,0.000,1.000,0,,,0.000,1.000,0,,,0.000,1.000,motion_artifact,bad_quality_motion
1783252825.531250,0,,,0.000,1.000,0,,,0.000,1.000,0,,,0.000,1.000,0,,,0.000,1.000,0,,,0.000,1.000,0,,,0.000,1.000,motion_artifact,bad_quality_motion
1783252825.539062,0,,,0.000,1.000,0,,,0.000,1.000,0,,,0.000,1.000,0,,,0.000,1.000,0,,,0.000,1.000,0,,,0.000,1.000,motion_artifact,bad_quality_motion
1783252825.546875,0,,,0.000,1.000,0,,,0.000,1.000,0,,,0.000,1.000,0,,,0.000,1.000,0,,,0.000,1.000,0,,,0.000,1.000,motion_artifact,bad_quality_motion
1783252825.554688,0,,,0.000,1.000,0,,,0.000,1.000,0,,,0.000,1.000,0,,,0.000,1.000,0,,,0.000,1.000,0,,,0.000,1.000,motion_artifact,bad_quality_motion
1783252825.562500,0,,,0.000,1.000,0,,,0.000,1.000,0,,,0.000,1.000,0,,,0.000,1.000,0,,,0.000,1.000,0,,,0.000,1.000,motion_artifact,bad_quality_motion
1783252825.570312,0,,,0.000,1.000,0,,,0.000,1.000,0,,,0.000,1.000,0,,,0.000,1.000,0,,,0.000,1.000,0,,,0.000,1.000,motion_artifact,bad_quality_motion
1783252825.578125,0,,,0.000,1.000,0,,,0.000,1.000,0,,,0.000,1.000,0,,,0.000,1.000,0,,,0.000,1.000,0,,,0.000,1.000,motion_artifact,bad_quality_motion
1783252825.585938,0,,,0.000,1.000,0,,,0.000,1.000,0,,,0.000,1.000,0,,,0.000,1.000,0,,,0.000,1.000,0,,,0.000,1.000,motion_artifact,bad_quality_motion
1783252825.593750,0,,,0.000,1.000,0,,,0.000,1.000,0,,,0.000,1.000,0,,,0.000,1.000,0,,,0.000,1.000,0,,,0.000,1.000,motion_artifact,bad_quality_motion
1783252825.601562,0,,,0.000,1.000,0,,,0.000,1.000,0,,,0.000,1.000,0,,,0.000,1.000,0,,,0.000,1.000,0,,,0.000,1.000,motion_artifact,bad_quality_motion
1783252825.609375,0,,,0.000,1.000,0,,,0.000,1.000,0,,,0.000,1.000,0,,,0.000,1.000,0,,,0.000,1.000,0,,,0.000,1.000,motion_artifact,bad_quality_motion
1783252825.617188,0,,,0.000,1.000,0,,,0.000,1.000,0,,,0.000,1.000,0,,,0.000,1.000,0,,,0.000,1.000,0,,,0.000,1.000,motion_artifact,bad_quality_motion
1783252825.625000,0,,,0.000,1.000,0,,,0.000,1.000,0,,,0.000,1.000,0,,,0.000,1.000,0,,,0.000,1.000,0,,,0.000,1.000,motion_artifact,bad_quality_motion
1783252825.632812,0,,,0.000,1.000,0,,,0.000,1.000,0,,,0.000,1.000,0,,,0.000,1.000,0,,,0.000,1.000,0,,,0.000,1.000,motion_artifact,bad_quality_motion
1783252825.640625,0,,,0.000,1.000,0,,,0.000,1.000,0,,,0.000,1.000,0,,,0.000,1.000,0,,,0.000,1.000,0,,,0.000,1.000,motion_artifact,bad_quality_motion
1783252825.648438,0,,,0.000,1.000,0,,,0.000,1.000,0,,,0.000,1.000,0,,,0.000,1.000,0,,,0.000,1.000,0,,,0.000,1.000,motion_artifact,bad_quality_motion
1783252825.656250,0,,,0.000,1.000,0,,,0.000,1.000,0,,,0.000,1.000,0,,,0.000,1.000,0,,,0.000,1.000,0,,,0.000,1.000,motion_artifact,bad_quality_motion
1783252825.664062,0,,,0.000,1.000,0,,,0.000,1.000,0,,,0.000,1.000,0,,,0.000,1.000,0,,,0.000,1.000,0,,,0.000,1.000,motion_artifact,bad_quality_motion
1783252825.671875,0,,,0.000,1.000,0,,,0.000,1.000,0,,,0.000,1.000,0,,,0.000,1.000,0,,,0.000,1.000,0,,,0.000,1.000,motion_artifact,bad_quality_motion
1783252825.679688,0,,,0.000,1.000,0,,,0.000,1.000,0,,,0.000,1.000,0,,,0.000,1.000,0,,,0.000,1.000,0,,,0.000,1.000,motion_artifact,bad_quality_motion
1783252825.687500,0,,,0.000,1.000,0,,,0.000,1.000,0,,,0.000,1.000,0,,,0.000,1.000,0,,,0.000,1.000,0,,,0.000,1.000,motion_artifact,bad_quality_motion
1783252825.695312,0,,,0.000,1.000,0,,,0.000,1.000,0,,,0.000,1.000,0,,,0.000,1.000,0,,,0.000,1.000,0,,,0.000,1.000,motion_artifact,bad_quality_motion
1783252825.703125,0,,,0.000,1.000,0,,,0.000,1.000,0,,,0.000,1.000,0,,,0.000,1.000,0,,,0.000,1.000,0,,,0.000,1.000,motion_artifact,bad_quality_motion
1783252825.710938,0,,,0.000,1.000,0,,,0.000,1.000,0,,,0.000,1.000,0,,,0.000,1.000,0,,,0.000,1.000,0,,,0.000,1.000,motion_artifact,bad_quality_motion
1783252825.718750,0,,,0.000,1.000,0,,,0.000,1.000,0,,,0.000,1.000,0,,,0.000,1.000,0,,,0.000,1.000,0,,,0.000,1.000,motion_artifact,bad_quality_motion
1783252825.726562,0,,,0.000,1.000,0,,,0.000,1.000,0,,,0.000,1.000,0,,,0.000,1.000,0,,,0.000,1.000,0,,,0.000,1.000,motion_artifact,bad_quality_motion
1783252825.734375,0,,,0.000,1.000,0,,,0.000,1.000,0,,,0.000,1.000,0,,,0.000,1.000,0,,,0.000,1.000,0,,,0.000,1.000,motion_artifact,bad_quality_motion
1783252825.742188,0,,,0.000,1.000,0,,,0.000,1.000,0,,,0.000,1.000,0,,,0.000,1.000,0,,,0.000,1.000,0,,,0.000,1.000,motion_artifact,bad_quality_motion
1783252825.750000,0,,,0.000,1.000,0,,,0.000,1.000,0,,,0.000,1.000,0,,,0.000,1.000,0,,,0.000,1.000,0,,,0.000,1.000,motion_artifact,bad_quality_motion
1783252825.757812,0,,,0.000,1.000,0,,,0.000,1.000,0,,,0.000,1.000,0,,,0.000,1.000,0,,,0.000,1.000,0,,,0.000,1.000,motion_artifact,bad_quality_motion
1783252825.765625,0,,,0.000,1.000,0,,,0.000,1.000,0,,,0.000,1.000,0,,,0.000,1.000,0,,,0.000,1.000,0,,,0.000,1.000,motion_artifact,bad_quality_motion
1783252825.773438,0,,,0.000,1.000,0,,,0.000,1.000,0,,,0.000,1.000,0,,,0.000,1.000,0,,,0.000,1.000,0,,,0.000,1.000,motion_artifact,bad_quality_motion
1783252825.781250,0,,,0.000,1.000,0,,,0.000,1.000,0,,,0.000,1.000,0,,,0.000,1.000,0,,,0.000,1.000,0,,,0.000,1.000,motion_artifact,bad_quality_motion
1783252825.789062,0,,,0.000,1.000,0,,,0.000,1.000,0,,,0.000,1.000,0,,,0.000,1.000,0,,,0.000,1.000,0,,,0.000,1.000,motion_artifact,bad_quality_motion
1783252825.796875,0,,,0.000,1.000,0,,,0.000,1.000,0,,,0.000,1.000,0,,,0.000,1.000,0,,,0.000,1.000,0,,,0.000,1.000,motion_artifact,bad_quality_motion
1783252825.804688,0,,,0.000,1.000,0,,,0.000,1.000,0,,,0.000,1.000,0,,,0.000,1.000,0,,,0.000,1.000,0,,,0.000,1.000,motion_artifact,bad_quality_motion
1783252825.812500,0,,,0.000,1.000,0,,,0.000,1.000,0,,,0.000,1.000,0,,,0.000,1.000,0,,,0.000,1.000,0,,,0.000,1.000,motion_artifact,bad_quality_motion
1783252825.820312,0,,,0.000,1.000,0,,,0.000,1.000,0,,,0.000,1.000,0,,,0.000,1.000,0,,,0.000,1.000,0,,,0.000,1.000,motion_artifact,bad_quality_motion
1783252825.828125,0,,,0.000,1.000,0,,,0.000,1.000,0,,,0.000,1.000,0,,,0.000,1.000,0,,,0.000,1.000,0,,,0.000,1.000,motion_artifact,bad_quality_motion
1783252825.835938,0,,,0.000,1.000,0,,,0.000,1.000,0,,,0.000,1.000,0,,,0.000,1.000,0,,,0.000,1.000,0,,,0.000,1.000,motion_artifact,bad_quality_motion
1783252825.843750,0,,,0.000,1.000,0,,,0.000,1.000,0,,,0.000,1.000,0,,,0.000,1.000,0,,,0.000,1.000,0,,,0.000,1.000,motion_artifact,bad_quality_motion
1783252825.851562,0,,,0.000,1.000,0,,,0.000,1.000,0,,,0.000,1.000,0,,,0.000,1.000,0,,,0.000,1.000,0,,,0.000,1.000,motion_artifact,bad_quality_motion
1783252825.859375,0,,,0.000,1.000,0,,,0.000,1.000,0,,,0.000,1.000,0,,,0.000,1.000,0,,,0.000,1.000,0,,,0.000,1.000,motion_artifact,bad_quality_motion
1783252825.867188,0,,,0.000,1.000,0,,,0.000,1.000,0,,,0.000,1.000,0,,,0.000,1.000,0,,,0.000,1.000,0,,,0.000,1.000,motion_artifact,bad_quality_motion
1783252825.875000,0,,,0.000,1.000,0,,,0.000,1.000,0,,,0.000,1.000,0,,,0.000,1.000,0,,,0.000,1.000,0,,,0.000,1.000,motion_artifact,bad_quality_motion
1783252825.882812,0,,,0.000,1.000,0,,,0.000,1.000,0,,,0.000,1.000,0,,,0.000,1.000,0,,,0.000,1.000,0,,,0.000,1.000,motion_artifact,bad_quality_motion
1783252825.890625,0,,,0.000,1.000,0,,,0.000,1.000,0,,,0.000,1.000,0,,,0.000,1.000,0,,,0.000,1.000,0,,,0.000,1.000,motion_artifact,bad_quality_motion
1783252825.898438,0,,,0.000,1.000,0,,,0.000,1.000,0,,,0.000,1.000,0,,,0.000,1.000,0,,,0.000,1.000,0,,,0.000,1.000,motion_artifact,bad_quality_motion
1783252825.906250,0,,,0.000,1.000,0,,,0.000,1.000,0,,,0.000,1.000,0,,,0.000,1.000,0,,,0.000,1.000,0,,,0.000,1.000,motion_artifact,bad_quality_motion
1783252825.914062,0,,,0.000,1.000,0,,,0.000,1.000,0,,,0.000,1.000,0,,,0.000,1.000,0,,,0.000,1.000,0,,,0.000,1.000,motion_artifact,bad_quality_motion
1783252825.921875,0,,,0.000,1.000,0,,,0.000,1.000,0,,,0.000,1.000,0,,,0.000,1.000,0,,,0.000,1.000,0,,,0.000,1.000,motion_artifact,bad_quality_motion
1783252825.929688,0,,,0.000,1.000,0,,,0.000,1.000,0,,,0.000,1.000,0,,,0.000,1.000,0,,,0.000,1.000,0,,,0.000,1.000,motion_artifact,bad_quality_motion
1783252825.937500,0,,,0.000,1.000,0,,,0.000,1.000,0,,,0.000,1.000,0,,,0.000,1.000,0,,,0.000,1.000,0,,,0.000,1.000,motion_artifact,bad_quality_motion
1783252825.945312,0,,,0.000,1.000,0,,,0.000,1.000,0,,,0.000,1.000,0,,,0.000,1.000,0,,,0.000,1.000,0,,,0.000,1.000,motion_artifact,bad_quality_motion
1783252825.953125,0,,,0.000,1.000,0,,,0.000,1.000,0,,,0.000,1.000,0,,,0.000,1.000,0,,,0.000,1.000,0,,,0.000,1.000,motion_artifact,bad_quality_motion
1783252825.960938,0,,,0.000,1.000,0,,,0.000,1.000,0,,,0.000,1.000,0,,,0.000,1.000,0,,,0.000,1.000,0,,,0.000,1.000,motion_artifact,bad_quality_motion
1783252825.968750,0,,,0.000,1.000,0,,,0.000,1.000,0,,,0.000,1.000,0,,,0.000,1.000,0,,,0.000,1.000,0,,,0.000,1.000,motion_artifact,bad_quality_motion
1783252825.976562,0,,,0.000,1.000,0,,,0.000,1.000,0,,,0.000,1.000,0,,,0.000,1.000,0,,,0.000,1.000,0,,,0.000,1.000,motion_artifact,bad_quality_motion
1783252825.984375,0,,,0.000,1.000,0,,,0.000,1.000,0,,,0.000,1.000,0,,,0.000,1.000,0,,,0.000,1.000,0,,,0.000,1.000,motion_artifact,bad_quality_motion
1783252825.992188,0,,,0.000,1.000,0,,,0.000,1.000,0,,,0.000,1.000,0,,,0.000,1.000,0,,,0.000,1.000,0,,,0.000,1.000,motion_artifact,bad_quality_motion
1783252826.000000,0,,,0.000,1.000,0,,,0.000,1.000,0,,,0.000,1.000,0,,,0.000,1.000,0,,,0.000,1.000,0,,,0.000,1.000,motion_artifact,bad_quality_motion
1783252826.007812,0,,,0.000,1.000,0,,,0.000,1.000,0,,,0.000,1.000,0,,,0.000,1.000,0,,,0.000,1.000,0,,,0.000,1.000,motion_artifact,bad_quality_motion
1783252826.015625,0,,,0.000,1.000,0,,,0.000,1.000,0,,,0.000,1.000,0,,,0.000,1.000,0,,,0.000,1.000,0,,,0.000,1.000,motion_artifact,bad_quality_motion
1783252826.023438,0,,,0.000,1.000,0,,,0.000,1.000,0,,,0.000,1.000,0,,,0.000,1.000,0,,,0.000,1.000,0,,,0.000,1.000,motion_artifact,bad_quality_motion
1783252826.031250,0,,,0.000,1.000,0,,,0.000,1.000,0,,,0.000,1.000,0,,,0.000,1.000,0,,,0.000,1.000,0,,,0.000,1.000,motion_artifact,bad_quality_motion
1783252826.039062,0,,,0.000,1.000,0,,,0.000,1.000,0,,,0.000,1.000,0,,,0.000,1.000,0,,,0.000,1.000,0,,,0.000,1.000,motion_artifact,bad_quality_motion
1783252826.046875,0,,,0.000,1.000,0,,,0.000,1.000,0,,,0.000,1.000,0,,,0.000,1.000,0,,,0.000,1.000,0,,,0.000,1.000,motion_artifact,bad_quality_motion
1783252826.054688,0,,,0.000,1.000,0,,,0.000,1.000,0,,,0.000,1.000,0,,,0.000,1.000,0,,,0.000,1.000,0,,,0.000,1.000,motion_artifact,bad_quality_motion
1783252826.062500,0,,,0.000,1.000,0,,,0.000,1.000,0,,,0.000,1.000,0,,,0.000,1.000,0,,,0.000,1.000,0,,,0.000,1.000,motion_artifact,bad_quality_motion
1783252826.070312,0,,,0.000,1.000,0,,,0.000,1.000,0,,,0.000,1.000,0,,,0.000,1.000,0,,,0.000,1.000,0,,,0.000,1.000,motion_artifact,bad_quality_motion
1783252826.078125,0,,,0.000,1.000,0,,,0.000,1.000,0,,,0.000,1.000,0,,,0.000,1.000,0,,,0.000,1.000,0,,,0.000,1.000,motion_artifact,bad_quality_motion
1783252826.085938,0,,,0.000,1.000,0,,,0.000,1.000,0,,,0.000,1.000,0,,,0.000,1.000,0,,,0.000,1.000,0,,,0.000,1.000,motion_artifact,bad_quality_motion
1783252826.093750,0,,,0.000,1.000,0,,,0.000,1.000,0,,,0.000,1.000,0,,,0.000,1.000,0,,,0.000,1.000,0,,,0.000,1.000,motion_artifact,bad_quality_motion
1783252826.101562,0,,,0.000,1.000,0,,,0.000,1.000,0,,,0.000,1.000,0,,,0.000,1.000,0,,,0.000,1.000,0,,,0.000,1.000,motion_artifact,bad_quality_motion
1783252826.109375,0,,,0.000,1.000,0,,,0.000,1.000,0,,,0.000,1.000,0,,,0.000,1.000,0,,,0.000,1.000,0,,,0.000,1.000,motion_artifact,bad_quality_motion
1783252826.117188,0,,,0.000,1.000,0,,,0.000,1.000,0,,,0.000,1.000,0,,,0.000,1.000,0,,,0.000,1.000,0,,,0.000,1.000,motion_artifact,bad_quality_motion
1783252826.125000,0,,,0.000,1.000,0,,,0.000,1.000,0,,,0.000,1.000,0,,,0.000,1.000,0,,,0.000,1.000,0,,,0.000,1.000,motion_artifact,bad_quality_motion
1783252826.132812,0,,,0.000,1.000,0,,,0.000,1.000,0,,,0.000,1.000,0,,,0.000,1.000,0,,,0.000,1.000,0,,,0.000,1.000,motion_artifact,bad_quality_motion
1783252826.140625,0,,,0.000,1.000,0,,,0.000,1.000,0,,,0.000,1.000,0,,,0.000,1.000,0,,,0.000,1.000,0,,,0.000,1.000,motion_artifact,bad_quality_motion
1783252826.148438,0,,,0.000,1.000,0,,,0.000,1.000,0,,,0.000,1.000,0,,,0.000,1.000,0,,,0.000,1.000,0,,,0.000,1.000,motion_artifact,bad_quality_motion
1783252826.156250,0,,,0.000,1.000,0,,,0.000,1.000,0,,,0.000,1.000,0,,,0.000,1.000,0,,,0.000,1.000,0,,,0.000,1.000,motion_artifact,bad_quality_motion
1783252826.164062,0,,,0.000,1.000,0,,,0.000,1.000,0,,,0.000,1.000,0,,,0.000,1.000,0,,,0.000,1.000,0,,,0.000,1.000,motion_artifact,bad_quality_motion
1783252826.171875,0,,,0.000,1.000,0,,,0.000,1.000,0,,,0.000,1.000,0,,,0.000,1.000,0,,,0.000,1.000,0,,,0.000,1.000,motion_artifact,bad_quality_motion
1783252826.179688,0,,,0.000,1.000,0,,,0.000,1.000,0,,,0.000,1.000,0,,,0.000,1.000,0,,,0.000,1.000,0,,,0.000,1.000,motion_artifact,bad_quality_motion
1783252826.187500,0,,,0.000,1.000,0,,,0.000,1.000,0,,,0.000,1.000,0,,,0.000,1.000,0,,,0.000,1.000,0,,,0.000,1.000,motion_artifact,bad_quality_motion
1783252826.195312,0,,,0.000,1.000,0,,,0.000,1.000,0,,,0.000,1.000,0,,,0.000,1.000,0,,,0.000,1.000,0,,,0.000,1.000,motion_artifact,bad_quality_motion
1783252826.203125,0,,,0.000,1.000,0,,,0.000,1.000,0,,,0.000,1.000,0,,,0.000,1.000,0,,,0.000,1.000,0,,,0.000,1.000,motion_artifact,bad_quality_motion
1783252826.210938,0,,,0.000,1.000,0,,,0.000,1.000,0,,,0.000,1.000,0,,,0.000,1.000,0,,,0.000,1.000,0,,,0.000,1.000,motion_artifact,bad_quality_motion
1783252826.218750,0,,,0.000,1.000,0,,,0.000,1.000,0,,,0.000,1.000,0,,,0.000,1.000,0,,,0.000,1.000,0,,,0.000,1.000,motion_artifact,bad_quality_motion
1783252826.226562,0,,,0.000,1.000,0,,,0.000,1.000,0,,,0.000,1.000,0,,,0.000,1.000,0,,,0.000,1.000,0,,,0.000,1.000,motion_artifact,bad_quality_motion
1783252826.234375,0,,,0.000,1.000,0,,,0.000,1.000,0,,,0.000,1.000,0,,,0.000,1.000,0,,,0.000,1.000,0,,,0.000,1.000,motion_artifact,bad_quality_motion
1783252826.242188,0,,,0.000,1.000,0,,,0.000,1.000,0,,,0.000,1.000,0,,,0.000,1.000,0,,,0.000,1.000,0,,,0.000,1.000,motion_artifact,bad_quality_motion
1783252826.250000,0,,,0.000,1.000,0,,,0.000,1.000,0,,,0.000,1.000,0,,,0.000,1.000,0,,,0.000,1.000,0,,,0.000,1.000,motion_artifact,bad_quality_motion
1783252826.257812,0,,,0.000,1.000,0,,,0.000,1.000,0,,,0.000,1.000,0,,,0.000,1.000,0,,,0.000,1.000,0,,,0.000,1.000,motion_artifact,bad_quality_motion
1783252826.265625,0,,,0.000,1.000,0,,,0.000,1.000,0,,,0.000,1.000,0,,,0.000,1.000,0,,,0.000,1.000,0,,,0.000,1.000,motion_artifact,bad_quality_motion
1783252826.273438,0,,,0.000,1.000,0,,,0.000,1.000,0,,,0.000,1.000,0,,,0.000,1.000,0,,,0.000,1.000,0,,,0.000,1.000,motion_artifact,bad_quality_motion
1783252826.281250,0,,,0.000,1.000,0,,,0.000,1.000,0,,,0.000,1.000,0,,,0.000,1.000,0,,,0.000,1.000,0,,,0.000,1.000,motion_artifact,bad_quality_motion
1783252826.289062,0,,,0.000,1.000,0,,,0.000,1.000,0,,,0.000,1.000,0,,,0.000,1.000,0,,,0.000,1.000,0,,,0.000,1.000,motion_artifact,bad_quality_motion
1783252826.296875,0,,,0.000,1.000,0,,,0.000,1.000,0,,,0.000,1.000,0,,,0.000,1.000,0,,,0.000,1.000,0,,,0.000,1.000,motion_artifact,bad_quality_motion
1783252826.304688,0,,,0.000,1.000,0,,,0.000,1.000,0,,,0.000,1.000,0,,,0.000,1.000,0,,,0.000,1.000,0,,,0.000,1.000,motion_artifact,bad_quality_motion
1783252826.312500,0,,,0.000,1.000,0,,,0.000,1.000,0,,,0.000,1.000,0,,,0.000,1.000,0,,,0.000,1.000,0,,,0.000,1.000,motion_artifact,bad_quality_motion
1783252826.320312,0,,,0.000,1.000,0,,,0.000,1.000,0,,,0.000,1.000,0,,,0.000,1.000,0,,,0.000,1.000,0,,,0.000,1.000,motion_artifact,bad_quality_motion
1783252826.328125,0,,,0.000,1.000,0,,,0.000,1.000,0,,,0.000,1.000,0,,,0.000,1.000,0,,,0.000,1.000,0,,,0.000,1.000,motion_artifact,bad_quality_motion
1783252826.335938,0,,,0.000,1.000,0,,,0.000,1.000,0,,,0.000,1.000,0,,,0.000,1.000,0,,,0.000,1.000,0,,,0.000,1.000,motion_artifact,bad_quality_motion
1783252826.343750,0,,,0.000,1.000,0,,,0.000,1.000,0,,,0.000,1.000,0,,,0.000,1.000,0,,,0.000,1.000,0,,,0.000,1.000,motion_artifact,bad_quality_motion
1783252826.351562,0,,,0.000,1.000,0,,,0.000,1.000,0,,,0.000,1.000,0,,,0.000,1.000,0,,,0.000,1.000,0,,,0.000,1.000,motion_artifact,bad_quality_motion
1783252826.359375,0,,,0.000,1.000,0,,,0.000,1.000,0,,,0.000,1.000,0,,,0.000,1.000,0,,,0.000,1.000,0,,,0.000,1.000,motion_artifact,bad_quality_motion
1783252826.367188,0,,,0.000,1.000,0,,,0.000,1.000,0,,,0.000,1.000,0,,,0.000,1.000,0,,,0.000,1.000,0,,,0.000,1.000,motion_artifact,bad_quality_motion
1783252826.375000,0,,,0.000,1.000,0,,,0.000,1.000,0,,,0.000,1.000,0,,,0.000,1.000,0,,,0.000,1.000,0,,,0.000,1.000,motion_artifact,bad_quality_motion
1783252826.382812,0,,,0.000,1.000,0,,,0.000,1.000,0,,,0.000,1.000,0,,,0.000,1.000,0,,,0.000,1.000,0,,,0.000,1.000,motion_artifact,bad_quality_motion
1783252826.390625,0,,,0.000,1.000,0,,,0.000,1.000,0,,,0.000,1.000,0,,,0.000,1.000,0,,,0.000,1.000,0,,,0.000,1.000,motion_artifact,bad_quality_motion
1783252826.398438,0,,,0.000,1.000,0,,,0.000,1.000,0,,,0.000,1.000,0,,,0.000,1.000,0,,,0.000,1.000,0,,,0.000,1.000,motion_artifact,bad_quality_motion
1783252826.406250,0,,,0.000,1.000,0,,,0.000,1.000,0,,,0.000,1.000,0,,,0.000,1.000,0,,,0.000,1.000,0,,,0.000,1.000,motion_artifact,bad_quality_motion
1783252826.414062,0,,,0.000,1.000,0,,,0.000,1.000,0,,,0.000,1.000,0,,,0.000,1.000,0,,,0.000,1.000,0,,,0.000,1.000,motion_artifact,bad_quality_motion
1783252826.421875,0,,,0.000,1.000,0,,,0.000,1.000,0,,,0.000,1.000,0,,,0.000,1.000,0,,,0.000,1.000,0,,,0.000,1.000,motion_artifact,bad_quality_motion
1783252826.429688,0,,,0.000,1.000,0,,,0.000,1.000,0,,,0.000,1.000,0,,,0.000,1.000,0,,,0.000,1.000,0,,,0.000,1.000,motion_artifact,bad_quality_motion
1783252826.437500,0,,,0.000,1.000,0,,,0.000,1.000,0,,,0.000,1.000,0,,,0.000,1.000,0,,,0.000,1.000,0,,,0.000,1.000,motion_artifact,bad_quality_motion
1783252826.445312,0,,,0.000,1.000,0,,,0.000,1.000,0,,,0.000,1.000,0,,,0.000,1.000,0,,,0.000,1.000,0,,,0.000,1.000,motion_artifact,bad_quality_motion
1783252826.453125,0,,,0.000,1.000,0,,,0.000,1.000,0,,,0.000,1.000,0,,,0.000,1.000,0,,,0.000,1.000,0,,,0.000,1.000,motion_artifact,bad_quality_motion
1783252826.460938,0,,,0.000,1.000,0,,,0.000,1.000,0,,,0.000,1.000,0,,,0.000,1.000,0,,,0.000,1.000,0,,,0.000,1.000,motion_artifact,bad_quality_motion
1783252826.468750,0,,,0.000,1.000,0,,,0.000,1.000,0,,,0.000,1.000,0,,,0.000,1.000,0,,,0.000,1.000,0,,,0.000,1.000,motion_artifact,bad_quality_motion
1783252826.476562,0,,,0.000,1.000,0,,,0.000,1.000,0,,,0.000,1.000,0,,,0.000,1.000,0,,,0.000,1.000,0,,,0.000,1.000,motion_artifact,bad_quality_motion
1783252826.484375,0,,,0.000,1.000,0,,,0.000,1.000,0,,,0.000,1.000,0,,,0.000,1.000,0,,,0.000,1.000,0,,,0.000,1.000,motion_artifact,bad_quality_motion
1783252826.492188,0,,,0.000,1.000,0,,,0.000,1.000,0,,,0.000,1.000,0,,,0.000,1.000,0,,,0.000,1.000,0,,,0.000,1.000,motion_artifact,bad_quality_motion
1783252826.500000,0,,,0.000,1.000,0,,,0.000,1.000,0,,,0.000,1.000,0,,,0.000,1.000,0,,,0.000,1.000,0,,,0.000,1.000,motion_artifact,bad_quality_motion
1783252826.507812,0,,,0.000,1.000,0,,,0.000,1.000,0,,,0.000,1.000,0,,,0.000,1.000,0,,,0.000,1.000,0,,,0.000,1.000,motion_artifact,bad_quality_motion
1783252826.515625,0,,,0.000,1.000,0,,,0.000,1.000,0,,,0.000,1.000,0,,,0.000,1.000,0,,,0.000,1.000,0,,,0.000,1.000,motion_artifact,bad_quality_motion
1783252826.523438,0,,,0.000,1.000,0,,,0.000,1.000,0,,,0.000,1.000,0,,,0.000,1.000,0,,,0.000,1.000,0,,,0.000,1.000,motion_artifact,bad_quality_motion
1783252826.531250,0,,,0.000,1.000,0,,,0.000,1.000,0,,,0.000,1.000,0,,,0.000,1.000,0,,,0.000,1.000,0,,,0.000,1.000,motion_artifact,bad_quality_motion
1783252826.539062,0,,,0.000,1.000,0,,,0.000,1.000,0,,,0.000,1.000,0,,,0.000,1.000,0,,,0.000,1.000,0,,,0.000,1.000,motion_artifact,bad_quality_motion
1783252826.546875,0,,,0.000,1.000,0,,,0.000,1.000,0,,,0.000,1.000,0,,,0.000,1.000,0,,,0.000,1.000,0,,,0.000,1.000,motion_artifact,bad_quality_motion
1783252826.554688,0,,,0.000,1.000,0,,,0.000,1.000,0,,,0.000,1.000,0,,,0.000,1.000,0,,,0.000,1.000,0,,,0.000,1.000,motion_artifact,bad_quality_motion
1783252826.562500,0,,,0.000,1.000,0,,,0.000,1.000,0,,,0.000,1.000,0,,,0.000,1.000,0,,,0.000,1.000,0,,,0.000,1.000,motion_artifact,bad_quality_motion
1783252826.570312,0,,,0.000,1.000,0,,,0.000,1.000,0,,,0.000,1.000,0,,,0.000,1.000,0,,,0.000,1.000,0,,,0.000,1.000,motion_artifact,bad_quality_motion
1783252826.578125,0,,,0.000,1.000,0,,,0.000,1.000,0,,,0.000,1.000,0,,,0.000,1.000,0,,,0.000,1.000,0,,,0.000,1.000,motion_artifact,bad_quality_motion
1783252826.585938,0,,,0.000,1.000,0,,,0.000,1.000,0,,,0.000,1.000,0,,,0.000,1.000,0,,,0.000,1.000,0,,,0.000,1.000,motion_artifact,bad_quality_motion
1783252826.593750,0,,,0.000,1.000,0,,,0.000,1.000,0,,,0.000,1.000,0,,,0.000,1.000,0,,,0.000,1.000,0,,,0.000,1.000,motion_artifact,bad_quality_motion
1783252826.601562,0,,,0.000,1.000,0,,,0.000,1.000,0,,,0.000,1.000,0,,,0.000,1.000,0,,,0.000,1.000,0,,,0.000,1.000,motion_artifact,bad_quality_motion
1783252826.609375,0,,,0.000,1.000,0,,,0.000,1.000,0,,,0.000,1.000,0,,,0.000,1.000,0,,,0.000,1.000,0,,,0.000,1.000,motion_artifact,bad_quality_motion
1783252826.617188,0,,,0.000,1.000,0,,,0.000,1.000,0,,,0.000,1.000,0,,,0.000,1.000,0,,,0.000,1.000,0,,,0.000,1.000,motion_artifact,bad_quality_motion
1783252826.625000,0,,,0.000,1.000,0,,,0.000,1.000,0,,,0.000,1.000,0,,,0.000,1.000,0,,,0.000,1.000,0,,,0.000,1.000,motion_artifact,bad_quality_motion
1783252826.632812,0,,,0.000,1.000,0,,,0.000,1.000,0,,,0.000,1.000,0,,,0.000,1.000,0,,,0.000,1.000,0,,,0.000,1.000,motion_artifact,bad_quality_motion
1783252826.640625,0,,,0.000,1.000,0,,,0.000,1.000,0,,,0.000,1.000,0,,,0.000,1.000,0,,,0.000,1.000,0,,,0.000,1.000,motion_artifact,bad_quality_motion
1783252826.648438,0,,,0.000,1.000,0,,,0.000,1.000,0,,,0.000,1.000,0,,,0.000,1.000,0,,,0.000,1.000,0,,,0.000,1.000,motion_artifact,bad_quality_motion
1783252826.656250,0,,,0.000,1.000,0,,,0.000,1.000,0,,,0.000,1.000,0,,,0.000,1.000,0,,,0.000,1.000,0,,,0.000,1.000,motion_artifact,bad_quality_motion
1783252826.664062,0,,,0.000,1.000,0,,,0.000,1.000,0,,,0.000,1.000,0,,,0.000,1.000,0,,,0.000,1.000,0,,,0.000,1.000,motion_artifact,bad_quality_motion
1783252826.671875,0,,,0.000,1.000,0,,,0.000,1.000,0,,,0.000,1.000,0,,,0.000,1.000,0,,,0.000,1.000,0,,,0.000,1.000,motion_artifact,bad_quality_motion
1783252826.679688,0,,,0.000,1.000,0,,,0.000,1.000,0,,,0.000,1.000,0,,,0.000,1.000,0,,,0.000,1.000,0,,,0.000,1.000,motion_artifact,bad_quality_motion
1783252826.687500,0,,,0.000,1.000,0,,,0.000,1.000,0,,,0.000,1.000,0,,,0.000,1.000,0,,,0.000,1.000,0,,,0.000,1.000,motion_artifact,bad_quality_motion
1783252826.695312,0,,,0.000,1.000,0,,,0.000,1.000,0,,,0.000,1.000,0,,,0.000,1.000,0,,,0.000,1.000,0,,,0.000,1.000,motion_artifact,bad_quality_motion
1783252826.703125,0,,,0.000,1.000,0,,,0.000,1.000,0,,,0.000,1.000,0,,,0.000,1.000,0,,,0.000,1.000,0,,,0.000,1.000,motion_artifact,bad_quality_motion
1783252826.710938,0,,,0.000,1.000,0,,,0.000,1.000,0,,,0.000,1.000,0,,,0.000,1.000,0,,,0.000,1.000,0,,,0.000,1.000,motion_artifact,bad_quality_motion
1783252826.718750,0,,,0.000,1.000,0,,,0.000,1.000,0,,,0.000,1.000,0,,,0.000,1.000,0,,,0.000,1.000,0,,,0.000,1.000,motion_artifact,bad_quality_motion
1783252826.726562,0,,,0.000,1.000,0,,,0.000,1.000,0,,,0.000,1.000,0,,,0.000,1.000,0,,,0.000,1.000,0,,,0.000,1.000,motion_artifact,bad_quality_motion
1783252826.734375,0,,,0.000,1.000,0,,,0.000,1.000,0,,,0.000,1.000,0,,,0.000,1.000,0,,,0.000,1.000,0,,,0.000,1.000,motion_artifact,bad_quality_motion
1783252826.742188,0,,,0.000,1.000,0,,,0.000,1.000,0,,,0.000,1.000,0,,,0.000,1.000,0,,,0.000,1.000,0,,,0.000,1.000,motion_artifact,bad_quality_motion
1783252826.750000,0,,,0.000,1.000,0,,,0.000,1.000,0,,,0.000,1.000,0,,,0.000,1.000,0,,,0.000,1.000,0,,,0.000,1.000,motion_artifact,bad_quality_motion
1783252826.757812,0,,,0.000,1.000,0,,,0.000,1.000,0,,,0.000,1.000,0,,,0.000,1.000,0,,,0.000,1.000,0,,,0.000,1.000,motion_artifact,bad_quality_motion
1783252826.765625,0,,,0.000,1.000,0,,,0.000,1.000,0,,,0.000,1.000,0,,,0.000,1.000,0,,,0.000,1.000,0,,,0.000,1.000,motion_artifact,bad_quality_motion
1783252826.773438,0,,,0.000,1.000,0,,,0.000,1.000,0,,,0.000,1.000,0,,,0.000,1.000,0,,,0.000,1.000,0,,,0.000,1.000,motion_artifact,bad_quality_motion
1783252826.781250,0,,,0.000,1.000,0,,,0.000,1.000,0,,,0.000,1.000,0,,,0.000,1.000,0,,,0.000,1.000,0,,,0.000,1.000,motion_artifact,bad_quality_motion
1783252826.789062,0,,,0.000,1.000,0,,,0.000,1.000,0,,,0.000,1.000,0,,,0.000,1.000,0,,,0.000,1.000,0,,,0.000,1.000,motion_artifact,bad_quality_motion
1783252826.796875,0,,,0.000,1.000,0,,,0.000,1.000,0,,,0.000,1.000,0,,,0.000,1.000,0,,,0.000,1.000,0,,,0.000,1.000,motion_artifact,bad_quality_motion
1783252826.804688,0,,,0.000,1.000,0,,,0.000,1.000,0,,,0.000,1.000,0,,,0.000,1.000,0,,,0.000,1.000,0,,,0.000,1.000,motion_artifact,bad_quality_motion
1783252826.812500,0,,,0.000,1.000,0,,,0.000,1.000,0,,,0.000,1.000,0,,,0.000,1.000,0,,,0.000,1.000,0,,,0.000,1.000,motion_artifact,bad_quality_motion
1783252826.820312,0,,,0.000,1.000,0,,,0.000,1.000,0,,,0.000,1.000,0,,,0.000,1.000,0,,,0.000,1.000,0,,,0.000,1.000,motion_artifact,bad_quality_motion
1783252826.828125,0,,,0.000,1.000,0,,,0.000,1.000,0,,,0.000,1.000,0,,,0.000,1.000,0,,,0.000,1.000,0,,,0.000,1.000,motion_artifact,bad_quality_motion
1783252826.835938,0,,,0.000,1.000,0,,,0.000,1.000,0,,,0.000,1.000,0,,,0.000,1.000,0,,,0.000,1.000,0,,,0.000,1.000,motion_artifact,bad_quality_motion
1783252826.843750,0,,,0.000,1.000,0,,,0.000,1.000,0,,,0.000,1.000,0,,,0.000,1.000,0,,,0.000,1.000,0,,,0.000,1.000,motion_artifact,bad_quality_motion
1783252826.851562,0,,,0.000,1.000,0,,,0.000,1.000,0,,,0.000,1.000,0,,,0.000,1.000,0,,,0.000,1.000,0,,,0.000,1.000,motion_artifact,bad_quality_motion
1783252826.859375,0,,,0.000,1.000,0,,,0.000,1.000,0,,,0.000,1.000,0,,,0.000,1.000,0,,,0.000,1.000,0,,,0.000,1.000,motion_artifact,bad_quality_motion
1783252826.867188,0,,,0.000,1.000,0,,,0.000,1.000,0,,,0.000,1.000,0,,,0.000,1.000,0,,,0.000,1.000,0,,,0.000,1.000,motion_artifact,bad_quality_motion
1783252826.875000,0,,,0.000,1.000,0,,,0.000,1.000,0,,,0.000,1.000,0,,,0.000,1.000,0,,,0.000,1.000,0,,,0.000,1.000,motion_artifact,bad_quality_motion
1783252826.882812,0,,,0.000,1.000,0,,,0.000,1.000,0,,,0.000,1.000,0,,,0.000,1.000,0,,,0.000,1.000,0,,,0.000,1.000,motion_artifact,bad_quality_motion
1783252826.890625,0,,,0.000,1.000,0,,,0.000,1.000,0,,,0.000,1.000,0,,,0.000,1.000,0,,,0.000,1.000,0,,,0.000,1.000,motion_artifact,bad_quality_motion
1783252826.898438,0,,,0.000,1.000,0,,,0.000,1.000,0,,,0.000,1.000,0,,,0.000,1.000,0,,,0.000,1.000,0,,,0.000,1.000,motion_artifact,bad_quality_motion
1783252826.906250,0,,,0.000,1.000,0,,,0.000,1.000,0,,,0.000,1.000,0,,,0.000,1.000,0,,,0.000,1.000,0,,,0.000,1.000,motion_artifact,bad_quality_motion
1783252826.914062,0,,,0.000,1.000,0,,,0.000,1.000,0,,,0.000,1.000,0,,,0.000,1.000,0,,,0.000,1.000,0,,,0.000,1.000,motion_artifact,bad_quality_motion
1783252826.921875,0,,,0.000,1.000,0,,,0.000,1.000,0,,,0.000,1.000,0,,,0.000,1.000,0,,,0.000,1.000,0,,,0.000,1.000,motion_artifact,bad_quality_motion
1783252826.929688,0,,,0.000,1.000,0,,,0.000,1.000,0,,,0.000,1.000,0,,,0.000,1.000,0,,,0.000,1.000,0,,,0.000,1.000,motion_artifact,bad_quality_motion
1783252826.937500,0,,,0.000,1.000,0,,,0.000,1.000,0,,,0.000,1.000,0,,,0.000,1.000,0,,,0.000,1.000,0,,,0.000,1.000,motion_artifact,bad_quality_motion
1783252826.945312,0,,,0.000,1.000,0,,,0.000,1.000,0,,,0.000,1.000,0,,,0.000,1.000,0,,,0.000,1.000,0,,,0.000,1.000,motion_artifact,bad_quality_motion
1783252826.953125,0,,,0.000,1.000,0,,,0.000,1.000,0,,,0.000,1.000,0,,,0.000,1.000,0,,,0.000,1.000,0,,,0.000,1.000,motion_artifact,bad_quality_motion
1783252826.960938,0,,,0.000,1.000,0,,,0.000,1.000,0,,,0.000,1.000,0,,,0.000,1.000,0,,,0.000,1.000,0,,,0.000,1.000,motion_artifact,bad_quality_motion
1783252826.968750,0,,,0.000,1.000,0,,,0.000,1.000,0,,,0.000,1.000,0,,,0.000,1.000,0,,,0.000,1.000,0,,,0.000,1.000,motion_artifact,bad_quality_motion
1783252826.976562,0,,,0.000,1.000,0,,,0.000,1.000,0,,,0.000,1.000,0,,,0.000,1.000,0,,,0.000,1.000,0,,,0.000,1.000,motion_artifact,bad_quality_motion
1783252826.984375,0,,,0.000,1.000,0,,,0.000,1.000,0,,,0.000,1.000,0,,,0.000,1.000,0,,,0.000,1.000,0,,,0.000,1.000,motion_artifact,bad_quality_motion
1783252826.992188,0,,,0.000,1.000,0,,,0.000,1.000,0,,,0.000,1.000,0,,,0.000,1.000,0,,,0.000,1.000,0,,,0.000,1.000,motion_artifact,bad_quality_motion
1783252827.000000,0,,,0.000,1.000,0,,,0.000,1.000,0,,,0.000,1.000,0,,,0.000,1.000,0,,,0.000,1.000,0,,,0.000,1.000,motion_artifact,bad_quality_motion
1783252827.007812,0,,,0.000,1.000,0,,,0.000,1.000,0,,,0.000,1.000,0,,,0.000,1.000,0,,,0.000,1.000,0,,,0.000,1.000,motion_artifact,bad_quality_motion
1783252827.015625,0,,,0.000,1.000,0,,,0.000,1.000,0,,,0.000,1.000,0,,,0.000,1.000,0,,,0.000,1.000,0,,,0.000,1.000,motion_artifact,bad_quality_motion
1783252827.023438,0,,,0.000,1.000,0,,,0.000,1.000,0,,,0.000,1.000,0,,,0.000,1.000,0,,,0.000,1.000,0,,,0.000,1.000,motion_artifact,bad_quality_motion
1783252827.031250,0,,,0.000,1.000,0,,,0.000,1.000,0,,,0.000,1.000,0,,,0.000,1.000,0,,,0.000,1.000,0,,,0.000,1.000,motion_artifact,bad_quality_motion
1783252827.039062,0,,,0.000,1.000,0,,,0.000,1.000,0,,,0.000,1.000,0,,,0.000,1.000,0,,,0.000,1.000,0,,,0.000,1.000,motion_artifact,bad_quality_motion
1783252827.046875,0,,,0.000,1.000,0,,,0.000,1.000,0,,,0.000,1.000,0,,,0.000,1.000,0,,,0.000,1.000,0,,,0.000,1.000,motion_artifact,bad_quality_motion
1783252827.054688,0,,,0.000,1.000,0,,,0.000,1.000,0,,,0.000,1.000,0,,,0.000,1.000,0,,,0.000,1.000,0,,,0.000,1.000,motion_artifact,bad_quality_motion
1783252827.062500,0,,,0.000,1.000,0,,,0.000,1.000,0,,,0.000,1.000,0,,,0.000,1.000,0,,,0.000,1.000,0,,,0.000,1.000,motion_artifact,bad_quality_motion
1783252827.070312,0,,,0.000,1.000,0,,,0.000,1.000,0,,,0.000,1.000,0,,,0.000,1.000,0,,,0.000,1.000,0,,,0.000,1.000,motion_artifact,bad_quality_motion
1783252827.078125,0,,,0.000,1.000,0,,,0.000,1.000,0,,,0.000,1.000,0,,,0.000,1.000,0,,,0.000,1.000,0,,,0.000,1.000,motion_artifact,bad_quality_motion
1783252827.085938,0,,,0.000,1.000,0,,,0.000,1.000,0,,,0.000,1.000,0,,,0.000,1.000,0,,,0.000,1.000,0,,,0.000,1.000,motion_artifact,bad_quality_motion
1783252827.093750,0,,,0.000,1.000,0,,,0.000,1.000,0,,,0.000,1.000,0,,,0.000,1.000,0,,,0.000,1.000,0,,,0.000,1.000,motion_artifact,bad_quality_motion
1783252827.101562,0,,,0.000,1.000,0,,,0.000,1.000,0,,,0.000,1.000,0,,,0.000,1.000,0,,,0.000,1.000,0,,,0.000,1.000,motion_artifact,bad_quality_motion
1783252827.109375,0,,,0.000,1.000,0,,,0.000,1.000,0,,,0.000,1.000,0,,,0.000,1.000,0,,,0.000,1.000,0,,,0.000,1.000,motion_artifact,bad_quality_motion
1783252827.117188,0,,,0.000,1.000,0,,,0.000,1.000,0,,,0.000,1.000,0,,,0.000,1.000,0,,,0.000,1.000,0,,,0.000,1.000,motion_artifact,bad_quality_motion
1783252827.125000,0,,,0.000,1.000,0,,,0.000,1.000,0,,,0.000,1.000,0,,,0.000,1.000,0,,,0.000,1.000,0,,,0.000,1.000,motion_artifact,bad_quality_motion
1783252827.132812,0,,,0.000,1.000,0,,,0.000,1.000,0,,,0.000,1.000,0,,,0.000,1.000,0,,,0.000,1.000,0,,,0.000,1.000,motion_artifact,bad_quality_motion
1783252827.140625,0,,,0.000,1.000,0,,,0.000,1.000,0,,,0.000,1.000,0,,,0.000,1.000,0,,,0.000,1.000,0,,,0.000,1.000,motion_artifact,bad_quality_motion
1783252827.148438,0,,,0.000,1.000,0,,,0.000,1.000,0,,,0.000,1.000,0,,,0.000,1.000,0,,,0.000,1.000,0,,,0.000,1.000,motion_artifact,bad_quality_motion
1783252827.156250,0,,,0.000,1.000,0,,,0.000,1.000,0,,,0.000,1.000,0,,,0.000,1.000,0,,,0.000,1.000,0,,,0.000,1.000,motion_artifact,bad_quality_motion
1783252827.164062,0,,,0.000,1.000,0,,,0.000,1.000,0,,,0.000,1.000,0,,,0.000,1.000,0,,,0.000,1.000,0,,,0.000,1.000,motion_artifact,bad_quality_motion
1783252827.171875,0,,,0.000,1.000,0,,,0.000,1.000,0,,,0.000,1.000,0,,,0.000,1.000,0,,,0.000,1.000,0,,,0.000,1.000,motion_artifact,bad_quality_motion
1783252827.179688,0,,,0.000,1.000,0,,,0.000,1.000,0,,,0.000,1.000,0,,,0.000,1.000,0,,,0.000,1.000,0,,,0.000,1.000,motion_artifact,bad_quality_motion
1783252827.187500,0,,,0.000,1.000,0,,,0.000,1.000,0,,,0.000,1.000,0,,,0.000,1.000,0,,,0.000,1.000,0,,,0.000,1.000,motion_artifact,bad_quality_motion
1783252827.195312,0,,,0.000,1.000,0,,,0.000,1.000,0,,,0.000,1.000,0,,,0.000,1.000,0,,,0.000,1.000,0,,,0.000,1.000,motion_artifact,bad_quality_motion
1783252827.203125,0,,,0.000,1.000,0,,,0.000,1.000,0,,,0.000,1.000,0,,,0.000,1.000,0,,,0.000,1.000,0,,,0.000,1.000,motion_artifact,bad_quality_motion
1783252827.210938,0,,,0.000,1.000,0,,,0.000,1.000,0,,,0.000,1.000,0,,,0.000,1.000,0,,,0.000,1.000,0,,,0.000,1.000,motion_artifact,bad_quality_motion
1783252827.218750,0,,,0.000,1.000,0,,,0.000,1.000,0,,,0.000,1.000,0,,,0.000,1.000,0,,,0.000,1.000,0,,,0.000,1.000,motion_artifact,bad_quality_motion
1783252827.226562,0,,,0.000,1.000,0,,,0.000,1.000,0,,,0.000,1.000,0,,,0.000,1.000,0,,,0.000,1.000,0,,,0.000,1.000,motion_artifact,bad_quality_motion
1783252827.234375,0,,,0.000,1.000,0,,,0.000,1.000,0,,,0.000,1.000,0,,,0.000,1.000,0,,,0.000,1.000,0,,,0.000,1.000,motion_artifact,bad_quality_motion
1783252827.242188,0,,,0.000,1.000,0,,,0.000,1.000,0,,,0.000,1.000,0,,,0.000,1.000,0,,,0.000,1.000,0,,,0.000,1.000,motion_artifact,bad_quality_motion
1783252827.250000,0,,,0.000,1.000,0,,,0.000,1.000,0,,,0.000,1.000,0,,,0.000,1.000,0,,,0.000,1.000,0,,,0.000,1.000,motion_artifact,bad_quality_motion
1783252827.257812,0,,,0.000,1.000,0,,,0.000,1.000,0,,,0.000,1.000,0,,,0.000,1.000,0,,,0.000,1.000,0,,,0.000,1.000,motion_artifact,bad_quality_motion
1783252827.265625,0,,,0.000,1.000,0,,,0.000,1.000,0,,,0.000,1.000,0,,,0.000,1.000,0,,,0.000,1.000,0,,,0.000,1.000,motion_artifact,bad_quality_motion
1783252827.273438,0,,,0.000,1.000,0,,,0.000,1.000,0,,,0.000,1.000,0,,,0.000,1.000,0,,,0.000,1.000,0,,,0.000,1.000,motion_artifact,bad_quality_motion
1783252827.281250,0,,,0.000,1.000,0,,,0.000,1.000,0,,,0.000,1.000,0,,,0.000,1.000,0,,,0.000,1.000,0,,,0.000,1.000,motion_artifact,bad_quality_motion
1783252827.289062,0,,,0.000,1.000,0,,,0.000,1.000,0,,,0.000,1.000,0,,,0.000,1.000,0,,,0.000,1.000,0,,,0.000,1.000,motion_artifact,bad_quality_motion
1783252827.296875,0,,,0.000,1.000,0,,,0.000,1.000,0,,,0.000,1.000,0,,,0.000,1.000,0,,,0.000,1.000,0,,,0.000,1.000,motion_artifact,bad_quality_motion
1783252827.304688,0,,,0.000,1.000,0,,,0.000,1.000,0,,,0.000,1.000,0,,,0.000,1.000,0,,,0.000,1.000,0,,,0.000,1.000,motion_artifact,bad_quality_motion
1783252827.312500,0,,,0.000,1.000,0,,,0.000,1.000,0,,,0.000,1.000,0,,,0.000,1.000,0,,,0.000,1.000,0,,,0.000,1.000,motion_artifact,bad_quality_motion
1783252827.320312,0,,,0.000,1.000,0,,,0.000,1.000,0,,,0.000,1.000,0,,,0.000,1.000,0,,,0.000,1.000,0,,,0.000,1.000,motion_artifact,bad_quality_motion
1783252827.328125,0,,,0.000,1.000,0,,,0.000,1.000,0,,,0.000,1.000,0,,,0.000,1.000,0,,,0.000,1.000,0,,,0.000,1.000,motion_artifact,bad_quality_motion
1783252827.335938,0,,,0.000,1.000,0,,,0.000,1.000,0,,,0.000,1.000,0,,,0.000,1.000,0,,,0.000,1.000,0,,,0.000,1.000,motion_artifact,bad_quality_motion
1783252827.343750,0,,,0.000,1.000,0,,,0.000,1.000,0,,,0.000,1.000,0,,,0.000,1.000,0,,,0.000,1.000,0,,,0.000,1.000,motion_artifact,bad_quality_motion
1783252827.351562,0,,,0.000,1.000,0,,,0.000,1.000,0,,,0.000,1.000,0,,,0.000,1.000,0,,,0.000,1.000,0,,,0.000,1.000,motion_artifact,bad_quality_motion
1783252827.359375,0,,,0.000,1.000,0,,,0.000,1.000,0,,,0.000,1.000,0,,,0.000,1.000,0,,,0.000,1.000,0,,,0.000,1.000,motion_artifact,bad_quality_motion
1783252827.367188,0,,,0.000,1.000,0,,,0.000,1.000,0,,,0.000,1.000,0,,,0.000,1.000,0,,,0.000,1.000,0,,,0.000,1.000,motion_artifact,bad_quality_motion
1783252827.375000,0,,,0.000,1.000,0,,,0.000,1.000,0,,,0.000,1.000,0,,,0.000,1.000,0,,,0.000,1.000,0,,,0.000,1.000,motion_artifact,bad_quality_motion
1783252827.382812,0,,,0.000,1.000,0,,,0.000,1.000,0,,,0.000,1.000,0,,,0.000,1.000,0,,,0.000,1.000,0,,,0.000,1.000,motion_artifact,bad_quality_motion
1783252827.390625,0,,,0.000,1.000,0,,,0.000,1.000,0,,,0.000,1.000,0,,,0.000,1.000,0,,,0.000,1.000,0,,,0.000,1.000,motion_artifact,bad_quality_motion
1783252827.398438,0,,,0.000,1.000,0,,,0.000,1.000,0,,,0.000,1.000,0,,,0.000,1.000,0,,,0.000,1.000,0,,,0.000,1.000,motion_artifact,bad_quality_motion
1783252827.406250,0,,,0.000,1.000,0,,,0.000,1.000,0,,,0.000,1.000,0,,,0.000,1.000,0,,,0.000,1.000,0,,,0.000,1.000,motion_artifact,bad_quality_motion
1783252827.414062,0,,,0.000,1.000,0,,,0.000,1.000,0,,,0.000,1.000,0,,,0.000,1.000,0,,,0.000,1.000,0,,,0.000,1.000,motion_artifact,bad_quality_motion
1783252827.421875,0,,,0.000,1.000,0,,,0.000,1.000,0,,,0.000,1.000,0,,,0.000,1.000,0,,,0.000,1.000,0,,,0.000,1.000,motion_artifact,bad_quality_motion
1783252827.429688,0,,,0.000,1.000,0,,,0.000,1.000,0,,,0.000,1.000,0,,,0.000,1.000,0,,,0.000,1.000,0,,,0.000,1.000,motion_artifact,bad_quality_motion
1783252827.437500,0,,,0.000,1.000,0,,,0.000,1.000,0,,,0.000,1.000,0,,,0.000,1.000,0,,,0.000,1.000,0,,,0.000,1.000,motion_artifact,bad_quality_motion
1783252827.445312,0,,,0.000,1.000,0,,,0.000,1.000,0,,,0.000,1.000,0,,,0.000,1.000,0,,,0.000,1.000,0,,,0.000,1.000,motion_artifact,bad_quality_motion
1783252827.453125,0,,,0.000,1.000,0,,,0.000,1.000,0,,,0.000,1.000,0,,,0.000,1.000,0,,,0.000,1.000,0,,,0.000,1.000,motion_artifact,bad_quality_motion
1783252827.460938,0,,,0.000,1.000,0,,,0.000,1.000,0,,,0.000,1.000,0,,,0.000,1.000,0,,,0.000,1.000,0,,,0.000,1.000,motion_artifact,bad_quality_motion
1783252827.468750,0,,,0.000,1.000,0,,,0.000,1.000,0,,,0.000,1.000,0,,,0.000,1.000,0,,,0.000,1.000,0,,,0.000,1.000,motion_artifact,bad_quality_motion
1783252827.476562,0,,,0.000,1.000,0,,,0.000,1.000,0,,,0.000,1.000,0,,,0.000,1.000,0,,,0.000,1.000,0,,,0.000,1.000,motion_artifact,bad_quality_motion
1783252827.484375,0,,,0.000,1.000,0,,,0.000,1.000,0,,,0.000,1.000,0,,,0.000,1.000,0,,,0.000,1.000,0,,,0.000,1.000,motion_artifact,bad_quality_motion
1783252827.492188,0,,,0.000,1.000,0,,,0.000,1.000,0,,,0.000,1.000,0,,,0.000,1.000,0,,,0.000,1.000,0,,,0.000,1.000,motion_artifact,bad_quality_motion
1783252827.500000,0,,,0.000,1.000,0,,,0.000,1.000,0,,,0.000,1.000,0,,,0.000,1.000,0,,,0.000,1.000,0,,,0.000,1.000,motion_artifact,bad_quality_motion
1783252827.507812,0,,,0.000,1.000,0,,,0.000,1.000,0,,,0.000,1.000,0,,,0.000,1.000,0,,,0.000,1.000,0,,,0.000,1.000,motion_artifact,bad_quality_motion
1783252827.515625,0,,,0.000,1.000,0,,,0.000,1.000,0,,,0.000,1.000,0,,,0.000,1.000,0,,,0.000,1.000,0,,,0.000,1.000,motion_artifact,bad_quality_motion
1783252827.523438,0,,,0.000,1.000,0,,,0.000,1.000,0,,,0.000,1.000,0,,,0.000,1.000,0,,,0.000,1.000,0,,,0.000,1.000,motion_artifact,bad_quality_motion
1783252827.531250,0,,,0.000,1.000,0,,,0.000,1.000,0,,,0.000,1.000,0,,,0.000,1.000,0,,,0.000,1.000,0,,,0.000,1.000,motion_artifact,bad_quality_motion
1783252827.539062,0,,,0.000,1.000,0,,,0.000,1.000,0,,,0.000,1.000,0,,,0.000,1.000,0,,,0.000,1.000,0,,,0.000,1.000,motion_artifact,bad_quality_motion
1783252827.546875,0,,,0.000,1.000,0,,,0.000,1.000,0,,,0.000,1.000,0,,,0.000,1.000,0,,,0.000,1.000,0,,,0.000,1.000,motion_artifact,bad_quality_motion
1783252827.554688,0,,,0.000,1.000,0,,,0.000,1.000,0,,,0.000,1.000,0,,,0.000,1.000,0,,,0.000,1.000,0,,,0.000,1.000,motion_artifact,bad_quality_motion
1783252827.562500,0,,,0.000,1.000,0,,,0.000,1.000,0,,,0.000,1.000,0,,,0.000,1.000,0,,,0.000,1.000,0,,,0.000,1.000,motion_artifact,bad_quality_motion
1783252827.570312,0,,,0.000,1.000,0,,,0.000,1.000,0,,,0.000,1.000,0,,,0.000,1.000,0,,,0.000,1.000,0,,,0.000,1.000,motion_artifact,bad_quality_motion
1783252827.578125,0,,,0.000,1.000,0,,,0.000,1.000,0,,,0.000,1.000,0,,,0.000,1.000,0,,,0.000,1.000,0,,,0.000,1.000,motion_artifact,bad_quality_motion
1783252827.585938,0,,,0.000,1.000,0,,,0.000,1.000,0,,,0.000,1.000,0,,,0.000,1.000,0,,,0.000,1.000,0,,,0.000,1.000,motion_artifact,bad_quality_motion
1783252827.593750,0,,,0.000,1.000,0,,,0.000,1.000,0,,,0.000,1.000,0,,,0.000,1.000,0,,,0.000,1.000,0,,,0.000,1.000,motion_artifact,bad_quality_motion
1783252827.601562,0,,,0.000,1.000,0,,,0.000,1.000,0,,,0.000,1.000,0,,,0.000,1.000,0,,,0.000,1.000,0,,,0.000,1.000,motion_artifact,bad_quality_motion
1783252827.609375,0,,,0.000,1.000,0,,,0.000,1.000,0,,,0.000,1.000,0,,,0.000,1.000,0,,,0.000,1.000,0,,,0.000,1.000,motion_artifact,bad_quality_motion
1783252827.617188,0,,,0.000,1.000,0,,,0.000,1.000,0,,,0.000,1.000,0,,,0.000,1.000,0,,,0.000,1.000,0,,,0.000,1.000,motion_artifact,bad_quality_motion
1783252827.625000,0,,,0.000,1.000,0,,,0.000,1.000,0,,,0.000,1.000,0,,,0.000,1.000,0,,,0.000,1.000,0,,,0.000,1.000,motion_artifact,bad_quality_motion
1783252827.632812,0,,,0.000,1.000,0,,,0.000,1.000,0,,,0.000,1.000,0,,,0.000,1.000,0,,,0.000,1.000,0,,,0.000,1.000,motion_artifact,bad_quality_motion
1783252827.640625,0,,,0.000,1.000,0,,,0.000,1.000,0,,,0.000,1.000,0,,,0.000,1.000,0,,,0.000,1.000,0,,,0.000,1.000,motion_artifact,bad_quality_motion
1783252827.648438,0,,,0.000,1.000,0,,,0.000,1.000,0,,,0.000,1.000,0,,,0.000,1.000,0,,,0.000,1.000,0,,,0.000,1.000,motion_artifact,bad_quality_motion
1783252827.656250,0,,,0.000,1.000,0,,,0.000,1.000,0,,,0.000,1.000,0,,,0.000,1.000,0,,,0.000,1.000,0,,,0.000,1.000,motion_artifact,bad_quality_motion
1783252827.664062,0,,,0.000,1.000,0,,,0.000,1.000,0,,,0.000,1.000,0,,,0.000,1.000,0,,,0.000,1.000,0,,,0.000,1.000,motion_artifact,bad_quality_motion
1783252827.671875,0,,,0.000,1.000,0,,,0.000,1.000,0,,,0.000,1.000,0,,,0.000,1.000,0,,,0.000,1.000,0,,,0.000,1.000,motion_artifact,bad_quality_motion
1783252827.679688,0,,,0.000,1.000,0,,,0.000,1.000,0,,,0.000,1.000,0,,,0.000,1.000,0,,,0.000,1.000,0,,,0.000,1.000,motion_artifact,bad_quality_motion
1783252827.687500,0,,,0.000,1.000,0,,,0.000,1.000,0,,,0.000,1.000,0,,,0.000,1.000,0,,,0.000,1.000,0,,,0.000,1.000,motion_artifact,bad_quality_motion
1783252827.695312,0,,,0.000,1.000,0,,,0.000,1.000,0,,,0.000,1.000,0,,,0.000,1.000,0,,,0.000,1.000,0,,,0.000,1.000,motion_artifact,bad_quality_motion
1783252827.703125,0,,,0.000,1.000,0,,,0.000,1.000,0,,,0.000,1.000,0,,,0.000,1.000,0,,,0.000,1.000,0,,,0.000,1.000,motion_artifact,bad_quality_motion
1783252827.710938,0,,,0.000,1.000,0,,,0.000,1.000,0,,,0.000,1.000,0,,,0.000,1.000,0,,,0.000,1.000,0,,,0.000,1.000,motion_artifact,bad_quality_motion
1783252827.718750,0,,,0.000,1.000,0,,,0.000,1.000,0,,,0.000,1.000,0,,,0.000,1.000,0,,,0.000,1.000,0,,,0.000,1.000,motion_artifact,bad_quality_motion
1783252827.726562,0,,,0.000,1.000,0,,,0.000,1.000,0,,,0.000,1.000,0,,,0.000,1.000,0,,,0.000,1.000,0,,,0.000,1.000,motion_artifact,bad_quality_motion
1783252827.734375,0,,,0.000,1.000,0,,,0.000,1.000,0,,,0.000,1.000,0,,,0.000,1.000,0,,,0.000,1.000,0,,,0.000,1.000,motion_artifact,bad_quality_motion
1783252827.742188,0,,,0.000,1.000,0,,,0.000,1.000,0,,,0.000,1.000,0,,,0.000,1.000,0,,,0.000,1.000,0,,,0.000,1.000,motion_artifact,bad_quality_motion
1783252827.750000,0,,,0.000,1.000,0,,,0.000,1.000,0,,,0.000,1.000,0,,,0.000,1.000,0,,,0.000,1.000,0,,,0.000,1.000,motion_artifact,bad_quality_motion
1783252827.757812,0,,,0.000,1.000,0,,,0.000,1.000,0,,,0.000,1.000,0,,,0.000,1.000,0,,,0.000,1.000,0,,,0.000,1.000,motion_artifact,bad_quality_motion
1783252827.765625,0,,,0.000,1.000,0,,,0.000,1.000,0,,,0.000,1.000,0,,,0.000,1.000,0,,,0.000,1.000,0,,,0.000,1.000,motion_artifact,bad_quality_motion
1783252827.773438,0,,,0.000,1.000,0,,,0.000,1.000,0,,,0.000,1.000,0,,,0.000,1.000,0,,,0.000,1.000,0,,,0.000,1.000,motion_artifact,bad_quality_motion
1783252827.781250,0,,,0.000,1.000,0,,,0.000,1.000,0,,,0.000,1.000,0,,,0.000,1.000,0,,,0.000,1.000,0,,,0.000,1.000,motion_artifact,bad_quality_motion
1783252827.789062,0,,,0.000,1.000,0,,,0.000,1.000,0,,,0.000,1.000,0,,,0.000,1.000,0,,,0.000,1.000,0,,,0.000,1.000,motion_artifact,bad_quality_motion
1783252827.796875,0,,,0.000,1.000,0,,,0.000,1.000,0,,,0.000,1.000,0,,,0.000,1.000,0,,,0.000,1.000,0,,,0.000,1.000,motion_artifact,bad_quality_motion
1783252827.804688,0,,,0.000,1.000,0,,,0.000,1.000,0,,,0.000,1.000,0,,,0.000,1.000,0,,,0.000,1.000,0,,,0.000,1.000,motion_artifact,bad_quality_motion
1783252827.812500,0,,,0.000,1.000,0,,,0.000,1.000,0,,,0.000,1.000,0,,,0.000,1.000,0,,,0.000,1.000,0,,,0.000,1.000,motion_artifact,bad_quality_motion
1783252827.820312,0,,,0.000,1.000,0,,,0.000,1.000,0,,,0.000,1.000,0,,,0.000,1.000,0,,,0.000,1.000,0,,,0.000,1.000,motion_artifact,bad_quality_motion
1783252827.828125,0,,,0.000,1.000,0,,,0.000,1.000,0,,,0.000,1.000,0,,,0.000,1.000,0,,,0.000,1.000,0,,,0.000,1.000,motion_artifact,bad_quality_motion
1783252827.835938,0,,,0.000,1.000,0,,,0.000,1.000,0,,,0.000,1.000,0,,,0.000,1.000,0,,,0.000,1.000,0,,,0.000,1.000,motion_artifact,bad_quality_motion
1783252827.843750,0,,,0.000,1.000,0,,,0.000,1.000,0,,,0.000,1.000,0,,,0.000,1.000,0,,,0.000,1.000,0,,,0.000,1.000,motion_artifact,bad_quality_motion
1783252827.851562,0,,,0.000,1.000,0,,,0.000,1.000,0,,,0.000,1.000,0,,,0.000,1.000,0,,,0.000,1.000,0,,,0.000,1.000,motion_artifact,bad_quality_motion
1783252827.859375,0,,,0.000,1.000,0,,,0.000,1.000,0,,,0.000,1.000,0,,,0.000,1.000,0,,,0.000,1.000,0,,,0.000,1.000,motion_artifact,bad_quality_motion
1783252827.867188,0,,,0.000,1.000,0,,,0.000,1.000,0,,,0.000,1.000,0,,,0.000,1.000,0,,,0.000,1.000,0,,,0.000,1.000,motion_artifact,bad_quality_motion
1783252827.875000,0,,,0.000,1.000,0,,,0.000,1.000,0,,,0.000,1.000,0,,,0.000,1.000,0,,,0.000,1.000,0,,,0.000,1.000,motion_artifact,bad_quality_motion
1783252827.882812,0,,,0.000,1.000,0,,,0.000,1.000,0,,,0.000,1.000,0,,,0.000,1.000,0,,,0.000,1.000,0,,,0.000,1.000,motion_artifact,bad_quality_motion
1783252827.890625,0,,,0.000,1.000,0,,,0.000,1.000,0,,,0.000,1.000,0,,,0.000,1.000,0,,,0.000,1.000,0,,,0.000,1.000,motion_artifact,bad_quality_motion
1783252827.898438,0,,,0.000,1.000,0,,,0.000,1.000,0,,,0.000,1.000,0,,,0.000,1.000,0,,,0.000,1.000,0,,,0.000,1.000,motion_artifact,bad_quality_motion
1783252827.906250,0,,,0.000,1.000,0,,,0.000,1.000,0,,,0.000,1.000,0,,,0.000,1.000,0,,,0.000,1.000,0,,,0.000,1.000,motion_artifact,bad_quality_motion
1783252827.914062,0,,,0.000,1.000,0,,,0.000,1.000,0,,,0.000,1.000,0,,,0.000,1.000,0,,,0.000,1.000,0,,,0.000,1.000,motion_artifact,bad_quality_motion
1783252827.921875,0,,,0.000,1.000,0,,,0.000,1.000,0,,,0.000,1.000,0,,,0.000,1.000,0,,,0.000,1.000,0,,,0.000,1.000,motion_artifact,bad_quality_motion
1783252827.929688,0,,,0.000,1.000,0,,,0.000,1.000,0,,,0.000,1.000,0,,,0.000,1.000,0,,,0.000,1.000,0,,,0.000,1.000,motion_artifact,bad_quality_motion
1783252827.937500,0,,,0.000,1.000,0,,,0.000,1.000,0,,,0.000,1.000,0,,,0.000,1.000,0,,,0.000,1.000,0,,,0.000,1.000,motion_artifact,bad_quality_motion
1783252827.945312,0,,,0.000,1.000,0,,,0.000,1.000,0,,,0.000,1.000,0,,,0.000,1.000,0,,,0.000,1.000,0,,,0.000,1.000,motion_artifact,bad_quality_motion
1783252827.953125,0,,,0.000,1.000,0,,,0.000,1.000,0,,,0.000,1.000,0,,,0.000,1.000,0,,,0.000,1.000,0,,,0.000,1.000,motion_artifact,bad_quality_motion
1783252827.960938,0,,,0.000,1.000,0,,,0.000,1.000,0,,,0.000,1.000,0,,,0.000,1.000,0,,,0.000,1.000,0,,,0.000,1.000,motion_artifact,bad_quality_motion
1783252827.968750,0,,,0.000,1.000,0,,,0.000,1.000,0,,,0.000,1.000,0,,,0.000,1.000,0,,,0.000,1.000,0,,,0.000,1.000,motion_artifact,bad_quality_motion
1783252827.976562,0,,,0.000,1.000,0,,,0.000,1.000,0,,,0.000,1.000,0,,,0.000,1.000,0,,,0.000,1.000,0,,,0.000,1.000,motion_artifact,bad_quality_motion
1783252827.984375,0,,,0.000,1.000,0,,,0.000,1.000,0,,,0.000,1.000,0,,,0.000,1.000,0,,,0.000,1.000,0,,,0.000,1.000,motion_artifact,bad_quality_motion
1783252827.992188,0,,,0.000,1.000,0,,,0.000,1.000,0,,,0.000,1.000,0,,,0.000,1.000,0,,,0.000,1.000,0,,,0.000,1.000,motion_artifact,bad_quality_motion
1783252828.000000,0,,,0.000,1.000,0,,,0.000,1.000,0,,,0.000,1.000,0,,,0.000,1.000,0,,,0.000,1.000,0,,,0.000,1.000,motion_artifact,bad_quality_motion
1783252828.007812,0,,,0.000,1.000,0,,,0.000,1.000,0,,,0.000,1.000,0,,,0.000,1.000,0,,,0.000,1.000,0,,,0.000,1.000,motion_artifact,bad_quality_motion
1783252828.015625,0,,,0.000,1.000,0,,,0.000,1.000,0,,,0.000,1.000,0,,,0.000,1.000,0,,,0.000,1.000,0,,,0.000,1.000,motion_artifact,bad_quality_motion
1783252828.023438,0,,,0.000,1.000,0,,,0.000,1.000,0,,,0.000,1.000,0,,,0.000,1.000,0,,,0.000,1.000,0,,,0.000,1.000,motion_artifact,bad_quality_motion
1783252828.031250,0,,,0.000,1.000,0,,,0.000,1.000,0,,,0.000,1.000,0,,,0.000,1.000,0,,,0.000,1.000,0,,,0.000,1.000,motion_artifact,bad_quality_motion
1783252828.039062,0,,,0.000,1.000,0,,,0.000,1.000,0,,,0.000,1.000,0,,,0.000,1.000,0,,,0.000,1.000,0,,,0.000,1.000,motion_artifact,bad_quality_motion
1783252828.046875,0,,,0.000,1.000,0,,,0.000,1.000,0,,,0.000,1.000,0,,,0.000,1.000,0,,,0.000,1.000,0,,,0.000,1.000,motion_artifact,bad_quality_motion
1783252828.054688,0,,,0.000,1.000,0,,,0.000,1.000,0,,,0.000,1.000,0,,,0.000,1.000,0,,,0.000,1.000,0,,,0.000,1.000,motion_artifact,bad_quality_motion
1783252828.062500,0,,,0.000,1.000,0,,,0.000,1.000,0,,,0.000,1.000,0,,,0.000,1.000,0,,,0.000,1.000,0,,,0.000,1.000,motion_artifact,bad_quality_motion
1783252828.070312,0,,,0.000,1.000,0,,,0.000,1.000,0,,,0.000,1.000,0,,,0.000,1.000,0,,,0.000,1.000,0,,,0.000,1.000,motion_artifact,bad_quality_motion
1783252828.078125,0,,,0.000,1.000,0,,,0.000,1.000,0,,,0.000,1.000,0,,,0.000,1.000,0,,,0.000,1.000,0,,,0.000,1.000,motion_artifact,bad_quality_motion
1783252828.085938,0,,,0.000,1.000,0,,,0.000,1.000,0,,,0.000,1.000,0,,,0.000,1.000,0,,,0.000,1.000,0,,,0.000,1.000,motion_artifact,bad_quality_motion
1783252828.093750,0,,,0.000,1.000,0,,,0.000,1.000,0,,,0.000,1.000,0,,,0.000,1.000,0,,,0.000,1.000,0,,,0.000,1.000,motion_artifact,bad_quality_motion
1783252828.101562,0,,,0.000,1.000,0,,,0.000,1.000,0,,,0.000,1.000,0,,,0.000,1.000,0,,,0.000,1.000,0,,,0.000,1.000,motion_artifact,bad_quality_motion
1783252828.109375,0,,,0.000,1.000,0,,,0.000,1.000,0,,,0.000,1.000,0,,,0.000,1.000,0,,,0.000,1.000,0,,,0.000,1.000,motion_artifact,bad_quality_motion
1783252828.117188,0,,,0.000,1.000,0,,,0.000,1.000,0,,,0.000,1.000,0,,,0.000,1.000,0,,,0.000,1.000,0,,,0.000,1.000,motion_artifact,bad_quality_motion
1783252828.125000,0,,,0.000,1.000,0,,,0.000,1.000,0,,,0.000,1.000,0,,,0.000,1.000,0,,,0.000,1.000,0,,,0.000,1.000,motion_artifact,bad_quality_motion
1783252828.132812,0,,,0.000,1.000,0,,,0.000,1.000,0,,,0.000,1.000,0,,,0.000,1.000,0,,,0.000,1.000,0,,,0.000,1.000,motion_artifact,bad_quality_motion
1783252828.140625,0,,,0.000,1.000,0,,,0.000,1.000,0,,,0.000,1.000,0,,,0.000,1.000,0,,,0.000,1.000,0,,,0.000,1.000,motion_artifact,bad_quality_motion
1783252828.148438,0,,,0.000,1.000,0,,,0.000,1.000,0,,,0.000,1.000,0,,,0.000,1.000,0,,,0.000,1.000,0,,,0.000,1.000,motion_artifact,bad_quality_motion
1783252828.156250,0,,,0.000,1.000,0,,,0.000,1.000,0,,,0.000,1.000,0,,,0.000,1.000,0,,,0.000,1.000,0,,,0.000,1.000,motion_artifact,bad_quality_motion
1783252828.164062,0,,,0.000,1.000,0,,,0.000,1.000,0,,,0.000,1.000,0,,,0.000,1.000,0,,,0.000,1.000,0,,,0.000,1.000,motion_artifact,bad_quality_motion
1783252828.171875,0,,,0.000,1.000,0,,,0.000,1.000,0,,,0.000,1.000,0,,,0.000,1.000,0,,,0.000,1.000,0,,,0.000,1.000,motion_artifact,bad_quality_motion
1783252828.179688,0,,,0.000,1.000,0,,,0.000,1.000,0,,,0.000,1.000,0,,,0.000,1.000,0,,,0.000,1.000,0,,,0.000,1.000,motion_artifact,bad_quality_motion
1783252828.187500,0,,,0.000,1.000,0,,,0.000,1.000,0,,,0.000,1.000,0,,,0.000,1.000,0,,,0.000,1.000,0,,,0.000,1.000,motion_artifact,bad_quality_motion
1783252828.195312,0,,,0.000,1.000,0,,,0.000,1.000,0,,,0.000,1.000,0,,,0.000,1.000,0,,,0.000,1.000,0,,,0.000,1.000,motion_artifact,bad_quality_motion
1783252828.203125,0,,,0.000,1.000,0,,,0.000,1.000,0,,,0.000,1.000,0,,,0.000,1.000,0,,,0.000,1.000,0,,,0.000,1.000,motion_artifact,bad_quality_motion
1783252828.210938,0,,,0.000,1.000,0,,,0.000,1.000,0,,,0.000,1.000,0,,,0.000,1.000,0,,,0.000,1.000,0,,,0.000,1.000,motion_artifact,bad_quality_motion
1783252828.218750,0,,,0.000,1.000,0,,,0.000,1.000,0,,,0.000,1.000,0,,,0.000,1.000,0,,,0.000,1.000,0,,,0.000,1.000,motion_artifact,bad_quality_motion
1783252828.226562,0,,,0.000,1.000,0,,,0.000,1.000,0,,,0.000,1.000,0,,,0.000,1.000,0,,,0.000,1.000,0,,,0.000,1.000,motion_artifact,bad_quality_motion
1783252828.234375,0,,,0.000,1.000,0,,,0.000,1.000,0,,,0.000,1.000,0,,,0.000,1.000,0,,,0.000,1.000,0,,,0.000,1.000,motion_artifact,bad_quality_motion
1783252828.242188,0,,,0.000,1.000,0,,,0.000,1.000,0,,,0.000,1.000,0,,,0.000,1.000,0,,,0.000,1.000,0,,,0.000,1.000,motion_artifact,bad_quality_motion
1783252828.250000,0,,,0.000,1.000,0,,,0.000,1.000,0,,,0.000,1.000,0,,,0.000,1.000,0,,,0.000,1.000,0,,,0.000,1.000,motion_artifact,bad_quality_motion
1783252828.257812,0,,,0.000,1.000,0,,,0.000,1.000,0,,,0.000,1.000,0,,,0.000,1.000,0,,,0.000,1.000,0,,,0.000,1.000,motion_artifact,bad_quality_motion
1783252828.265625,0,,,0.000,1.000,0,,,0.000,1.000,0,,,0.000,1.000,0,,,0.000,1.000,0,,,0.000,1.000,0,,,0.000,1.000,motion_artifact,bad_quality_motion
1783252828.273438,0,,,0.000,1.000,0,,,0.000,1.000,0,,,0.000,1.000,0,,,0.000,1.000,0,,,0.000,1.000,0,,,0.000,1.000,motion_artifact,bad_quality_motion
1783252828.281250,0,,,0.000,1.000,0,,,0.000,1.000,0,,,0.000,1.000,0,,,0.000,1.000,0,,,0.000,1.000,0,,,0.000,1.000,motion_artifact,bad_quality_motion
1783252828.289062,0,,,0.000,1.000,0,,,0.000,1.000,0,,,0.000,1.000,0,,,0.000,1.000,0,,,0.000,1.000,0,,,0.000,1.000,motion_artifact,bad_quality_motion
1783252828.296875,0,,,0.000,1.000,0,,,0.000,1.000,0,,,0.000,1.000,0,,,0.000,1.000,0,,,0.000,1.000,0,,,0.000,1.000,motion_artifact,bad_quality_motion
1783252828.304688,0,,,0.000,1.000,0,,,0.000,1.000,0,,,0.000,1.000,0,,,0.000,1.000,0,,,0.000,1.000,0,,,0.000,1.000,motion_artifact,bad_quality_motion
1783252828.312500,0,,,0.000,1.000,0,,,0.000,1.000,0,,,0.000,1.000,0,,,0.000,1.000,0,,,0.000,1.000,0,,,0.000,1.000,motion_artifact,bad_quality_motion
1783252828.320312,0,,,0.000,1.000,0,,,0.000,1.000,0,,,0.000,1.000,0,,,0.000,1.000,0,,,0.000,1.000,0,,,0.000,1.000,motion_artifact,bad_quality_motion
1783252828.328125,0,,,0.000,1.000,0,,,0.000,1.000,0,,,0.000,1.000,0,,,0.000,1.000,0,,,0.000,1.000,0,,,0.000,1.000,motion_artifact,bad_quality_motion
1783252828.335938,0,,,0.000,1.000,0,,,0.000,1.000,0,,,0.000,1.000,0,,,0.000,1.000,0,,,0.000,1.000,0,,,0.000,1.000,motion_artifact,bad_quality_motion
1783252828.343750,0,,,0.000,1.000,0,,,0.000,1.000,0,,,0.000,1.000,0,,,0.000,1.000,0,,,0.000,1.000,0,,,0.000,1.000,motion_artifact,bad_quality_motion
1783252828.351562,0,,,0.000,1.000,0,,,0.000,1.000,0,,,0.000,1.000,0,,,0.000,1.000,0,,,0.000,1.000,0,,,0.000,1.000,motion_artifact,bad_quality_motion
1783252828.359375,0,,,0.000,1.000,0,,,0.000,1.000,0,,,0.000,1.000,0,,,0.000,1.000,0,,,0.000,1.000,0,,,0.000,1.000,motion_artifact,bad_quality_motion
1783252828.367188,0,,,0.000,1.000,0,,,0.000,1.000,0,,,0.000,1.000,0,,,0.000,1.000,0,,,0.000,1.000,0,,,0.000,1.000,motion_artifact,bad_quality_motion
1783252828.375000,0,,,0.000,1.000,0,,,0.000,1.000,0,,,0.000,1.000,0,,,0.000,1.000,0,,,0.000,1.000,0,,,0.000,1.000,motion_artifact,bad_quality_motion
1783252828.382812,0,,,0.000,1.000,0,,,0.000,1.000,0,,,0.000,1.000,0,,,0.000,1.000,0,,,0.000,1.000,0,,,0.000,1.000,motion_artifact,bad_quality_motion
1783252828.390625,0,,,0.000,1.000,0,,,0.000,1.000,0,,,0.000,1.000,0,,,0.000,1.000,0,,,0.000,1.000,0,,,0.000,1.000,motion_artifact,bad_quality_motion
1783252828.398438,0,,,0.000,1.000,0,,,0.000,1.000,0,,,0.000,1.000,0,,,0.000,1.000,0,,,0.000,1.000,0,,,0.000,1.000,motion_artifact,bad_quality_motion
1783252828.406250,0,,,0.000,1.000,0,,,0.000,1.000,0,,,0.000,1.000,0,,,0.000,1.000,0,,,0.000,1.000,0,,,0.000,1.000,motion_artifact,bad_quality_motion
1783252828.414062,0,,,0.000,1.000,0,,,0.000,1.000,0,,,0.000,1.000,0,,,0.000,1.000,0,,,0.000,1.000,0,,,0.000,1.000,motion_artifact,bad_quality_motion
1783252828.421875,0,,,0.000,1.000,0,,,0.000,1.000,0,,,0.000,1.000,0,,,0.000,1.000,0,,,0.000,1.000,0,,,0.000,1.000,motion_artifact,bad_quality_motion
1783252828.429688,0,,,0.000,1.000,0,,,0.000,1.000,0,,,0.000,1.000,0,,,0.000,1.000,0,,,0.000,1.000,0,,,0.000,1.000,motion_artifact,bad_quality_motion
1783252828.437500,0,,,0.000,1.000,0,,,0.000,1.000,0,,,0.000,1.000,0,,,0.000,1.000,0,,,0.000,1.000,0,,,0.000,1.000,motion_artifact,bad_quality_motion
1783252828.445312,0,,,0.000,1.000,0,,,0.000,1.000,0,,,0.000,1.000,0,,,0.000,1.000,0,,,0.000,1.000,0,,,0.000,1.000,motion_artifact,bad_quality_motion
1783252828.453125,0,,,0.000,1.000,0,,,0.000,1.000,0,,,0.000,1.000,0,,,0.000,1.000,0,,,0.000,1.000,0,,,0.000,1.000,motion_artifact,bad_quality_motion
1783252828.460938,0,,,0.000,1.000,0,,,0.000,1.000,0,,,0.000,1.000,0,,,0.000,1.000,0,,,0.000,1.000,0,,,0.000,1.000,motion_artifact,bad_quality_motion
1783252828.468750,0,,,0.000,1.000,0,,,0.000,1.000,0,,,0.000,1.000,0,,,0.000,1.000,0,,,0.000,1.000,0,,,0.000,1.000,motion_artifact,bad_quality_motion
1783252828.476562,0,,,0.000,1.000,0,,,0.000,1.000,0,,,0.000,1.000,0,,,0.000,1.000,0,,,0.000,1.000,0,,,0.000,1.000,motion_artifact,bad_quality_motion
1783252828.484375,0,,,0.000,1.000,0,,,0.000,1.000,0,,,0.000,1.000,0,,,0.000,1.000,0,,,0.000,1.000,0,,,0.000,1.000,motion_artifact,bad_quality_motion
1783252828.492188,0,,,0.000,1.000,0,,,0.000,1.000,0,,,0.000,1.000,0,,,0.000,1.000,0,,,0.000,1.000,0,,,0.000,1.000,motion_artifact,bad_quality_motion
1783252828.500000,0,,,0.000,1.000,0,,,0.000,1.000,0,,,0.000,1.000,0,,,0.000,1.000,0,,,0.000,1.000,0,,,0.000,1.000,motion_artifact,bad_quality_motion
1783252828.507812,0,,,0.000,1.000,0,,,0.000,1.000,0,,,0.000,1.000,0,,,0.000,1.000,0,,,0.000,1.000,0,,,0.000,1.000,motion_artifact,bad_quality_motion
1783252828.515625,0,,,0.000,1.000,0,,,0.000,1.000,0,,,0.000,1.000,0,,,0.000,1.000,0,,,0.000,1.000,0,,,0.000,1.000,motion_artifact,bad_quality_motion
1783252828.523438,0,,,0.000,1.000,0,,,0.000,1.000,0,,,0.000,1.000,0,,,0.000,1.000,0,,,0.000,1.000,0,,,0.000,1.000,motion_artifact,bad_quality_motion
1783252828.531250,0,,,0.000,1.000,0,,,0.000,1.000,0,,,0.000,1.000,0,,,0.000,1.000,0,,,0.000,1.000,0,,,0.000,1.000,motion_artifact,bad_quality_motion
1783252828.539062,0,,,0.000,1.000,0,,,0.000,1.000,0,,,0.000,1.000,0,,,0.000,1.000,0,,,0.000,1.000,0,,,0.000,1.000,motion_artifact,bad_quality_motion
1783252828.546875,0,,,0.000,1.000,0,,,0.000,1.000,0,,,0.000,1.000,0,,,0.000,1.000,0,,,0.000,1.000,0,,,0.000,1.000,motion_artifact,bad_quality_motion
1783252828.554688,0,,,0.000,1.000,0,,,0.000,1.000,0,,,0.000,1.000,0,,,0.000,1.000,0,,,0.000,1.000,0,,,0.000,1.000,motion_artifact,bad_quality_motion
1783252828.562500,0,,,0.000,1.000,0,,,0.000,1.000,0,,,0.000,1.000,0,,,0.000,1.000,0,,,0.000,1.000,0,,,0.000,1.000,motion_artifact,bad_quality_motion
1783252828.570312,0,,,0.000,1.000,0,,,0.000,1.000,0,,,0.000,1.000,0,,,0.000,1.000,0,,,0.000,1.000,0,,,0.000,1.000,motion_artifact,bad_quality_motion
1783252828.578125,0,,,0.000,1.000,0,,,0.000,1.000,0,,,0.000,1.000,0,,,0.000,1.000,0,,,0.000,1.000,0,,,0.000,1.000,motion_artifact,bad_quality_motion
1783252828.585938,0,,,0.000,1.000,0,,,0.000,1.000,0,,,0.000,1.000,0,,,0.000,1.000,0,,,0.000,1.000,0,,,0.000,1.000,motion_artifact,bad_quality_motion
1783252828.593750,0,,,0.000,1.000,0,,,0.000,1.000,0,,,0.000,1.000,0,,,0.000,1.000,0,,,0.000,1.000,0,,,0.000,1.000,motion_artifact,bad_quality_motion
1783252828.601562,0,,,0.000,1.000,0,,,0.000,1.000,0,,,0.000,1.000,0,,,0.000,1.000,0,,,0.000,1.000,0,,,0.000,1.000,motion_artifact,bad_quality_motion
1783252828.609375,0,,,0.000,1.000,0,,,0.000,1.000,0,,,0.000,1.000,0,,,0.000,1.000,0,,,0.000,1.000,0,,,0.000,1.000,motion_artifact,bad_quality_motion
1783252828.617188,0,,,0.000,1.000,0,,,0.000,1.000,0,,,0.000,1.000,0,,,0.000,1.000,0,,,0.000,1.000,0,,,0.000,1.000,motion_artifact,bad_quality_motion
1783252828.625000,0,,,0.000,1.000,0,,,0.000,1.000,0,,,0.000,1.000,0,,,0.000,1.000,0,,,0.000,1.000,0,,,0.000,1.000,motion_artifact,bad_quality_motion
1783252828.632812,0,,,0.000,1.000,0,,,0.000,1.000,0,,,0.000,1.000,0,,,0.000,1.000,0,,,0.000,1.000,0,,,0.000,1.000,motion_artifact,bad_quality_motion
1783252828.640625,0,,,0.000,1.000,0,,,0.000,1.000,0,,,0.000,1.000,0,,,0.000,1.000,0,,,0.000,1.000,0,,,0.000,1.000,motion_artifact,bad_quality_motion
1783252828.648438,0,,,0.000,1.000,0,,,0.000,1.000,0,,,0.000,1.000,0,,,0.000,1.000,0,,,0.000,1.000,0,,,0.000,1.000,motion_artifact,bad_quality_motion
1783252828.656250,0,,,0.000,1.000,0,,,0.000,1.000,0,,,0.000,1.000,0,,,0.000,1.000,0,,,0.000,1.000,0,,,0.000,1.000,motion_artifact,bad_quality_motion
1783252828.664062,0,,,0.000,1.000,0,,,0.000,1.000,0,,,0.000,1.000,0,,,0.000,1.000,0,,,0.000,1.000,0,,,0.000,1.000,motion_artifact,bad_quality_motion
1783252828.671875,0,,,0.000,1.000,0,,,0.000,1.000,0,,,0.000,1.000,0,,,0.000,1.000,0,,,0.000,1.000,0,,,0.000,1.000,motion_artifact,bad_quality_motion
1783252828.679688,0,,,0.000,1.000,0,,,0.000,1.000,0,,,0.000,1.000,0,,,0.000,1.000,0,,,0.000,1.000,0,,,0.000,1.000,motion_artifact,bad_quality_motion
1783252828.687500,0,,,0.000,1.000,0,,,0.000,1.000,0,,,0.000,1.000,0,,,0.000,1.000,0,,,0.000,1.000,0,,,0.000,1.000,motion_artifact,bad_quality_motion
1783252828.695312,0,,,0.000,1.000,0,,,0.000,1.000,0,,,0.000,1.000,0,,,0.000,1.000,0,,,0.000,1.000,0,,,0.000,1.000,motion_artifact,bad_quality_motion
1783252828.703125,0,,,0.000,1.000,0,,,0.000,1.000,0,,,0.000,1.000,0,,,0.000,1.000,0,,,0.000,1.000,0,,,0.000,1.000,motion_artifact,bad_quality_motion
1783252828.710938,0,,,0.000,1.000,0,,,0.000,1.000,0,,,0.000,1.000,0,,,0.000,1.000,0,,,0.000,1.000,0,,,0.000,1.000,motion_artifact,bad_quality_motion
1783252828.718750,0,,,0.000,1.000,0,,,0.000,1.000,0,,,0.000,1.000,0,,,0.000,1.000,0,,,0.000,1.000,0,,,0.000,1.000,motion_artifact,bad_quality_motion
1783252828.726562,0,,,0.000,1.000,0,,,0.000,1.000,0,,,0.000,1.000,0,,,0.000,1.000,0,,,0.000,1.000,0,,,0.000,1.000,motion_artifact,bad_quality_motion
1783252828.734375,0,,,0.000,1.000,0,,,0.000,1.000,0,,,0.000,1.000,0,,,0.000,1.000,0,,,0.000,1.000,0,,,0.000,1.000,motion_artifact,bad_quality_motion
1783252828.742188,0,,,0.000,1.000,0,,,0.000,1.000,0,,,0.000,1.000,0,,,0.000,1.000,0,,,0.000,1.000,0,,,0.000,1.000,motion_artifact,bad_quality_motion
1783252828.750000,0,,,0.000,1.000,0,,,0.000,1.000,0,,,0.000,1.000,0,,,0.000,1.000,0,,,0.000,1.000,0,,,0.000,1.000,motion_artifact,bad_quality_motion
1783252828.757812,0,,,0.000,1.000,0,,,0.000,1.000,0,,,0.000,1.000,0,,,0.000,1.000,0,,,0.000,1.000,0,,,0.000,1.000,motion_artifact,bad_quality_motion
1783252828.765625,0,,,0.000,1.000,0,,,0.000,1.000,0,,,0.000,1.000,0,,,0.000,1.000,0,,,0.000,1.000,0,,,0.000,1.000,motion_artifact,bad_quality_motion
1783252828.773438,0,,,0.000,1.000,0,,,0.000,1.000,0,,,0.000,1.000,0,,,0.000,1.000,0,,,0.000,1.000,0,,,0.000,1.000,motion_artifact,bad_quality_motion
1783252828.781250,0,,,0.000,1.000,0,,,0.000,1.000,0,,,0.000,1.000,0,,,0.000,1.000,0,,,0.000,1.000,0,,,0.000,1.000,motion_artifact,bad_quality_motion
1783252828.789062,0,,,0.000,1.000,0,,,0.000,1.000,0,,,0.000,1.000,0,,,0.000,1.000,0,,,0.000,1.000,0,,,0.000,1.000,motion_artifact,bad_quality_motion
1783252828.796875,0,,,0.000,1.000,0,,,0.000,1.000,0,,,0.000,1.000,0,,,0.000,1.000,0,,,0.000,1.000,0,,,0.000,1.000,motion_artifact,bad_quality_motion
1783252828.804688,0,,,0.000,1.000,0,,,0.000,1.000,0,,,0.000,1.000,0,,,0.000,1.000,0,,,0.000,1.000,0,,,0.000,1.000,motion_artifact,bad_quality_motion
1783252828.812500,0,,,0.000,1.000,0,,,0.000,1.000,0,,,0.000,1.000,0,,,0.000,1.000,0,,,0.000,1.000,0,,,0.000,1.000,motion_artifact,bad_quality_motion
1783252828.820312,0,,,0.000,1.000,0,,,0.000,1.000,0,,,0.000,1.000,0,,,0.000,1.000,0,,,0.000,1.000,0,,,0.000,1.000,motion_artifact,bad_quality_motion
1783252828.828125,0,,,0.000,1.000,0,,,0.000,1.000,0,,,0.000,1.000,0,,,0.000,1.000,0,,,0.000,1.000,0,,,0.000,1.000,motion_artifact,bad_quality_motion
1783252828.835938,0,,,0.000,1.000,0,,,0.000,1.000,0,,,0.000,1.000,0,,,0.000,1.000,0,,,0.000,1.000,0,,,0.000,1.000,motion_artifact,bad_quality_motion
1783252828.843750,0,,,0.000,1.000,0,,,0.000,1.000,0,,,0.000,1.000,0,,,0.000,1.000,0,,,0.000,1.000,0,,,0.000,1.000,motion_artifact,bad_quality_motion
1783252828.851562,0,,,0.000,1.000,0,,,0.000,1.000,0,,,0.000,1.000,0,,,0.000,1.000,0,,,0.000,1.000,0,,,0.000,1.000,motion_artifact,bad_quality_motion
1783252828.859375,0,,,0.000,1.000,0,,,0.000,1.000,0,,,0.000,1.000,0,,,0.000,1.000,0,,,0.000,1.000,0,,,0.000,1.000,motion_artifact,bad_quality_motion
1783252828.867188,0,,,0.000,1.000,0,,,0.000,1.000,0,,,0.000,1.000,0,,,0.000,1.000,0,,,0.000,1.000,0,,,0.000,1.000,motion_artifact,bad_quality_motion
1783252828.875000,0,,,0.000,1.000,0,,,0.000,1.000,0,,,0.000,1.000,0,,,0.000,1.000,0,,,0.000,1.000,0,,,0.000,1.000,motion_artifact,bad_quality_motion
1783252828.882812,0,,,0.000,1.000,0,,,0.000,1.000,0,,,0.000,1.000,0,,,0.000,1.000,0,,,0.000,1.000,0,,,0.000,1.000,motion_artifact,bad_quality_motion
1783252828.890625,0,,,0.000,1.000,0,,,0.000,1.000,0,,,0.000,1.000,0,,,0.000,1.000,0,,,0.000,1.000,0,,,0.000,1.000,motion_artifact,bad_quality_motion
1783252828.898438,0,,,0.000,1.000,0,,,0.000,1.000,0,,,0.000,1.000,0,,,0.000,1.000,0,,,0.000,1.000,0,,,0.000,1.000,motion_artifact,bad_quality_motion
1783252828.906250,0,,,0.000,1.000,0,,,0.000,1.000,0,,,0.000,1.000,0,,,0.000,1.000,0,,,0.000,1.000,0,,,0.000,1.000,motion_artifact,bad_quality_motion
1783252828.914062,0,,,0.000,1.000,0,,,0.000,1.000,0,,,0.000,1.000,0,,,0.000,1.000,0,,,0.000,1.000,0,,,0.000,1.000,motion_artifact,bad_quality_motion
1783252828.921875,0,,,0.000,1.000,0,,,0.000,1.000,0,,,0.000,1.000,0,,,0.000,1.000,0,,,0.000,1.000,0,,,0.000,1.000,motion_artifact,bad_quality_motion
1783252828.929688,0,,,0.000,1.000,0,,,0.000,1.000,0,,,0.000,1.000,0,,,0.000,1.000,0,,,0.000,1.000,0,,,0.000,1.000,motion_artifact,bad_quality_motion
1783252828.937500,0,,,0.000,1.000,0,,,0.000,1.000,0,,,0.000,1.000,0,,,0.000,1.000,0,,,0.000,1.000,0,,,0.000,1.000,motion_artifact,bad_quality_motion
1783252828.945312,0,,,0.000,1.000,0,,,0.000,1.000,0,,,0.000,1.000,0,,,0.000,1.000,0,,,0.000,1.000,0,,,0.000,1.000,motion_artifact,bad_quality_motion
1783252828.953125,0,,,0.000,1.000,0,,,0.000,1.000,0,,,0.000,1.000,0,,,0.000,1.000,0,,,0.000,1.000,0,,,0.000,1.000,motion_artifact,bad_quality_motion
1783252828.960938,0,,,0.000,1.000,0,,,0.000,1.000,0,,,0.000,1.000,0,,,0.000,1.000,0,,,0.000,1.000,0,,,0.000,1.000,motion_artifact,bad_quality_motion
1783252828.968750,0,,,0.000,1.000,0,,,0.000,1.000,0,,,0.000,1.000,0,,,0.000,1.000,0,,,0.000,1.000,0,,,0.000,1.000,motion_artifact,bad_quality_motion
1783252828.976562,0,,,0.000,1.000,0,,,0.000,1.000,0,,,0.000,1.000,0,,,0.000,1.000,0,,,0.000,1.000,0,,,0.000,1.000,motion_artifact,bad_quality_motion
1783252828.984375,0,,,0.000,1.000,0,,,0.000,1.000,0,,,0.000,1.000,0,,,0.000,1.000,0,,,0.000,1.000,0,,,0.000,1.000,motion_artifact,bad_quality_motion
1783252828.992188,0,,,0.000,1.000,0,,,0.000,1.000,0,,,0.000,1.000,0,,,0.000,1.000,0,,,0.000,1.000,0,,,0.000,1.000,motion_artifact,bad_quality_motion
1783252829.000000,0,,,0.000,1.000,0,,,0.000,1.000,0,,,0.000,1.000,0,,,0.000,1.000,0,,,0.000,1.000,0,,,0.000,1.000,motion_artifact,bad_quality_motion
1783252829.007812,0,,,0.000,1.000,0,,,0.000,1.000,0,,,0.000,1.000,0,,,0.000,1.000,0,,,0.000,1.000,0,,,0.000,1.000,motion_artifact,bad_quality_motion
1783252829.015625,0,,,0.000,1.000,0,,,0.000,1.000,0,,,0.000,1.000,0,,,0.000,1.000,0,,,0.000,1.000,0,,,0.000,1.000,motion_artifact,bad_quality_motion
1783252829.023438,0,,,0.000,1.000,0,,,0.000,1.000,0,,,0.000,1.000,0,,,0.000,1.000,0,,,0.000,1.000,0,,,0.000,1.000,motion_artifact,bad_quality_motion
1783252829.031250,0,,,0.000,1.000,0,,,0.000,1.000,0,,,0.000,1.000,0,,,0.000,1.000,0,,,0.000,1.000,0,,,0.000,1.000,motion_artifact,bad_quality_motion
1783252829.039062,0,,,0.000,1.000,0,,,0.000,1.000,0,,,0.000,1.000,0,,,0.000,1.000,0,,,0.000,1.000,0,,,0.000,1.000,motion_artifact,bad_quality_motion
1783252829.046875,0,,,0.000,1.000,0,,,0.000,1.000,0,,,0.000,1.000,0,,,0.000,1.000,0,,,0.000,1.000,0,,,0.000,1.000,motion_artifact,bad_quality_motion
1783252829.054688,0,,,0.000,1.000,0,,,0.000,1.000,0,,,0.000,1.000,0,,,0.000,1.000,0,,,0.000,1.000,0,,,0.000,1.000,motion_artifact,bad_quality_motion
1783252829.062500,0,,,0.000,1.000,0,,,0.000,1.000,0,,,0.000,1.000,0,,,0.000,1.000,0,,,0.000,1.000,0,,,0.000,1.000,motion_artifact,bad_quality_motion
1783252829.070312,0,,,0.000,1.000,0,,,0.000,1.000,0,,,0.000,1.000,0,,,0.000,1.000,0,,,0.000,1.000,0,,,0.000,1.000,motion_artifact,bad_quality_motion
1783252829.078125,0,,,0.000,1.000,0,,,0.000,1.000,0,,,0.000,1.000,0,,,0.000,1.000,0,,,0.000,1.000,0,,,0.000,1.000,motion_artifact,bad_quality_motion
1783252829.085938,0,,,0.000,1.000,0,,,0.000,1.000,0,,,0.000,1.000,0,,,0.000,1.000,0,,,0.000,1.000,0,,,0.000,1.000,motion_artifact,bad_quality_motion
1783252829.093750,0,,,0.000,1.000,0,,,0.000,1.000,0,,,0.000,1.000,0,,,0.000,1.000,0,,,0.000,1.000,0,,,0.000,1.000,motion_artifact,bad_quality_motion
1783252829.101562,0,,,0.000,1.000,0,,,0.000,1.000,0,,,0.000,1.000,0,,,0.000,1.000,0,,,0.000,1.000,0,,,0.000,1.000,motion_artifact,bad_quality_motion
1783252829.109375,0,,,0.000,1.000,0,,,0.000,1.000,0,,,0.000,1.000,0,,,0.000,1.000,0,,,0.000,1.000,0,,,0.000,1.000,motion_artifact,bad_quality_motion
1783252829.117188,0,,,0.000,1.000,0,,,0.000,1.000,0,,,0.000,1.000,0,,,0.000,1.000,0,,,0.000,1.000,0,,,0.000,1.000,motion_artifact,bad_quality_motion
1783252829.125000,0,,,0.000,1.000,0,,,0.000,1.000,0,,,0.000,1.000,0,,,0.000,1.000,0,,,0.000,1.000,0,,,0.000,1.000,motion_artifact,bad_quality_motion
1783252829.132812,0,,,0.000,1.000,0,,,0.000,1.000,0,,,0.000,1.000,0,,,0.000,1.000,0,,,0.000,1.000,0,,,0.000,1.000,motion_artifact,bad_quality_motion
1783252829.140625,0,,,0.000,1.000,0,,,0.000,1.000,0,,,0.000,1.000,0,,,0.000,1.000,0,,,0.000,1.000,0,,,0.000,1.000,motion_artifact,bad_quality_motion
1783252829.148438,0,,,0.000,1.000,0,,,0.000,1.000,0,,,0.000,1.000,0,,,0.000,1.000,0,,,0.000,1.000,0,,,0.000,1.000,motion_artifact,bad_quality_motion
1783252829.156250,0,,,0.000,1.000,0,,,0.000,1.000,0,,,0.000,1.000,0,,,0.000,1.000,0,,,0.000,1.000,0,,,0.000,1.000,motion_artifact,bad_quality_motion
1783252829.164062,0,,,0.000,1.000,0,,,0.000,1.000,0,,,0.000,1.000,0,,,0.000,1.000,0,,,0.000,1.000,0,,,0.000,1.000,motion_artifact,bad_quality_motion
1783252829.171875,0,,,0.000,1.000,0,,,0.000,1.000,0,,,0.000,1.000,0,,,0.000,1.000,0,,,0.000,1.000,0,,,0.000,1.000,motion_artifact,bad_quality_motion
1783252829.179688,0,,,0.000,1.000,0,,,0.000,1.000,0,,,0.000,1.000,0,,,0.000,1.000,0,,,0.000,1.000,0,,,0.000,1.000,motion_artifact,bad_quality_motion
1783252829.187500,0,,,0.000,1.000,0,,,0.000,1.000,0,,,0.000,1.000,0,,,0.000,1.000,0,,,0.000,1.000,0,,,0.000,1.000,motion_artifact,bad_quality_motion
1783252829.195312,0,,,0.000,1.000,0,,,0.000,1.000,0,,,0.000,1.000,0,,,0.000,1.000,0,,,0.000,1.000,0,,,0.000,1.000,motion_artifact,bad_quality_motion
1783252829.203125,0,,,0.000,1.000,0,,,0.000,1.000,0,,,0.000,1.000,0,,,0.000,1.000,0,,,0.000,1.000,0,,,0.000,1.000,motion_artifact,bad_quality_motion
1783252829.210938,0,,,0.000,1.000,0,,,0.000,1.000,0,,,0.000,1.000,0,,,0.000,1.000,0,,,0.000,1.000,0,,,0.000,1.000,motion_artifact,bad_quality_motion
1783252829.218750,0,,,0.000,1.000,0,,,0.000,1.000,0,,,0.000,1.000,0,,,0.000,1.000,0,,,0.000,1.000,0,,,0.000,1.000,motion_artifact,bad_quality_motion
1783252829.226562,0,,,0.000,1.000,0,,,0.000,1.000,0,,,0.000,1.000,0,,,0.000,1.000,0,,,0.000,1.000,0,,,0.000,1.000,motion_artifact,bad_quality_motion
1783252829.234375,0,,,0.000,1.000,0,,,0.000,1.000,0,,,0.000,1.000,0,,,0.000,1.000,0,,,0.000,1.000,0,,,0.000,1.000,motion_artifact,bad_quality_motion
1783252829.242188,0,,,0.000,1.000,0,,,0.000,1.000,0,,,0.000,1.000,0,,,0.000,1.000,0,,,0.000,1.000,0,,,0.000,1.000,motion_artifact,bad_quality_motion
1783252829.250000,0,,,0.000,1.000,0,,,0.000,1.000,0,,,0.000,1.000,0,,,0.000,1.000,0,,,0.000,1.000,0,,,0.000,1.000,motion_artifact,bad_quality_motion
1783252829.257812,0,,,0.000,1.000,0,,,0.000,1.000,0,,,0.000,1.000,0,,,0.000,1.000,0,,,0.000,1.000,0,,,0.000,1.000,motion_artifact,bad_quality_motion
1783252829.265625,0,,,0.000,1.000,0,,,0.000,1.000,0,,,0.000,1.000,0,,,0.000,1.000,0,,,0.000,1.000,0,,,0.000,1.000,motion_artifact,bad_quality_motion
1783252829.273438,0,,,0.000,1.000,0,,,0.000,1.000,0,,,0.000,1.000,0,,,0.000,1.000,0,,,0.000,1.000,0,,,0.000,1.000,motion_artifact,bad_quality_motion
1783252829.281250,0,,,0.000,1.000,0,,,0.000,1.000,0,,,0.000,1.000,0,,,0.000,1.000,0,,,0.000,1.000,0,,,0.000,1.000,motion_artifact,bad_quality_motion
1783252829.289062,0,,,0.000,1.000,0,,,0.000,1.000,0,,,0.000,1.000,0,,,0.000,1.000,0,,,0.000,1.000,0,,,0.000,1.000,motion_artifact,bad_quality_motion
1783252829.296875,0,,,0.000,1.000,0,,,0.000,1.000,0,,,0.000,1.000,0,,,0.000,1.000,0,,,0.000,1.000,0,,,0.000,1.000,motion_artifact,bad_quality_motion
1783252829.304688,0,,,0.000,1.000,0,,,0.000,1.000,0,,,0.000,1.000,0,,,0.000,1.000,0,,,0.000,1.000,0,,,0.000,1.000,motion_artifact,bad_quality_motion
1783252829.312500,0,,,0.000,1.000,0,,,0.000,1.000,0,,,0.000,1.000,0,,,0.000,1.000,0,,,0.000,1.000,0,,,0.000,1.000,motion_artifact,bad_quality_motion
1783252829.320312,0,,,0.000,1.000,0,,,0.000,1.000,0,,,0.000,1.000,0,,,0.000,1.000,0,,,0.000,1.000,0,,,0.000,1.000,motion_artifact,bad_quality_motion
1783252829.328125,0,,,0.000,1.000,0,,,0.000,1.000,0,,,0.000,1.000,0,,,0.000,1.000,0,,,0.000,1.000,0,,,0.000,1.000,motion_artifact,bad_quality_motion
1783252829.335938,0,,,0.000,1.000,0,,,0.000,1.000,0,,,0.000,1.000,0,,,0.000,1.000,0,,,0.000,1.000,0,,,0.000,1.000,motion_artifact,bad_quality_motion
1783252829.343750,0,,,0.000,1.000,0,,,0.000,1.000,0,,,0.000,1.000,0,,,0.000,1.000,0,,,0.000,1.000,0,,,0.000,1.000,motion_artifact,bad_quality_motion
1783252829.351562,0,,,0.000,1.000,0,,,0.000,1.000,0,,,0.000,1.000,0,,,0.000,1.000,0,,,0.000,1.000,0,,,0.000,1.000,motion_artifact,bad_quality_motion
1783252829.359375,0,,,0.000,1.000,0,,,0.000,1.000,0,,,0.000,1.000,0,,,0.000,1.000,0,,,0.000,1.000,0,,,0.000,1.000,motion_artifact,bad_quality_motion
1783252829.367188,0,,,0.000,1.000,0,,,0.000,1.000,0,,,0.000,1.000,0,,,0.000,1.000,0,,,0.000,1.000,0,,,0.000,1.000,motion_artifact,bad_quality_motion
1783252829.375000,0,,,0.000,1.000,0,,,0.000,1.000,0,,,0.000,1.000,0,,,0.000,1.000,0,,,0.000,1.000,0,,,0.000,1.000,motion_artifact,bad_quality_motion
1783252829.382812,0,,,0.000,1.000,0,,,0.000,1.000,0,,,0.000,1.000,0,,,0.000,1.000,0,,,0.000,1.000,0,,,0.000,1.000,motion_artifact,bad_quality_motion
1783252829.390625,0,,,0.000,1.000,0,,,0.000,1.000,0,,,0.000,1.000,0,,,0.000,1.000,0,,,0.000,1.000,0,,,0.000,1.000,motion_artifact,bad_quality_motion
1783252829.398438,0,,,0.000,1.000,0,,,0.000,1.000,0,,,0.000,1.000,0,,,0.000,1.000,0,,,0.000,1.000,0,,,0.000,1.000,motion_artifact,bad_quality_motion
1783252829.406250,0,,,0.000,1.000,0,,,0.000,1.000,0,,,0.000,1.000,0,,,0.000,1.000,0,,,0.000,1.000,0,,,0.000,1.000,motion_artifact,bad_quality_motion
1783252829.414062,0,,,0.000,1.000,0,,,0.000,1.000,0,,,0.000,1.000,0,,,0.000,1.000,0,,,0.000,1.000,0,,,0.000,1.000,motion_artifact,bad_quality_motion
1783252829.421875,0,,,0.000,1.000,0,,,0.000,1.000,0,,,0.000,1.000,0,,,0.000,1.000,0,,,0.000,1.000,0,,,0.000,1.000,motion_artifact,bad_quality_motion
1783252829.429688,0,,,0.000,1.000,0,,,0.000,1.000,0,,,0.000,1.000,0,,,0.000,1.000,0,,,0.000,1.000,0,,,0.000,1.000,motion_artifact,bad_quality_motion
1783252829.437500,0,,,0.000,1.000,0,,,0.000,1.000,0,,,0.000,1.000,0,,,0.000,1.000,0,,,0.000,1.000,0,,,0.000,1.000,motion_artifact,bad_quality_motion
1783252829.445312,0,,,0.000,1.000,0,,,0.000,1.000,0,,,0.000,1.000,0,,,0.000,1.000,0,,,0.000,1.000,0,,,0.000,1.000,motion_artifact,bad_quality_motion
1783252829.453125,0,,,0.000,1.000,0,,,0.000,1.000,0,,,0.000,1.000,0,,,0.000,1.000,0,,,0.000,1.000,0,,,0.000,1.000,motion_artifact,bad_quality_motion
1783252829.460938,0,,,0.000,1.000,0,,,0.000,1.000,0,,,0.000,1.000,0,,,0.000,1.000,0,,,0.000,1.000,0,,,0.000,1.000,motion_artifact,bad_quality_motion
1783252829.468750,0,,,0.000,1.000,0,,,0.000,1.000,0,,,0.000,1.000,0,,,0.000,1.000,0,,,0.000,1.000,0,,,0.000,1.000,motion_artifact,bad_quality_motion
1783252829.476562,0,,,0.000,1.000,0,,,0.000,1.000,0,,,0.000,1.000,0,,,0.000,1.000,0,,,0.000,1.000,0,,,0.000,1.000,motion_artifact,bad_quality_motion
1783252829.484375,0,,,0.000,1.000,0,,,0.000,1.000,0,,,0.000,1.000,0,,,0.000,1.000,0,,,0.000,1.000,0,,,0.000,1.000,motion_artifact,bad_quality_motion
1783252829.492188,0,,,0.000,1.000,0,,,0.000,1.000,0,,,0.000,1.000,0,,,0.000,1.000,0,,,0.000,1.000,0,,,0.000,1.000,motion_artifact,bad_quality_motion
1783252829.500000,0,,,0.000,1.000,0,,,0.000,1.000,0,,,0.000,1.000,0,,,0.000,1.000,0,,,0.000,1.000,0,,,0.000,1.000,motion_artifact,bad_quality_motion
1783252829.507812,0,,,0.000,1.000,0,,,0.000,1.000,0,,,0.000,1.000,0,,,0.000,1.000,0,,,0.000,1.000,0,,,0.000,1.000,motion_artifact,bad_quality_motion
1783252829.515625,0,,,0.000,1.000,0,,,0.000,1.000,0,,,0.000,1.000,0,,,0.000,1.000,0,,,0.000,1.000,0,,,0.000,1.000,motion_artifact,bad_quality_motion
1783252829.523438,0,,,0.000,1.000,0,,,0.000,1.000,0,,,0.000,1.000,0,,,0.000,1.000,0,,,0.000,1.000,0,,,0.000,1.000,motion_artifact,bad_quality_motion
1783252829.531250,0,,,0.000,1.000,0,,,0.000,1.000,0,,,0.000,1.000,0,,,0.000,1.000,0,,,0.000,1.000,0,,,0.000,1.000,motion_artifact,bad_quality_motion
1783252829.539062,0,,,0.000,1.000,0,,,0.000,1.000,0,,,0.000,1.000,0,,,0.000,1.000,0,,,0.000,1.000,0,,,0.000,1.000,motion_artifact,bad_quality_motion
1783252829.546875,0,,,0.000,1.000,0,,,0.000,1.000,0,,,0.000,1.000,0,,,0.000,1.000,0,,,0.000,1.000,0,,,0.000,1.000,motion_artifact,bad_quality_motion
1783252829.554688,0,,,0.000,1.000,0,,,0.000,1.000,0,,,0.000,1.000,0,,,0.000,1.000,0,,,0.000,1.000,0,,,0.000,1.000,motion_artifact,bad_quality_motion
1783252829.562500,0,,,0.000,1.000,0,,,0.000,1.000,0,,,0.000,1.000,0,,,0.000,1.000,0,,,0.000,1.000,0,,,0.000,1.000,motion_artifact,bad_quality_motion
1783252829.570312,0,,,0.000,1.000,0,,,0.000,1.000,0,,,0.000,1.000,0,,,0.000,1.000,0,,,0.000,1.000,0,,,0.000,1.000,motion_artifact,bad_quality_motion
1783252829.578125,0,,,0.000,1.000,0,,,0.000,1.000,0,,,0.000,1.000,0,,,0.000,1.000,0,,,0.000,1.000,0,,,0.000,1.000,motion_artifact,bad_quality_motion
1783252829.585938,0,,,0.000,1.000,0,,,0.000,1.000,0,,,0.000,1.000,0,,,0.000,1.000,0,,,0.000,1.000,0,,,0.000,1.000,motion_artifact,bad_quality_motion
1783252829.593750,0,,,0.000,1.000,0,,,0.000,1.000,0,,,0.000,1.000,0,,,0.000,1.000,0,,,0.000,1.000,0,,,0.000,1.000,motion_artifact,bad_quality_motion
1783252829.601562,0,,,0.000,1.000,0,,,0.000,1.000,0,,,0.000,1.000,0,,,0.000,1.000,0,,,0.000,1.000,0,,,0.000,1.000,motion_artifact,bad_quality_motion
1783252829.609375,0,,,0.000,1.000,0,,,0.000,1.000,0,,,0.000,1.000,0,,,0.000,1.000,0,,,0.000,1.000,0,,,0.000,1.000,motion_artifact,bad_quality_motion
1783252829.617188,0,,,0.000,1.000,0,,,0.000,1.000,0,,,0.000,1.000,0,,,0.000,1.000,0,,,0.000,1.000,0,,,0.000,1.000,motion_artifact,bad_quality_motion
1783252829.625000,0,,,0.000,1.000,0,,,0.000,1.000,0,,,0.000,1.000,0,,,0.000,1.000,0,,,0.000,1.000,0,,,0.000,1.000,motion_artifact,bad_quality_motion
1783252829.632812,0,,,0.000,1.000,0,,,0.000,1.000,0,,,0.000,1.000,0,,,0.000,1.000,0,,,0.000,1.000,0,,,0.000,1.000,motion_artifact,bad_quality_motion
1783252829.640625,0,,,0.000,1.000,0,,,0.000,1.000,0,,,0.000,1.000,0,,,0.000,1.000,0,,,0.000,1.000,0,,,0.000,1.000,motion_artifact,bad_quality_motion
1783252829.648438,0,,,0.000,1.000,0,,,0.000,1.000,0,,,0.000,1.000,0,,,0.000,1.000,0,,,0.000,1.000,0,,,0.000,1.000,motion_artifact,bad_quality_motion
1783252829.656250,0,,,0.000,1.000,0,,,0.000,1.000,0,,,0.000,1.000,0,,,0.000,1.000,0,,,0.000,1.000,0,,,0.000,1.000,motion_artifact,bad_quality_motion
1783252829.664062,0,,,0.000,1.000,0,,,0.000,1.000,0,,,0.000,1.000,0,,,0.000,1.000,0,,,0.000,1.000,0,,,0.000,1.000,motion_artifact,bad_quality_motion
1783252829.671875,0,,,0.000,1.000,0,,,0.000,1.000,0,,,0.000,1.000,0,,,0.000,1.000,0,,,0.000,1.000,0,,,0.000,1.000,motion_artifact,bad_quality_motion
1783252829.679688,0,,,0.000,1.000,0,,,0.000,1.000,0,,,0.000,1.000,0,,,0.000,1.000,0,,,0.000,1.000,0,,,0.000,1.000,motion_artifact,bad_quality_motion
1783252829.687500,0,,,0.000,1.000,0,,,0.000,1.000,0,,,0.000,1.000,0,,,0.000,1.000,0,,,0.000,1.000,0,,,0.000,1.000,motion_artifact,bad_quality_motion
1783252829.695312,0,,,0.000,1.000,0,,,0.000,1.000,0,,,0.000,1.000,0,,,0.000,1.000,0,,,0.000,1.000,0,,,0.000,1.000,motion_artifact,bad_quality_motion
1783252829.703125,0,,,0.000,1.000,0,,,0.000,1.000,0,,,0.000,1.000,0,,,0.000,1.000,0,,,0.000,1.000,0,,,0.000,1.000,motion_artifact,bad_quality_motion
1783252829.710938,0,,,0.000,1.000,0,,,0.000,1.000,0,,,0.000,1.000,0,,,0.000,1.000,0,,,0.000,1.000,0,,,0.000,1.000,motion_artifact,bad_quality_motion
1783252829.718750,0,,,0.000,1.000,0,,,0.000,1.000,0,,,0.000,1.000,0,,,0.000,1.000,0,,,0.000,1.000,0,,,0.000,1.000,motion_artifact,bad_quality_motion
1783252829.726562,0,,,0.000,1.000,0,,,0.000,1.000,0,,,0.000,1.000,0,,,0.000,1.000,0,,,0.000,1.000,0,,,0.000,1.000,motion_artifact,bad_quality_motion
1783252829.734375,0,,,0.000,1.000,0,,,0.000,1.000,0,,,0.000,1.000,0,,,0.000,1.000,0,,,0.000,1.000,0,,,0.000,1.000,motion_artifact,bad_quality_motion
1783252829.742188,0,,,0.000,1.000,0,,,0.000,1.000,0,,,0.000,1.000,0,,,0.000,1.000,0,,,0.000,1.000,0,,,0.000,1.000,motion_artifact,bad_quality_motion
1783252829.750000,0,,,0.000,1.000,0,,,0.000,1.000,0,,,0.000,1.000,0,,,0.000,1.000,0,,,0.000,1.000,0,,,0.000,1.000,motion_artifact,bad_quality_motion
1783252829.757812,0,,,0.000,1.000,0,,,0.000,1.000,0,,,0.000,1.000,0,,,0.000,1.000,0,,,0.000,1.000,0,,,0.000,1.000,motion_artifact,bad_quality_motion
1783252829.765625,0,,,0.000,1.000,0,,,0.000,1.000,0,,,0.000,1.000,0,,,0.000,1.000,0,,,0.000,1.000,0,,,0.000,1.000,motion_artifact,bad_quality_motion
1783252829.773438,0,,,0.000,1.000,0,,,0.000,1.000,0,,,0.000,1.000,0,,,0.000,1.000,0,,,0.000,1.000,0,,,0.000,1.000,motion_artifact,bad_quality_motion
1783252829.781250,0,,,0.000,1.000,0,,,0.000,1.000,0,,,0.000,1.000,0,,,0.000,1.000,0,,,0.000,1.000,0,,,0.000,1.000,motion_artifact,bad_quality_motion
1783252829.789062,0,,,0.000,1.000,0,,,0.000,1.000,0,,,0.000,1.000,0,,,0.000,1.000,0,,,0.000,1.000,0,,,0.000,1.000,motion_artifact,bad_quality_motion
1783252829.796875,0,,,0.000,1.000,0,,,0.000,1.000,0,,,0.000,1.000,0,,,0.000,1.000,0,,,0.000,1.000,0,,,0.000,1.000,motion_artifact,bad_quality_motion
1783252829.804688,0,,,0.000,1.000,0,,,0.000,1.000,0,,,0.000,1.000,0,,,0.000,1.000,0,,,0.000,1.000,0,,,0.000,1.000,motion_artifact,bad_quality_motion
1783252829.812500,0,,,0.000,1.000,0,,,0.000,1.000,0,,,0.000,1.000,0,,,0.000,1.000,0,,,0.000,1.000,0,,,0.000,1.000,motion_artifact,bad_quality_motion
1783252829.820312,0,,,0.000,1.000,0,,,0.000,1.000,0,,,0.000,1.000,0,,,0.000,1.000,0,,,0.000,1.000,0,,,0.000,1.000,motion_artifact,bad_quality_motion
1783252829.828125,0,,,0.000,1.000,0,,,0.000,1.000,0,,,0.000,1.000,0,,,0.000,1.000,0,,,0.000,1.000,0,,,0.000,1.000,motion_artifact,bad_quality_motion
1783252829.835938,0,,,0.000,1.000,0,,,0.000,1.000,0,,,0.000,1.000,0,,,0.000,1.000,0,,,0.000,1.000,0,,,0.000,1.000,motion_artifact,bad_quality_motion
1783252829.843750,0,,,0.000,1.000,0,,,0.000,1.000,0,,,0.000,1.000,0,,,0.000,1.000,0,,,0.000,1.000,0,,,0.000,1.000,motion_artifact,bad_quality_motion
1783252829.851562,0,,,0.000,1.000,0,,,0.000,1.000,0,,,0.000,1.000,0,,,0.000,1.000,0,,,0.000,1.000,0,,,0.000,1.000,motion_artifact,bad_quality_motion
1783252829.859375,0,,,0.000,1.000,0,,,0.000,1.000,0,,,0.000,1.000,0,,,0.000,1.000,0,,,0.000,1.000,0,,,0.000,1.000,motion_artifact,bad_quality_motion
1783252829.867188,0,,,0.000,1.000,0,,,0.000,1.000,0,,,0.000,1.000,0,,,0.000,1.000,0,,,0.000,1.000,0,,,0.000,1.000,motion_artifact,bad_quality_motion
1783252829.875000,0,,,0.000,1.000,0,,,0.000,1.000,0,,,0.000,1.000,0,,,0.000,1.000,0,,,0.000,1.000,0,,,0.000,1.000,motion_artifact,bad_quality_motion
1783252829.882812,0,,,0.000,1.000,0,,,0.000,1.000,0,,,0.000,1.000,0,,,0.000,1.000,0,,,0.000,1.000,0,,,0.000,1.000,motion_artifact,bad_quality_motion
1783252829.890625,0,,,0.000,1.000,0,,,0.000,1.000,0,,,0.000,1.000,0,,,0.000,1.000,0,,,0.000,1.000,0,,,0.000,1.000,motion_artifact,bad_quality_motion
1783252829.898438,0,,,0.000,1.000,0,,,0.000,1.000,0,,,0.000,1.000,0,,,0.000,1.000,0,,,0.000,1.000,0,,,0.000,1.000,motion_artifact,bad_quality_motion
1783252829.906250,0,,,0.000,1.000,0,,,0.000,1.000,0,,,0.000,1.000,0,,,0.000,1.000,0,,,0.000,1.000,0,,,0.000,1.000,motion_artifact,bad_quality_motion
1783252829.914062,0,,,0.000,1.000,0,,,0.000,1.000,0,,,0.000,1.000,0,,,0.000,1.000,0,,,0.000,1.000,0,,,0.000,1.000,motion_artifact,bad_quality_motion
1783252829.921875,0,,,0.000,1.000,0,,,0.000,1.000,0,,,0.000,1.000,0,,,0.000,1.000,0,,,0.000,1.000,0,,,0.000,1.000,motion_artifact,bad_quality_motion
1783252829.929688,0,,,0.000,1.000,0,,,0.000,1.000,0,,,0.000,1.000,0,,,0.000,1.000,0,,,0.000,1.000,0,,,0.000,1.000,motion_artifact,bad_quality_motion
1783252829.937500,0,,,0.000,1.000,0,,,0.000,1.000,0,,,0.000,1.000,0,,,0.000,1.000,0,,,0.000,1.000,0,,,0.000,1.000,motion_artifact,bad_quality_motion
1783252829.945312,0,,,0.000,1.000,0,,,0.000,1.000,0,,,0.000,1.000,0,,,0.000,1.000,0,,,0.000,1.000,0,,,0.000,1.000,motion_artifact,bad_quality_motion
1783252829.953125,0,,,0.000,1.000,0,,,0.000,1.000,0,,,0.000,1.000,0,,,0.000,1.000,0,,,0.000,1.000,0,,,0.000,1.000,motion_artifact,bad_quality_motion
1783252829.960938,0,,,0.000,1.000,0,,,0.000,1.000,0,,,0.000,1.000,0,,,0.000,1.000,0,,,0.000,1.000,0,,,0.000,1.000,motion_artifact,bad_quality_motion
1783252829.968750,0,,,0.000,1.000,0,,,0.000,1.000,0,,,0.000,1.000,0,,,0.000,1.000,0,,,0.000,1.000,0,,,0.000,1.000,motion_artifact,bad_quality_motion
1783252829.976562,0,,,0.000,1.000,0,,,0.000,1.000,0,,,0.000,1.000,0,,,0.000,1.000,0,,,0.000,1.000,0,,,0.000,1.000,motion_artifact,bad_quality_motion
1783252829.984375,0,,,0.000,1.000,0,,,0.000,1.000,0,,,0.000,1.000,0,,,0.000,1.000,0,,,0.000,1.000,0,,,0.000,1.000,motion_artifact,bad_quality_motion
1783252829.992188,0,,,0.000,1.000,0,,,0.000,1.000,0,,,0.000,1.000,0,,,0.000,1.000,0,,,0.000,1.000,0,,,0.000,1.000,motion_artifact,bad_quality_motion
