title:EmotivPRO Dummy V1 Split record_motion.csv, start timestamp:1783252800.000000, stop timestamp:1783252829.992188, headset type:EPOCFLEX, headset serial:DUMMYFLEX32, headset firmware:000, channels:15, sampling rate:128, samples:3840, version:1.0, stream types:EEG|MOTION|PM|BP
Timestamp,MOT.CounterMems,MOT.InterpolatedMems,MOT.Q0,MOT.Q1,MOT.Q2,MOT.Q3,MOT.AccX,MOT.AccY,MOT.AccZ,MOT.MagX,MOT.MagY,MOT.MagZ,Demo.State,Demo.QualityFlag
1783252800.000000,0,0,1.000000,0.000000,0.000000,0.000000,-0.020960,-0.004855,0.994505,31.00000,-4.30000,-41.00000,neutral,good
1783252800.007812,1,0,1.000000,0.000109,0.000143,0.000164,-0.006395,0.000609,1.003249,31.00156,-4.30000,-40.99948,neutral,good
1783252800.015625,2,0,1.000000,0.000218,0.000286,0.000327,-0.001851,0.000178,1.000519,31.00312,-4.30001,-40.99896,neutral,good
1783252800.023438,3,0,1.000000,0.000327,0.000430,0.000491,0.006448,0.001280,1.001605,31.00469,-4.30001,-40.99844,neutral,good
1783252800.031250,4,0,1.000000,0.000436,0.000573,0.000654,-0.001208,-0.002894,0.985380,31.00625,-4.30002,-40.99792,neutral,good
1783252800.039062,5,0,1.000000,0.000545,0.000716,0.000818,0.008807,0.002369,1.002899,31.00781,-4.30004,-40.99740,neutral,good
1783252800.046875,6,0,1.000000,0.000654,0.000859,0.000981,0.000011,0.007459,1.008078,31.00937,-4.30005,-40.99688,neutral,good
1783252800.054688,7,0,0.999999,0.000763,0.001002,0.001145,-0.001732,0.007934,1.010901,31.01093,-4.30007,-40.99635,neutral,good
1783252800.062500,8,0,0.999999,0.000872,0.001145,0.001308,0.002134,0.007862,1.005913,31.01249,-4.30010,-40.99583,neutral,good
1783252800.070312,9,0,0.999999,0.000981,0.001288,0.001471,0.026628,-0.006905,1.000183,31.01405,-4.30012,-40.99531,neutral,good
1783252800.078125,10,0,0.999999,0.001090,0.001431,0.001634,0.008621,0.014856,1.001058,31.01561,-4.30015,-40.99479,neutral,good
1783252800.085938,11,0,0.999999,0.001199,0.001574,0.001797,0.001702,-0.000659,1.004754,31.01717,-4.30018,-40.99427,neutral,good
1783252800.093750,12,0,0.999999,0.001308,0.001717,0.001960,0.003536,-0.010850,0.999947,31.01872,-4.30022,-40.99375,neutral,good
1783252800.101562,13,0,0.999998,0.001417,0.001860,0.002123,-0.002300,-0.007737,1.007701,31.02028,-4.30026,-40.99323,neutral,good
1783252800.109375,14,0,0.999998,0.001526,0.002003,0.002286,0.010009,0.012307,1.005815,31.02183,-4.30030,-40.99271,neutral,good
1783252800.117188,15,0,0.999998,0.001634,0.002146,0.002448,0.012789,0.000548,1.009059,31.02338,-4.30034,-40.99219,neutral,good
1783252800.125000,16,0,0.999997,0.001743,0.002289,0.002611,-0.000907,-0.006575,1.002073,31.02493,-4.30039,-40.99167,neutral,good
1783252800.132812,17,0,0.999997,0.001852,0.002432,0.002773,0.002123,0.002947,1.001900,31.02648,-4.30044,-40.99115,neutral,good
1783252800.140625,18,0,0.999997,0.001960,0.002575,0.002935,-0.009041,0.017099,1.009225,31.02803,-4.30049,-40.99063,neutral,good
1783252800.148438,19,0,0.999996,0.002069,0.002718,0.003096,0.016254,0.010717,0.999667,31.02958,-4.30055,-40.99011,neutral,good
1783252800.156250,20,0,0.999996,0.002177,0.002860,0.003258,0.006707,0.011351,0.999288,31.03112,-4.30061,-40.98959,neutral,good
1783252800.164062,21,0,0.999995,0.002286,0.003003,0.003419,0.008854,-0.002152,1.006427,31.03267,-4.30067,-40.98907,neutral,good
1783252800.171875,22,0,0.999995,0.002394,0.003146,0.003580,-0.003120,0.006586,1.003172,31.03421,-4.30074,-40.98855,neutral,good
1783252800.179688,23,0,0.999995,0.002502,0.003288,0.003741,0.011453,-0.000546,1.005057,31.03574,-4.30081,-40.98803,neutral,good
1783252800.187500,24,0,0.999994,0.002611,0.003431,0.003902,0.003934,0.015473,1.005017,31.03728,-4.30088,-40.98751,neutral,good
1783252800.195312,25,0,0.999994,0.002719,0.003573,0.004062,0.003653,0.011890,1.004689,31.03881,-4.30095,-40.98699,neutral,good
1783252800.203125,26,0,0.999993,0.002827,0.003715,0.004222,0.009957,0.018109,1.001691,31.04035,-4.30103,-40.98647,neutral,good
1783252800.210938,27,0,0.999993,0.002935,0.003858,0.004382,0.011786,0.007233,1.000227,31.04188,-4.30111,-40.98595,neutral,good
1783252800.218750,28,0,0.999992,0.003042,0.004000,0.004542,0.006981,0.010818,1.003884,31.04340,-4.30120,-40.98543,neutral,good
1783252800.226562,29,0,0.999991,0.003150,0.004142,0.004701,0.011521,0.010624,1.009781,31.04493,-4.30128,-40.98491,neutral,good
1783252800.234375,30,0,0.999991,0.003258,0.004284,0.004860,0.010723,0.003307,1.008222,31.04645,-4.30137,-40.98439,neutral,good
1783252800.242188,31,0,0.999990,0.003365,0.004426,0.005018,0.003942,0.016331,1.012158,31.04797,-4.30146,-40.98387,neutral,good
1783252800.250000,32,0,0.999990,0.003473,0.004568,0.005176,-0.010400,0.004630,1.012012,31.04948,-4.30156,-40.98335,neutral,good
1783252800.257812,33,0,0.999989,0.003580,0.004710,0.005334,0.016913,0.002488,1.015750,31.05099,-4.30166,-40.98283,neutral,good
1783252800.265625,34,0,0.999988,0.003688,0.004852,0.005492,-0.003576,0.011223,1.009650,31.05250,-4.30176,-40.98231,neutral,good
1783252800.273438,35,0,0.999988,0.003795,0.004994,0.005649,0.000795,0.008010,1.000579,31.05401,-4.30187,-40.98180,neutral,good
1783252800.281250,36,0,0.999987,0.003902,0.005136,0.005806,0.009103,0.006286,1.009393,31.05551,-4.30197,-40.98128,neutral,good
1783252800.289062,37,0,0.999986,0.004009,0.005277,0.005962,0.007070,0.002024,1.012089,31.05701,-4.30209,-40.98076,neutral,good
1783252800.296875,38,0,0.999985,0.004116,0.005419,0.006118,0.010756,0.001232,0.999966,31.05851,-4.30220,-40.98024,neutral,good
1783252800.304688,39,0,0.999985,0.004222,0.005560,0.006274,0.005807,0.006843,1.004022,31.06000,-4.30232,-40.97972,neutral,good
1783252800.312500,40,0,0.999984,0.004329,0.005701,0.006429,0.034265,-0.001868,1.016755,31.06149,-4.30244,-40.97920,neutral,good
1783252800.320312,41,0,0.999983,0.004435,0.005843,0.006584,0.019972,0.009617,1.005142,31.06297,-4.30256,-40.97869,neutral,good
1783252800.328125,42,0,0.999982,0.004542,0.005984,0.006738,0.000198,0.004995,1.012743,31.06445,-4.30269,-40.97817,neutral,good
1783252800.335938,43,0,0.999981,0.004648,0.006125,0.006892,0.005729,0.007755,1.012984,31.06593,-4.30281,-40.97765,neutral,good
1783252800.343750,44,0,0.999980,0.004754,0.006266,0.007045,0.013999,0.009169,1.010488,31.06740,-4.30295,-40.97713,neutral,good
1783252800.351562,45,0,0.999979,0.004860,0.006406,0.007198,0.013281,0.012683,1.005585,31.06887,-4.30308,-40.97662,neutral,good
1783252800.359375,46,0,0.999979,0.004965,0.006547,0.007350,0.010109,0.004341,0.995905,31.07034,-4.30322,-40.97610,neutral,good
1783252800.367188,47,0,0.999978,0.005071,0.006688,0.007502,0.019246,0.015179,1.006585,31.07180,-4.30336,-40.97558,neutral,good
1783252800.375000,48,0,0.999977,0.005176,0.006828,0.007654,-0.007279,0.021706,1.009440,31.07325,-4.30351,-40.97507,neutral,good
1783252800.382812,49,0,0.999976,0.005282,0.006968,0.007805,0.008996,-0.002442,1.011797,31.07471,-4.30365,-40.97455,neutral,good
1783252800.390625,50,0,0.999975,0.005387,0.007109,0.007955,0.031575,0.014921,1.008100,31.07615,-4.30380,-40.97403,neutral,good
1783252800.398438,51,0,0.999974,0.005492,0.007249,0.008105,0.011926,-0.004171,1.008142,31.07760,-4.30396,-40.97352,neutral,good
1783252800.406250,52,0,0.999973,0.005597,0.007389,0.008254,0.007585,0.009936,1.011209,31.07903,-4.30411,-40.97300,neutral,good
1783252800.414062,53,0,0.999972,0.005701,0.007529,0.008403,0.022207,0.004118,1.009335,31.08047,-4.30427,-40.97248,neutral,good
1783252800.421875,54,0,0.999971,0.005806,0.007668,0.008551,0.010883,0.008228,1.009413,31.08189,-4.30443,-40.97197,neutral,good
1783252800.429688,55,0,0.999970,0.005910,0.007808,0.008699,0.023647,0.003894,1.006482,31.08332,-4.30460,-40.97145,neutral,good
1783252800.437500,56,0,0.999968,0.006014,0.007948,0.008846,0.026667,0.019203,1.006890,31.08474,-4.30477,-40.97094,neutral,good
1783252800.445312,57,0,0.999967,0.006118,0.008087,0.008992,0.008035,0.020762,1.024055,31.08615,-4.30494,-40.97042,neutral,good
1783252800.453125,58,0,0.999966,0.006222,0.008226,0.009138,0.016995,0.002785,1.017963,31.08756,-4.30511,-40.96991,neutral,good
1783252800.460938,59,0,0.999965,0.006325,0.008365,0.009283,0.033665,0.026496,1.009574,31.08896,-4.30529,-40.96939,neutral,good
1783252800.468750,60,0,0.999964,0.006429,0.008504,0.009428,0.027120,0.012413,1.009560,31.09035,-4.30547,-40.96888,neutral,good
1783252800.476562,61,0,0.999963,0.006532,0.008643,0.009572,0.026385,0.001115,1.008716,31.09175,-4.30565,-40.96836,neutral,good
1783252800.484375,62,0,0.999961,0.006635,0.008782,0.009715,0.016592,0.011139,1.013353,31.09313,-4.30584,-40.96785,neutral,good
1783252800.492188,63,0,0.999960,0.006738,0.008920,0.009858,0.019089,0.017552,1.006285,31.09451,-4.30603,-40.96733,neutral,good
1783252800.500000,64,0,0.999959,0.006840,0.009059,0.010000,0.013550,0.010464,1.011721,31.09589,-4.30622,-40.96682,neutral,good
1783252800.507812,65,0,0.999958,0.006943,0.009197,0.010141,0.013989,0.023534,1.003092,31.09725,-4.30641,-40.96631,neutral,good
1783252800.515625,66,0,0.999956,0.007045,0.009335,0.010282,0.017029,0.014588,1.011373,31.09862,-4.30661,-40.96579,neutral,good
1783252800.523438,67,0,0.999955,0.007147,0.009473,0.010422,0.018385,0.016985,1.025819,31.09997,-4.30681,-40.96528,neutral,good
1783252800.531250,68,0,0.999954,0.007249,0.009610,0.010561,-0.001632,0.006790,1.018216,31.10132,-4.30701,-40.96477,neutral,good
1783252800.539062,69,0,0.999952,0.007350,0.009748,0.010700,0.007911,0.010508,1.013054,31.10267,-4.30722,-40.96426,neutral,good
1783252800.546875,70,0,0.999951,0.007452,0.009885,0.010838,0.020698,0.013087,1.017881,31.10400,-4.30743,-40.96374,neutral,good
1783252800.554688,71,0,0.999950,0.007553,0.010023,0.010975,0.029434,0.018658,1.019417,31.10534,-4.30764,-40.96323,neutral,good
1783252800.562500,72,0,0.999948,0.007654,0.010160,0.011111,0.023272,0.016496,1.014159,31.10666,-4.30786,-40.96272,neutral,good
1783252800.570312,73,0,0.999947,0.007754,0.010297,0.011247,0.007826,0.005976,1.015433,31.10798,-4.30808,-40.96221,neutral,good
1783252800.578125,74,0,0.999946,0.007855,0.010433,0.011382,0.003265,0.003383,1.001116,31.10929,-4.30830,-40.96170,neutral,good
1783252800.585938,75,0,0.999944,0.007955,0.010570,0.011516,0.025603,0.017615,1.006907,31.11060,-4.30852,-40.96119,neutral,good
1783252800.593750,76,0,0.999943,0.008055,0.010706,0.011650,0.014638,0.005530,1.016704,31.11189,-4.30875,-40.96067,neutral,good
1783252800.601562,77,0,0.999941,0.008155,0.010843,0.011782,0.023276,0.019555,1.003877,31.11319,-4.30898,-40.96016,neutral,good
1783252800.609375,78,0,0.999940,0.008254,0.010979,0.011914,0.014497,0.009223,1.010057,31.11447,-4.30921,-40.95965,neutral,good
1783252800.617188,79,0,0.999938,0.008353,0.011114,0.012045,0.024413,0.009915,1.011448,31.11575,-4.30945,-40.95914,neutral,good
1783252800.625000,80,0,0.999937,0.008452,0.011250,0.012175,0.023998,0.003005,1.021070,31.11702,-4.30969,-40.95863,neutral,good
1783252800.632812,81,0,0.999935,0.008551,0.011386,0.012305,0.026459,0.016254,1.019325,31.11828,-4.30993,-40.95812,neutral,good
1783252800.640625,82,0,0.999934,0.008649,0.011521,0.012433,0.022917,-0.003360,1.004803,31.11954,-4.31017,-40.95762,neutral,good
1783252800.648438,83,0,0.999932,0.008748,0.011656,0.012561,0.012670,0.019962,1.015521,31.12079,-4.31042,-40.95711,neutral,good
1783252800.656250,84,0,0.999930,0.008846,0.011791,0.012688,0.009836,0.009025,1.019547,31.12203,-4.31067,-40.95660,neutral,good
1783252800.664062,85,0,0.999929,0.008943,0.011926,0.012814,0.009991,0.017331,1.010761,31.12326,-4.31092,-40.95609,neutral,good
1783252800.671875,86,0,0.999927,0.009041,0.012060,0.012939,0.027386,0.004166,1.014777,31.12449,-4.31118,-40.95558,neutral,good
1783252800.679688,87,0,0.999926,0.009138,0.012194,0.013063,0.021534,0.013663,1.002862,31.12571,-4.31144,-40.95507,neutral,good
1783252800.687500,88,0,0.999924,0.009235,0.012328,0.013187,0.019420,0.005801,1.002352,31.12692,-4.31170,-40.95457,neutral,good
1783252800.695312,89,0,0.999922,0.009331,0.012462,0.013309,0.021914,0.016528,1.010392,31.12813,-4.31197,-40.95406,neutral,good
1783252800.703125,90,0,0.999921,0.009428,0.012596,0.013431,0.026046,0.017577,1.017315,31.12932,-4.31223,-40.95355,neutral,good
1783252800.710938,91,0,0.999919,0.009524,0.012729,0.013552,0.035840,0.008399,1.004407,31.13051,-4.31250,-40.95305,neutral,good
1783252800.718750,92,0,0.999917,0.009620,0.012863,0.013672,0.012298,0.001347,1.012841,31.13169,-4.31278,-40.95254,neutral,good
1783252800.726562,93,0,0.999916,0.009715,0.012996,0.013791,0.023258,0.001741,1.016487,31.13286,-4.31305,-40.95203,neutral,good
1783252800.734375,94,0,0.999914,0.009810,0.013129,0.013909,0.021343,-0.003711,1.017907,31.13402,-4.31333,-40.95153,neutral,good
1783252800.742188,95,0,0.999912,0.009905,0.013261,0.014026,0.015863,0.019567,1.005622,31.13518,-4.31361,-40.95102,neutral,good
1783252800.750000,96,0,0.999910,0.010000,0.013394,0.014142,0.017669,0.008737,1.006864,31.13633,-4.31390,-40.95052,neutral,good
1783252800.757812,97,0,0.999909,0.010094,0.013526,0.014257,0.014649,0.000083,1.013776,31.13747,-4.31419,-40.95001,neutral,good
1783252800.765625,98,0,0.999907,0.010188,0.013658,0.014372,0.021416,0.017214,1.014617,31.13860,-4.31448,-40.94951,neutral,good
1783252800.773438,99,0,0.999905,0.010282,0.013789,0.014485,0.027648,0.008436,1.016721,31.13972,-4.31477,-40.94901,neutral,good
1783252800.781250,100,0,0.999903,0.010375,0.013921,0.014597,0.032345,0.009079,1.007453,31.14083,-4.31507,-40.94850,neutral,good
1783252800.789062,101,0,0.999901,0.010468,0.014052,0.014709,0.025063,0.016366,1.022929,31.14194,-4.31536,-40.94800,neutral,good
1783252800.796875,102,0,0.999899,0.010561,0.014183,0.014819,0.014309,0.021450,1.008519,31.14304,-4.31567,-40.94750,neutral,good
1783252800.804688,103,0,0.999898,0.010654,0.014314,0.014928,0.009260,0.009979,1.013669,31.14412,-4.31597,-40.94700,neutral,good
1783252800.812500,104,0,0.999896,0.010746,0.014444,0.015037,0.020751,0.003214,1.017261,31.14520,-4.31628,-40.94649,neutral,good
1783252800.820312,105,0,0.999894,0.010838,0.014575,0.015144,0.028484,0.007755,1.005219,31.14627,-4.31659,-40.94599,neutral,good
1783252800.828125,106,0,0.999892,0.010929,0.014705,0.015251,0.040255,0.007763,1.005792,31.14733,-4.31690,-40.94549,neutral,good
1783252800.835938,107,0,0.999890,0.011020,0.014834,0.015356,0.009585,-0.001538,1.017700,31.14839,-4.31722,-40.94499,neutral,good
1783252800.843750,108,0,0.999888,0.011111,0.014964,0.015460,0.017715,0.007976,1.009270,31.14943,-4.31754,-40.94449,neutral,good
1783252800.851562,109,0,0.999886,0.011202,0.015093,0.015563,0.035831,0.008055,1.006983,31.15046,-4.31786,-40.94399,neutral,good
1783252800.859375,110,0,0.999884,0.011292,0.015222,0.015666,0.028713,0.009247,1.016559,31.15149,-4.31818,-40.94349,neutral,good
1783252800.867188,111,0,0.999882,0.011382,0.015351,0.015767,0.017772,-0.001768,1.024903,31.15250,-4.31851,-40.94299,neutral,good
1783252800.875000,112,0,0.999880,0.011471,0.015479,0.015867,0.029786,0.004395,1.007691,31.15351,-4.31884,-40.94249,neutral,good
1783252800.882812,113,0,0.999878,0.011560,0.015608,0.015966,0.017120,0.006778,1.014625,31.15451,-4.31917,-40.94199,neutral,good
1783252800.890625,114,0,0.999876,0.011649,0.015736,0.016064,0.009333,0.011162,1.007336,31.15549,-4.31950,-40.94149,neutral,good
1783252800.898438,115,0,0.999874,0.011738,0.015863,0.016161,0.020445,-0.002561,1.016285,31.15647,-4.31984,-40.94100,neutral,good
1783252800.906250,116,0,0.999872,0.011826,0.015991,0.016257,0.028969,0.007761,1.014873,31.15744,-4.32018,-40.94050,neutral,good
1783252800.914062,117,0,0.999870,0.011914,0.016118,0.016352,0.028663,0.008683,1.024429,31.15840,-4.32053,-40.94000,neutral,good
1783252800.921875,118,0,0.999868,0.012001,0.016245,0.016445,0.009923,0.008901,1.002631,31.15935,-4.32087,-40.93950,neutral,good
1783252800.929688,119,0,0.999866,0.012088,0.016372,0.016538,0.005925,0.004998,1.006356,31.16029,-4.32122,-40.93901,neutral,good
1783252800.937500,120,0,0.999864,0.012175,0.016498,0.016629,0.024911,-0.002635,1.012159,31.16122,-4.32157,-40.93851,neutral,good
1783252800.945312,121,0,0.999862,0.012261,0.016624,0.016720,0.016826,0.010870,1.021436,31.16214,-4.32193,-40.93802,neutral,good
1783252800.953125,122,0,0.999860,0.012347,0.016750,0.016809,0.015307,-0.019681,1.018684,31.16305,-4.32228,-40.93752,neutral,good
1783252800.960938,123,0,0.999858,0.012433,0.016876,0.016897,0.007557,-0.009789,1.027532,31.16395,-4.32264,-40.93703,neutral,good
1783252800.968750,124,0,0.999855,0.012518,0.017001,0.016984,0.031433,-0.007155,1.005512,31.16484,-4.32301,-40.93653,neutral,good
1783252800.976562,125,0,0.999853,0.012603,0.017126,0.017070,0.030722,0.003144,1.012166,31.16572,-4.32337,-40.93604,neutral,good
1783252800.984375,126,0,0.999851,0.012688,0.017251,0.017155,0.017071,0.005355,1.007571,31.16659,-4.32374,-40.93555,neutral,good
1783252800.992188,127,0,0.999849,0.012772,0.017375,0.017238,0.003031,-0.003797,1.015624,31.16744,-4.32411,-40.93505,neutral,good
1783252801.000000,0,0,0.999847,0.012855,0.017499,0.017321,0.001105,0.002484,1.015789,31.16829,-4.32448,-40.93456,neutral,good
1783252801.007812,1,0,0.999845,0.012939,0.017623,0.017402,0.007612,0.009042,1.018500,31.16913,-4.32486,-40.93407,neutral,good
1783252801.015625,2,0,0.999843,0.013022,0.017746,0.017482,0.024979,-0.012680,1.008644,31.16996,-4.32524,-40.93358,neutral,good
1783252801.023438,3,0,0.999840,0.013104,0.017870,0.017561,0.015252,-0.005914,1.013925,31.17078,-4.32562,-40.93309,neutral,good
1783252801.031250,4,0,0.999838,0.013187,0.017993,0.017638,0.022449,0.008370,1.016317,31.17159,-4.32600,-40.93260,neutral,good
1783252801.039062,5,0,0.999836,0.013268,0.018115,0.017715,0.014054,-0.002885,1.011787,31.17239,-4.32639,-40.93211,neutral,good
1783252801.046875,6,0,0.999834,0.013350,0.018238,0.017790,0.017095,-0.003791,1.021311,31.17317,-4.32678,-40.93162,neutral,good
1783252801.054688,7,0,0.999831,0.013431,0.018360,0.017864,0.019074,0.002052,1.013062,31.17395,-4.32717,-40.93113,neutral,good
1783252801.062500,8,0,0.999829,0.013511,0.018481,0.017937,0.024141,0.003983,1.017264,31.17471,-4.32757,-40.93064,neutral,good
1783252801.070312,9,0,0.999827,0.013592,0.018603,0.018009,0.026542,0.003328,1.016269,31.17547,-4.32796,-40.93015,neutral,good
1783252801.078125,10,0,0.999825,0.013671,0.018724,0.018080,0.026971,0.009842,1.009980,31.17621,-4.32836,-40.92966,neutral,good
1783252801.085938,11,0,0.999822,0.013751,0.018845,0.018149,0.017035,-0.010996,1.013293,31.17695,-4.32876,-40.92917,neutral,good
1783252801.093750,12,0,0.999820,0.013830,0.018965,0.018217,-0.000464,0.008202,1.015504,31.17767,-4.32917,-40.92869,neutral,good
1783252801.101562,13,0,0.999818,0.013908,0.019085,0.018284,0.016196,-0.011441,1.012491,31.17838,-4.32958,-40.92820,neutral,good
1783252801.109375,14,0,0.999816,0.013987,0.019205,0.018350,0.001135,0.001586,1.012535,31.17908,-4.32999,-40.92772,neutral,good
1783252801.117188,15,0,0.999813,0.014064,0.019325,0.018414,0.006083,-0.010788,1.003794,31.17977,-4.33040,-40.92723,neutral,good
1783252801.125000,16,0,0.999811,0.014142,0.019444,0.018478,-0.000292,-0.005410,1.009074,31.18045,-4.33082,-40.92675,neutral,good
1783252801.132812,17,0,0.999809,0.014219,0.019563,0.018540,0.016812,-0.001122,1.016109,31.18112,-4.33123,-40.92626,neutral,good
1783252801.140625,18,0,0.999806,0.014295,0.019681,0.018600,0.020173,-0.013902,1.013638,31.18178,-4.33165,-40.92578,neutral,good
1783252801.148438,19,0,0.999804,0.014371,0.019799,0.018660,0.010187,-0.011692,1.006596,31.18242,-4.33208,-40.92529,neutral,good
1783252801.156250,20,0,0.999802,0.014447,0.019917,0.018718,0.013792,0.005935,1.021120,31.18306,-4.33250,-40.92481,neutral,good
1783252801.164062,21,0,0.999799,0.014522,0.020035,0.018775,0.000315,-0.007944,1.007788,31.18368,-4.33293,-40.92433,neutral,good
1783252801.171875,22,0,0.999797,0.014597,0.020152,0.018831,0.008149,-0.011348,1.008698,31.18430,-4.33336,-40.92385,neutral,good
1783252801.179688,23,0,0.999795,0.014671,0.020269,0.018885,0.011827,-0.011337,1.011873,31.18490,-4.33379,-40.92337,neutral,good
1783252801.187500,24,0,0.999792,0.014745,0.020385,0.018939,0.010158,0.001392,1.022858,31.18549,-4.33423,-40.92288,neutral,good
1783252801.195312,25,0,0.999790,0.014818,0.020501,0.018991,0.002320,-0.004271,1.011183,31.18607,-4.33467,-40.92240,neutral,good
1783252801.203125,26,0,0.999787,0.014892,0.020617,0.019041,-0.000530,0.000279,1.014638,31.18663,-4.33511,-40.92192,neutral,good
1783252801.210938,27,0,0.999785,0.014964,0.020733,0.019091,0.014146,-0.004733,1.001663,31.18719,-4.33555,-40.92145,neutral,good
1783252801.218750,28,0,0.999783,0.015036,0.020848,0.019139,-0.005984,-0.005224,1.016886,31.18773,-4.33600,-40.92097,neutral,good
1783252801.226562,29,0,0.999780,0.015108,0.020963,0.019186,0.002760,0.013253,1.008734,31.18827,-4.33645,-40.92049,neutral,good
1783252801.234375,30,0,0.999778,0.015179,0.021077,0.019231,0.002202,-0.016974,1.011706,31.18879,-4.33690,-40.92001,neutral,good
1783252801.242188,31,0,0.999775,0.015250,0.021191,0.019276,0.003938,0.006954,1.028781,31.18930,-4.33735,-40.91953,neutral,good
1783252801.250000,32,0,0.999773,0.015320,0.021305,0.019319,0.012914,-0.007142,1.004049,31.18980,-4.33781,-40.91906,neutral,good
1783252801.257812,33,0,0.999771,0.015390,0.021418,0.019360,0.012162,-0.030203,1.005836,31.19028,-4.33827,-40.91858,neutral,good
1783252801.265625,34,0,0.999768,0.015460,0.021531,0.019401,0.014895,-0.017644,1.014510,31.19076,-4.33873,-40.91811,neutral,good
1783252801.273438,35,0,0.999766,0.015529,0.021644,0.019440,-0.003966,-0.015310,1.002238,31.19122,-4.33919,-40.91763,neutral,good
1783252801.281250,36,0,0.999763,0.015597,0.021756,0.019478,0.010507,-0.002607,1.009580,31.19167,-4.33966,-40.91716,neutral,good
1783252801.289062,37,0,0.999761,0.015665,0.021868,0.019514,-0.003647,-0.006577,1.015300,31.19211,-4.34012,-40.91668,neutral,good
1783252801.296875,38,0,0.999758,0.015733,0.021980,0.019549,0.003330,-0.013716,1.008857,31.19254,-4.34059,-40.91621,neutral,good
1783252801.304688,39,0,0.999756,0.015800,0.022091,0.019583,0.011059,-0.003249,1.001842,31.19296,-4.34107,-40.91574,neutral,good
1783252801.312500,40,0,0.999754,0.015866,0.022202,0.019616,0.000246,-0.005779,1.013838,31.19337,-4.34154,-40.91526,neutral,good
1783252801.320312,41,0,0.999751,0.015933,0.022312,0.019647,-0.000242,-0.007028,1.010234,31.19376,-4.34202,-40.91479,neutral,good
1783252801.328125,42,0,0.999749,0.015998,0.022422,0.019677,0.005813,-0.008881,1.015459,31.19414,-4.34250,-40.91432,neutral,good
1783252801.335938,43,0,0.999746,0.016063,0.022532,0.019706,0.009855,-0.018251,1.011217,31.19451,-4.34298,-40.91385,neutral,good
1783252801.343750,44,0,0.999744,0.016128,0.022642,0.019733,-0.006928,-0.008958,1.001547,31.19487,-4.34347,-40.91338,neutral,good
1783252801.351562,45,0,0.999741,0.016192,0.022750,0.019759,0.002982,-0.012021,0.997185,31.19521,-4.34396,-40.91291,neutral,good
1783252801.359375,46,0,0.999739,0.016256,0.022859,0.019784,0.009512,-0.001843,1.012343,31.19555,-4.34445,-40.91244,neutral,good
1783252801.367188,47,0,0.999736,0.016320,0.022967,0.019807,-0.003475,-0.017797,1.007980,31.19587,-4.34494,-40.91198,neutral,good
1783252801.375000,48,0,0.999734,0.016382,0.023075,0.019829,-0.000063,-0.005391,1.012301,31.19618,-4.34543,-40.91151,neutral,good
1783252801.382812,49,0,0.999731,0.016445,0.023182,0.019850,-0.006443,-0.003251,1.004545,31.19648,-4.34593,-40.91104,neutral,good
1783252801.390625,50,0,0.999729,0.016506,0.023290,0.019869,-0.017430,-0.002135,0.994606,31.19676,-4.34643,-40.91058,neutral,good
1783252801.398438,51,0,0.999726,0.016568,0.023396,0.019887,0.012966,-0.008756,1.017860,31.19704,-4.34693,-40.91011,neutral,good
1783252801.406250,52,0,0.999724,0.016629,0.023502,0.019904,-0.012488,0.004173,1.002713,31.19730,-4.34743,-40.90965,neutral,good
1783252801.414062,53,0,0.999721,0.016689,0.023608,0.019919,-0.004391,-0.003618,0.995437,31.19755,-4.34794,-40.90918,neutral,good
1783252801.421875,54,0,0.999719,0.016749,0.023714,0.019933,-0.009680,-0.014936,0.998919,31.19779,-4.34845,-40.90872,neutral,good
1783252801.429688,55,0,0.999716,0.016808,0.023819,0.019946,0.001701,-0.000505,1.010461,31.19801,-4.34896,-40.90825,neutral,good
1783252801.437500,56,0,0.999714,0.016867,0.023923,0.019957,0.006130,-0.004581,1.004282,31.19823,-4.34947,-40.90779,neutral,good
1783252801.445312,57,0,0.999711,0.016925,0.024028,0.019967,-0.012627,-0.011609,1.009019,31.19843,-4.34999,-40.90733,neutral,good
1783252801.453125,58,0,0.999709,0.016983,0.024132,0.019976,0.005723,-0.015701,1.001699,31.19862,-4.35051,-40.90687,neutral,good
1783252801.460938,59,0,0.999706,0.017041,0.024235,0.019983,-0.000940,-0.001927,1.007404,31.19879,-4.35103,-40.90641,neutral,good
1783252801.468750,60,0,0.999704,0.017097,0.024338,0.019989,-0.002781,-0.010568,1.009010,31.19896,-4.35155,-40.90595,neutral,good
1783252801.476562,61,0,0.999701,0.017154,0.024441,0.019994,0.000164,0.003854,1.011108,31.19911,-4.35207,-40.90549,neutral,good
1783252801.484375,62,0,0.999699,0.017210,0.024543,0.019997,-0.012254,0.010407,0.997566,31.19925,-4.35260,-40.90503,neutral,good
1783252801.492188,63,0,0.999696,0.017265,0.024645,0.019999,-0.005478,-0.010380,1.006509,31.19938,-4.35313,-40.90457,neutral,good
1783252801.500000,64,0,0.999694,0.017320,0.024746,0.020000,-0.014248,-0.012423,1.015954,31.19950,-4.35366,-40.90411,neutral,good
1783252801.507812,65,0,0.999691,0.017374,0.024847,0.019999,-0.001323,-0.009654,1.004984,31.19960,-4.35420,-40.90366,neutral,good
1783252801.515625,66,0,0.999689,0.017428,0.024948,0.019997,-0.012679,-0.020086,1.001913,31.19970,-4.35473,-40.90320,neutral,good
1783252801.523438,67,0,0.999686,0.017481,0.025048,0.019994,-0.013301,-0.005821,0.995100,31.19978,-4.35527,-40.90275,neutral,good
1783252801.531250,68,0,0.999684,0.017534,0.025148,0.019989,0.003408,-0.003358,0.993195,31.19984,-4.35581,-40.90229,neutral,good
1783252801.539062,69,0,0.999681,0.017586,0.025247,0.019983,-0.011912,-0.011264,0.996377,31.19990,-4.35635,-40.90184,neutral,good
1783252801.546875,70,0,0.999679,0.017638,0.025346,0.019976,0.001817,-0.009031,1.004016,31.19994,-4.35690,-40.90138,neutral,good
1783252801.554688,71,0,0.999676,0.017689,0.025444,0.019967,-0.006829,-0.019771,1.001760,31.19997,-4.35744,-40.90093,neutral,good
1783252801.562500,72,0,0.999674,0.017739,0.025542,0.019957,-0.013135,-0.016687,0.999771,31.19999,-4.35799,-40.90048,neutral,good
1783252801.570312,73,0,0.999671,0.017789,0.025640,0.019946,-0.011701,-0.002331,1.002233,31.20000,-4.35854,-40.90003,neutral,good
1783252801.578125,74,0,0.999669,0.017839,0.025737,0.019933,0.003753,-0.004156,0.998500,31.19999,-4.35910,-40.89958,neutral,good
1783252801.585938,75,0,0.999666,0.017888,0.025834,0.019919,-0.005168,-0.008356,0.985678,31.19998,-4.35965,-40.89913,neutral,good
1783252801.593750,76,0,0.999664,0.017936,0.025930,0.019904,-0.005515,-0.010171,1.005112,31.19995,-4.36021,-40.89868,neutral,good
1783252801.601562,77,0,0.999661,0.017984,0.026026,0.019887,0.001453,-0.008350,0.998483,31.19991,-4.36077,-40.89823,neutral,good
1783252801.609375,78,0,0.999659,0.018032,0.026122,0.019869,-0.011598,-0.016124,1.001871,31.19985,-4.36133,-40.89778,neutral,good
1783252801.617188,79,0,0.999656,0.018079,0.026217,0.019850,-0.020175,-0.009360,1.000190,31.19978,-4.36190,-40.89733,neutral,good
1783252801.625000,80,0,0.999654,0.018125,0.026311,0.019829,-0.004504,-0.014270,0.993353,31.19971,-4.36246,-40.89689,neutral,good
1783252801.632812,81,0,0.999651,0.018171,0.026406,0.019807,-0.000332,-0.010747,0.994223,31.19962,-4.36303,-40.89644,neutral,good
1783252801.640625,82,0,0.999649,0.018216,0.026499,0.019784,-0.005739,0.004185,1.000078,31.19951,-4.36360,-40.89600,neutral,good
1783252801.648438,83,0,0.999646,0.018261,0.026592,0.019759,-0.013811,-0.002642,1.003596,31.19940,-4.36417,-40.89555,neutral,good
1783252801.656250,84,0,0.999644,0.018305,0.026685,0.019733,-0.001632,-0.013105,0.996751,31.19927,-4.36475,-40.89511,neutral,good
1783252801.664062,85,0,0.999641,0.018349,0.026778,0.019706,-0.002629,0.002176,0.993028,31.19913,-4.36532,-40.89466,neutral,good
1783252801.671875,86,0,0.999639,0.018392,0.026870,0.019677,-0.005887,0.000751,1.002575,31.19898,-4.36590,-40.89422,neutral,good
1783252801.679688,87,0,0.999636,0.018435,0.026961,0.019647,-0.009211,-0.012647,1.003278,31.19882,-4.36648,-40.89378,neutral,good
1783252801.687500,88,0,0.999634,0.018477,0.027052,0.019616,-0.018804,-0.034089,0.989895,31.19864,-4.36707,-40.89334,neutral,good
1783252801.695312,89,0,0.999632,0.018518,0.027143,0.019583,-0.009490,-0.011835,1.001464,31.19845,-4.36765,-40.89290,neutral,good
1783252801.703125,90,0,0.999629,0.018559,0.027233,0.019549,-0.013769,-0.002367,1.000140,31.19825,-4.36824,-40.89246,neutral,good
1783252801.710938,91,0,0.999627,0.018599,0.027322,0.019514,-0.014720,-0.011090,0.990859,31.19804,-4.36883,-40.89202,neutral,good
1783252801.718750,92,0,0.999624,0.018639,0.027412,0.019478,-0.017908,-0.011685,0.984397,31.19781,-4.36942,-40.89158,neutral,good
1783252801.726562,93,0,0.999622,0.018678,0.027500,0.019440,-0.006347,-0.012145,0.990118,31.19758,-4.37001,-40.89115,neutral,good
1783252801.734375,94,0,0.999619,0.018717,0.027589,0.019401,-0.018902,-0.019698,1.001726,31.19733,-4.37061,-40.89071,neutral,good
1783252801.742188,95,0,0.999617,0.018755,0.027676,0.019360,-0.012013,-0.018163,1.003750,31.19707,-4.37120,-40.89027,neutral,good
1783252801.750000,96,0,0.999615,0.018793,0.027764,0.019319,-0.019189,-0.004846,0.987255,31.19680,-4.37180,-40.88984,neutral,good
1783252801.757812,97,0,0.999612,0.018830,0.027851,0.019276,-0.013864,-0.001197,1.003536,31.19651,-4.37240,-40.88940,neutral,good
1783252801.765625,98,0,0.999610,0.018866,0.027937,0.019231,-0.026067,-0.012797,0.990574,31.19622,-4.37300,-40.88897,neutral,good
1783252801.773438,99,0,0.999607,0.018902,0.028023,0.019186,-0.008931,-0.003294,1.005515,31.19591,-4.37361,-40.88854,neutral,good
1783252801.781250,100,0,0.999605,0.018937,0.028109,0.019139,-0.011995,-0.003542,0.996683,31.19559,-4.37421,-40.88811,neutral,good
1783252801.789062,101,0,0.999602,0.018972,0.028194,0.019091,-0.015701,-0.008463,0.990935,31.19525,-4.37482,-40.88767,neutral,good
1783252801.796875,102,0,0.999600,0.019006,0.028278,0.019041,-0.003788,-0.011215,0.988674,31.19491,-4.37543,-40.88724,neutral,good
1783252801.804688,103,0,0.999598,0.019040,0.028362,0.018991,-0.030039,-0.010263,0.990406,31.19455,-4.37605,-40.88681,neutral,good
1783252801.812500,104,0,0.999595,0.019073,0.028446,0.018939,-0.025234,0.006369,0.988640,31.19419,-4.37666,-40.88638,neutral,good
1783252801.820312,105,0,0.999593,0.019106,0.028529,0.018885,-0.017046,-0.011249,0.996446,31.19381,-4.37728,-40.88596,neutral,good
1783252801.828125,106,0,0.999591,0.019138,0.028612,0.018831,-0.014149,0.004940,0.990693,31.19341,-4.37789,-40.88553,neutral,good
1783252801.835938,107,0,0.999588,0.019169,0.028694,0.018775,-0.007395,-0.010015,0.992623,31.19301,-4.37851,-40.88510,neutral,good
1783252801.843750,108,0,0.999586,0.019200,0.028775,0.018718,-0.001266,-0.006672,0.999541,31.19260,-4.37913,-40.88468,neutral,good
1783252801.851562,109,0,0.999584,0.019230,0.028857,0.018660,-0.016286,-0.014414,1.000232,31.19217,-4.37976,-40.88425,neutral,good
1783252801.859375,110,0,0.999581,0.019260,0.028937,0.018600,-0.026748,0.002451,1.004642,31.19173,-4.38038,-40.88383,neutral,good
1783252801.867188,111,0,0.999579,0.019289,0.029018,0.018540,-0.012180,-0.008473,0.993797,31.19128,-4.38101,-40.88340,neutral,good
1783252801.875000,112,0,0.999577,0.019317,0.029097,0.018478,-0.010759,-0.013947,0.993342,31.19082,-4.38164,-40.88298,neutral,good
1783252801.882812,113,0,0.999574,0.019345,0.029177,0.018414,-0.028845,-0.013611,0.996264,31.19034,-4.38227,-40.88256,neutral,good
1783252801.890625,114,0,0.999572,0.019373,0.029255,0.018350,-0.012805,0.004376,0.985070,31.18986,-4.38290,-40.88214,neutral,good
1783252801.898438,115,0,0.999570,0.019399,0.029334,0.018284,-0.016847,0.001196,0.992902,31.18936,-4.38354,-40.88172,neutral,good
1783252801.906250,116,0,0.999567,0.019426,0.029411,0.018217,-0.018352,-0.006760,0.990394,31.18885,-4.38417,-40.88130,neutral,good
1783252801.914062,117,0,0.999565,0.019451,0.029489,0.018149,-0.017862,-0.007252,0.987526,31.18833,-4.38481,-40.88088,neutral,good
1783252801.921875,118,0,0.999563,0.019476,0.029566,0.018080,-0.012039,0.001954,0.991474,31.18780,-4.38545,-40.88046,neutral,good
1783252801.929688,119,0,0.999561,0.019501,0.029642,0.018009,-0.026511,0.003200,0.978843,31.18726,-4.38609,-40.88004,neutral,good
1783252801.937500,120,0,0.999558,0.019525,0.029718,0.017937,-0.017488,-0.005860,0.991434,31.18670,-4.38673,-40.87963,neutral,good
1783252801.945312,121,0,0.999556,0.019548,0.029793,0.017864,-0.019071,-0.000483,0.996841,31.18614,-4.38738,-40.87921,neutral,good
1783252801.953125,122,0,0.999554,0.019571,0.029868,0.017790,-0.022097,-0.003774,0.992154,31.18556,-4.38803,-40.87880,neutral,good
1783252801.960938,123,0,0.999552,0.019593,0.029942,0.017715,-0.016879,-0.000483,0.988763,31.18497,-4.38867,-40.87838,neutral,good
1783252801.968750,124,0,0.999549,0.019614,0.030016,0.017638,-0.014864,-0.004314,0.985843,31.18437,-4.38932,-40.87797,neutral,good
1783252801.976562,125,0,0.999547,0.019635,0.030089,0.017561,-0.016847,-0.002648,0.994266,31.18376,-4.38997,-40.87756,neutral,good
1783252801.984375,126,0,0.999545,0.019656,0.030162,0.017482,-0.006637,-0.006357,0.996189,31.18314,-4.39063,-40.87715,neutral,good
1783252801.992188,127,0,0.999543,0.019676,0.030234,0.017402,-0.005177,-0.007045,0.990634,31.18250,-4.39128,-40.87674,neutral,good
1783252802.000000,0,0,0.999541,0.019695,0.030306,0.017321,-0.011969,0.007139,0.985791,31.18186,-4.39194,-40.87633,neutral,good
1783252802.007812,1,0,0.999538,0.019714,0.030378,0.017238,-0.016710,0.006351,0.984498,31.18120,-4.39260,-40.87592,neutral,good
1783252802.015625,2,0,0.999536,0.019732,0.030448,0.017155,-0.027821,-0.010198,0.990258,31.18054,-4.39326,-40.87551,neutral,good
1783252802.023438,3,0,0.999534,0.019749,0.030519,0.017070,-0.034253,0.000285,0.992809,31.17986,-4.39392,-40.87510,neutral,good
1783252802.031250,4,0,0.999532,0.019766,0.030588,0.016984,-0.024370,-0.007137,0.989547,31.17917,-4.39458,-40.87470,neutral,good
1783252802.039062,5,0,0.999530,0.019782,0.030658,0.016897,-0.005133,0.011606,0.989748,31.17847,-4.39525,-40.87429,neutral,good
1783252802.046875,6,0,0.999528,0.019798,0.030726,0.016809,-0.029139,-0.000894,0.996274,31.17776,-4.39591,-40.87389,neutral,good
1783252802.054688,7,0,0.999526,0.019813,0.030795,0.016720,-0.023982,-0.003528,0.985161,31.17704,-4.39658,-40.87348,neutral,good
1783252802.062500,8,0,0.999524,0.019828,0.030862,0.016629,-0.018537,-0.002875,0.990637,31.17631,-4.39725,-40.87308,neutral,good
1783252802.070312,9,0,0.999522,0.019842,0.030930,0.016538,-0.018911,0.005590,0.978500,31.17556,-4.39792,-40.87268,neutral,good
1783252802.078125,10,0,0.999520,0.019855,0.030996,0.016445,-0.011550,0.002343,0.992973,31.17481,-4.39859,-40.87228,neutral,good
1783252802.085938,11,0,0.999517,0.019868,0.031062,0.016352,-0.028454,-0.002574,0.975459,31.17404,-4.39927,-40.87187,neutral,good
1783252802.093750,12,0,0.999515,0.019880,0.031128,0.016257,-0.021092,-0.000026,0.980734,31.17327,-4.39994,-40.87148,neutral,good
1783252802.101562,13,0,0.999513,0.019891,0.031193,0.016161,-0.032721,-0.010984,0.982744,31.17248,-4.40062,-40.87108,neutral,good
1783252802.109375,14,0,0.999511,0.019902,0.031258,0.016064,-0.019321,0.002965,0.985232,31.17169,-4.40130,-40.87068,neutral,good
1783252802.117188,15,0,0.999509,0.019913,0.031322,0.015966,-0.029673,0.017127,0.994955,31.17088,-4.40198,-40.87028,neutral,good
1783252802.125000,16,0,0.999507,0.019923,0.031385,0.015867,-0.011725,-0.010631,0.990590,31.17006,-4.40266,-40.86989,neutral,good
1783252802.132812,17,0,0.999505,0.019932,0.031448,0.015767,-0.020418,0.011754,0.984096,31.16924,-4.40335,-40.86949,neutral,good
1783252802.140625,18,0,0.999503,0.019940,0.031511,0.015666,-0.017447,0.014106,0.988296,31.16840,-4.40403,-40.86910,neutral,good
1783252802.148438,19,0,0.999501,0.019948,0.031573,0.015563,-0.014575,-0.002825,0.984025,31.16755,-4.40472,-40.86870,neutral,good
1783252802.156250,20,0,0.999500,0.019956,0.031634,0.015460,-0.032026,-0.021851,0.981402,31.16669,-4.40540,-40.86831,neutral,good
1783252802.164062,21,0,0.999498,0.019963,0.031695,0.015356,-0.018604,0.003143,0.999784,31.16582,-4.40609,-40.86792,neutral,good
1783252802.171875,22,0,0.999496,0.019969,0.031756,0.015251,-0.019157,-0.011875,0.980378,31.16495,-4.40678,-40.86753,neutral,good
1783252802.179688,23,0,0.999494,0.019975,0.031816,0.015144,-0.020643,-0.006149,0.979299,31.16406,-4.40748,-40.86714,neutral,good
1783252802.187500,24,0,0.999492,0.019980,0.031875,0.015037,-0.006120,-0.004115,0.982558,31.16316,-4.40817,-40.86675,neutral,good
1783252802.195312,25,0,0.999490,0.019984,0.031934,0.014928,-0.024196,0.016742,0.987428,31.16225,-4.40886,-40.86636,neutral,good
1783252802.203125,26,0,0.999488,0.019988,0.031992,0.014819,-0.016099,0.010610,0.987183,31.16133,-4.40956,-40.86598,neutral,good
1783252802.210938,27,0,0.999486,0.019991,0.032050,0.014709,-0.016476,0.005377,0.986477,31.16040,-4.41026,-40.86559,neutral,good
1783252802.218750,28,0,0.999484,0.019994,0.032107,0.014597,-0.026864,0.014494,0.977565,31.15946,-4.41096,-40.86520,neutral,good
1783252802.226562,29,0,0.999483,0.019996,0.032163,0.014485,-0.007296,0.010074,0.995309,31.15852,-4.41166,-40.86482,neutral,good
1783252802.234375,30,0,0.999481,0.019997,0.032220,0.014372,-0.010877,0.009941,0.969355,31.15756,-4.41236,-40.86444,neutral,good
1783252802.242188,31,0,0.999479,0.019998,0.032275,0.014257,-0.017683,0.005912,0.991670,31.15659,-4.41306,-40.86405,neutral,good
1783252802.250000,32,0,0.999477,0.019999,0.032330,0.014142,-0.007359,0.018167,0.982291,31.15561,-4.41376,-40.86367,neutral,good
1783252802.257812,33,0,0.999475,0.019998,0.032385,0.014026,-0.015076,0.008156,0.994293,31.15463,-4.41447,-40.86329,neutral,good
1783252802.265625,34,0,0.999474,0.019997,0.032439,0.013909,-0.025401,0.005722,0.996811,31.15363,-4.41518,-40.86291,neutral,good
1783252802.273438,35,0,0.999472,0.019996,0.032492,0.013791,-0.025129,0.006108,0.987660,31.15263,-4.41589,-40.86253,neutral,good
1783252802.281250,36,0,0.999470,0.019994,0.032545,0.013672,-0.027403,0.022639,0.989173,31.15161,-4.41659,-40.86216,neutral,good
1783252802.289062,37,0,0.999469,0.019991,0.032597,0.013552,-0.015193,0.014162,0.994626,31.15059,-4.41731,-40.86178,neutral,good
1783252802.296875,38,0,0.999467,0.019988,0.032649,0.013431,-0.004416,-0.004900,0.987710,31.14956,-4.41802,-40.86140,neutral,good
1783252802.304688,39,0,0.999465,0.019984,0.032700,0.013309,-0.023507,-0.013069,0.987367,31.14851,-4.41873,-40.86103,neutral,good
1783252802.312500,40,0,0.999464,0.019980,0.032751,0.013187,-0.021971,-0.003003,0.982124,31.14746,-4.41945,-40.86065,neutral,good
1783252802.320312,41,0,0.999462,0.019975,0.032801,0.013063,-0.006394,0.006266,0.990489,31.14640,-4.42016,-40.86028,neutral,good
1783252802.328125,42,0,0.999460,0.019969,0.032851,0.012939,-0.007880,0.001743,0.995960,31.14533,-4.42088,-40.85991,neutral,good
1783252802.335938,43,0,0.999459,0.019963,0.032900,0.012814,-0.007107,0.007380,0.971405,31.14426,-4.42160,-40.85954,neutral,good
1783252802.343750,44,0,0.999457,0.019956,0.032948,0.012688,-0.018631,0.010568,0.992877,31.14317,-4.42232,-40.85917,neutral,good
1783252802.351562,45,0,0.999455,0.019948,0.032996,0.012561,-0.017201,-0.003017,0.977180,31.14207,-4.42304,-40.85880,neutral,good
1783252802.359375,46,0,0.999454,0.019940,0.033043,0.012433,-0.027458,0.005616,0.983547,31.14097,-4.42376,-40.85843,neutral,good
1783252802.367188,47,0,0.999452,0.019932,0.033090,0.012305,-0.024015,0.011692,0.989211,31.13986,-4.42448,-40.85806,neutral,good
1783252802.375000,48,0,0.999451,0.019923,0.033136,0.012175,-0.017339,0.004927,0.976455,31.13874,-4.42520,-40.85769,neutral,good
1783252802.382812,49,0,0.999449,0.019913,0.033182,0.012045,-0.013008,-0.019365,0.988542,31.13761,-4.42593,-40.85733,neutral,good
1783252802.390625,50,0,0.999448,0.019902,0.033227,0.011914,-0.018084,-0.001415,0.983794,31.13647,-4.42666,-40.85696,neutral,good
1783252802.398438,51,0,0.999446,0.019891,0.033272,0.011782,-0.020809,-0.000683,0.979856,31.13532,-4.42738,-40.85660,neutral,good
1783252802.406250,52,0,0.999445,0.019880,0.033316,0.011650,-0.003100,-0.000230,0.986625,31.13417,-4.42811,-40.85624,neutral,good
1783252802.414062,53,0,0.999443,0.019868,0.033360,0.011516,-0.024838,0.017721,0.981440,31.13301,-4.42884,-40.85588,neutral,good
1783252802.421875,54,0,0.999442,0.019855,0.033402,0.011382,-0.014559,0.003670,0.989313,31.13183,-4.42957,-40.85552,neutral,good
1783252802.429688,55,0,0.999441,0.019842,0.033445,0.011247,-0.005328,0.000407,0.980134,31.13066,-4.43030,-40.85516,neutral,good
1783252802.437500,56,0,0.999439,0.019828,0.033487,0.011111,-0.011744,0.002959,0.979047,31.12947,-4.43104,-40.85480,neutral,good
1783252802.445312,57,0,0.999438,0.019813,0.033528,0.010975,-0.025989,0.014316,0.978420,31.12827,-4.43177,-40.85444,neutral,good
1783252802.453125,58,0,0.999436,0.019798,0.033569,0.010838,-0.011111,0.007376,0.981713,31.12707,-4.43250,-40.85408,neutral,good
1783252802.460938,59,0,0.999435,0.019782,0.033609,0.010700,-0.002589,-0.002167,0.985844,31.12586,-4.43324,-40.85373,neutral,good
1783252802.468750,60,0,0.999434,0.019766,0.033648,0.010561,-0.005323,0.020321,0.980434,31.12464,-4.43398,-40.85337,neutral,good
1783252802.476562,61,0,0.999432,0.019749,0.033687,0.010422,-0.008181,0.020142,0.984306,31.12342,-4.43472,-40.85302,neutral,good
1783252802.484375,62,0,0.999431,0.019732,0.033726,0.010282,-0.006212,0.012654,0.995403,31.12218,-4.43545,-40.85267,neutral,good
1783252802.492188,63,0,0.999430,0.019714,0.033764,0.010141,-0.019337,-0.002549,0.984961,31.12094,-4.43619,-40.85232,neutral,good
1783252802.500000,64,0,0.999429,0.019695,0.033801,0.010000,-0.015718,0.018025,0.993524,31.11969,-4.43694,-40.85196,neutral,good
1783252802.507812,65,0,0.999427,0.019676,0.033838,0.009858,-0.010379,0.012995,0.992662,31.11844,-4.43768,-40.85161,neutral,good
1783252802.515625,66,0,0.999426,0.019656,0.033874,0.009715,-0.016516,0.008567,0.979145,31.11718,-4.43842,-40.85127,neutral,good
1783252802.523438,67,0,0.999425,0.019635,0.033910,0.009572,-0.004543,0.005358,0.996523,31.11591,-4.43916,-40.85092,neutral,good
1783252802.531250,68,0,0.999424,0.019614,0.033945,0.009428,-0.028322,0.021005,0.979460,31.11463,-4.43991,-40.85057,neutral,good
1783252802.539062,69,0,0.999423,0.019593,0.033979,0.009283,-0.010406,0.005465,0.997569,31.11335,-4.44065,-40.85023,neutral,good
1783252802.546875,70,0,0.999421,0.019571,0.034013,0.009138,-0.017893,0.020624,0.977933,31.11205,-4.44140,-40.84988,neutral,good
1783252802.554688,71,0,0.999420,0.019548,0.034046,0.008992,-0.018056,0.009039,0.984159,31.11076,-4.44215,-40.84954,neutral,good
1783252802.562500,72,0,0.999419,0.019525,0.034079,0.008846,-0.012850,0.010059,0.975222,31.10945,-4.44290,-40.84920,neutral,good
1783252802.570312,73,0,0.999418,0.019501,0.034111,0.008699,-0.001836,0.006791,0.987835,31.10814,-4.44365,-40.84885,neutral,good
1783252802.578125,74,0,0.999417,0.019476,0.034143,0.008551,-0.010722,0.009774,0.984067,31.10682,-4.44440,-40.84851,neutral,good
1783252802.585938,75,0,0.999416,0.019451,0.034174,0.008403,-0.009405,0.007631,0.982506,31.10550,-4.44515,-40.84817,neutral,good
1783252802.593750,76,0,0.999415,0.019426,0.034204,0.008254,-0.017453,0.015579,0.979365,31.10417,-4.44590,-40.84784,neutral,good
1783252802.601562,77,0,0.999414,0.019399,0.034234,0.008105,-0.002993,0.010647,0.979316,31.10283,-4.44665,-40.84750,neutral,good
1783252802.609375,78,0,0.999413,0.019373,0.034264,0.007955,-0.008961,-0.000915,0.982903,31.10149,-4.44740,-40.84716,neutral,good
1783252802.617188,79,0,0.999412,0.019345,0.034293,0.007805,-0.020091,0.006521,0.988624,31.10014,-4.44816,-40.84683,neutral,good
1783252802.625000,80,0,0.999411,0.019317,0.034321,0.007654,-0.010234,0.007538,0.986642,31.09878,-4.44891,-40.84649,neutral,good
1783252802.632812,81,0,0.999410,0.019289,0.034348,0.007502,0.004087,0.019300,0.995849,31.09742,-4.44967,-40.84616,neutral,good
1783252802.640625,82,0,0.999409,0.019260,0.034375,0.007350,0.003428,0.018557,0.997610,31.09605,-4.45043,-40.84583,neutral,good
1783252802.648438,83,0,0.999408,0.019230,0.034402,0.007198,-0.002643,0.013924,0.977395,31.09468,-4.45118,-40.84549,neutral,good
1783252802.656250,84,0,0.999407,0.019200,0.034428,0.007045,-0.000997,0.003669,0.988865,31.09330,-4.45194,-40.84516,neutral,good
1783252802.664062,85,0,0.999406,0.019169,0.034453,0.006892,-0.010606,-0.001535,0.979669,31.09192,-4.45270,-40.84484,neutral,good
1783252802.671875,86,0,0.999405,0.019138,0.034478,0.006738,-0.006182,0.014216,0.991603,31.09053,-4.45346,-40.84451,neutral,good
1783252802.679688,87,0,0.999405,0.019106,0.034502,0.006584,-0.006700,0.020670,0.985085,31.08913,-4.45422,-40.84418,neutral,good
1783252802.687500,88,0,0.999404,0.019073,0.034526,0.006429,-0.012226,0.004053,0.987928,31.08773,-4.45498,-40.84385,neutral,good
1783252802.695312,89,0,0.999403,0.019040,0.034549,0.006274,-0.005198,-0.000952,0.988281,31.08632,-4.45574,-40.84353,neutral,good
1783252802.703125,90,0,0.999402,0.019006,0.034571,0.006118,-0.000296,-0.000620,0.978295,31.08491,-4.45650,-40.84321,neutral,good
1783252802.710938,91,0,0.999401,0.018972,0.034593,0.005962,0.003095,0.011233,0.984886,31.08349,-4.45727,-40.84288,neutral,good
1783252802.718750,92,0,0.999401,0.018937,0.034614,0.005806,-0.005713,0.017663,0.994115,31.08207,-4.45803,-40.84256,neutral,good
1783252802.726562,93,0,0.999400,0.018902,0.034635,0.005649,0.004236,0.002741,0.990022,31.08064,-4.45879,-40.84224,neutral,good
1783252802.734375,94,0,0.999399,0.018866,0.034655,0.005492,0.006112,0.004857,0.985313,31.07921,-4.45956,-40.84192,neutral,good
1783252802.742188,95,0,0.999399,0.018830,0.034675,0.005334,-0.000768,0.003820,0.979289,31.07777,-4.46032,-40.84160,neutral,good
1783252802.750000,96,0,0.999398,0.018793,0.034694,0.005176,-0.001866,0.001000,0.988643,31.07633,-4.46109,-40.84128,neutral,good
1783252802.757812,97,0,0.999397,0.018755,0.034712,0.005018,-0.021071,0.015270,0.988513,31.07489,-4.46186,-40.84097,neutral,good
1783252802.765625,98,0,0.999397,0.018717,0.034730,0.004860,0.005115,0.006549,0.991203,31.07343,-4.46262,-40.84065,neutral,good
1783252802.773438,99,0,0.999396,0.018678,0.034747,0.004701,-0.007683,0.013754,0.988053,31.07198,-4.46339,-40.84034,neutral,good
1783252802.781250,100,0,0.999396,0.018639,0.034764,0.004542,0.011302,0.003055,0.990440,31.07052,-4.46416,-40.84003,neutral,good
1783252802.789062,101,0,0.999395,0.018599,0.034780,0.004382,-0.003255,0.014739,0.991639,31.06905,-4.46493,-40.83971,neutral,good
1783252802.796875,102,0,0.999394,0.018559,0.034795,0.004222,0.009322,0.011534,0.997532,31.06759,-4.46570,-40.83940,neutral,good
1783252802.804688,103,0,0.999394,0.018518,0.034810,0.004062,0.003198,0.024553,0.990475,31.06611,-4.46647,-40.83909,neutral,good
1783252802.812500,104,0,0.999393,0.018477,0.034824,0.003902,-0.012526,0.000436,0.995593,31.06464,-4.46724,-40.83878,neutral,good
1783252802.820312,105,0,0.999393,0.018435,0.034838,0.003741,0.000861,-0.006890,0.985556,31.06316,-4.46801,-40.83848,neutral,good
1783252802.828125,106,0,0.999393,0.018392,0.034851,0.003580,-0.002641,0.016632,0.993749,31.06167,-4.46878,-40.83817,neutral,good
1783252802.835938,107,0,0.999392,0.018349,0.034864,0.003419,0.003868,0.005999,0.996721,31.06018,-4.46955,-40.83786,neutral,good
1783252802.843750,108,0,0.999392,0.018305,0.034876,0.003258,0.001748,0.005933,0.995370,31.05869,-4.47033,-40.83756,neutral,good
1783252802.851562,109,0,0.999391,0.018261,0.034887,0.003096,-0.004477,-0.002919,0.993147,31.05720,-4.47110,-40.83726,neutral,good
1783252802.859375,110,0,0.999391,0.018216,0.034898,0.002935,-0.004463,-0.005115,0.999208,31.05570,-4.47187,-40.83695,neutral,good
1783252802.867188,111,0,0.999391,0.018171,0.034908,0.002773,0.004297,0.005409,0.997809,31.05419,-4.47265,-40.83665,neutral,good
1783252802.875000,112,0,0.999390,0.018125,0.034918,0.002611,0.007672,-0.001996,0.990646,31.05269,-4.47342,-40.83635,neutral,good
1783252802.882812,113,0,0.999390,0.018079,0.034927,0.002448,0.004938,0.010539,0.991693,31.05118,-4.47419,-40.83605,neutral,good
1783252802.890625,114,0,0.999390,0.018032,0.034936,0.002286,0.005699,0.000973,0.992165,31.04967,-4.47497,-40.83576,neutral,good
1783252802.898438,115,0,0.999389,0.017984,0.034943,0.002123,0.002784,0.002290,1.009261,31.04815,-4.47574,-40.83546,neutral,good
1783252802.906250,116,0,0.999389,0.017936,0.034951,0.001960,0.004508,-0.004306,0.996463,31.04664,-4.47652,-40.83516,neutral,good
1783252802.914062,117,0,0.999389,0.017888,0.034957,0.001797,0.007766,-0.015169,0.987359,31.04511,-4.47730,-40.83487,neutral,good
1783252802.921875,118,0,0.999389,0.017839,0.034964,0.001634,0.009650,0.008820,0.989774,31.04359,-4.47807,-40.83458,neutral,good
1783252802.929688,119,0,0.999388,0.017789,0.034969,0.001471,0.003871,0.004919,0.995179,31.04206,-4.47885,-40.83428,neutral,good
1783252802.937500,120,0,0.999388,0.017739,0.034974,0.001308,0.009296,0.002881,0.994452,31.04054,-4.47963,-40.83399,neutral,good
1783252802.945312,121,0,0.999388,0.017689,0.034979,0.001145,0.001342,0.016968,0.992101,31.03900,-4.48040,-40.83370,neutral,good
1783252802.953125,122,0,0.999388,0.017638,0.034982,0.000981,0.013663,0.004173,0.991218,31.03747,-4.48118,-40.83341,neutral,good
1783252802.960938,123,0,0.999388,0.017586,0.034986,0.000818,0.008708,-0.001327,1.004021,31.03593,-4.48196,-40.83313,neutral,good
1783252802.968750,124,0,0.999388,0.017534,0.034988,0.000654,-0.000792,0.002292,0.988558,31.03440,-4.48274,-40.83284,neutral,good
1783252802.976562,125,0,0.999388,0.017481,0.034990,0.000491,0.008545,0.005415,0.996131,31.03286,-4.48352,-40.83256,neutral,good
1783252802.984375,126,0,0.999388,0.017428,0.034992,0.000327,0.000219,0.002258,0.988518,31.03131,-4.48429,-40.83227,neutral,good
1783252802.992188,127,0,0.999388,0.017374,0.034993,0.000164,0.009675,0.003342,0.993095,31.02977,-4.48507,-40.83199,neutral,good
1783252803.000000,0,0,0.999388,0.017320,0.034993,0.000000,0.010912,0.005706,0.991015,31.02822,-4.48585,-40.83171,neutral,good
1783252803.007812,1,0,0.999388,0.017265,0.034993,-0.000164,0.004001,0.011944,0.989973,31.02668,-4.48663,-40.83142,neutral,good
1783252803.015625,2,0,0.999388,0.017210,0.034992,-0.000327,-0.006494,0.017112,1.002370,31.02513,-4.48741,-40.83115,neutral,good
1783252803.023438,3,0,0.999388,0.017154,0.034990,-0.000491,0.009536,0.000882,0.997549,31.02358,-4.48819,-40.83087,neutral,good
1783252803.031250,4,0,0.999388,0.017097,0.034988,-0.000654,-0.004634,0.008804,0.993011,31.02202,-4.48897,-40.83059,neutral,good
1783252803.039062,5,0,0.999388,0.017041,0.034986,-0.000818,0.006294,0.000650,0.991112,31.02047,-4.48975,-40.83031,neutral,good
1783252803.046875,6,0,0.999388,0.016983,0.034982,-0.000981,0.019060,0.012884,0.991642,31.01892,-4.49053,-40.83004,neutral,good
1783252803.054688,7,0,0.999388,0.016925,0.034979,-0.001145,0.016863,0.005533,0.983665,31.01736,-4.49131,-40.82976,neutral,good
1783252803.062500,8,0,0.999388,0.016867,0.034974,-0.001308,0.006823,-0.008625,0.998796,31.01580,-4.49209,-40.82949,neutral,good
1783252803.070312,9,0,0.999388,0.016808,0.034969,-0.001471,0.007558,0.013698,1.002231,31.01424,-4.49287,-40.82922,neutral,good
1783252803.078125,10,0,0.999389,0.016749,0.034964,-0.001634,0.004883,0.007901,0.992623,31.01269,-4.49365,-40.82895,neutral,good
1783252803.085938,11,0,0.999389,0.016689,0.034957,-0.001797,0.011159,0.005613,0.992907,31.01113,-4.49444,-40.82868,neutral,good
1783252803.093750,12,0,0.999389,0.016629,0.034951,-0.001960,-0.002692,-0.008033,0.998950,31.00956,-4.49522,-40.82841,neutral,good
1783252803.101562,13,0,0.999389,0.016568,0.034943,-0.002123,0.006728,0.002643,0.994639,31.00800,-4.49600,-40.82814,neutral,good
1783252803.109375,14,0,0.999390,0.016506,0.034936,-0.002286,0.015326,0.005769,0.997098,31.00644,-4.49678,-40.82788,neutral,good
1783252803.117188,15,0,0.999390,0.016445,0.034927,-0.002448,-0.004040,-0.015446,0.998801,31.00488,-4.49756,-40.82761,neutral,good
1783252803.125000,16,0,0.999390,0.016382,0.034918,-0.002611,0.016610,-0.010677,0.997594,31.00332,-4.49834,-40.82735,neutral,good
1783252803.132812,17,0,0.999391,0.016320,0.034908,-0.002773,0.008361,-0.005539,0.989039,31.00176,-4.49912,-40.82709,neutral,good
1783252803.140625,18,0,0.999391,0.016256,0.034898,-0.002935,0.019182,-0.004973,0.996698,31.00019,-4.49990,-40.82683,neutral,good
1783252803.148438,19,0,0.999391,0.016192,0.034887,-0.003096,0.029890,-0.019414,1.003302,30.99863,-4.50068,-40.82657,neutral,good
1783252803.156250,20,0,0.999392,0.016128,0.034876,-0.003258,0.013597,-0.000069,0.987967,30.99707,-4.50147,-40.82631,neutral,good
1783252803.164062,21,0,0.999392,0.016063,0.034864,-0.003419,0.015292,0.000442,1.001735,30.99551,-4.50225,-40.82605,neutral,good
1783252803.171875,22,0,0.999393,0.015998,0.034851,-0.003580,0.013983,-0.005081,1.002216,30.99394,-4.50303,-40.82579,neutral,good
1783252803.179688,23,0,0.999393,0.015933,0.034838,-0.003741,0.019345,-0.004381,1.001995,30.99238,-4.50381,-40.82554,neutral,good
1783252803.187500,24,0,0.999393,0.015866,0.034824,-0.003902,-0.000980,-0.000706,1.003403,30.99082,-4.50459,-40.82529,neutral,good
1783252803.195312,25,0,0.999394,0.015800,0.034810,-0.004062,0.015848,-0.011794,0.997152,30.98926,-4.50537,-40.82503,neutral,good
1783252803.203125,26,0,0.999394,0.015733,0.034795,-0.004222,0.007208,-0.004717,0.999545,30.98770,-4.50615,-40.82478,neutral,good
1783252803.210938,27,0,0.999395,0.015665,0.034780,-0.004382,0.008353,0.002779,1.004537,30.98614,-4.50693,-40.82453,neutral,good
1783252803.218750,28,0,0.999396,0.015597,0.034764,-0.004542,0.017823,0.010798,0.996968,30.98458,-4.50771,-40.82428,neutral,good
1783252803.226562,29,0,0.999396,0.015529,0.034747,-0.004701,0.030976,0.001071,1.007493,30.98303,-4.50849,-40.82403,neutral,good
1783252803.234375,30,0,0.999397,0.015460,0.034730,-0.004860,0.010562,-0.001506,1.005238,30.98147,-4.50927,-40.82379,neutral,good
1783252803.242188,31,0,0.999397,0.015390,0.034712,-0.005018,0.006248,-0.005990,1.000701,30.97991,-4.51006,-40.82354,neutral,good
1783252803.250000,32,0,0.999398,0.015320,0.034694,-0.005176,0.020788,-0.007820,0.999743,30.97836,-4.51084,-40.82330,neutral,good
1783252803.257812,33,0,0.999399,0.015250,0.034675,-0.005334,0.010466,-0.002019,1.000305,30.97681,-4.51162,-40.82305,neutral,good
1783252803.265625,34,0,0.999399,0.015179,0.034655,-0.005492,0.022056,-0.007669,1.001340,30.97526,-4.51240,-40.82281,neutral,good
1783252803.273438,35,0,0.999400,0.015108,0.034635,-0.005649,0.016492,-0.000950,1.008676,30.97371,-4.51317,-40.82257,neutral,good
1783252803.281250,36,0,0.999401,0.015036,0.034614,-0.005806,0.007924,0.002630,1.001338,30.97216,-4.51395,-40.82233,neutral,good
1783252803.289062,37,0,0.999401,0.014964,0.034593,-0.005962,0.010177,-0.010673,1.009362,30.97061,-4.51473,-40.82209,neutral,good
1783252803.296875,38,0,0.999402,0.014892,0.034571,-0.006118,0.011274,-0.008874,0.995136,30.96907,-4.51551,-40.82185,neutral,good
1783252803.304688,39,0,0.999403,0.014818,0.034549,-0.006274,0.011910,0.001444,1.010326,30.96753,-4.51629,-40.82162,neutral,good
1783252803.312500,40,0,0.999404,0.014745,0.034526,-0.006429,0.017121,-0.003116,0.999349,30.96598,-4.51707,-40.82138,neutral,good
1783252803.320312,41,0,0.999405,0.014671,0.034502,-0.006584,0.018014,-0.011834,0.994536,30.96445,-4.51785,-40.82115,neutral,good
1783252803.328125,42,0,0.999405,0.014597,0.034478,-0.006738,0.025754,-0.005620,1.010359,30.96291,-4.51863,-40.82092,neutral,good
1783252803.335938,43,0,0.999406,0.014522,0.034453,-0.006892,0.022045,-0.000038,1.010880,30.96138,-4.51940,-40.82068,neutral,good
1783252803.343750,44,0,0.999407,0.014447,0.034428,-0.007045,0.025999,0.003463,1.005105,30.95984,-4.52018,-40.82045,neutral,good
1783252803.351562,45,0,0.999408,0.014371,0.034402,-0.007198,0.027217,0.005342,1.003417,30.95831,-4.52096,-40.82023,neutral,good
1783252803.359375,46,0,0.999409,0.014295,0.034375,-0.007350,0.021439,-0.004663,0.996317,30.95679,-4.52174,-40.82000,neutral,good
1783252803.367188,47,0,0.999410,0.014219,0.034348,-0.007502,0.015229,-0.019109,1.009322,30.95526,-4.52251,-40.81977,neutral,good
1783252803.375000,48,0,0.999411,0.014142,0.034321,-0.007654,0.008001,-0.006031,1.013139,30.95374,-4.52329,-40.81955,neutral,good
1783252803.382812,49,0,0.999412,0.014064,0.034293,-0.007805,0.013003,-0.002895,1.010441,30.95222,-4.52406,-40.81932,neutral,good
1783252803.390625,50,0,0.999413,0.013987,0.034264,-0.007955,0.016319,-0.007534,1.012953,30.95071,-4.52484,-40.81910,neutral,good
1783252803.398438,51,0,0.999414,0.013908,0.034234,-0.008105,0.019016,-0.014555,1.017866,30.94919,-4.52561,-40.81888,neutral,good
1783252803.406250,52,0,0.999415,0.013830,0.034204,-0.008254,0.007331,0.009859,0.999593,30.94768,-4.52639,-40.81866,neutral,good
1783252803.414062,53,0,0.999416,0.013751,0.034174,-0.008403,0.007340,-0.004127,1.007087,30.94618,-4.52716,-40.81844,neutral,good
1783252803.421875,54,0,0.999417,0.013671,0.034143,-0.008551,0.019772,0.007188,0.999152,30.94467,-4.52794,-40.81822,neutral,good
1783252803.429688,55,0,0.999418,0.013592,0.034111,-0.008699,0.024212,0.004104,1.001843,30.94317,-4.52871,-40.81800,neutral,good
1783252803.437500,56,0,0.999419,0.013511,0.034079,-0.008846,0.013644,-0.008249,0.999329,30.94168,-4.52948,-40.81779,neutral,good
1783252803.445312,57,0,0.999420,0.013431,0.034046,-0.008992,0.025605,-0.015057,0.995841,30.94019,-4.53026,-40.81758,neutral,good
1783252803.453125,58,0,0.999421,0.013350,0.034013,-0.009138,0.014579,-0.000388,1.000135,30.93870,-4.53103,-40.81736,neutral,good
1783252803.460938,59,0,0.999423,0.013268,0.033979,-0.009283,0.019699,-0.012046,1.018735,30.93721,-4.53180,-40.81715,neutral,good
1783252803.468750,60,0,0.999424,0.013187,0.033945,-0.009428,0.021215,-0.011166,1.004787,30.93573,-4.53257,-40.81694,neutral,good
1783252803.476562,61,0,0.999425,0.013104,0.033910,-0.009572,0.040318,-0.013766,1.007224,30.93425,-4.53334,-40.81673,neutral,good
1783252803.484375,62,0,0.999426,0.013022,0.033874,-0.009715,0.025693,-0.015545,1.005084,30.93278,-4.53411,-40.81652,neutral,good
1783252803.492188,63,0,0.999427,0.012939,0.033838,-0.009858,0.028214,-0.019696,1.006401,30.93131,-4.53488,-40.81632,neutral,good
1783252803.500000,64,0,0.999429,0.012855,0.033801,-0.010000,0.025493,-0.010348,1.008437,30.92984,-4.53565,-40.81611,neutral,good
1783252803.507812,65,0,0.999430,0.012772,0.033764,-0.010141,0.034148,-0.002421,1.001858,30.92838,-4.53642,-40.81591,neutral,good
1783252803.515625,66,0,0.999431,0.012688,0.033726,-0.010282,0.031982,-0.018355,1.024458,30.92693,-4.53719,-40.81570,neutral,good
1783252803.523438,67,0,0.999432,0.012603,0.033687,-0.010422,0.014805,-0.015482,1.014688,30.92547,-4.53795,-40.81550,neutral,good
1783252803.531250,68,0,0.999434,0.012518,0.033648,-0.010561,0.021729,-0.006850,1.013785,30.92403,-4.53872,-40.81530,neutral,good
1783252803.539062,69,0,0.999435,0.012433,0.033609,-0.010700,0.002198,-0.007845,1.016466,30.92258,-4.53949,-40.81510,neutral,good
1783252803.546875,70,0,0.999436,0.012347,0.033569,-0.010838,0.033098,0.003469,1.005411,30.92114,-4.54025,-40.81490,neutral,good
1783252803.554688,71,0,0.999438,0.012261,0.033528,-0.010975,0.025580,-0.015244,1.014113,30.91971,-4.54102,-40.81471,neutral,good
1783252803.562500,72,0,0.999439,0.012175,0.033487,-0.011111,0.016447,0.000560,1.023374,30.91828,-4.54178,-40.81451,neutral,good
1783252803.570312,73,0,0.999441,0.012088,0.033445,-0.011247,0.015859,-0.005561,1.002125,30.91686,-4.54254,-40.81432,neutral,good
1783252803.578125,74,0,0.999442,0.012001,0.033402,-0.011382,0.019214,-0.017065,1.007056,30.91544,-4.54331,-40.81413,neutral,good
1783252803.585938,75,0,0.999443,0.011914,0.033360,-0.011516,0.026947,-0.005311,1.003843,30.91403,-4.54407,-40.81393,neutral,good
1783252803.593750,76,0,0.999445,0.011826,0.033316,-0.011650,0.019923,-0.015996,1.019950,30.91262,-4.54483,-40.81374,neutral,good
1783252803.601562,77,0,0.999446,0.011738,0.033272,-0.011782,0.009754,-0.020854,1.012973,30.91122,-4.54559,-40.81355,neutral,good
1783252803.609375,78,0,0.999448,0.011649,0.033227,-0.011914,0.028965,-0.010850,1.011844,30.90982,-4.54635,-40.81337,neutral,good
1783252803.617188,79,0,0.999449,0.011560,0.033182,-0.012045,0.029435,-0.000392,1.008605,30.90843,-4.54711,-40.81318,neutral,good
1783252803.625000,80,0,0.999451,0.011471,0.033136,-0.012175,0.024408,-0.026976,1.015462,30.90704,-4.54787,-40.81299,neutral,good
1783252803.632812,81,0,0.999452,0.011382,0.033090,-0.012305,0.012060,-0.006621,1.008321,30.90566,-4.54863,-40.81281,neutral,good
1783252803.640625,82,0,0.999454,0.011292,0.033043,-0.012433,0.025250,0.002756,1.014572,30.90428,-4.54939,-40.81263,neutral,good
1783252803.648438,83,0,0.999455,0.011202,0.032996,-0.012561,0.015464,-0.019230,1.014262,30.90292,-4.55014,-40.81245,neutral,good
1783252803.656250,84,0,0.999457,0.011111,0.032948,-0.012688,0.014399,-0.021118,1.023323,30.90155,-4.55090,-40.81227,neutral,good
1783252803.664062,85,0,0.999459,0.011020,0.032900,-0.012814,0.027470,-0.016011,1.005808,30.90020,-4.55165,-40.81209,neutral,good
1783252803.671875,86,0,0.999460,0.010929,0.032851,-0.012939,0.008420,-0.001892,1.009241,30.89884,-4.55241,-40.81191,neutral,good
1783252803.679688,87,0,0.999462,0.010838,0.032801,-0.013063,0.024867,-0.008581,1.006307,30.89750,-4.55316,-40.81173,neutral,good
1783252803.687500,88,0,0.999464,0.010746,0.032751,-0.013187,0.030668,-0.016582,1.009924,30.89616,-4.55392,-40.81156,neutral,good
1783252803.695312,89,0,0.999465,0.010654,0.032700,-0.013309,0.013149,-0.008919,1.017827,30.89483,-4.55467,-40.81138,neutral,good
1783252803.703125,90,0,0.999467,0.010561,0.032649,-0.013431,0.019277,-0.024726,1.007058,30.89350,-4.55542,-40.81121,neutral,good
1783252803.710938,91,0,0.999469,0.010468,0.032597,-0.013552,0.009960,-0.025669,1.004081,30.89218,-4.55617,-40.81104,neutral,good
1783252803.718750,92,0,0.999470,0.010375,0.032545,-0.013672,0.013088,-0.004341,1.019242,30.89087,-4.55692,-40.81087,neutral,good
1783252803.726562,93,0,0.999472,0.010282,0.032492,-0.013791,0.003363,-0.013152,1.006893,30.88957,-4.55767,-40.81070,neutral,good
1783252803.734375,94,0,0.999474,0.010188,0.032439,-0.013909,0.008894,0.005819,1.009469,30.88827,-4.55841,-40.81053,neutral,good
1783252803.742188,95,0,0.999475,0.010094,0.032385,-0.014026,0.006981,-0.007573,1.006424,30.88697,-4.55916,-40.81037,neutral,good
1783252803.750000,96,0,0.999477,0.010000,0.032330,-0.014142,0.021344,0.001573,1.013097,30.88569,-4.55991,-40.81020,neutral,good
1783252803.757812,97,0,0.999479,0.009905,0.032275,-0.014257,0.022790,0.003384,1.011916,30.88441,-4.56065,-40.81004,neutral,good
1783252803.765625,98,0,0.999481,0.009810,0.032220,-0.014372,0.031502,-0.020754,1.020103,30.88314,-4.56140,-40.80988,neutral,good
1783252803.773438,99,0,0.999483,0.009715,0.032163,-0.014485,0.008415,-0.001031,1.025433,30.88187,-4.56214,-40.80972,neutral,good
1783252803.781250,100,0,0.999484,0.009620,0.032107,-0.014597,0.011262,-0.003947,1.019972,30.88062,-4.56288,-40.80956,neutral,good
1783252803.789062,101,0,0.999486,0.009524,0.032050,-0.014709,0.023430,0.000288,1.018808,30.87937,-4.56362,-40.80940,neutral,good
1783252803.796875,102,0,0.999488,0.009428,0.031992,-0.014819,0.013730,-0.020537,1.013539,30.87812,-4.56436,-40.80924,neutral,good
1783252803.804688,103,0,0.999490,0.009331,0.031934,-0.014928,0.003015,-0.024951,1.019685,30.87689,-4.56510,-40.80909,neutral,good
1783252803.812500,104,0,0.999492,0.009235,0.031875,-0.015037,0.007693,0.004591,1.016006,30.87566,-4.56584,-40.80893,neutral,good
1783252803.820312,105,0,0.999494,0.009138,0.031816,-0.015144,0.007836,-0.004820,1.013552,30.87444,-4.56658,-40.80878,neutral,good
1783252803.828125,106,0,0.999496,0.009041,0.031756,-0.015251,0.017426,-0.012511,1.013199,30.87323,-4.56731,-40.80863,neutral,good
1783252803.835938,107,0,0.999498,0.008943,0.031695,-0.015356,0.015825,0.001193,1.014495,30.87202,-4.56805,-40.80847,neutral,good
1783252803.843750,108,0,0.999500,0.008846,0.031634,-0.015460,0.021895,-0.001474,1.017305,30.87083,-4.56878,-40.80833,neutral,good
1783252803.851562,109,0,0.999501,0.008748,0.031573,-0.015563,0.020108,0.001624,1.013449,30.86964,-4.56952,-40.80818,neutral,good
1783252803.859375,110,0,0.999503,0.008649,0.031511,-0.015666,0.014299,-0.006982,1.024556,30.86846,-4.57025,-40.80803,neutral,good
1783252803.867188,111,0,0.999505,0.008551,0.031448,-0.015767,0.014323,-0.011194,1.021499,30.86728,-4.57098,-40.80789,neutral,good
1783252803.875000,112,0,0.999507,0.008452,0.031385,-0.015867,0.014189,-0.015684,1.013829,30.86612,-4.57171,-40.80774,neutral,good
1783252803.882812,113,0,0.999509,0.008353,0.031322,-0.015966,0.024929,-0.006433,1.019741,30.86496,-4.57244,-40.80760,neutral,good
1783252803.890625,114,0,0.999511,0.008254,0.031258,-0.016064,0.006473,0.005335,1.014226,30.86381,-4.57316,-40.80746,neutral,good
1783252803.898438,115,0,0.999513,0.008155,0.031193,-0.016161,0.021642,-0.009591,1.011101,30.86267,-4.57389,-40.80732,neutral,good
1783252803.906250,116,0,0.999515,0.008055,0.031128,-0.016257,0.025701,0.000230,1.010037,30.86154,-4.57462,-40.80718,neutral,good
1783252803.914062,117,0,0.999517,0.007955,0.031062,-0.016352,0.004825,-0.015058,1.015536,30.86042,-4.57534,-40.80704,neutral,good
1783252803.921875,118,0,0.999520,0.007855,0.030996,-0.016445,0.007975,-0.008616,1.004739,30.85930,-4.57606,-40.80690,neutral,good
1783252803.929688,119,0,0.999522,0.007754,0.030930,-0.016538,0.016241,-0.010413,1.011063,30.85820,-4.57679,-40.80677,neutral,good
1783252803.937500,120,0,0.999524,0.007654,0.030862,-0.016629,0.018752,-0.022064,1.023417,30.85710,-4.57751,-40.80663,neutral,good
1783252803.945312,121,0,0.999526,0.007553,0.030795,-0.016720,0.022056,-0.010655,1.012122,30.85601,-4.57823,-40.80650,neutral,good
1783252803.953125,122,0,0.999528,0.007452,0.030726,-0.016809,0.006518,0.001090,1.013947,30.85493,-4.57894,-40.80637,neutral,good
1783252803.960938,123,0,0.999530,0.007350,0.030658,-0.016897,0.006969,-0.009273,1.021953,30.85386,-4.57966,-40.80624,neutral,good
1783252803.968750,124,0,0.999532,0.007249,0.030588,-0.016984,0.013170,0.006620,1.011204,30.85280,-4.58038,-40.80611,neutral,good
1783252803.976562,125,0,0.999534,0.007147,0.030519,-0.017070,0.005902,-0.006065,1.012285,30.85174,-4.58109,-40.80599,neutral,good
1783252803.984375,126,0,0.999536,0.007045,0.030448,-0.017155,0.018531,-0.011450,1.007654,30.85070,-4.58181,-40.80586,neutral,good
1783252803.992188,127,0,0.999538,0.006943,0.030378,-0.017238,0.019500,-0.007258,1.009325,30.84967,-4.58252,-40.80574,neutral,good
1783252804.000000,0,0,0.999541,0.006840,0.030306,-0.017321,0.018183,0.003695,1.019844,30.84864,-4.58323,-40.80561,neutral,good
1783252804.007812,1,0,0.999543,0.006738,0.030234,-0.017402,0.020581,-0.004407,1.017289,30.84762,-4.58394,-40.80549,neutral,good
1783252804.015625,2,0,0.999545,0.006635,0.030162,-0.017482,0.002463,-0.002691,1.010490,30.84662,-4.58465,-40.80537,neutral,good
1783252804.023438,3,0,0.999547,0.006532,0.030089,-0.017561,-0.001994,-0.002079,1.021137,30.84562,-4.58535,-40.80525,neutral,good
1783252804.031250,4,0,0.999549,0.006429,0.030016,-0.017638,0.003220,-0.013468,1.022909,30.84463,-4.58606,-40.80513,neutral,good
1783252804.039062,5,0,0.999552,0.006325,0.029942,-0.017715,0.004622,-0.005274,1.021397,30.84365,-4.58677,-40.80502,neutral,good
1783252804.046875,6,0,0.999554,0.006222,0.029868,-0.017790,0.000566,-0.007363,1.006498,30.84268,-4.58747,-40.80490,neutral,good
1783252804.054688,7,0,0.999556,0.006118,0.029793,-0.017864,-0.005657,-0.009052,1.011263,30.84172,-4.58817,-40.80479,neutral,good
1783252804.062500,8,0,0.999558,0.006014,0.029718,-0.017937,0.003063,-0.004552,1.005060,30.84077,-4.58887,-40.80467,neutral,good
1783252804.070312,9,0,0.999561,0.005910,0.029642,-0.018009,0.023163,-0.017319,1.010432,30.83983,-4.58957,-40.80456,neutral,good
1783252804.078125,10,0,0.999563,0.005806,0.029566,-0.018080,-0.001423,-0.016751,1.004422,30.83890,-4.59027,-40.80445,neutral,good
1783252804.085938,11,0,0.999565,0.005701,0.029489,-0.018149,0.015387,-0.005069,1.017996,30.83798,-4.59096,-40.80434,neutral,good
1783252804.093750,12,0,0.999567,0.005597,0.029411,-0.018217,0.006420,0.002170,1.018019,30.83707,-4.59166,-40.80424,neutral,good
1783252804.101562,13,0,0.999570,0.005492,0.029334,-0.018284,-0.000949,0.010876,1.019110,30.83617,-4.59235,-40.80413,neutral,good
1783252804.109375,14,0,0.999572,0.005387,0.029255,-0.018350,-0.009524,-0.005064,1.014142,30.83527,-4.59305,-40.80403,neutral,good
1783252804.117188,15,0,0.999574,0.005282,0.029177,-0.018414,0.021083,-0.014553,1.011259,30.83439,-4.59374,-40.80392,neutral,good
1783252804.125000,16,0,0.999577,0.005176,0.029097,-0.018478,-0.007609,-0.009626,1.007394,30.83352,-4.59443,-40.80382,neutral,good
1783252804.132812,17,0,0.999579,0.005071,0.029018,-0.018540,0.006841,-0.002677,1.011409,30.83266,-4.59511,-40.80372,neutral,good
1783252804.140625,18,0,0.999581,0.004965,0.028937,-0.018600,0.010291,0.003532,1.021894,30.83181,-4.59580,-40.80362,neutral,good
1783252804.148438,19,0,0.999584,0.004860,0.028857,-0.018660,-0.003029,0.000012,1.014836,30.83097,-4.59649,-40.80352,neutral,good
1783252804.156250,20,0,0.999586,0.004754,0.028775,-0.018718,0.008917,-0.000733,1.002497,30.83014,-4.59717,-40.80343,neutral,good
1783252804.164062,21,0,0.999588,0.004648,0.028694,-0.018775,-0.002753,-0.010693,1.013688,30.82932,-4.59785,-40.80333,neutral,good
1783252804.171875,22,0,0.999591,0.004542,0.028612,-0.018831,0.005653,0.000382,1.020560,30.82851,-4.59853,-40.80324,neutral,good
1783252804.179688,23,0,0.999593,0.004435,0.028529,-0.018885,-0.001613,0.009520,1.018949,30.82771,-4.59921,-40.80314,neutral,good
1783252804.187500,24,0,0.999595,0.004329,0.028446,-0.018939,-0.011849,0.003216,1.005074,30.82692,-4.59989,-40.80305,neutral,good
1783252804.195312,25,0,0.999598,0.004222,0.028362,-0.018991,-0.006154,-0.001739,1.008209,30.82615,-4.60056,-40.80296,neutral,good
1783252804.203125,26,0,0.999600,0.004116,0.028278,-0.019041,-0.003772,0.000989,1.020155,30.82538,-4.60124,-40.80287,neutral,good
1783252804.210938,27,0,0.999602,0.004009,0.028194,-0.019091,0.013155,0.007062,1.018020,30.82462,-4.60191,-40.80279,neutral,good
1783252804.218750,28,0,0.999605,0.003902,0.028109,-0.019139,0.015505,0.003580,1.007989,30.82388,-4.60258,-40.80270,neutral,good
1783252804.226562,29,0,0.999607,0.003795,0.028023,-0.019186,-0.006441,-0.009589,1.005799,30.82314,-4.60325,-40.80262,neutral,good
1783252804.234375,30,0,0.999610,0.003688,0.027937,-0.019231,-0.024361,-0.000101,1.023068,30.82242,-4.60392,-40.80253,neutral,good
1783252804.242188,31,0,0.999612,0.003580,0.027851,-0.019276,-0.005599,0.005282,1.008232,30.82170,-4.60459,-40.80245,neutral,good
1783252804.250000,32,0,0.999615,0.003473,0.027764,-0.019319,-0.005225,-0.001339,1.007253,30.82100,-4.60525,-40.80237,neutral,good
1783252804.257812,33,0,0.999617,0.003365,0.027676,-0.019360,-0.007468,-0.010209,1.021068,30.82031,-4.60592,-40.80229,neutral,good
1783252804.265625,34,0,0.999619,0.003258,0.027589,-0.019401,-0.010920,-0.001904,1.011898,30.81963,-4.60658,-40.80221,neutral,good
1783252804.273438,35,0,0.999622,0.003150,0.027500,-0.019440,0.005626,-0.012136,1.004787,30.81896,-4.60724,-40.80214,neutral,good
1783252804.281250,36,0,0.999624,0.003042,0.027412,-0.019478,-0.005300,0.005085,1.014724,30.81830,-4.60790,-40.80206,neutral,good
1783252804.289062,37,0,0.999627,0.002935,0.027322,-0.019514,-0.011347,0.003744,1.015102,30.81765,-4.60855,-40.80199,neutral,good
1783252804.296875,38,0,0.999629,0.002827,0.027233,-0.019549,0.011872,-0.004979,1.001733,30.81702,-4.60921,-40.80192,neutral,good
1783252804.304688,39,0,0.999632,0.002719,0.027143,-0.019583,-0.014934,0.014568,1.009435,30.81639,-4.60986,-40.80184,neutral,good
1783252804.312500,40,0,0.999634,0.002611,0.027052,-0.019616,-0.009545,0.004661,1.012317,30.81578,-4.61052,-40.80177,neutral,good
1783252804.320312,41,0,0.999636,0.002502,0.026961,-0.019647,-0.011481,0.016293,1.006116,30.81518,-4.61117,-40.80171,neutral,good
1783252804.328125,42,0,0.999639,0.002394,0.026870,-0.019677,0.016039,0.012613,1.017170,30.81459,-4.61181,-40.80164,neutral,good
1783252804.335938,43,0,0.999641,0.002286,0.026778,-0.019706,-0.007893,0.017365,1.013934,30.81400,-4.61246,-40.80157,neutral,good
1783252804.343750,44,0,0.999644,0.002177,0.026685,-0.019733,0.005627,0.012154,1.016554,30.81344,-4.61311,-40.80151,neutral,good
1783252804.351562,45,0,0.999646,0.002069,0.026592,-0.019759,-0.016158,0.010916,1.005689,30.81288,-4.61375,-40.80144,neutral,good
1783252804.359375,46,0,0.999649,0.001960,0.026499,-0.019784,0.001046,-0.000861,0.999411,30.81233,-4.61439,-40.80138,neutral,good
1783252804.367188,47,0,0.999651,0.001852,0.026406,-0.019807,-0.010917,0.011790,1.012248,30.81180,-4.61503,-40.80132,neutral,good
1783252804.375000,48,0,0.999654,0.001743,0.026311,-0.019829,0.006040,0.004357,1.014753,30.81128,-4.61567,-40.80126,neutral,good
1783252804.382812,49,0,0.999656,0.001634,0.026217,-0.019850,-0.007906,0.006577,1.006103,30.81076,-4.61631,-40.80121,neutral,good
1783252804.390625,50,0,0.999659,0.001526,0.026122,-0.019869,0.001243,0.001533,1.021326,30.81026,-4.61694,-40.80115,neutral,good
1783252804.398438,51,0,0.999661,0.001417,0.026026,-0.019887,0.000380,0.003225,1.009717,30.80978,-4.61757,-40.80109,neutral,good
1783252804.406250,52,0,0.999664,0.001308,0.025930,-0.019904,-0.009828,0.003908,1.012081,30.80930,-4.61820,-40.80104,neutral,good
1783252804.414062,53,0,0.999666,0.001199,0.025834,-0.019919,-0.009750,0.002712,1.007390,30.80883,-4.61883,-40.80099,neutral,good
1783252804.421875,54,0,0.999669,0.001090,0.025737,-0.019933,-0.019664,-0.004345,1.010334,30.80838,-4.61946,-40.80094,neutral,good
1783252804.429688,55,0,0.999671,0.000981,0.025640,-0.019946,-0.002708,0.007200,1.005900,30.80794,-4.62009,-40.80089,neutral,good
1783252804.437500,56,0,0.999674,0.000872,0.025542,-0.019957,-0.013145,0.003917,1.003653,30.80751,-4.62071,-40.80084,neutral,good
1783252804.445312,57,0,0.999676,0.000763,0.025444,-0.019967,-0.016812,0.002311,1.009830,30.80709,-4.62133,-40.80079,neutral,good
1783252804.453125,58,0,0.999679,0.000654,0.025346,-0.019976,-0.014249,0.013924,1.020490,30.80668,-4.62195,-40.80075,neutral,good
1783252804.460938,59,0,0.999681,0.000545,0.025247,-0.019983,-0.001518,-0.000854,0.999730,30.80629,-4.62257,-40.80070,neutral,good
1783252804.468750,60,0,0.999684,0.000436,0.025148,-0.019989,-0.012080,0.001694,1.014299,30.80591,-4.62319,-40.80066,neutral,good
1783252804.476562,61,0,0.999686,0.000327,0.025048,-0.019994,-0.010788,0.001751,1.009430,30.80554,-4.62380,-40.80062,neutral,good
1783252804.484375,62,0,0.999689,0.000218,0.024948,-0.019997,-0.014359,-0.001388,1.003973,30.80518,-4.62442,-40.80058,neutral,good
1783252804.492188,63,0,0.999691,0.000109,0.024847,-0.019999,-0.008924,0.020117,1.015193,30.80483,-4.62503,-40.80054,neutral,good
1783252804.500000,64,0,0.999694,0.000000,0.024746,-0.020000,-0.011702,0.008837,1.002582,30.80449,-4.62563,-40.80050,neutral,good
1783252804.507812,65,0,0.999696,-0.000109,0.024645,-0.019999,-0.024265,0.016008,1.013555,30.80417,-4.62624,-40.80046,neutral,good
1783252804.515625,66,0,0.999699,-0.000218,0.024543,-0.019997,-0.007322,0.003190,0.991538,30.80386,-4.62685,-40.80043,neutral,good
1783252804.523438,67,0,0.999701,-0.000327,0.024441,-0.019994,-0.023532,-0.006581,1.002196,30.80356,-4.62745,-40.80040,neutral,good
1783252804.531250,68,0,0.999704,-0.000436,0.024338,-0.019989,0.004706,0.023210,1.012074,30.80327,-4.62805,-40.80036,neutral,good
1783252804.539062,69,0,0.999706,-0.000545,0.024235,-0.019983,-0.011511,0.013472,1.003968,30.80300,-4.62865,-40.80033,neutral,good
1783252804.546875,70,0,0.999709,-0.000654,0.024132,-0.019976,-0.021281,0.006967,1.016773,30.80273,-4.62925,-40.80030,neutral,good
1783252804.554688,71,0,0.999711,-0.000763,0.024028,-0.019967,-0.028982,0.006956,1.003533,30.80248,-4.62984,-40.80028,neutral,good
1783252804.562500,72,0,0.999714,-0.000872,0.023923,-0.019957,-0.014541,0.012070,1.004512,30.80224,-4.63044,-40.80025,neutral,good
1783252804.570312,73,0,0.999716,-0.000981,0.023819,-0.019946,-0.013782,0.004529,1.012521,30.80202,-4.63103,-40.80022,neutral,good
1783252804.578125,74,0,0.999719,-0.001090,0.023714,-0.019933,-0.003954,0.017696,1.012332,30.80180,-4.63162,-40.80020,neutral,good
1783252804.585938,75,0,0.999721,-0.001199,0.023608,-0.019919,-0.027698,0.004037,1.008076,30.80160,-4.63220,-40.80018,neutral,good
1783252804.593750,76,0,0.999724,-0.001308,0.023502,-0.019904,-0.005747,0.006633,1.020464,30.80141,-4.63279,-40.80016,neutral,good
1783252804.601562,77,0,0.999726,-0.001417,0.023396,-0.019887,-0.027551,0.005498,1.008290,30.80123,-4.63337,-40.80014,neutral,good
1783252804.609375,78,0,0.999729,-0.001526,0.023290,-0.019869,-0.004769,0.018459,1.006336,30.80106,-4.63395,-40.80012,neutral,good
1783252804.617188,79,0,0.999731,-0.001634,0.023182,-0.019850,-0.024961,0.012610,1.010818,30.80091,-4.63453,-40.80010,neutral,good
1783252804.625000,80,0,0.999734,-0.001743,0.023075,-0.019829,-0.013207,0.013366,1.003811,30.80076,-4.63511,-40.80008,neutral,good
1783252804.632812,81,0,0.999736,-0.001852,0.022967,-0.019807,-0.011268,-0.000454,0.999615,30.80063,-4.63568,-40.80007,neutral,good
1783252804.640625,82,0,0.999739,-0.001960,0.022859,-0.019784,-0.016032,0.007210,1.010541,30.80051,-4.63626,-40.80006,neutral,good
1783252804.648438,83,0,0.999741,-0.002069,0.022750,-0.019759,-0.012390,0.011100,1.006169,30.80041,-4.63683,-40.80005,neutral,good
1783252804.656250,84,0,0.999744,-0.002177,0.022642,-0.019733,-0.012227,0.013497,0.993746,30.80032,-4.63740,-40.80004,neutral,good
1783252804.664062,85,0,0.999746,-0.002286,0.022532,-0.019706,-0.030440,0.004769,1.004796,30.80023,-4.63796,-40.80003,neutral,good
1783252804.671875,86,0,0.999749,-0.002394,0.022422,-0.019677,-0.016653,0.009966,1.009140,30.80016,-4.63853,-40.80002,neutral,good
1783252804.679688,87,0,0.999751,-0.002502,0.022312,-0.019647,-0.029428,0.008804,1.010431,30.80011,-4.63909,-40.80001,neutral,good
1783252804.687500,88,0,0.999754,-0.002611,0.022202,-0.019616,-0.006009,0.003611,0.998155,30.80006,-4.63965,-40.80001,neutral,good
1783252804.695312,89,0,0.999756,-0.002719,0.022091,-0.019583,-0.035825,0.002974,1.002187,30.80003,-4.64021,-40.80000,neutral,good
1783252804.703125,90,0,0.999758,-0.002827,0.021980,-0.019549,-0.019600,-0.006396,1.008165,30.80001,-4.64076,-40.80000,neutral,good
1783252804.710938,91,0,0.999761,-0.002935,0.021868,-0.019514,-0.007957,-0.004667,1.006230,30.80000,-4.64132,-40.80000,neutral,good
1783252804.718750,92,0,0.999763,-0.003042,0.021756,-0.019478,-0.007051,-0.005937,1.004985,30.80000,-4.64187,-40.80000,neutral,good
1783252804.726562,93,0,0.999766,-0.003150,0.021644,-0.019440,-0.012174,0.005594,1.015628,30.80002,-4.64242,-40.80000,neutral,good
1783252804.734375,94,0,0.999768,-0.003258,0.021531,-0.019401,-0.025299,0.007004,1.002160,30.80005,-4.64297,-40.80001,neutral,good
1783252804.742188,95,0,0.999771,-0.003365,0.021418,-0.019360,-0.002716,0.002347,1.007082,30.80009,-4.64351,-40.80001,neutral,good
1783252804.750000,96,0,0.999773,-0.003473,0.021305,-0.019319,-0.006425,0.015616,0.997675,30.80014,-4.64406,-40.80002,neutral,good
1783252804.757812,97,0,0.999775,-0.003580,0.021191,-0.019276,-0.008719,0.004498,1.001373,30.80021,-4.64460,-40.80002,neutral,good
1783252804.765625,98,0,0.999778,-0.003688,0.021077,-0.019231,-0.016906,0.012809,0.995733,30.80028,-4.64514,-40.80003,neutral,good
1783252804.773438,99,0,0.999780,-0.003795,0.020963,-0.019186,-0.020963,0.009392,0.992679,30.80037,-4.64567,-40.80004,neutral,good
1783252804.781250,100,0,0.999783,-0.003902,0.020848,-0.019139,-0.027874,0.007757,1.000007,30.80047,-4.64621,-40.80005,neutral,good
1783252804.789062,101,0,0.999785,-0.004009,0.020733,-0.019091,-0.023693,0.010505,1.006992,30.80059,-4.64674,-40.80007,neutral,good
1783252804.796875,102,0,0.999787,-0.004116,0.020617,-0.019041,-0.022366,0.004556,0.999975,30.80071,-4.64727,-40.80008,neutral,good
1783252804.804688,103,0,0.999790,-0.004222,0.020501,-0.018991,-0.030085,0.003818,1.005570,30.80085,-4.64779,-40.80009,neutral,good
1783252804.812500,104,0,0.999792,-0.004329,0.020385,-0.018939,-0.009278,0.006110,0.997841,30.80100,-4.64832,-40.80011,neutral,good
1783252804.820312,105,0,0.999795,-0.004435,0.020269,-0.018885,-0.026180,0.009094,0.992735,30.80116,-4.64884,-40.80013,neutral,good
1783252804.828125,106,0,0.999797,-0.004542,0.020152,-0.018831,-0.032441,0.009973,1.004060,30.80134,-4.64936,-40.80015,neutral,good
1783252804.835938,107,0,0.999799,-0.004648,0.020035,-0.018775,-0.014455,0.001419,1.005888,30.80152,-4.64988,-40.80017,neutral,good
1783252804.843750,108,0,0.999802,-0.004754,0.019917,-0.018718,-0.028947,0.002108,0.992816,30.80172,-4.65040,-40.80019,neutral,good
1783252804.851562,109,0,0.999804,-0.004860,0.019799,-0.018660,-0.028494,0.009778,1.002825,30.80193,-4.65091,-40.80022,neutral,good
1783252804.859375,110,0,0.999806,-0.004965,0.019681,-0.018600,-0.023432,0.017560,0.999855,30.80216,-4.65142,-40.80024,neutral,good
1783252804.867188,111,0,0.999809,-0.005071,0.019563,-0.018540,-0.025145,0.005872,0.999327,30.80239,-4.65193,-40.80027,neutral,good
1783252804.875000,112,0,0.999811,-0.005176,0.019444,-0.018478,-0.025864,-0.003249,1.001821,30.80264,-4.65244,-40.80029,neutral,good
1783252804.882812,113,0,0.999813,-0.005282,0.019325,-0.018414,-0.023866,0.001440,0.998862,30.80290,-4.65294,-40.80032,neutral,good
1783252804.890625,114,0,0.999816,-0.005387,0.019205,-0.018350,-0.034419,-0.002172,0.995781,30.80317,-4.65345,-40.80035,neutral,good
1783252804.898438,115,0,0.999818,-0.005492,0.019085,-0.018284,-0.006306,0.008530,1.000700,30.80345,-4.65395,-40.80038,neutral,good
1783252804.906250,116,0,0.999820,-0.005597,0.018965,-0.018217,-0.033204,0.005024,0.997016,30.80375,-4.65444,-40.80042,neutral,good
1783252804.914062,117,0,0.999822,-0.005701,0.018845,-0.018149,-0.017312,0.020137,0.987286,30.80405,-4.65494,-40.80045,neutral,good
1783252804.921875,118,0,0.999825,-0.005806,0.018724,-0.018080,-0.027707,0.017087,0.990675,30.80437,-4.65543,-40.80049,neutral,good
1783252804.929688,119,0,0.999827,-0.005910,0.018603,-0.018009,-0.017927,0.011840,0.999661,30.80470,-4.65592,-40.80052,neutral,good
1783252804.937500,120,0,0.999829,-0.006014,0.018481,-0.017937,-0.031652,-0.003311,1.003490,30.80505,-4.65641,-40.80056,neutral,good
1783252804.945312,121,0,0.999831,-0.006118,0.018360,-0.017864,-0.021236,0.020902,0.991535,30.80540,-4.65690,-40.80060,neutral,good
1783252804.953125,122,0,0.999834,-0.006222,0.018238,-0.017790,-0.027915,0.015212,1.000264,30.80577,-4.65738,-40.80064,neutral,good
1783252804.960938,123,0,0.999836,-0.006325,0.018115,-0.017715,-0.010680,0.005907,0.999719,30.80615,-4.65786,-40.80069,neutral,good
1783252804.968750,124,0,0.999838,-0.006429,0.017993,-0.017638,-0.014181,0.000411,0.997629,30.80654,-4.65834,-40.80073,neutral,good
1783252804.976562,125,0,0.999840,-0.006532,0.017870,-0.017561,-0.026825,0.015278,1.002006,30.80694,-4.65882,-40.80077,neutral,good
1783252804.984375,126,0,0.999843,-0.006635,0.017746,-0.017482,-0.035605,0.013976,0.985846,30.80735,-4.65929,-40.80082,neutral,good
1783252804.992188,127,0,0.999845,-0.006738,0.017623,-0.017402,-0.024182,0.021522,1.003565,30.80778,-4.65976,-40.80087,neutral,good
1783252805.000000,0,0,0.999847,-0.006840,0.017499,-0.017321,-0.024057,0.002036,0.995407,30.80822,-4.66023,-40.80092,stress,good
1783252805.007812,1,0,0.999849,-0.006943,0.017375,-0.017238,-0.024142,0.007164,0.984135,30.80866,-4.66070,-40.80097,stress,good
1783252805.015625,2,0,0.999851,-0.007045,0.017251,-0.017155,-0.021427,0.013407,0.997714,30.80912,-4.66116,-40.80102,stress,good
1783252805.023438,3,0,0.999853,-0.007147,0.017126,-0.017070,-0.021819,0.014109,0.995731,30.80960,-4.66162,-40.80107,stress,good
1783252805.031250,4,0,0.999855,-0.007249,0.017001,-0.016984,-0.032317,-0.002931,0.994458,30.81008,-4.66208,-40.80113,stress,good
1783252805.039062,5,0,0.999858,-0.007350,0.016876,-0.016897,-0.024923,0.005944,1.007299,30.81058,-4.66254,-40.80118,stress,good
1783252805.046875,6,0,0.999860,-0.007452,0.016750,-0.016809,-0.030572,-0.000141,0.989383,30.81108,-4.66299,-40.80124,stress,good
1783252805.054688,7,0,0.999862,-0.007553,0.016624,-0.016720,-0.030073,-0.008606,0.989689,30.81160,-4.66344,-40.80130,stress,good
1783252805.062500,8,0,0.999864,-0.007654,0.016498,-0.016629,-0.023354,-0.012854,0.992373,30.81213,-4.66389,-40.80136,stress,good
1783252805.070312,9,0,0.999866,-0.007754,0.016372,-0.016538,-0.006665,0.004354,0.986147,30.81267,-4.66434,-40.80142,stress,good
1783252805.078125,10,0,0.999868,-0.007855,0.016245,-0.016445,-0.008108,0.005900,0.995004,30.81323,-4.66478,-40.80148,stress,good
1783252805.085938,11,0,0.999870,-0.007955,0.016118,-0.016352,-0.006692,0.017056,0.982213,30.81379,-4.66522,-40.80155,stress,good
1783252805.093750,12,0,0.999872,-0.008055,0.015991,-0.016257,-0.019713,-0.000382,0.978722,30.81437,-4.66566,-40.80161,stress,good
1783252805.101562,13,0,0.999874,-0.008155,0.015863,-0.016161,-0.021636,-0.008024,0.989719,30.81496,-4.66610,-40.80168,stress,good
1783252805.109375,14,0,0.999876,-0.008254,0.015736,-0.016064,-0.021485,-0.000259,1.005704,30.81555,-4.66653,-40.80175,stress,good
1783252805.117188,15,0,0.999878,-0.008353,0.015608,-0.015966,-0.012634,0.020881,0.990826,30.81616,-4.66696,-40.80182,stress,good
1783252805.125000,16,0,0.999880,-0.008452,0.015479,-0.015867,-0.013378,-0.001745,0.986442,30.81678,-4.66739,-40.80189,stress,good
1783252805.132812,17,0,0.999882,-0.008551,0.015351,-0.015767,-0.016450,-0.001613,0.984188,30.81742,-4.66782,-40.80196,stress,good
1783252805.140625,18,0,0.999884,-0.008649,0.015222,-0.015666,-0.022205,0.005876,0.995438,30.81806,-4.66824,-40.80203,stress,good
1783252805.148438,19,0,0.999886,-0.008748,0.015093,-0.015563,-0.010457,0.001160,0.990564,30.81871,-4.66866,-40.80211,stress,good
1783252805.156250,20,0,0.999888,-0.008846,0.014964,-0.015460,-0.005041,0.014591,0.978015,30.81938,-4.66908,-40.80219,stress,good
1783252805.164062,21,0,0.999890,-0.008943,0.014834,-0.015356,-0.012687,-0.000971,0.991059,30.82006,-4.66950,-40.80226,stress,good
1783252805.171875,22,0,0.999892,-0.009041,0.014705,-0.015251,-0.034268,-0.013113,0.983818,30.82074,-4.66991,-40.80234,stress,good
1783252805.179688,23,0,0.999894,-0.009138,0.014575,-0.015144,-0.009319,0.006220,0.993117,30.82144,-4.67032,-40.80242,stress,good
1783252805.187500,24,0,0.999896,-0.009235,0.014444,-0.015037,-0.017807,-0.006221,0.984501,30.82215,-4.67073,-40.80250,stress,good
1783252805.195312,25,0,0.999898,-0.009331,0.014314,-0.014928,-0.012212,0.008325,0.989991,30.82287,-4.67114,-40.80259,stress,good
1783252805.203125,26,0,0.999899,-0.009428,0.014183,-0.014819,-0.026521,0.004252,0.985537,30.82360,-4.67154,-40.80267,stress,good
1783252805.210938,27,0,0.999901,-0.009524,0.014052,-0.014709,-0.010942,0.001601,0.979135,30.82434,-4.67194,-40.80276,stress,good
1783252805.218750,28,0,0.999903,-0.009620,0.013921,-0.014597,-0.014151,-0.006361,1.000306,30.82510,-4.67234,-40.80284,stress,good
1783252805.226562,29,0,0.999905,-0.009715,0.013789,-0.014485,-0.004412,0.008071,0.993442,30.82586,-4.67273,-40.80293,stress,good
1783252805.234375,30,0,0.999907,-0.009810,0.013658,-0.014372,-0.008372,0.010547,0.985747,30.82663,-4.67312,-40.80302,stress,good
1783252805.242188,31,0,0.999909,-0.009905,0.013526,-0.014257,0.002373,-0.001695,0.983726,30.82742,-4.67351,-40.80311,stress,good
1783252805.250000,32,0,0.999910,-0.010000,0.013394,-0.014142,-0.012441,-0.004214,1.001668,30.82821,-4.67390,-40.80320,stress,good
1783252805.257812,33,0,0.999912,-0.010094,0.013261,-0.014026,-0.017634,-0.010160,0.990475,30.82902,-4.67429,-40.80330,stress,good
1783252805.265625,34,0,0.999914,-0.010188,0.013129,-0.013909,-0.023165,0.008791,0.990457,30.82983,-4.67467,-40.80339,stress,good
1783252805.273438,35,0,0.999916,-0.010282,0.012996,-0.013791,-0.022254,-0.000941,0.990355,30.83066,-4.67505,-40.80349,stress,good
1783252805.281250,36,0,0.999917,-0.010375,0.012863,-0.013672,-0.012679,-0.002513,0.989338,30.83150,-4.67542,-40.80358,stress,good
1783252805.289062,37,0,0.999919,-0.010468,0.012729,-0.013552,-0.010298,-0.001541,0.986497,30.83234,-4.67580,-40.80368,stress,good
1783252805.296875,38,0,0.999921,-0.010561,0.012596,-0.013431,-0.021990,0.005612,0.993365,30.83320,-4.67617,-40.80378,stress,good
1783252805.304688,39,0,0.999922,-0.010654,0.012462,-0.013309,-0.019803,-0.005331,0.976961,30.83407,-4.67654,-40.80389,stress,good
1783252805.312500,40,0,0.999924,-0.010746,0.012328,-0.013187,-0.018741,-0.003584,0.984302,30.83495,-4.67690,-40.80399,stress,good
1783252805.320312,41,0,0.999926,-0.010838,0.012194,-0.013063,-0.002409,0.003485,0.991537,30.83583,-4.67727,-40.80409,stress,good
1783252805.328125,42,0,0.999927,-0.010929,0.012060,-0.012939,-0.012242,0.006988,0.986288,30.83673,-4.67763,-40.80420,stress,good
1783252805.335938,43,0,0.999929,-0.011020,0.011926,-0.012814,-0.009034,0.005720,0.985353,30.83764,-4.67798,-40.80430,stress,good
1783252805.343750,44,0,0.999930,-0.011111,0.011791,-0.012688,-0.014344,-0.011263,0.978077,30.83856,-4.67834,-40.80441,stress,good
1783252805.351562,45,0,0.999932,-0.011202,0.011656,-0.012561,-0.016104,-0.000636,0.989058,30.83948,-4.67869,-40.80452,stress,good
1783252805.359375,46,0,0.999934,-0.011292,0.011521,-0.012433,-0.013826,-0.009858,0.992352,30.84042,-4.67904,-40.80463,stress,good
1783252805.367188,47,0,0.999935,-0.011382,0.011386,-0.012305,-0.023574,-0.001520,0.988678,30.84137,-4.67939,-40.80475,stress,good
1783252805.375000,48,0,0.999937,-0.011471,0.011250,-0.012175,-0.015639,-0.001997,0.978168,30.84232,-4.67973,-40.80486,stress,good
1783252805.382812,49,0,0.999938,-0.011560,0.011114,-0.012045,-0.001152,-0.006848,0.990899,30.84329,-4.68007,-40.80497,stress,good
1783252805.390625,50,0,0.999940,-0.011649,0.010979,-0.011914,-0.017156,-0.010555,0.983602,30.84426,-4.68041,-40.80509,stress,good
1783252805.398438,51,0,0.999941,-0.011738,0.010843,-0.011782,-0.019012,-0.014011,0.995742,30.84525,-4.68075,-40.80521,stress,good
1783252805.406250,52,0,0.999943,-0.011826,0.010706,-0.011650,-0.012841,-0.008381,0.979468,30.84624,-4.68108,-40.80533,stress,good
1783252805.414062,53,0,0.999944,-0.011914,0.010570,-0.011516,-0.015960,-0.003344,0.982441,30.84725,-4.68141,-40.80545,stress,good
1783252805.421875,54,0,0.999946,-0.012001,0.010433,-0.011382,-0.005983,0.003708,0.988922,30.84826,-4.68174,-40.80557,stress,good
1783252805.429688,55,0,0.999947,-0.012088,0.010297,-0.011247,-0.021350,-0.008182,0.985200,30.84928,-4.68206,-40.80569,stress,good
1783252805.437500,56,0,0.999948,-0.012175,0.010160,-0.011111,-0.021612,-0.005234,0.994802,30.85031,-4.68239,-40.80581,stress,good
1783252805.445312,57,0,0.999950,-0.012261,0.010023,-0.010975,0.001791,0.006673,0.992255,30.85136,-4.68270,-40.80594,stress,good
1783252805.453125,58,0,0.999951,-0.012347,0.009885,-0.010838,-0.021852,-0.006696,0.987504,30.85241,-4.68302,-40.80607,stress,good
1783252805.460938,59,0,0.999952,-0.012433,0.009748,-0.010700,-0.009165,-0.006559,0.994162,30.85346,-4.68333,-40.80619,stress,good
1783252805.468750,60,0,0.999954,-0.012518,0.009610,-0.010561,-0.007666,-0.018658,0.974221,30.85453,-4.68365,-40.80632,stress,good
1783252805.476562,61,0,0.999955,-0.012603,0.009473,-0.010422,-0.000637,-0.012652,0.988236,30.85561,-4.68395,-40.80645,stress,good
1783252805.484375,62,0,0.999956,-0.012688,0.009335,-0.010282,0.029110,-0.000471,0.982548,30.85669,-4.68426,-40.80659,stress,good
1783252805.492188,63,0,0.999958,-0.012772,0.009197,-0.010141,-0.015670,-0.018449,0.976248,30.85779,-4.68456,-40.80672,stress,good
1783252805.500000,64,0,0.999959,-0.012855,0.009059,-0.010000,-0.017866,0.005442,0.984756,30.85889,-4.68486,-40.80685,stress,good
1783252805.507812,65,0,0.999960,-0.012939,0.008920,-0.009858,0.008361,-0.007843,0.979705,30.86000,-4.68516,-40.80699,stress,good
1783252805.515625,66,0,0.999961,-0.013022,0.008782,-0.009715,-0.001823,-0.002785,0.991015,30.86112,-4.68545,-40.80713,stress,good
1783252805.523438,67,0,0.999963,-0.013104,0.008643,-0.009572,0.002187,-0.002317,0.989663,30.86225,-4.68574,-40.80726,stress,good
1783252805.531250,68,0,0.999964,-0.013187,0.008504,-0.009428,-0.007786,0.011242,0.987491,30.86339,-4.68603,-40.80740,stress,good
1783252805.539062,69,0,0.999965,-0.013268,0.008365,-0.009283,-0.011893,0.005172,0.977388,30.86453,-4.68632,-40.80755,stress,good
1783252805.546875,70,0,0.999966,-0.013350,0.008226,-0.009138,0.009974,0.008688,0.993017,30.86569,-4.68660,-40.80769,stress,good
1783252805.554688,71,0,0.999967,-0.013431,0.008087,-0.008992,0.001264,-0.012146,0.980744,30.86685,-4.68688,-40.80783,stress,good
1783252805.562500,72,0,0.999968,-0.013511,0.007948,-0.008846,-0.009173,-0.002434,0.992119,30.86802,-4.68716,-40.80798,stress,good
1783252805.570312,73,0,0.999970,-0.013592,0.007808,-0.008699,-0.000169,-0.005099,0.985473,30.86920,-4.68743,-40.80812,stress,good
1783252805.578125,74,0,0.999971,-0.013671,0.007668,-0.008551,-0.003025,-0.012179,0.984709,30.87038,-4.68770,-40.80827,stress,good
1783252805.585938,75,0,0.999972,-0.013751,0.007529,-0.008403,-0.009472,-0.015236,0.989747,30.87158,-4.68797,-40.80842,stress,good
1783252805.593750,76,0,0.999973,-0.013830,0.007389,-0.008254,-0.004119,-0.026656,0.983590,30.87278,-4.68823,-40.80857,stress,good
1783252805.601562,77,0,0.999974,-0.013908,0.007249,-0.008105,0.011933,-0.008523,0.977907,30.87399,-4.68850,-40.80872,stress,good
1783252805.609375,78,0,0.999975,-0.013987,0.007109,-0.007955,0.007790,0.000482,0.997674,30.87521,-4.68876,-40.80887,stress,good
1783252805.617188,79,0,0.999976,-0.014064,0.006968,-0.007805,-0.006010,-0.002256,0.981830,30.87643,-4.68901,-40.80903,stress,good
1783252805.625000,80,0,0.999977,-0.014142,0.006828,-0.007654,0.019489,-0.013117,0.994797,30.87766,-4.68927,-40.80918,stress,good
1783252805.632812,81,0,0.999978,-0.014219,0.006688,-0.007502,-0.004287,-0.005300,0.994820,30.87890,-4.68952,-40.80934,stress,good
1783252805.640625,82,0,0.999979,-0.014295,0.006547,-0.007350,0.011909,-0.014727,0.992294,30.88015,-4.68977,-40.80950,stress,good
1783252805.648438,83,0,0.999979,-0.014371,0.006406,-0.007198,0.002106,-0.002313,0.995709,30.88141,-4.69001,-40.80966,stress,good
1783252805.656250,84,0,0.999980,-0.014447,0.006266,-0.007045,-0.001466,-0.024427,0.991221,30.88267,-4.69025,-40.80982,stress,good
1783252805.664062,85,0,0.999981,-0.014522,0.006125,-0.006892,0.016892,-0.012353,0.990861,30.88394,-4.69049,-40.80998,stress,good
1783252805.671875,86,0,0.999982,-0.014597,0.005984,-0.006738,0.004340,-0.024342,0.989860,30.88521,-4.69073,-40.81014,stress,good
1783252805.679688,87,0,0.999983,-0.014671,0.005843,-0.006584,0.006551,-0.009141,0.983234,30.88649,-4.69096,-40.81031,stress,good
1783252805.687500,88,0,0.999984,-0.014745,0.005701,-0.006429,0.011080,-0.006672,0.994162,30.88778,-4.69119,-40.81047,stress,good
1783252805.695312,89,0,0.999985,-0.014818,0.005560,-0.006274,-0.005074,-0.006465,0.975707,30.88908,-4.69142,-40.81064,stress,good
1783252805.703125,90,0,0.999985,-0.014892,0.005419,-0.006118,0.009835,-0.003793,0.982321,30.89039,-4.69165,-40.81081,stress,good
1783252805.710938,91,0,0.999986,-0.014964,0.005277,-0.005962,-0.004510,-0.009153,0.991243,30.89170,-4.69187,-40.81098,stress,good
1783252805.718750,92,0,0.999987,-0.015036,0.005136,-0.005806,0.013154,-0.017893,0.981251,30.89301,-4.69209,-40.81115,stress,good
1783252805.726562,93,0,0.999988,-0.015108,0.004994,-0.005649,0.013586,0.008209,0.977019,30.89434,-4.69230,-40.81132,stress,good
1783252805.734375,94,0,0.999988,-0.015179,0.004852,-0.005492,0.007157,-0.002376,0.988019,30.89567,-4.69252,-40.81149,stress,good
1783252805.742188,95,0,0.999989,-0.015250,0.004710,-0.005334,0.011399,-0.010400,0.990154,30.89700,-4.69273,-40.81167,stress,good
1783252805.750000,96,0,0.999990,-0.015320,0.004568,-0.005176,0.000548,-0.016198,0.987605,30.89834,-4.69293,-40.81184,stress,good
1783252805.757812,97,0,0.999990,-0.015390,0.004426,-0.005018,0.011501,-0.018069,0.987924,30.89969,-4.69314,-40.81202,stress,good
1783252805.765625,98,0,0.999991,-0.015460,0.004284,-0.004860,-0.003923,-0.008576,0.987884,30.90105,-4.69334,-40.81220,stress,good
1783252805.773438,99,0,0.999991,-0.015529,0.004142,-0.004701,0.005280,-0.022652,0.988290,30.90241,-4.69354,-40.81238,stress,good
1783252805.781250,100,0,0.999992,-0.015597,0.004000,-0.004542,-0.009233,-0.005980,0.983734,30.90378,-4.69373,-40.81256,stress,good
1783252805.789062,101,0,0.999993,-0.015665,0.003858,-0.004382,0.009702,-0.019751,0.978354,30.90515,-4.69393,-40.81274,stress,good
1783252805.796875,102,0,0.999993,-0.015733,0.003715,-0.004222,-0.000419,-0.015168,0.991145,30.90653,-4.69412,-40.81293,stress,good
1783252805.804688,103,0,0.999994,-0.015800,0.003573,-0.004062,0.006685,-0.018672,0.987637,30.90791,-4.69430,-40.81311,stress,good
1783252805.812500,104,0,0.999994,-0.015866,0.003431,-0.003902,0.001885,-0.017077,0.992470,30.90930,-4.69449,-40.81330,stress,good
1783252805.820312,105,0,0.999995,-0.015933,0.003288,-0.003741,0.008256,-0.007190,0.984691,30.91070,-4.69467,-40.81348,stress,good
1783252805.828125,106,0,0.999995,-0.015998,0.003146,-0.003580,0.007814,-0.010461,0.986587,30.91210,-4.69485,-40.81367,stress,good
1783252805.835938,107,0,0.999995,-0.016063,0.003003,-0.003419,0.019988,-0.024308,0.973574,30.91350,-4.69502,-40.81386,stress,good
1783252805.843750,108,0,0.999996,-0.016128,0.002860,-0.003258,0.002722,-0.009740,0.982488,30.91491,-4.69519,-40.81405,stress,good
1783252805.851562,109,0,0.999996,-0.016192,0.002718,-0.003096,0.012977,0.007632,0.981585,30.91633,-4.69536,-40.81425,stress,good
1783252805.859375,110,0,0.999997,-0.016256,0.002575,-0.002935,0.022645,-0.001843,0.991260,30.91775,-4.69553,-40.81444,stress,good
1783252805.867188,111,0,0.999997,-0.016320,0.002432,-0.002773,0.009032,-0.004512,0.988287,30.91918,-4.69569,-40.81464,stress,good
1783252805.875000,112,0,0.999997,-0.016382,0.002289,-0.002611,0.007926,-0.010571,0.987026,30.92061,-4.69585,-40.81483,stress,good
1783252805.882812,113,0,0.999998,-0.016445,0.002146,-0.002448,0.023236,-0.011359,0.989851,30.92205,-4.69601,-40.81503,stress,good
1783252805.890625,114,0,0.999998,-0.016506,0.002003,-0.002286,0.007358,-0.015326,0.986138,30.92349,-4.69616,-40.81523,stress,good
1783252805.898438,115,0,0.999998,-0.016568,0.001860,-0.002123,0.013875,-0.012698,0.998919,30.92493,-4.69631,-40.81543,stress,good
1783252805.906250,116,0,0.999999,-0.016629,0.001717,-0.001960,0.014468,-0.024433,0.980881,30.92639,-4.69646,-40.81563,stress,good
1783252805.914062,117,0,0.999999,-0.016689,0.001574,-0.001797,0.004400,-0.004410,0.987178,30.92784,-4.69660,-40.81583,stress,good
1783252805.921875,118,0,0.999999,-0.016749,0.001431,-0.001634,0.005196,-0.005636,0.978413,30.92930,-4.69675,-40.81603,stress,good
1783252805.929688,119,0,0.999999,-0.016808,0.001288,-0.001471,0.019933,-0.015739,0.993737,30.93076,-4.69688,-40.81624,stress,good
1783252805.937500,120,0,0.999999,-0.016867,0.001145,-0.001308,0.000640,-0.003449,0.989925,30.93223,-4.69702,-40.81645,stress,good
1783252805.945312,121,0,0.999999,-0.016925,0.001002,-0.001145,0.008541,-0.020022,0.991155,30.93370,-4.69715,-40.81665,stress,good
1783252805.953125,122,0,1.000000,-0.016983,0.000859,-0.000981,0.025089,-0.023233,0.979245,30.93518,-4.69728,-40.81686,stress,good
1783252805.960938,123,0,1.000000,-0.017041,0.000716,-0.000818,0.010407,-0.004704,0.993737,30.93666,-4.69741,-40.81707,stress,good
1783252805.968750,124,0,1.000000,-0.017097,0.000573,-0.000654,0.006992,-0.019881,0.987411,30.93814,-4.69753,-40.81728,stress,good
1783252805.976562,125,0,1.000000,-0.017154,0.000430,-0.000491,0.020323,-0.020202,0.991763,30.93963,-4.69765,-40.81750,stress,good
1783252805.984375,126,0,1.000000,-0.017210,0.000286,-0.000327,0.022841,-0.013104,0.993247,30.94112,-4.69777,-40.81771,stress,good
1783252805.992188,127,0,1.000000,-0.017265,0.000143,-0.000164,0.010692,-0.015916,0.983189,30.94262,-4.69789,-40.81792,stress,good
1783252806.000000,0,0,1.000000,-0.017320,0.000000,-0.000000,0.020207,-0.013534,0.995155,30.94412,-4.69800,-40.81814,stress,good
1783252806.007812,1,0,1.000000,-0.017374,-0.000143,0.000164,0.019794,-0.023169,0.990924,30.94562,-4.69811,-40.81836,stress,good
1783252806.015625,2,0,1.000000,-0.017428,-0.000286,0.000327,0.016451,-0.002764,0.987249,30.94712,-4.69821,-40.81858,stress,good
1783252806.023438,3,0,1.000000,-0.017481,-0.000430,0.000491,0.011176,-0.013334,0.985926,30.94863,-4.69832,-40.81880,stress,good
1783252806.031250,4,0,1.000000,-0.017534,-0.000573,0.000654,0.024868,-0.015932,0.985516,30.95014,-4.69842,-40.81902,stress,good
1783252806.039062,5,0,1.000000,-0.017586,-0.000716,0.000818,0.010747,-0.016279,0.996937,30.95166,-4.69851,-40.81924,stress,good
1783252806.046875,6,0,1.000000,-0.017638,-0.000859,0.000981,0.019304,-0.003603,1.001315,30.95318,-4.69861,-40.81946,stress,good
1783252806.054688,7,0,0.999999,-0.017689,-0.001002,0.001145,0.020552,-0.003299,0.994164,30.95470,-4.69870,-40.81969,stress,good
1783252806.062500,8,0,0.999999,-0.017739,-0.001145,0.001308,0.021232,-0.003320,0.995202,30.95622,-4.69878,-40.81991,stress,good
1783252806.070312,9,0,0.999999,-0.017789,-0.001288,0.001471,0.011939,0.006213,0.994015,30.95775,-4.69887,-40.82014,stress,good
1783252806.078125,10,0,0.999999,-0.017839,-0.001431,0.001634,0.001589,-0.008538,0.998452,30.95927,-4.69895,-40.82037,stress,good
1783252806.085938,11,0,0.999999,-0.017888,-0.001574,0.001797,0.016245,-0.000584,0.991526,30.96081,-4.69903,-40.82060,stress,good
1783252806.093750,12,0,0.999999,-0.017936,-0.001717,0.001960,0.013975,-0.004392,0.992948,30.96234,-4.69910,-40.82083,stress,good
1783252806.101562,13,0,0.999998,-0.017984,-0.001860,0.002123,0.015394,-0.015934,0.986032,30.96387,-4.69918,-40.82106,stress,good
1783252806.109375,14,0,0.999998,-0.018032,-0.002003,0.002286,0.027622,-0.010869,0.994302,30.96541,-4.69925,-40.82130,stress,good
1783252806.117188,15,0,0.999998,-0.018079,-0.002146,0.002448,0.017165,-0.000648,0.984873,30.96695,-4.69931,-40.82153,stress,good
1783252806.125000,16,0,0.999997,-0.018125,-0.002289,0.002611,0.025877,-0.002440,0.990681,30.96849,-4.69937,-40.82177,stress,good
1783252806.132812,17,0,0.999997,-0.018171,-0.002432,0.002773,0.019289,0.008161,0.996066,30.97004,-4.69943,-40.82200,stress,good
1783252806.140625,18,0,0.999997,-0.018216,-0.002575,0.002935,0.013899,-0.008321,0.999976,30.97158,-4.69949,-40.82224,stress,good
1783252806.148438,19,0,0.999996,-0.018261,-0.002718,0.003096,0.004959,-0.006041,0.987933,30.97313,-4.69955,-40.82248,stress,good
1783252806.156250,20,0,0.999996,-0.018305,-0.002860,0.003258,0.008205,-0.006033,0.995839,30.97468,-4.69960,-40.82272,stress,good
1783252806.164062,21,0,0.999995,-0.018349,-0.003003,0.003419,0.031265,-0.002876,0.992358,30.97623,-4.69965,-40.82296,stress,good
1783252806.171875,22,0,0.999995,-0.018392,-0.003146,0.003580,0.005044,-0.004854,0.996980,30.97778,-4.69969,-40.82320,stress,good
1783252806.179688,23,0,0.999995,-0.018435,-0.003288,0.003741,0.029612,0.006777,0.999395,30.97934,-4.69973,-40.82345,stress,good
1783252806.187500,24,0,0.999994,-0.018477,-0.003431,0.003902,0.021104,-0.007357,0.987841,30.98089,-4.69977,-40.82369,stress,good
1783252806.195312,25,0,0.999994,-0.018518,-0.003573,0.004062,0.018137,0.001044,1.001123,30.98245,-4.69981,-40.82394,stress,good
1783252806.203125,26,0,0.999993,-0.018559,-0.003715,0.004222,0.042020,-0.001850,0.990460,30.98401,-4.69984,-40.82419,stress,good
1783252806.210938,27,0,0.999993,-0.018599,-0.003858,0.004382,0.025820,-0.016200,1.000716,30.98556,-4.69987,-40.82444,stress,good
1783252806.218750,28,0,0.999992,-0.018639,-0.004000,0.004542,0.017452,-0.010415,0.994802,30.98712,-4.69990,-40.82469,stress,good
1783252806.226562,29,0,0.999991,-0.018678,-0.004142,0.004701,0.014645,-0.006494,0.992489,30.98868,-4.69992,-40.82494,stress,good
1783252806.234375,30,0,0.999991,-0.018717,-0.004284,0.004860,0.030889,0.007264,1.000872,30.99024,-4.69994,-40.82519,stress,good
1783252806.242188,31,0,0.999990,-0.018755,-0.004426,0.005018,0.023167,0.008399,1.001557,30.99180,-4.69996,-40.82544,stress,good
1783252806.250000,32,0,0.999990,-0.018793,-0.004568,0.005176,0.016948,0.004650,1.001146,30.99336,-4.69997,-40.82570,stress,good
1783252806.257812,33,0,0.999989,-0.018830,-0.004710,0.005334,0.021804,0.007558,0.992565,30.99493,-4.69998,-40.82596,stress,good
1783252806.265625,34,0,0.999988,-0.018866,-0.004852,0.005492,0.025553,-0.013361,1.001616,30.99649,-4.69999,-40.82621,stress,good
1783252806.273438,35,0,0.999988,-0.018902,-0.004994,0.005649,0.032018,-0.001070,1.002891,30.99805,-4.70000,-40.82647,stress,good
1783252806.281250,36,0,0.999987,-0.018937,-0.005136,0.005806,0.007638,-0.003780,1.000268,30.99961,-4.70000,-40.82673,stress,good
1783252806.289062,37,0,0.999986,-0.018972,-0.005277,0.005962,0.026403,-0.021729,0.993376,31.00118,-4.70000,-40.82699,stress,good
1783252806.296875,38,0,0.999985,-0.019006,-0.005419,0.006118,0.017977,-0.000017,1.001160,31.00274,-4.70000,-40.82725,stress,good
1783252806.304688,39,0,0.999985,-0.019040,-0.005560,0.006274,0.002251,0.004425,0.999778,31.00430,-4.69999,-40.82752,stress,good
1783252806.312500,40,0,0.999984,-0.019073,-0.005701,0.006429,0.012914,-0.016362,0.999678,31.00586,-4.69998,-40.82778,stress,good
1783252806.320312,41,0,0.999983,-0.019106,-0.005843,0.006584,0.015288,-0.006190,1.000225,31.00742,-4.69997,-40.82805,stress,good
1783252806.328125,42,0,0.999982,-0.019138,-0.005984,0.006738,0.012342,0.006517,0.989824,31.00898,-4.69995,-40.82831,stress,good
1783252806.335938,43,0,0.999981,-0.019169,-0.006125,0.006892,0.018530,-0.002135,1.005359,31.01055,-4.69993,-40.82858,stress,good
1783252806.343750,44,0,0.999980,-0.019200,-0.006266,0.007045,0.010633,-0.001980,0.989864,31.01211,-4.69991,-40.82885,stress,good
1783252806.351562,45,0,0.999979,-0.019230,-0.006406,0.007198,0.009718,-0.007245,0.993792,31.01366,-4.69988,-40.82912,stress,good
1783252806.359375,46,0,0.999979,-0.019260,-0.006547,0.007350,0.015617,0.004826,0.990705,31.01522,-4.69985,-40.82939,stress,good
1783252806.367188,47,0,0.999978,-0.019289,-0.006688,0.007502,0.026457,-0.004451,0.994211,31.01678,-4.69982,-40.82966,stress,good
1783252806.375000,48,0,0.999977,-0.019317,-0.006828,0.007654,0.017566,-0.008214,0.993102,31.01834,-4.69979,-40.82994,stress,good
1783252806.382812,49,0,0.999976,-0.019345,-0.006968,0.007805,0.023714,-0.003496,0.991381,31.01989,-4.69975,-40.83021,stress,good
1783252806.390625,50,0,0.999975,-0.019373,-0.007109,0.007955,0.010674,-0.005085,0.995416,31.02145,-4.69971,-40.83049,stress,good
1783252806.398438,51,0,0.999974,-0.019399,-0.007249,0.008105,0.018923,0.004801,1.007451,31.02300,-4.69967,-40.83076,stress,good
1783252806.406250,52,0,0.999973,-0.019426,-0.007389,0.008254,0.005316,-0.014013,0.986927,31.02455,-4.69962,-40.83104,stress,good
1783252806.414062,53,0,0.999972,-0.019451,-0.007529,0.008403,0.027286,0.023220,1.001244,31.02610,-4.69957,-40.83132,stress,good
1783252806.421875,54,0,0.999971,-0.019476,-0.007668,0.008551,0.015912,0.005411,1.000831,31.02765,-4.69952,-40.83160,stress,good
1783252806.429688,55,0,0.999970,-0.019501,-0.007808,0.008699,0.010368,-0.001335,0.992633,31.02920,-4.69946,-40.83188,stress,good
1783252806.437500,56,0,0.999968,-0.019525,-0.007948,0.008846,0.020689,-0.014168,0.996763,31.03074,-4.69940,-40.83217,stress,good
1783252806.445312,57,0,0.999967,-0.019548,-0.008087,0.008992,0.032203,0.001838,1.002769,31.03228,-4.69934,-40.83245,stress,good
1783252806.453125,58,0,0.999966,-0.019571,-0.008226,0.009138,0.016564,0.011633,0.992902,31.03382,-4.69928,-40.83273,stress,good
1783252806.460938,59,0,0.999965,-0.019593,-0.008365,0.009283,0.017289,0.012436,0.991854,31.03536,-4.69921,-40.83302,stress,good
1783252806.468750,60,0,0.999964,-0.019614,-0.008504,0.009428,0.030380,0.005892,0.995603,31.03690,-4.69914,-40.83331,stress,good
1783252806.476562,61,0,0.999963,-0.019635,-0.008643,0.009572,-0.000911,0.008170,0.992344,31.03843,-4.69907,-40.83360,stress,good
1783252806.484375,62,0,0.999961,-0.019656,-0.008782,0.009715,0.015725,-0.007196,1.003666,31.03997,-4.69899,-40.83389,stress,good
1783252806.492188,63,0,0.999960,-0.019676,-0.008920,0.009858,0.014527,-0.007407,1.003429,31.04150,-4.69891,-40.83418,stress,good
1783252806.500000,64,0,0.999959,-0.019695,-0.009059,0.010000,0.010083,0.019260,0.984127,31.04302,-4.69883,-40.83447,stress,good
1783252806.507812,65,0,0.999958,-0.019714,-0.009197,0.010141,0.013585,0.006029,1.012918,31.04455,-4.69874,-40.83476,stress,good
1783252806.515625,66,0,0.999956,-0.019732,-0.009335,0.010282,0.016613,0.001167,1.002491,31.04607,-4.69865,-40.83505,stress,good
1783252806.523438,67,0,0.999955,-0.019749,-0.009473,0.010422,0.019114,0.011776,1.007445,31.04759,-4.69856,-40.83535,stress,good
1783252806.531250,68,0,0.999954,-0.019766,-0.009610,0.010561,0.024043,0.013433,0.996643,31.04911,-4.69846,-40.83565,stress,good
1783252806.539062,69,0,0.999952,-0.019782,-0.009748,0.010700,0.022010,-0.004630,1.005463,31.05062,-4.69837,-40.83594,stress,good
1783252806.546875,70,0,0.999951,-0.019798,-0.009885,0.010838,0.011552,0.001460,1.009428,31.05213,-4.69826,-40.83624,stress,good
1783252806.554688,71,0,0.999950,-0.019813,-0.010023,0.010975,0.010206,0.011369,0.998948,31.05364,-4.69816,-40.83654,stress,good
1783252806.562500,72,0,0.999948,-0.019828,-0.010160,0.011111,0.018119,0.016633,1.008594,31.05514,-4.69805,-40.83684,stress,good
1783252806.570312,73,0,0.999947,-0.019842,-0.010297,0.011247,0.018541,-0.000929,1.010961,31.05664,-4.69794,-40.83714,stress,good
1783252806.578125,74,0,0.999946,-0.019855,-0.010433,0.011382,0.016518,-0.008141,1.001565,31.05814,-4.69783,-40.83745,stress,good
1783252806.585938,75,0,0.999944,-0.019868,-0.010570,0.011516,0.023126,-0.005927,1.005267,31.05963,-4.69771,-40.83775,stress,good
1783252806.593750,76,0,0.999943,-0.019880,-0.010706,0.011650,0.030282,0.013340,1.010051,31.06112,-4.69759,-40.83806,stress,good
1783252806.601562,77,0,0.999941,-0.019891,-0.010843,0.011782,0.021342,0.016709,1.003346,31.06261,-4.69747,-40.83836,stress,good
1783252806.609375,78,0,0.999940,-0.019902,-0.010979,0.011914,-0.015056,0.001439,1.009349,31.06409,-4.69735,-40.83867,stress,good
1783252806.617188,79,0,0.999938,-0.019913,-0.011114,0.012045,0.022553,0.015520,1.007745,31.06557,-4.69722,-40.83898,stress,good
1783252806.625000,80,0,0.999937,-0.019923,-0.011250,0.012175,0.035213,-0.002339,1.002061,31.06704,-4.69709,-40.83929,stress,good
1783252806.632812,81,0,0.999935,-0.019932,-0.011386,0.012305,0.018926,0.015357,0.999733,31.06851,-4.69695,-40.83960,stress,good
1783252806.640625,82,0,0.999934,-0.019940,-0.011521,0.012433,0.016065,0.015949,1.009163,31.06998,-4.69681,-40.83991,stress,good
1783252806.648438,83,0,0.999932,-0.019948,-0.011656,0.012561,0.000240,0.005154,1.010354,31.07144,-4.69667,-40.84022,stress,good
1783252806.656250,84,0,0.999930,-0.019956,-0.011791,0.012688,0.002605,-0.000214,1.009639,31.07289,-4.69653,-40.84054,stress,good
1783252806.664062,85,0,0.999929,-0.019963,-0.011926,0.012814,0.010012,0.021875,1.013702,31.07435,-4.69638,-40.84085,stress,good
1783252806.671875,86,0,0.999927,-0.019969,-0.012060,0.012939,0.006530,0.015414,1.007810,31.07580,-4.69623,-40.84117,stress,good
1783252806.679688,87,0,0.999926,-0.019975,-0.012194,0.013063,0.010830,0.008700,1.010399,31.07724,-4.69608,-40.84148,stress,good
1783252806.687500,88,0,0.999924,-0.019980,-0.012328,0.013187,0.012929,0.019888,1.000838,31.07868,-4.69593,-40.84180,stress,good
1783252806.695312,89,0,0.999922,-0.019984,-0.012462,0.013309,0.000346,0.022670,1.002477,31.08011,-4.69577,-40.84212,stress,good
1783252806.703125,90,0,0.999921,-0.019988,-0.012596,0.013431,-0.001109,0.007450,1.003857,31.08154,-4.69561,-40.84244,stress,good
1783252806.710938,91,0,0.999919,-0.019991,-0.012729,0.013552,0.020579,-0.011679,1.005945,31.08297,-4.69544,-40.84276,stress,good
1783252806.718750,92,0,0.999917,-0.019994,-0.012863,0.013672,-0.000822,0.017098,0.999212,31.08438,-4.69528,-40.84309,stress,good
1783252806.726562,93,0,0.999916,-0.019996,-0.012996,0.013791,0.016064,0.003368,1.010062,31.08580,-4.69511,-40.84341,stress,good
1783252806.734375,94,0,0.999914,-0.019997,-0.013129,0.013909,0.008082,0.017183,0.997497,31.08721,-4.69493,-40.84373,stress,good
1783252806.742188,95,0,0.999912,-0.019998,-0.013261,0.014026,0.002815,0.003479,1.011536,31.08861,-4.69476,-40.84406,stress,good
1783252806.750000,96,0,0.999910,-0.019999,-0.013394,0.014142,0.008159,0.007360,1.002026,31.09001,-4.69458,-40.84439,stress,good
1783252806.757812,97,0,0.999909,-0.019998,-0.013526,0.014257,0.011430,0.020240,1.002959,31.09140,-4.69439,-40.84471,stress,good
1783252806.765625,98,0,0.999907,-0.019997,-0.013658,0.014372,-0.002061,0.006830,0.992225,31.09279,-4.69421,-40.84504,stress,good
1783252806.773438,99,0,0.999905,-0.019996,-0.013789,0.014485,0.017121,0.023337,1.008258,31.09417,-4.69402,-40.84537,stress,good
1783252806.781250,100,0,0.999903,-0.019994,-0.013921,0.014597,0.020907,0.006807,1.004289,31.09555,-4.69383,-40.84570,stress,good
1783252806.789062,101,0,0.999901,-0.019991,-0.014052,0.014709,0.017399,0.019961,1.002133,31.09691,-4.69364,-40.84603,stress,good
1783252806.796875,102,0,0.999899,-0.019988,-0.014183,0.014819,0.005276,0.000656,1.024559,31.09828,-4.69344,-40.84637,stress,good
1783252806.804688,103,0,0.999898,-0.019984,-0.014314,0.014928,0.001475,0.009586,1.014991,31.09964,-4.69324,-40.84670,stress,good
1783252806.812500,104,0,0.999896,-0.019980,-0.014444,0.015037,0.010253,0.021839,1.008021,31.10099,-4.69304,-40.84704,stress,good
1783252806.820312,105,0,0.999894,-0.019975,-0.014575,0.015144,-0.006530,0.014836,1.007045,31.10233,-4.69283,-40.84737,stress,good
1783252806.828125,106,0,0.999892,-0.019969,-0.014705,0.015251,-0.010534,0.007113,1.013761,31.10367,-4.69262,-40.84771,stress,good
1783252806.835938,107,0,0.999890,-0.019963,-0.014834,0.015356,0.012170,-0.000789,1.006892,31.10501,-4.69241,-40.84805,stress,good
1783252806.843750,108,0,0.999888,-0.019956,-0.014964,0.015460,-0.001178,0.017732,1.014533,31.10633,-4.69220,-40.84839,stress,good
1783252806.851562,109,0,0.999886,-0.019948,-0.015093,0.015563,0.011517,-0.009424,1.012621,31.10765,-4.69198,-40.84873,stress,good
1783252806.859375,110,0,0.999884,-0.019940,-0.015222,0.015666,0.001770,0.019656,1.013339,31.10897,-4.69176,-40.84907,stress,good
1783252806.867188,111,0,0.999882,-0.019932,-0.015351,0.015767,0.018124,0.027242,1.014029,31.11027,-4.69153,-40.84941,stress,good
1783252806.875000,112,0,0.999880,-0.019923,-0.015479,0.015867,0.006466,0.004381,1.008261,31.11157,-4.69131,-40.84975,stress,good
1783252806.882812,113,0,0.999878,-0.019913,-0.015608,0.015966,-0.002247,0.013750,1.014404,31.11287,-4.69108,-40.85010,stress,good
1783252806.890625,114,0,0.999876,-0.019902,-0.015736,0.016064,-0.006378,0.025470,1.007306,31.11415,-4.69085,-40.85044,stress,good
1783252806.898438,115,0,0.999874,-0.019891,-0.015863,0.016161,0.009766,0.009771,1.009303,31.11543,-4.69061,-40.85079,stress,good
1783252806.906250,116,0,0.999872,-0.019880,-0.015991,0.016257,0.005248,0.009255,1.020535,31.11671,-4.69037,-40.85114,stress,good
1783252806.914062,117,0,0.999870,-0.019868,-0.016118,0.016352,0.007292,0.003374,1.016470,31.11797,-4.69013,-40.85149,stress,good
1783252806.921875,118,0,0.999868,-0.019855,-0.016245,0.016445,0.004037,-0.002979,1.015226,31.11923,-4.68989,-40.85183,stress,good
1783252806.929688,119,0,0.999866,-0.019842,-0.016372,0.016538,0.006460,0.005217,1.014044,31.12048,-4.68964,-40.85218,stress,good
1783252806.937500,120,0,0.999864,-0.019828,-0.016498,0.016629,-0.000673,0.018145,1.018432,31.12172,-4.68939,-40.85254,stress,good
1783252806.945312,121,0,0.999862,-0.019813,-0.016624,0.016720,0.014347,0.009578,1.004091,31.12296,-4.68914,-40.85289,stress,good
1783252806.953125,122,0,0.999860,-0.019798,-0.016750,0.016809,-0.016595,0.001692,1.017152,31.12419,-4.68888,-40.85324,stress,good
1783252806.960938,123,0,0.999858,-0.019782,-0.016876,0.016897,-0.000610,0.006711,1.012002,31.12541,-4.68863,-40.85360,stress,good
1783252806.968750,124,0,0.999855,-0.019766,-0.017001,0.016984,0.000118,0.005510,1.016345,31.12662,-4.68836,-40.85395,stress,good
1783252806.976562,125,0,0.999853,-0.019749,-0.017126,0.017070,0.004457,0.009517,0.998461,31.12783,-4.68810,-40.85431,stress,good
1783252806.984375,126,0,0.999851,-0.019732,-0.017251,0.017155,0.008107,0.010108,1.009072,31.12903,-4.68783,-40.85467,stress,good
1783252806.992188,127,0,0.999849,-0.019714,-0.017375,0.017238,-0.007571,0.006766,1.029017,31.13022,-4.68756,-40.85502,stress,good
1783252807.000000,0,0,0.999847,-0.019695,-0.017499,0.017321,0.000190,0.025624,1.018418,31.13140,-4.68729,-40.85538,stress,good
1783252807.007812,1,0,0.999845,-0.019676,-0.017623,0.017402,-0.009928,0.005246,1.010319,31.13257,-4.68702,-40.85574,stress,good
1783252807.015625,2,0,0.999843,-0.019656,-0.017746,0.017482,0.006920,-0.008665,1.013581,31.13374,-4.68674,-40.85610,stress,good
1783252807.023438,3,0,0.999840,-0.019635,-0.017870,0.017561,-0.007628,0.007769,1.023516,31.13489,-4.68646,-40.85647,stress,good
1783252807.031250,4,0,0.999838,-0.019614,-0.017993,0.017638,0.006802,-0.007125,1.001209,31.13604,-4.68617,-40.85683,stress,good
1783252807.039062,5,0,0.999836,-0.019593,-0.018115,0.017715,-0.007768,-0.006262,1.009787,31.13719,-4.68589,-40.85719,stress,good
1783252807.046875,6,0,0.999834,-0.019571,-0.018238,0.017790,-0.007714,0.015292,1.008667,31.13832,-4.68560,-40.85756,stress,good
1783252807.054688,7,0,0.999831,-0.019548,-0.018360,0.017864,0.012487,0.000921,1.019402,31.13944,-4.68530,-40.85793,stress,good
1783252807.062500,8,0,0.999829,-0.019525,-0.018481,0.017937,0.006597,0.002472,1.019392,31.14056,-4.68501,-40.85829,stress,good
1783252807.070312,9,0,0.999827,-0.019501,-0.018603,0.018009,0.004556,-0.004911,1.013392,31.14167,-4.68471,-40.85866,stress,good
1783252807.078125,10,0,0.999825,-0.019476,-0.018724,0.018080,-0.014016,0.005925,1.025899,31.14276,-4.68441,-40.85903,stress,good
1783252807.085938,11,0,0.999822,-0.019451,-0.018845,0.018149,-0.010216,0.013800,1.013617,31.14385,-4.68410,-40.85940,stress,good
1783252807.093750,12,0,0.999820,-0.019426,-0.018965,0.018217,-0.012248,0.019074,1.018058,31.14494,-4.68380,-40.85977,stress,good
1783252807.101562,13,0,0.999818,-0.019399,-0.019085,0.018284,-0.006454,0.001203,1.014602,31.14601,-4.68349,-40.86014,stress,good
1783252807.109375,14,0,0.999816,-0.019373,-0.019205,0.018350,-0.007934,-0.000633,1.013575,31.14707,-4.68318,-40.86051,stress,good
1783252807.117188,15,0,0.999813,-0.019345,-0.019325,0.018414,0.005913,0.008982,1.012808,31.14813,-4.68286,-40.86089,stress,good
1783252807.125000,16,0,0.999811,-0.019317,-0.019444,0.018478,-0.003334,0.007758,1.011163,31.14917,-4.68254,-40.86126,stress,good
1783252807.132812,17,0,0.999809,-0.019289,-0.019563,0.018540,-0.010820,0.013962,1.010039,31.15021,-4.68222,-40.86164,stress,good
1783252807.140625,18,0,0.999806,-0.019260,-0.019681,0.018600,0.010864,0.005660,1.010670,31.15123,-4.68190,-40.86202,stress,good
1783252807.148438,19,0,0.999804,-0.019230,-0.019799,0.018660,0.000722,0.000281,1.016151,31.15225,-4.68157,-40.86239,stress,good
1783252807.156250,20,0,0.999802,-0.019200,-0.019917,0.018718,-0.013851,0.008936,1.014398,31.15326,-4.68124,-40.86277,stress,good
1783252807.164062,21,0,0.999799,-0.019169,-0.020035,0.018775,0.009155,0.009339,1.018196,31.15426,-4.68091,-40.86315,stress,good
1783252807.171875,22,0,0.999797,-0.019138,-0.020152,0.018831,-0.002760,0.008865,1.014333,31.15525,-4.68058,-40.86353,stress,good
1783252807.179688,23,0,0.999795,-0.019106,-0.020269,0.018885,-0.021606,0.009594,1.000504,31.15623,-4.68024,-40.86391,stress,good
1783252807.187500,24,0,0.999792,-0.019073,-0.020385,0.018939,-0.004520,0.011850,1.021986,31.15720,-4.67990,-40.86429,stress,good
1783252807.195312,25,0,0.999790,-0.019040,-0.020501,0.018991,-0.013199,0.014659,1.012421,31.15816,-4.67956,-40.86468,stress,good
1783252807.203125,26,0,0.999787,-0.019006,-0.020617,0.019041,-0.009284,0.002836,1.011740,31.15911,-4.67921,-40.86506,stress,good
1783252807.210938,27,0,0.999785,-0.018972,-0.020733,0.019091,-0.005759,-0.001517,1.017684,31.16005,-4.67886,-40.86545,stress,good
1783252807.218750,28,0,0.999783,-0.018937,-0.020848,0.019139,-0.015299,0.006262,1.027691,31.16099,-4.67851,-40.86583,stress,good
1783252807.226562,29,0,0.999780,-0.018902,-0.020963,0.019186,-0.009392,-0.003574,1.012335,31.16191,-4.67816,-40.86622,stress,good
1783252807.234375,30,0,0.999778,-0.018866,-0.021077,0.019231,0.000707,0.012722,1.010736,31.16282,-4.67780,-40.86661,stress,good
1783252807.242188,31,0,0.999775,-0.018830,-0.021191,0.019276,-0.013922,-0.001632,1.011825,31.16372,-4.67745,-40.86699,stress,good
1783252807.250000,32,0,0.999773,-0.018793,-0.021305,0.019319,-0.011875,0.004152,1.009159,31.16462,-4.67708,-40.86738,stress,good
1783252807.257812,33,0,0.999771,-0.018755,-0.021418,0.019360,-0.007315,0.007371,1.017875,31.16550,-4.67672,-40.86777,stress,good
1783252807.265625,34,0,0.999768,-0.018717,-0.021531,0.019401,-0.014240,-0.000954,1.025253,31.16637,-4.67635,-40.86817,stress,good
1783252807.273438,35,0,0.999766,-0.018678,-0.021644,0.019440,0.000255,0.011037,1.011310,31.16723,-4.67598,-40.86856,stress,good
1783252807.281250,36,0,0.999763,-0.018639,-0.021756,0.019478,-0.010109,0.001641,1.003849,31.16808,-4.67561,-40.86895,stress,good
1783252807.289062,37,0,0.999761,-0.018599,-0.021868,0.019514,-0.014694,0.010261,1.007610,31.16893,-4.67523,-40.86934,stress,good
1783252807.296875,38,0,0.999758,-0.018559,-0.021980,0.019549,-0.006217,0.015706,1.008521,31.16976,-4.67486,-40.86974,stress,good
1783252807.304688,39,0,0.999756,-0.018518,-0.022091,0.019583,-0.010375,-0.008486,1.013354,31.17058,-4.67448,-40.87013,stress,good
1783252807.312500,40,0,0.999754,-0.018477,-0.022202,0.019616,-0.010296,0.006745,1.010896,31.17139,-4.67409,-40.87053,stress,good
1783252807.320312,41,0,0.999751,-0.018435,-0.022312,0.019647,-0.015229,0.006575,1.012694,31.17219,-4.67371,-40.87093,stress,good
1783252807.328125,42,0,0.999749,-0.018392,-0.022422,0.019677,-0.020281,-0.006245,1.012605,31.17298,-4.67332,-40.87133,stress,good
1783252807.335938,43,0,0.999746,-0.018349,-0.022532,0.019706,-0.001193,0.001024,1.016788,31.17376,-4.67293,-40.87173,stress,good
1783252807.343750,44,0,0.999744,-0.018305,-0.022642,0.019733,-0.014258,-0.013471,1.011866,31.17453,-4.67253,-40.87213,stress,good
1783252807.351562,45,0,0.999741,-0.018261,-0.022750,0.019759,-0.017975,-0.015158,1.022009,31.17528,-4.67214,-40.87253,stress,good
1783252807.359375,46,0,0.999739,-0.018216,-0.022859,0.019784,-0.012745,0.002239,1.009853,31.17603,-4.67174,-40.87293,stress,good
1783252807.367188,47,0,0.999736,-0.018171,-0.022967,0.019807,-0.010173,0.005275,1.017275,31.17677,-4.67134,-40.87333,stress,good
1783252807.375000,48,0,0.999734,-0.018125,-0.023075,0.019829,-0.018240,0.008389,1.014182,31.17749,-4.67093,-40.87374,stress,good
1783252807.382812,49,0,0.999731,-0.018079,-0.023182,0.019850,-0.011965,0.010555,1.010275,31.17821,-4.67052,-40.87414,stress,good
1783252807.390625,50,0,0.999729,-0.018032,-0.023290,0.019869,-0.021547,-0.011966,1.009909,31.17891,-4.67011,-40.87454,stress,good
1783252807.398438,51,0,0.999726,-0.017984,-0.023396,0.019887,-0.011844,0.006369,1.020845,31.17960,-4.66970,-40.87495,stress,good
1783252807.406250,52,0,0.999724,-0.017936,-0.023502,0.019904,-0.015542,-0.005305,1.006194,31.18029,-4.66929,-40.87536,stress,good
1783252807.414062,53,0,0.999721,-0.017888,-0.023608,0.019919,-0.017818,0.003282,1.015081,31.18096,-4.66887,-40.87577,stress,good
1783252807.421875,54,0,0.999719,-0.017839,-0.023714,0.019933,-0.032567,0.006580,1.018192,31.18162,-4.66845,-40.87617,stress,good
1783252807.429688,55,0,0.999716,-0.017789,-0.023819,0.019946,-0.011636,0.004464,1.016443,31.18227,-4.66803,-40.87658,stress,good
1783252807.437500,56,0,0.999714,-0.017739,-0.023923,0.019957,-0.012477,-0.003093,1.007098,31.18290,-4.66760,-40.87699,stress,good
1783252807.445312,57,0,0.999711,-0.017689,-0.024028,0.019967,-0.021476,-0.005192,1.019800,31.18353,-4.66718,-40.87740,stress,good
1783252807.453125,58,0,0.999709,-0.017638,-0.024132,0.019976,-0.011768,-0.008849,1.015191,31.18415,-4.66675,-40.87782,stress,good
1783252807.460938,59,0,0.999706,-0.017586,-0.024235,0.019983,-0.014149,0.003521,1.005783,31.18475,-4.66631,-40.87823,stress,good
1783252807.468750,60,0,0.999704,-0.017534,-0.024338,0.019989,-0.022765,-0.003137,1.003949,31.18534,-4.66588,-40.87864,stress,good
1783252807.476562,61,0,0.999701,-0.017481,-0.024441,0.019994,-0.023282,-0.011900,1.011096,31.18592,-4.66544,-40.87906,stress,good
1783252807.484375,62,0,0.999699,-0.017428,-0.024543,0.019997,-0.014846,0.007482,1.014551,31.18649,-4.66500,-40.87947,stress,good
1783252807.492188,63,0,0.999696,-0.017374,-0.024645,0.019999,-0.021650,-0.017084,1.018775,31.18705,-4.66456,-40.87989,stress,good
1783252807.500000,64,0,0.999694,-0.017320,-0.024746,0.020000,0.003784,-0.003730,1.007157,31.18760,-4.66411,-40.88031,stress,good
1783252807.507812,65,0,0.999691,-0.017265,-0.024847,0.019999,-0.015171,0.000211,1.011887,31.18814,-4.66366,-40.88072,stress,good
1783252807.515625,66,0,0.999689,-0.017210,-0.024948,0.019997,-0.023938,-0.005232,1.021714,31.18866,-4.66321,-40.88114,stress,good
1783252807.523438,67,0,0.999686,-0.017154,-0.025048,0.019994,-0.012755,-0.007328,1.014571,31.18917,-4.66276,-40.88156,stress,good
1783252807.531250,68,0,0.999684,-0.017097,-0.025148,0.019989,-0.021649,-0.001801,1.001503,31.18967,-4.66231,-40.88198,stress,good
1783252807.539062,69,0,0.999681,-0.017041,-0.025247,0.019983,-0.030543,-0.003314,1.009976,31.19016,-4.66185,-40.88240,stress,good
1783252807.546875,70,0,0.999679,-0.016983,-0.025346,0.019976,-0.018810,-0.007795,1.018398,31.19064,-4.66139,-40.88282,stress,good
1783252807.554688,71,0,0.999676,-0.016925,-0.025444,0.019967,-0.013708,-0.002062,1.004183,31.19111,-4.66093,-40.88325,stress,good
1783252807.562500,72,0,0.999674,-0.016867,-0.025542,0.019957,-0.020135,-0.018077,1.010851,31.19156,-4.66046,-40.88367,stress,good
1783252807.570312,73,0,0.999671,-0.016808,-0.025640,0.019946,-0.011441,0.000920,1.005965,31.19201,-4.65999,-40.88409,stress,good
1783252807.578125,74,0,0.999669,-0.016749,-0.025737,0.019933,-0.020187,-0.006278,1.018598,31.19244,-4.65952,-40.88452,stress,good
1783252807.585938,75,0,0.999666,-0.016689,-0.025834,0.019919,-0.005585,0.002898,1.015737,31.19286,-4.65905,-40.88494,stress,good
1783252807.593750,76,0,0.999664,-0.016629,-0.025930,0.019904,-0.028403,-0.009559,1.004143,31.19327,-4.65858,-40.88537,stress,good
1783252807.601562,77,0,0.999661,-0.016568,-0.026026,0.019887,-0.009780,0.004405,1.012550,31.19366,-4.65810,-40.88580,stress,good
1783252807.609375,78,0,0.999659,-0.016506,-0.026122,0.019869,-0.017362,-0.000489,1.015088,31.19405,-4.65762,-40.88623,stress,good
1783252807.617188,79,0,0.999656,-0.016445,-0.026217,0.019850,-0.018929,-0.005215,1.014140,31.19442,-4.65714,-40.88665,stress,good
1783252807.625000,80,0,0.999654,-0.016382,-0.026311,0.019829,-0.016965,-0.006541,1.008041,31.19478,-4.65665,-40.88708,stress,good
1783252807.632812,81,0,0.999651,-0.016320,-0.026406,0.019807,-0.016440,-0.002054,0.995797,31.19513,-4.65616,-40.88751,stress,good
1783252807.640625,82,0,0.999649,-0.016256,-0.026499,0.019784,-0.020165,0.001155,1.011363,31.19547,-4.65568,-40.88795,stress,good
1783252807.648438,83,0,0.999646,-0.016192,-0.026592,0.019759,-0.026939,-0.015959,1.007107,31.19579,-4.65518,-40.88838,stress,good
1783252807.656250,84,0,0.999644,-0.016128,-0.026685,0.019733,-0.024094,-0.004787,1.000999,31.19610,-4.65469,-40.88881,stress,good
1783252807.664062,85,0,0.999641,-0.016063,-0.026778,0.019706,-0.007796,-0.001252,1.025108,31.19640,-4.65419,-40.88924,stress,good
1783252807.671875,86,0,0.999639,-0.015998,-0.026870,0.019677,-0.027250,-0.017434,0.989202,31.19669,-4.65369,-40.88968,stress,good
1783252807.679688,87,0,0.999636,-0.015933,-0.026961,0.019647,-0.024794,-0.014070,1.009772,31.19697,-4.65319,-40.89011,stress,good
1783252807.687500,88,0,0.999634,-0.015866,-0.027052,0.019616,-0.009287,-0.011672,1.011850,31.19723,-4.65269,-40.89055,stress,good
1783252807.695312,89,0,0.999632,-0.015800,-0.027143,0.019583,-0.016483,-0.004834,1.011734,31.19749,-4.65218,-40.89098,stress,good
1783252807.703125,90,0,0.999629,-0.015733,-0.027233,0.019549,-0.012627,-0.008844,1.005029,31.19773,-4.65168,-40.89142,stress,good
1783252807.710938,91,0,0.999627,-0.015665,-0.027322,0.019514,-0.017205,0.000828,1.011208,31.19796,-4.65117,-40.89186,stress,good
1783252807.718750,92,0,0.999624,-0.015597,-0.027412,0.019478,-0.016160,-0.010812,1.006812,31.19817,-4.65065,-40.89230,stress,good
1783252807.726562,93,0,0.999622,-0.015529,-0.027500,0.019440,-0.010001,0.001851,1.016345,31.19838,-4.65014,-40.89274,stress,good
1783252807.734375,94,0,0.999619,-0.015460,-0.027589,0.019401,-0.017462,-0.006350,1.004571,31.19857,-4.64962,-40.89318,stress,good
1783252807.742188,95,0,0.999617,-0.015390,-0.027676,0.019360,-0.033744,-0.005303,1.013492,31.19875,-4.64910,-40.89362,stress,good
1783252807.750000,96,0,0.999615,-0.015320,-0.027764,0.019319,-0.003784,-0.006586,1.001261,31.19892,-4.64858,-40.89406,stress,good
1783252807.757812,97,0,0.999612,-0.015250,-0.027851,0.019276,-0.017486,-0.012436,1.000126,31.19908,-4.64806,-40.89450,stress,good
1783252807.765625,98,0,0.999610,-0.015179,-0.027937,0.019231,-0.023829,-0.013690,1.010829,31.19922,-4.64753,-40.89494,stress,good
1783252807.773438,99,0,0.999607,-0.015108,-0.028023,0.019186,-0.007097,-0.002130,1.006353,31.19935,-4.64700,-40.89539,stress,good
1783252807.781250,100,0,0.999605,-0.015036,-0.028109,0.019139,-0.013583,-0.021147,0.996432,31.19947,-4.64647,-40.89583,stress,good
1783252807.789062,101,1,0.999602,-0.014964,-0.028194,0.019091,-0.017544,-0.010572,0.993460,31.19958,-4.64594,-40.89628,stress,good
1783252807.796875,102,0,0.999600,-0.014892,-0.028278,0.019041,-0.016173,0.007128,1.004188,31.19967,-4.64540,-40.89672,stress,good
1783252807.804688,103,0,0.999598,-0.014818,-0.028362,0.018991,-0.022476,-0.018771,1.011060,31.19976,-4.64486,-40.89717,stress,good
1783252807.812500,104,0,0.999595,-0.014745,-0.028446,0.018939,-0.023703,-0.014727,1.000582,31.19983,-4.64432,-40.89761,stress,good
1783252807.820312,105,0,0.999593,-0.014671,-0.028529,0.018885,-0.031837,-0.007848,1.001275,31.19989,-4.64378,-40.89806,stress,good
1783252807.828125,106,0,0.999591,-0.014597,-0.028612,0.018831,-0.023900,-0.021947,1.000842,31.19993,-4.64324,-40.89851,stress,good
1783252807.835938,107,0,0.999588,-0.014522,-0.028694,0.018775,-0.022140,-0.010363,1.008699,31.19997,-4.64269,-40.89896,stress,good
1783252807.843750,108,0,0.999586,-0.014447,-0.028775,0.018718,-0.026810,-0.007149,1.001015,31.19999,-4.64214,-40.89941,stress,good
1783252807.851562,109,0,0.999584,-0.014371,-0.028857,0.018660,-0.012361,-0.012056,1.013472,31.20000,-4.64159,-40.89986,stress,good
1783252807.859375,110,0,0.999581,-0.014295,-0.028937,0.018600,-0.024155,-0.007674,1.009195,31.20000,-4.64104,-40.90031,stress,good
1783252807.867188,111,0,0.999579,-0.014219,-0.029018,0.018540,-0.016201,-0.018562,1.002089,31.19998,-4.64048,-40.90076,stress,good
1783252807.875000,112,0,0.999577,-0.014142,-0.029097,0.018478,-0.021047,-0.008287,1.004680,31.19996,-4.63993,-40.90122,stress,good
1783252807.882812,113,0,0.999574,-0.014064,-0.029177,0.018414,-0.024385,-0.008051,0.997848,31.19992,-4.63937,-40.90167,stress,good
1783252807.890625,114,0,0.999572,-0.013987,-0.029255,0.018350,-0.016525,-0.010436,0.989704,31.19987,-4.63881,-40.90212,stress,good
1783252807.898438,115,0,0.999570,-0.013908,-0.029334,0.018284,-0.008479,-0.003912,0.999471,31.19980,-4.63824,-40.90258,stress,good
1783252807.906250,116,0,0.999567,-0.013830,-0.029411,0.018217,-0.022965,-0.001246,0.996483,31.19973,-4.63768,-40.90303,stress,good
1783252807.914062,117,0,0.999565,-0.013751,-0.029489,0.018149,-0.025449,-0.016223,1.001026,31.19964,-4.63711,-40.90349,stress,good
1783252807.921875,118,0,0.999563,-0.013671,-0.029566,0.018080,-0.023011,-0.004697,0.994927,31.19954,-4.63654,-40.90395,stress,good
1783252807.929688,119,0,0.999561,-0.013592,-0.029642,0.018009,-0.010613,-0.004627,0.992980,31.19943,-4.63597,-40.90440,stress,good
1783252807.937500,120,0,0.999558,-0.013511,-0.029718,0.017937,-0.003963,-0.009536,1.000375,31.19930,-4.63539,-40.90486,stress,good
1783252807.945312,121,0,0.999556,-0.013431,-0.029793,0.017864,-0.019931,-0.000143,1.008185,31.19917,-4.63482,-40.90532,stress,good
1783252807.953125,122,0,0.999554,-0.013350,-0.029868,0.017790,-0.013913,-0.011223,1.000240,31.19902,-4.63424,-40.90578,stress,good
1783252807.960938,123,0,0.999552,-0.013268,-0.029942,0.017715,-0.004672,-0.002978,1.002082,31.19886,-4.63366,-40.90624,stress,good
1783252807.968750,124,0,0.999549,-0.013187,-0.030016,0.017638,-0.018185,-0.018646,0.999909,31.19868,-4.63308,-40.90670,stress,good
1783252807.976562,125,0,0.999547,-0.013104,-0.030089,0.017561,-0.027208,-0.024680,1.000838,31.19850,-4.63249,-40.90716,stress,good
1783252807.984375,126,0,0.999545,-0.013022,-0.030162,0.017482,-0.010850,-0.019701,0.997031,31.19830,-4.63191,-40.90762,stress,good
1783252807.992188,127,0,0.999543,-0.012939,-0.030234,0.017402,-0.026214,-0.016452,1.002264,31.19809,-4.63132,-40.90808,stress,good
1783252808.000000,0,0,0.999541,-0.012855,-0.030306,0.017321,-0.016923,-0.004534,0.997506,31.19787,-4.63073,-40.90855,stress,good
1783252808.007812,1,0,0.999538,-0.012772,-0.030378,0.017238,-0.001059,-0.010837,1.005685,31.19764,-4.63014,-40.90901,stress,good
1783252808.015625,2,0,0.999536,-0.012688,-0.030448,0.017155,-0.013406,-0.005525,0.988363,31.19739,-4.62954,-40.90947,stress,good
1783252808.023438,3,0,0.999534,-0.012603,-0.030519,0.017070,-0.006794,-0.008933,0.993552,31.19714,-4.62895,-40.90994,stress,good
1783252808.031250,4,0,0.999532,-0.012518,-0.030588,0.016984,-0.017972,0.000192,0.997827,31.19687,-4.62835,-40.91040,stress,good
1783252808.039062,5,0,0.999530,-0.012433,-0.030658,0.016897,-0.004666,-0.005050,0.997126,31.19658,-4.62775,-40.91087,stress,good
1783252808.046875,6,0,0.999528,-0.012347,-0.030726,0.016809,-0.017691,0.001512,1.004446,31.19629,-4.62715,-40.91134,stress,good
1783252808.054688,7,0,0.999526,-0.012261,-0.030795,0.016720,-0.001676,-0.004225,1.001783,31.19599,-4.62654,-40.91180,stress,good
1783252808.062500,8,0,0.999524,-0.012175,-0.030862,0.016629,-0.007201,0.003844,0.993019,31.19567,-4.62594,-40.91227,stress,good
1783252808.070312,9,0,0.999522,-0.012088,-0.030930,0.016538,-0.006234,-0.009291,0.995245,31.19534,-4.62533,-40.91274,stress,good
1783252808.078125,10,0,0.999520,-0.012001,-0.030996,0.016445,-0.014021,-0.009339,1.000329,31.19500,-4.62472,-40.91321,stress,good
1783252808.085938,11,0,0.999517,-0.011914,-0.031062,0.016352,0.004518,-0.012247,0.995812,31.19464,-4.62411,-40.91368,stress,good
1783252808.093750,12,0,0.999515,-0.011826,-0.031128,0.016257,-0.015781,0.003716,0.996166,31.19428,-4.62349,-40.91415,stress,good
1783252808.101562,13,0,0.999513,-0.011738,-0.031193,0.016161,-0.008937,0.001547,1.002472,31.19390,-4.62288,-40.91462,stress,good
1783252808.109375,14,0,0.999511,-0.011649,-0.031258,0.016064,-0.004820,-0.013611,0.990112,31.19351,-4.62226,-40.91509,stress,good
1783252808.117188,15,0,0.999509,-0.011560,-0.031322,0.015966,0.001236,-0.021469,0.995300,31.19311,-4.62164,-40.91556,stress,good
1783252808.125000,16,0,0.999507,-0.011471,-0.031385,0.015867,-0.000851,-0.008990,0.991889,31.19270,-4.62102,-40.91603,stress,good
1783252808.132812,17,0,0.999505,-0.011382,-0.031448,0.015767,0.008681,0.000225,0.999835,31.19228,-4.62040,-40.91651,stress,good
1783252808.140625,18,0,0.999503,-0.011292,-0.031511,0.015666,-0.020047,-0.002912,1.002179,31.19184,-4.61977,-40.91698,stress,good
1783252808.148438,19,0,0.999501,-0.011202,-0.031573,0.015563,-0.010980,0.004681,0.998274,31.19139,-4.61915,-40.91745,stress,good
1783252808.156250,20,0,0.999500,-0.011111,-0.031634,0.015460,0.001042,-0.005517,0.989455,31.19093,-4.61852,-40.91793,stress,good
1783252808.164062,21,0,0.999498,-0.011020,-0.031695,0.015356,-0.005205,-0.004636,1.008644,31.19046,-4.61789,-40.91840,stress,good
1783252808.171875,22,0,0.999496,-0.010929,-0.031756,0.015251,-0.010702,-0.008946,1.009112,31.18998,-4.61725,-40.91888,stress,good
1783252808.179688,23,0,0.999494,-0.010838,-0.031816,0.015144,-0.012205,-0.004695,0.997465,31.18949,-4.61662,-40.91936,stress,good
1783252808.187500,24,0,0.999492,-0.010746,-0.031875,0.015037,-0.007193,0.006995,0.987435,31.18898,-4.61599,-40.91983,stress,good
1783252808.195312,25,0,0.999490,-0.010654,-0.031934,0.014928,-0.004084,-0.007044,0.998739,31.18846,-4.61535,-40.92031,stress,good
1783252808.203125,26,0,0.999488,-0.010561,-0.031992,0.014819,-0.004822,0.001375,0.990910,31.18793,-4.61471,-40.92079,stress,good
1783252808.210938,27,0,0.999486,-0.010468,-0.032050,0.014709,-0.016800,-0.007622,1.000661,31.18739,-4.61407,-40.92127,stress,good
1783252808.218750,28,0,0.999484,-0.010375,-0.032107,0.014597,-0.010137,-0.011818,0.996639,31.18684,-4.61343,-40.92175,stress,good
1783252808.226562,29,0,0.999483,-0.010282,-0.032163,0.014485,-0.010594,0.004053,0.996138,31.18628,-4.61278,-40.92223,stress,good
1783252808.234375,30,0,0.999481,-0.010188,-0.032220,0.014372,-0.016341,-0.005520,0.996310,31.18570,-4.61214,-40.92271,stress,good
1783252808.242188,31,0,0.999479,-0.010094,-0.032275,0.014257,0.000411,-0.007243,0.993995,31.18512,-4.61149,-40.92319,stress,good
1783252808.250000,32,0,0.999477,-0.010000,-0.032330,0.014142,-0.012092,-0.006297,0.986793,31.18452,-4.61084,-40.92367,stress,good
1783252808.257812,33,0,0.999475,-0.009905,-0.032385,0.014026,-0.007402,-0.014443,0.996219,31.18391,-4.61019,-40.92415,stress,good
1783252808.265625,34,0,0.999474,-0.009810,-0.032439,0.013909,-0.017465,0.003180,0.996847,31.18329,-4.60953,-40.92463,stress,good
1783252808.273438,35,0,0.999472,-0.009715,-0.032492,0.013791,0.010141,-0.008824,0.988774,31.18266,-4.60888,-40.92511,stress,good
1783252808.281250,36,0,0.999470,-0.009620,-0.032545,0.013672,-0.004249,-0.005039,0.995186,31.18202,-4.60822,-40.92560,stress,good
1783252808.289062,37,0,0.999469,-0.009524,-0.032597,0.013552,-0.007938,-0.022886,0.998663,31.18137,-4.60757,-40.92608,stress,good
1783252808.296875,38,0,0.999467,-0.009428,-0.032649,0.013431,0.001618,-0.004033,0.990253,31.18070,-4.60691,-40.92657,stress,good
1783252808.304688,39,0,0.999465,-0.009331,-0.032700,0.013309,-0.014419,0.000346,0.993024,31.18003,-4.60624,-40.92705,stress,good
1783252808.312500,40,0,0.999464,-0.009235,-0.032751,0.013187,-0.005978,0.006692,0.983171,31.17934,-4.60558,-40.92754,stress,good
1783252808.320312,41,0,0.999462,-0.009138,-0.032801,0.013063,-0.005725,-0.003331,0.991950,31.17864,-4.60492,-40.92802,stress,good
1783252808.328125,42,0,0.999460,-0.009041,-0.032851,0.012939,0.002379,0.010079,0.986485,31.17794,-4.60425,-40.92851,stress,good
1783252808.335938,43,0,0.999459,-0.008943,-0.032900,0.012814,-0.009106,0.009809,0.991682,31.17722,-4.60358,-40.92899,stress,good
1783252808.343750,44,0,0.999457,-0.008846,-0.032948,0.012688,0.002031,-0.006762,0.982962,31.17649,-4.60292,-40.92948,stress,good
1783252808.351562,45,0,0.999455,-0.008748,-0.032996,0.012561,-0.007482,0.005598,0.988970,31.17575,-4.60224,-40.92997,stress,good
1783252808.359375,46,0,0.999454,-0.008649,-0.033043,0.012433,-0.005479,-0.010539,1.003930,31.17500,-4.60157,-40.93046,stress,good
1783252808.367188,47,0,0.999452,-0.008551,-0.033090,0.012305,-0.007973,0.007651,0.988608,31.17423,-4.60090,-40.93095,stress,good
1783252808.375000,48,0,0.999451,-0.008452,-0.033136,0.012175,-0.005395,0.014326,0.988259,31.17346,-4.60022,-40.93143,stress,good
1783252808.382812,49,0,0.999449,-0.008353,-0.033182,0.012045,0.003160,-0.004051,0.994538,31.17268,-4.59955,-40.93192,stress,good
1783252808.390625,50,0,0.999448,-0.008254,-0.033227,0.011914,-0.001565,0.015250,0.984511,31.17189,-4.59887,-40.93241,stress,good
1783252808.398438,51,0,0.999446,-0.008155,-0.033272,0.011782,0.000054,-0.007090,0.974680,31.17108,-4.59819,-40.93290,stress,good
1783252808.406250,52,0,0.999445,-0.008055,-0.033316,0.011650,0.010627,-0.001143,0.996702,31.17027,-4.59751,-40.93340,stress,good
1783252808.414062,53,0,0.999443,-0.007955,-0.033360,0.011516,0.009853,0.005566,0.989930,31.16944,-4.59682,-40.93389,stress,good
1783252808.421875,54,0,0.999442,-0.007855,-0.033402,0.011382,0.013750,-0.007094,0.987952,31.16861,-4.59614,-40.93438,stress,good
1783252808.429688,55,0,0.999441,-0.007754,-0.033445,0.011247,-0.013279,-0.007016,0.983281,31.16776,-4.59545,-40.93487,stress,good
1783252808.437500,56,0,0.999439,-0.007654,-0.033487,0.011111,0.001398,0.006721,0.983957,31.16691,-4.59477,-40.93536,stress,good
1783252808.445312,57,0,0.999438,-0.007553,-0.033528,0.010975,0.010430,0.005583,0.989880,31.16604,-4.59408,-40.93586,stress,good
1783252808.453125,58,0,0.999436,-0.007452,-0.033569,0.010838,0.015872,0.014714,0.986981,31.16516,-4.59339,-40.93635,stress,good
1783252808.460938,59,0,0.999435,-0.007350,-0.033609,0.010700,0.005803,-0.000123,0.986008,31.16428,-4.59270,-40.93684,stress,good
1783252808.468750,60,0,0.999434,-0.007249,-0.033648,0.010561,0.005605,-0.002078,0.996653,31.16338,-4.59200,-40.93734,stress,good
1783252808.476562,61,0,0.999432,-0.007147,-0.033687,0.010422,-0.004337,0.001571,0.989989,31.16248,-4.59131,-40.93783,stress,good
1783252808.484375,62,0,0.999431,-0.007045,-0.033726,0.010282,0.005033,0.001063,0.992175,31.16156,-4.59061,-40.93833,stress,good
1783252808.492188,63,0,0.999430,-0.006943,-0.033764,0.010141,0.016853,0.000714,0.977459,31.16063,-4.58992,-40.93882,stress,good
1783252808.500000,64,0,0.999429,-0.006840,-0.033801,0.010000,0.002127,0.000706,0.991898,31.15970,-4.58922,-40.93932,stress,good
1783252808.507812,65,0,0.999427,-0.006738,-0.033838,0.009858,0.002970,-0.003854,0.983138,31.15875,-4.58852,-40.93982,stress,good
1783252808.515625,66,0,0.999426,-0.006635,-0.033874,0.009715,0.008976,-0.007205,0.988098,31.15780,-4.58782,-40.94031,stress,good
1783252808.523438,67,0,0.999425,-0.006532,-0.033910,0.009572,0.004716,0.018450,0.992657,31.15683,-4.58711,-40.94081,stress,good
1783252808.531250,68,0,0.999424,-0.006429,-0.033945,0.009428,-0.003715,-0.000693,0.986326,31.15586,-4.58641,-40.94131,stress,good
1783252808.539062,69,0,0.999423,-0.006325,-0.033979,0.009283,0.002297,-0.004341,0.989444,31.15487,-4.58570,-40.94181,stress,good
1783252808.546875,70,0,0.999421,-0.006222,-0.034013,0.009138,0.015358,0.030543,0.982785,31.15388,-4.58500,-40.94230,stress,good
1783252808.554688,71,0,0.999420,-0.006118,-0.034046,0.008992,0.006466,0.010416,0.984776,31.15288,-4.58429,-40.94280,stress,good
1783252808.562500,72,0,0.999419,-0.006014,-0.034079,0.008846,0.009493,-0.006932,0.988022,31.15187,-4.58358,-40.94330,stress,good
1783252808.570312,73,0,0.999418,-0.005910,-0.034111,0.008699,0.013392,0.015579,0.992393,31.15084,-4.58287,-40.94380,stress,good
1783252808.578125,74,0,0.999417,-0.005806,-0.034143,0.008551,0.003489,0.018358,0.984174,31.14981,-4.58216,-40.94430,stress,good
1783252808.585938,75,0,0.999416,-0.005701,-0.034174,0.008403,0.019987,0.001732,0.988601,31.14877,-4.58145,-40.94480,stress,good
1783252808.593750,76,0,0.999415,-0.005597,-0.034204,0.008254,0.017035,-0.000143,0.979968,31.14772,-4.58073,-40.94530,stress,good
1783252808.601562,77,0,0.999414,-0.005492,-0.034234,0.008105,0.011280,-0.007202,0.991295,31.14667,-4.58002,-40.94581,stress,good
1783252808.609375,78,0,0.999413,-0.005387,-0.034264,0.007955,0.014064,0.007767,0.991108,31.14560,-4.57930,-40.94631,stress,good
1783252808.617188,79,0,0.999412,-0.005282,-0.034293,0.007805,0.006834,0.010879,1.000525,31.14452,-4.57858,-40.94681,stress,good
1783252808.625000,80,0,0.999411,-0.005176,-0.034321,0.007654,0.010012,0.015081,0.985597,31.14344,-4.57786,-40.94731,stress,good
1783252808.632812,81,0,0.999410,-0.005071,-0.034348,0.007502,0.024229,0.009922,0.988086,31.14235,-4.57714,-40.94781,stress,good
1783252808.640625,82,0,0.999409,-0.004965,-0.034375,0.007350,0.000012,0.012546,0.983771,31.14125,-4.57642,-40.94832,stress,good
1783252808.648438,83,0,0.999408,-0.004860,-0.034402,0.007198,0.019111,-0.003268,0.980577,31.14013,-4.57570,-40.94882,stress,good
1783252808.656250,84,0,0.999407,-0.004754,-0.034428,0.007045,0.002277,0.001213,0.969021,31.13902,-4.57498,-40.94932,stress,good
1783252808.664062,85,0,0.999406,-0.004648,-0.034453,0.006892,0.015428,0.017496,0.972463,31.13789,-4.57425,-40.94983,stress,good
1783252808.671875,86,0,0.999405,-0.004542,-0.034478,0.006738,0.019209,0.011182,0.984764,31.13675,-4.57352,-40.95033,stress,good
1783252808.679688,87,0,0.999405,-0.004435,-0.034502,0.006584,0.017032,0.019883,0.995013,31.13561,-4.57280,-40.95084,stress,good
1783252808.687500,88,0,0.999404,-0.004329,-0.034526,0.006429,0.018588,0.004304,0.984850,31.13446,-4.57207,-40.95134,stress,good
1783252808.695312,89,0,0.999403,-0.004222,-0.034549,0.006274,0.019855,0.010855,0.994101,31.13329,-4.57134,-40.95185,stress,good
1783252808.703125,90,0,0.999402,-0.004116,-0.034571,0.006118,0.019252,0.018535,0.990845,31.13213,-4.57061,-40.95235,stress,good
1783252808.710938,91,0,0.999401,-0.004009,-0.034593,0.005962,0.018159,0.011196,0.979674,31.13095,-4.56988,-40.95286,stress,good
1783252808.718750,92,0,0.999401,-0.003902,-0.034614,0.005806,0.018565,-0.000363,0.989426,31.12976,-4.56915,-40.95336,stress,good
1783252808.726562,93,0,0.999400,-0.003795,-0.034635,0.005649,0.002469,0.018725,0.973828,31.12857,-4.56841,-40.95387,stress,good
1783252808.734375,94,0,0.999399,-0.003688,-0.034655,0.005492,0.010858,0.010646,0.989411,31.12737,-4.56768,-40.95438,stress,good
1783252808.742188,95,0,0.999399,-0.003580,-0.034675,0.005334,0.022339,0.011297,0.980471,31.12616,-4.56694,-40.95489,stress,good
1783252808.750000,96,0,0.999398,-0.003473,-0.034694,0.005176,0.016555,0.013592,0.989180,31.12494,-4.56620,-40.95539,stress,good
1783252808.757812,97,0,0.999397,-0.003365,-0.034712,0.005018,0.012578,0.007754,0.990655,31.12372,-4.56547,-40.95590,stress,good
1783252808.765625,98,0,0.999397,-0.003258,-0.034730,0.004860,0.018068,0.007564,0.991356,31.12249,-4.56473,-40.95641,stress,good
1783252808.773438,99,0,0.999396,-0.003150,-0.034747,0.004701,0.012135,-0.000199,0.978289,31.12125,-4.56399,-40.95692,stress,good
1783252808.781250,100,0,0.999396,-0.003042,-0.034764,0.004542,0.013345,0.021099,0.985465,31.12000,-4.56325,-40.95743,stress,good
1783252808.789062,101,0,0.999395,-0.002935,-0.034780,0.004382,0.009216,0.008286,0.984159,31.11875,-4.56251,-40.95794,stress,good
1783252808.796875,102,0,0.999394,-0.002827,-0.034795,0.004222,0.019566,0.013989,0.988073,31.11749,-4.56176,-40.95844,stress,good
1783252808.804688,103,0,0.999394,-0.002719,-0.034810,0.004062,0.020731,0.007229,0.985842,31.11622,-4.56102,-40.95895,stress,good
1783252808.812500,104,0,0.999393,-0.002611,-0.034824,0.003902,0.005328,0.012439,0.979111,31.11495,-4.56028,-40.95946,stress,good
1783252808.820312,105,0,0.999393,-0.002502,-0.034838,0.003741,0.011106,-0.003119,0.981396,31.11366,-4.55953,-40.95997,stress,good
1783252808.828125,106,0,0.999393,-0.002394,-0.034851,0.003580,0.007427,0.009408,0.984733,31.11238,-4.55878,-40.96048,stress,good
1783252808.835938,107,0,0.999392,-0.002286,-0.034864,0.003419,0.022797,0.001067,0.995713,31.11108,-4.55804,-40.96100,stress,good
1783252808.843750,108,0,0.999392,-0.002177,-0.034876,0.003258,0.023093,0.015588,0.980549,31.10978,-4.55729,-40.96151,stress,good
1783252808.851562,109,0,0.999391,-0.002069,-0.034887,0.003096,0.032713,0.009759,0.993060,31.10847,-4.55654,-40.96202,stress,good
1783252808.859375,110,0,0.999391,-0.001960,-0.034898,0.002935,0.015728,0.018445,0.974816,31.10715,-4.55579,-40.96253,stress,good
1783252808.867188,111,0,0.999391,-0.001852,-0.034908,0.002773,0.015359,0.017158,0.976297,31.10583,-4.55504,-40.96304,stress,good
1783252808.875000,112,0,0.999390,-0.001743,-0.034918,0.002611,0.007178,0.022978,0.990106,31.10450,-4.55429,-40.96355,stress,good
1783252808.882812,113,0,0.999390,-0.001634,-0.034927,0.002448,0.005754,0.010470,0.977368,31.10316,-4.55354,-40.96407,stress,good
1783252808.890625,114,0,0.999390,-0.001526,-0.034936,0.002286,0.018443,0.016271,0.986131,31.10182,-4.55278,-40.96458,stress,good
1783252808.898438,115,0,0.999389,-0.001417,-0.034943,0.002123,0.009306,0.008028,0.976680,31.10047,-4.55203,-40.96509,stress,good
1783252808.906250,116,0,0.999389,-0.001308,-0.034951,0.001960,0.012213,0.004202,0.984885,31.09912,-4.55127,-40.96560,stress,good
1783252808.914062,117,0,0.999389,-0.001199,-0.034957,0.001797,0.029507,0.000330,0.986644,31.09776,-4.55052,-40.96612,stress,good
1783252808.921875,118,0,0.999389,-0.001090,-0.034964,0.001634,0.018227,0.005411,0.983605,31.09639,-4.54976,-40.96663,stress,good
1783252808.929688,119,0,0.999388,-0.000981,-0.034969,0.001471,0.013491,0.021527,0.993526,31.09502,-4.54900,-40.96714,stress,good
1783252808.937500,120,0,0.999388,-0.000872,-0.034974,0.001308,0.005767,0.018816,0.986116,31.09364,-4.54825,-40.96766,stress,good
1783252808.945312,121,0,0.999388,-0.000763,-0.034979,0.001145,0.012634,0.006389,0.979519,31.09226,-4.54749,-40.96817,stress,good
1783252808.953125,122,0,0.999388,-0.000654,-0.034982,0.000981,0.023469,-0.000404,0.982601,31.09087,-4.54673,-40.96869,stress,good
1783252808.960938,123,0,0.999388,-0.000545,-0.034986,0.000818,0.029135,0.002511,0.972269,31.08948,-4.54597,-40.96920,stress,good
1783252808.968750,124,0,0.999388,-0.000436,-0.034988,0.000654,0.012910,0.009385,0.994584,31.08808,-4.54521,-40.96972,stress,good
1783252808.976562,125,0,0.999388,-0.000327,-0.034990,0.000491,0.019976,0.014554,0.989691,31.08667,-4.54445,-40.97023,stress,good
1783252808.984375,126,0,0.999388,-0.000218,-0.034992,0.000327,0.015282,0.004232,0.980635,31.08526,-4.54369,-40.97075,stress,good
1783252808.992188,127,0,0.999388,-0.000109,-0.034993,0.000164,0.018321,0.014642,0.985033,31.08384,-4.54292,-40.97126,stress,good
1783252809.000000,0,0,0.999388,-0.000000,-0.034993,0.000000,0.012888,0.003305,0.981998,31.08242,-4.54216,-40.97178,stress,good
1783252809.007812,1,0,0.999388,0.000109,-0.034993,-0.000164,0.022588,0.008283,0.988365,31.08100,-4.54140,-40.97229,stress,good
1783252809.015625,2,0,0.999388,0.000218,-0.034992,-0.000327,0.019313,0.001162,0.990123,31.07957,-4.54063,-40.97281,stress,good
1783252809.023438,3,0,0.999388,0.000327,-0.034990,-0.000491,0.020032,0.020518,0.981525,31.07813,-4.53987,-40.97332,stress,good
1783252809.031250,4,0,0.999388,0.000436,-0.034988,-0.000654,0.021072,-0.001599,0.987790,31.07669,-4.53910,-40.97384,stress,good
1783252809.039062,5,0,0.999388,0.000545,-0.034986,-0.000818,0.026948,0.009253,0.974911,31.07524,-4.53833,-40.97436,stress,good
1783252809.046875,6,0,0.999388,0.000654,-0.034982,-0.000981,0.031916,0.017912,0.990534,31.07379,-4.53757,-40.97487,stress,good
1783252809.054688,7,0,0.999388,0.000763,-0.034979,-0.001145,0.038312,0.001314,0.976209,31.07234,-4.53680,-40.97539,stress,good
1783252809.062500,8,0,0.999388,0.000872,-0.034974,-0.001308,0.026200,-0.001719,0.982069,31.07088,-4.53603,-40.97591,stress,good
1783252809.070312,9,0,0.999388,0.000981,-0.034969,-0.001471,0.022743,0.011386,0.980544,31.06942,-4.53526,-40.97642,stress,good
1783252809.078125,10,0,0.999389,0.001090,-0.034964,-0.001634,0.017179,0.008207,0.986124,31.06795,-4.53449,-40.97694,stress,good
1783252809.085938,11,0,0.999389,0.001199,-0.034957,-0.001797,0.022387,0.004610,0.989365,31.06648,-4.53372,-40.97746,stress,good
1783252809.093750,12,0,0.999389,0.001308,-0.034951,-0.001960,0.019908,0.001174,0.982773,31.06500,-4.53295,-40.97798,stress,good
1783252809.101562,13,0,0.999389,0.001417,-0.034943,-0.002123,0.014008,0.016269,0.982747,31.06352,-4.53218,-40.97849,stress,good
1783252809.109375,14,0,0.999390,0.001526,-0.034936,-0.002286,0.020655,0.005883,0.993999,31.06204,-4.53141,-40.97901,stress,good
1783252809.117188,15,0,0.999390,0.001634,-0.034927,-0.002448,0.018262,0.005911,0.987158,31.06055,-4.53064,-40.97953,stress,good
1783252809.125000,16,0,0.999390,0.001743,-0.034918,-0.002611,0.003486,0.005027,0.978915,31.05906,-4.52987,-40.98005,stress,good
1783252809.132812,17,0,0.999391,0.001852,-0.034908,-0.002773,0.023757,0.011280,0.988365,31.05757,-4.52909,-40.98057,stress,good
1783252809.140625,18,0,0.999391,0.001960,-0.034898,-0.002935,0.025115,0.007284,0.984614,31.05607,-4.52832,-40.98108,stress,good
1783252809.148438,19,0,0.999391,0.002069,-0.034887,-0.003096,0.015940,0.008618,0.982335,31.05457,-4.52755,-40.98160,stress,good
1783252809.156250,20,0,0.999392,0.002177,-0.034876,-0.003258,0.030634,-0.005541,0.984745,31.05306,-4.52677,-40.98212,stress,good
1783252809.164062,21,0,0.999392,0.002286,-0.034864,-0.003419,0.014686,0.002914,0.979545,31.05155,-4.52600,-40.98264,stress,good
1783252809.171875,22,0,0.999393,0.002394,-0.034851,-0.003580,0.019267,0.010164,0.980924,31.05004,-4.52522,-40.98316,stress,good
1783252809.179688,23,0,0.999393,0.002502,-0.034838,-0.003741,0.022287,0.013111,0.991773,31.04853,-4.52445,-40.98368,stress,good
1783252809.187500,24,0,0.999393,0.002611,-0.034824,-0.003902,0.025818,0.000650,0.984530,31.04701,-4.52367,-40.98420,stress,good
1783252809.195312,25,0,0.999394,0.002719,-0.034810,-0.004062,0.005787,-0.004332,0.988126,31.04549,-4.52290,-40.98472,stress,good
1783252809.203125,26,0,0.999394,0.002827,-0.034795,-0.004222,0.008760,0.010367,0.987487,31.04397,-4.52212,-40.98524,stress,good
1783252809.210938,27,0,0.999395,0.002935,-0.034780,-0.004382,0.029897,0.005645,0.993635,31.04244,-4.52134,-40.98576,stress,good
1783252809.218750,28,0,0.999396,0.003042,-0.034764,-0.004542,0.025915,0.018907,0.983825,31.04091,-4.52057,-40.98628,stress,good
1783252809.226562,29,0,0.999396,0.003150,-0.034747,-0.004701,0.012922,0.013231,0.991971,31.03938,-4.51979,-40.98680,stress,good
1783252809.234375,30,0,0.999397,0.003258,-0.034730,-0.004860,0.030937,0.005344,0.992552,31.03785,-4.51901,-40.98731,stress,good
1783252809.242188,31,0,0.999397,0.003365,-0.034712,-0.005018,0.017445,0.004525,0.994066,31.03632,-4.51823,-40.98783,stress,good
1783252809.250000,32,0,0.999398,0.003473,-0.034694,-0.005176,0.023250,0.000698,0.985913,31.03478,-4.51746,-40.98835,stress,good
1783252809.257812,33,0,0.999399,0.003580,-0.034675,-0.005334,0.007569,-0.005794,1.004341,31.03324,-4.51668,-40.98887,stress,good
1783252809.265625,34,0,0.999399,0.003688,-0.034655,-0.005492,0.011930,-0.002727,0.993448,31.03170,-4.51590,-40.98939,stress,good
1783252809.273438,35,0,0.999400,0.003795,-0.034635,-0.005649,0.019193,-0.007085,0.983560,31.03015,-4.51512,-40.98991,stress,good
1783252809.281250,36,0,0.999401,0.003902,-0.034614,-0.005806,0.014772,0.003266,0.990363,31.02861,-4.51434,-40.99044,stress,good
1783252809.289062,37,0,0.999401,0.004009,-0.034593,-0.005962,-0.005745,0.017265,0.987330,31.02706,-4.51356,-40.99096,stress,good
1783252809.296875,38,0,0.999402,0.004116,-0.034571,-0.006118,0.015125,0.006909,0.991238,31.02551,-4.51278,-40.99148,stress,good
1783252809.304688,39,0,0.999403,0.004222,-0.034549,-0.006274,0.013241,-0.001401,0.990422,31.02396,-4.51200,-40.99200,stress,good
1783252809.312500,40,0,0.999404,0.004329,-0.034526,-0.006429,0.016965,-0.001779,0.991107,31.02241,-4.51122,-40.99252,stress,good
1783252809.320312,41,0,0.999405,0.004435,-0.034502,-0.006584,0.014522,0.013043,0.994401,31.02086,-4.51044,-40.99304,stress,good
1783252809.328125,42,0,0.999405,0.004542,-0.034478,-0.006738,0.018116,0.011538,0.990189,31.01930,-4.50966,-40.99356,stress,good
1783252809.335938,43,0,0.999406,0.004648,-0.034453,-0.006892,0.016930,0.003755,0.989159,31.01774,-4.50888,-40.99408,stress,good
1783252809.343750,44,0,0.999407,0.004754,-0.034428,-0.007045,0.026134,-0.010323,0.993470,31.01619,-4.50810,-40.99460,stress,good
1783252809.351562,45,0,0.999408,0.004860,-0.034402,-0.007198,0.010546,0.004138,0.985938,31.01463,-4.50732,-40.99512,stress,good
1783252809.359375,46,0,0.999409,0.004965,-0.034375,-0.007350,0.017045,0.005096,0.984208,31.01307,-4.50654,-40.99564,stress,good
1783252809.367188,47,0,0.999410,0.005071,-0.034348,-0.007502,0.022174,0.014809,0.998929,31.01151,-4.50576,-40.99616,stress,good
1783252809.375000,48,0,0.999411,0.005176,-0.034321,-0.007654,0.019502,0.001782,0.995024,31.00995,-4.50498,-40.99668,stress,good
1783252809.382812,49,0,0.999412,0.005282,-0.034293,-0.007805,0.016849,0.010028,0.996578,31.00839,-4.50420,-40.99720,stress,good
1783252809.390625,50,0,0.999413,0.005387,-0.034264,-0.007955,0.023812,-0.003904,0.993346,31.00683,-4.50342,-40.99772,stress,good
1783252809.398438,51,0,0.999414,0.005492,-0.034234,-0.008105,0.019054,0.014645,0.989163,31.00527,-4.50263,-40.99824,stress,good
1783252809.406250,52,0,0.999415,0.005597,-0.034204,-0.008254,0.014328,-0.006143,0.986573,31.00371,-4.50185,-40.99876,stress,good
1783252809.414062,53,0,0.999416,0.005701,-0.034174,-0.008403,0.018341,0.006327,0.984446,31.00214,-4.50107,-40.99929,stress,good
1783252809.421875,54,0,0.999417,0.005806,-0.034143,-0.008551,0.022176,0.000490,0.983605,31.00058,-4.50029,-40.99981,stress,good
1783252809.429688,55,0,0.999418,0.005910,-0.034111,-0.008699,0.014199,-0.006413,0.996546,30.99902,-4.49951,-41.00033,stress,good
1783252809.437500,56,0,0.999419,0.006014,-0.034079,-0.008846,0.016550,0.009816,0.995536,30.99746,-4.49873,-41.00085,stress,good
1783252809.445312,57,0,0.999420,0.006118,-0.034046,-0.008992,0.016525,0.003213,0.987011,30.99589,-4.49795,-41.00137,stress,good
1783252809.453125,58,0,0.999421,0.006222,-0.034013,-0.009138,0.028971,-0.001131,1.004368,30.99433,-4.49717,-41.00189,stress,good
1783252809.460938,59,0,0.999423,0.006325,-0.033979,-0.009283,0.027852,-0.012116,1.008958,30.99277,-4.49638,-41.00241,stress,good
1783252809.468750,60,0,0.999424,0.006429,-0.033945,-0.009428,0.001111,-0.002428,1.007383,30.99121,-4.49560,-41.00293,stress,good
1783252809.476562,61,0,0.999425,0.006532,-0.033910,-0.009572,0.013623,-0.012597,1.004299,30.98965,-4.49482,-41.00345,stress,good
1783252809.484375,62,0,0.999426,0.006635,-0.033874,-0.009715,0.014546,-0.001936,0.998228,30.98809,-4.49404,-41.00397,stress,good
1783252809.492188,63,0,0.999427,0.006738,-0.033838,-0.009858,0.006701,0.004464,0.998022,30.98653,-4.49326,-41.00449,stress,good
1783252809.500000,64,0,0.999429,0.006840,-0.033801,-0.010000,0.021871,-0.011464,0.989227,30.98497,-4.49248,-41.00501,stress,good
1783252809.507812,65,0,0.999430,0.006943,-0.033764,-0.010141,0.021013,-0.012041,0.988522,30.98341,-4.49170,-41.00553,stress,good
1783252809.515625,66,0,0.999431,0.007045,-0.033726,-0.010282,-0.008209,-0.008656,0.996526,30.98186,-4.49092,-41.00606,stress,good
1783252809.523438,67,0,0.999432,0.007147,-0.033687,-0.010422,0.015827,-0.001047,1.001237,30.98030,-4.49014,-41.00658,stress,good
1783252809.531250,68,0,0.999434,0.007249,-0.033648,-0.010561,0.013668,-0.010270,0.999715,30.97875,-4.48936,-41.00710,stress,good
1783252809.539062,69,0,0.999435,0.007350,-0.033609,-0.010700,0.015927,-0.000441,0.996431,30.97719,-4.48858,-41.00762,stress,good
1783252809.546875,70,0,0.999436,0.007452,-0.033569,-0.010838,0.007013,-0.008493,1.003972,30.97564,-4.48780,-41.00814,stress,good
1783252809.554688,71,0,0.999438,0.007553,-0.033528,-0.010975,0.016102,0.001214,0.993834,30.97409,-4.48702,-41.00866,stress,good
1783252809.562500,72,0,0.999439,0.007654,-0.033487,-0.011111,0.003637,0.006067,1.004518,30.97254,-4.48624,-41.00918,stress,good
1783252809.570312,73,0,0.999441,0.007754,-0.033445,-0.011247,0.006955,0.002889,0.991029,30.97100,-4.48546,-41.00970,stress,good
1783252809.578125,74,0,0.999442,0.007855,-0.033402,-0.011382,0.012609,0.012992,1.001486,30.96945,-4.48468,-41.01022,stress,good
1783252809.585938,75,0,0.999443,0.007955,-0.033360,-0.011516,0.002388,-0.015493,0.997682,30.96791,-4.48390,-41.01074,stress,good
1783252809.593750,76,0,0.999445,0.008055,-0.033316,-0.011650,0.014203,-0.002018,0.984660,30.96637,-4.48312,-41.01126,stress,good
1783252809.601562,77,0,0.999446,0.008155,-0.033272,-0.011782,-0.001029,0.005751,0.996785,30.96483,-4.48234,-41.01178,stress,good
1783252809.609375,78,0,0.999448,0.008254,-0.033227,-0.011914,0.000787,-0.005124,0.997397,30.96329,-4.48157,-41.01230,stress,good
1783252809.617188,79,0,0.999449,0.008353,-0.033182,-0.012045,-0.004118,0.001704,1.006325,30.96176,-4.48079,-41.01282,stress,good
1783252809.625000,80,0,0.999451,0.008452,-0.033136,-0.012175,0.010812,0.009994,0.998790,30.96022,-4.48001,-41.01334,stress,good
1783252809.632812,81,0,0.999452,0.008551,-0.033090,-0.012305,0.007461,-0.003345,0.987874,30.95869,-4.47923,-41.01386,stress,good
1783252809.640625,82,0,0.999454,0.008649,-0.033043,-0.012433,0.021068,-0.016202,0.992291,30.95717,-4.47846,-41.01438,stress,good
1783252809.648438,83,0,0.999455,0.008748,-0.032996,-0.012561,-0.002986,-0.002168,1.000698,30.95564,-4.47768,-41.01490,stress,good
1783252809.656250,84,0,0.999457,0.008846,-0.032948,-0.012688,0.010640,-0.009906,1.004078,30.95412,-4.47690,-41.01542,stress,good
1783252809.664062,85,0,0.999459,0.008943,-0.032900,-0.012814,0.009462,-0.006530,1.003787,30.95260,-4.47613,-41.01594,stress,good
1783252809.671875,86,0,0.999460,0.009041,-0.032851,-0.012939,0.006024,-0.001286,1.008452,30.95108,-4.47535,-41.01645,stress,good
1783252809.679688,87,0,0.999462,0.009138,-0.032801,-0.013063,0.009857,0.000786,0.995205,30.94957,-4.47458,-41.01697,stress,good
1783252809.687500,88,0,0.999464,0.009235,-0.032751,-0.013187,0.009592,-0.013508,1.010202,30.94806,-4.47380,-41.01749,stress,good
1783252809.695312,89,0,0.999465,0.009331,-0.032700,-0.013309,-0.002990,-0.003387,1.002342,30.94655,-4.47303,-41.01801,stress,good
1783252809.703125,90,0,0.999467,0.009428,-0.032649,-0.013431,0.002329,0.000232,1.002861,30.94505,-4.47226,-41.01853,stress,good
1783252809.710938,91,0,0.999469,0.009524,-0.032597,-0.013552,0.001851,0.007667,1.007679,30.94355,-4.47148,-41.01905,stress,good
1783252809.718750,92,0,0.999470,0.009620,-0.032545,-0.013672,-0.004934,-0.002094,1.003966,30.94205,-4.47071,-41.01957,stress,good
1783252809.726562,93,0,0.999472,0.009715,-0.032492,-0.013791,-0.011169,0.006657,1.008600,30.94056,-4.46994,-41.02009,stress,good
1783252809.734375,94,0,0.999474,0.009810,-0.032439,-0.013909,0.011617,-0.013091,1.011502,30.93907,-4.46916,-41.02060,stress,good
1783252809.742188,95,0,0.999475,0.009905,-0.032385,-0.014026,0.002381,-0.020091,1.004571,30.93758,-4.46839,-41.02112,stress,good
1783252809.750000,96,0,0.999477,0.010000,-0.032330,-0.014142,0.003535,0.006574,1.003396,30.93610,-4.46762,-41.02164,stress,good
1783252809.757812,97,0,0.999479,0.010094,-0.032275,-0.014257,-0.006726,-0.013991,1.007004,30.93462,-4.46685,-41.02216,stress,good
1783252809.765625,98,0,0.999481,0.010188,-0.032220,-0.014372,0.010277,-0.013345,1.001785,30.93314,-4.46608,-41.02267,stress,good
1783252809.773438,99,0,0.999483,0.010282,-0.032163,-0.014485,-0.001525,-0.004337,1.008155,30.93167,-4.46531,-41.02319,stress,good
1783252809.781250,100,0,0.999484,0.010375,-0.032107,-0.014597,-0.004915,-0.013608,1.013398,30.93021,-4.46454,-41.02371,stress,good
1783252809.789062,101,0,0.999486,0.010468,-0.032050,-0.014709,0.002002,-0.004831,0.990607,30.92874,-4.46377,-41.02423,stress,good
1783252809.796875,102,0,0.999488,0.010561,-0.031992,-0.014819,0.008921,0.006029,1.000726,30.92729,-4.46300,-41.02474,stress,good
1783252809.804688,103,0,0.999490,0.010654,-0.031934,-0.014928,-0.003611,-0.000609,1.004680,30.92583,-4.46224,-41.02526,stress,good
1783252809.812500,104,0,0.999492,0.010746,-0.031875,-0.015037,-0.008139,-0.022135,1.018415,30.92438,-4.46147,-41.02578,stress,good
1783252809.820312,105,0,0.999494,0.010838,-0.031816,-0.015144,0.003804,0.002172,1.013324,30.92294,-4.46070,-41.02629,stress,good
1783252809.828125,106,0,0.999496,0.010929,-0.031756,-0.015251,-0.008209,0.000086,1.004373,30.92150,-4.45994,-41.02681,stress,good
1783252809.835938,107,0,0.999498,0.011020,-0.031695,-0.015356,0.004248,-0.014147,1.017383,30.92007,-4.45917,-41.02732,stress,good
1783252809.843750,108,0,0.999500,0.011111,-0.031634,-0.015460,-0.013319,-0.008207,1.002767,30.91864,-4.45841,-41.02784,stress,good
1783252809.851562,109,0,0.999501,0.011202,-0.031573,-0.015563,0.009356,-0.029445,1.010056,30.91721,-4.45764,-41.02836,stress,good
1783252809.859375,110,0,0.999503,0.011292,-0.031511,-0.015666,-0.010196,-0.013057,1.005212,30.91579,-4.45688,-41.02887,stress,good
1783252809.867188,111,0,0.999505,0.011382,-0.031448,-0.015767,-0.011270,-0.014637,1.001552,30.91438,-4.45612,-41.02939,stress,good
1783252809.875000,112,0,0.999507,0.011471,-0.031385,-0.015867,0.007630,-0.000511,1.009696,30.91297,-4.45536,-41.02990,stress,good
1783252809.882812,113,0,0.999509,0.011560,-0.031322,-0.015966,0.002030,-0.025223,1.005177,30.91156,-4.45460,-41.03042,stress,good
1783252809.890625,114,0,0.999511,0.011649,-0.031258,-0.016064,0.012363,-0.012014,1.000673,30.91016,-4.45384,-41.03093,stress,good
1783252809.898438,115,0,0.999513,0.011738,-0.031193,-0.016161,0.001616,-0.024288,0.990867,30.90877,-4.45308,-41.03145,stress,good
1783252809.906250,116,0,0.999515,0.011826,-0.031128,-0.016257,-0.003529,-0.017952,1.000449,30.90738,-4.45232,-41.03196,stress,good
1783252809.914062,117,0,0.999517,0.011914,-0.031062,-0.016352,-0.012914,-0.017763,1.014215,30.90600,-4.45156,-41.03247,stress,good
1783252809.921875,118,0,0.999520,0.012001,-0.030996,-0.016445,0.013998,-0.000864,1.009006,30.90462,-4.45080,-41.03299,stress,good
1783252809.929688,119,0,0.999522,0.012088,-0.030930,-0.016538,-0.015533,0.002608,0.999421,30.90325,-4.45004,-41.03350,stress,good
1783252809.937500,120,0,0.999524,0.012175,-0.030862,-0.016629,-0.008446,0.002538,1.001135,30.90189,-4.44929,-41.03402,stress,good
1783252809.945312,121,0,0.999526,0.012261,-0.030795,-0.016720,0.000317,-0.013465,1.011820,30.90053,-4.44853,-41.03453,stress,good
1783252809.953125,122,0,0.999528,0.012347,-0.030726,-0.016809,-0.018695,-0.008153,1.015718,30.89918,-4.44778,-41.03504,stress,good
1783252809.960938,123,0,0.999530,0.012433,-0.030658,-0.016897,-0.004184,-0.006315,0.999717,30.89783,-4.44702,-41.03555,stress,good
1783252809.968750,124,0,0.999532,0.012518,-0.030588,-0.016984,-0.024486,-0.013909,1.009226,30.89649,-4.44627,-41.03607,stress,good
1783252809.976562,125,0,0.999534,0.012603,-0.030519,-0.017070,-0.003538,-0.001000,1.003889,30.89516,-4.44552,-41.03658,stress,good
1783252809.984375,126,0,0.999536,0.012688,-0.030448,-0.017155,-0.000929,-0.021302,1.021821,30.89383,-4.44477,-41.03709,stress,good
1783252809.992188,127,0,0.999538,0.012772,-0.030378,-0.017238,-0.004013,-0.012420,1.004432,30.89251,-4.44402,-41.03760,stress,good
1783252810.000000,0,0,0.999541,0.012855,-0.030306,-0.017321,0.008960,0.006064,1.006239,30.89120,-4.44327,-41.03811,relaxation,good
1783252810.007812,1,0,0.999543,0.012939,-0.030234,-0.017402,-0.010284,-0.016345,1.021984,30.88989,-4.44252,-41.03862,relaxation,good
1783252810.015625,2,0,0.999545,0.013022,-0.030162,-0.017482,0.003689,0.004447,1.018402,30.88859,-4.44177,-41.03914,relaxation,good
1783252810.023438,3,0,0.999547,0.013104,-0.030089,-0.017561,-0.003426,-0.002559,1.007135,30.88729,-4.44102,-41.03965,relaxation,good
1783252810.031250,4,0,0.999549,0.013187,-0.030016,-0.017638,-0.016921,-0.008878,1.009912,30.88601,-4.44028,-41.04016,relaxation,good
1783252810.039062,5,0,0.999552,0.013268,-0.029942,-0.017715,-0.005142,-0.024340,1.016311,30.88473,-4.43953,-41.04067,relaxation,good
1783252810.046875,6,0,0.999554,0.013350,-0.029868,-0.017790,-0.005057,-0.015674,1.007673,30.88345,-4.43879,-41.04118,relaxation,good
1783252810.054688,7,0,0.999556,0.013431,-0.029793,-0.017864,-0.009372,-0.020151,1.001692,30.88219,-4.43805,-41.04169,relaxation,good
1783252810.062500,8,0,0.999558,0.013511,-0.029718,-0.017937,-0.018839,-0.021080,1.019093,30.88093,-4.43730,-41.04220,relaxation,good
1783252810.070312,9,0,0.999561,0.013592,-0.029642,-0.018009,-0.017653,-0.016503,1.013365,30.87967,-4.43656,-41.04270,relaxation,good
1783252810.078125,10,0,0.999563,0.013671,-0.029566,-0.018080,-0.015714,0.000424,1.012428,30.87843,-4.43582,-41.04321,relaxation,good
1783252810.085938,11,0,0.999565,0.013751,-0.029489,-0.018149,-0.018932,-0.014714,1.001661,30.87719,-4.43508,-41.04372,relaxation,good
1783252810.093750,12,0,0.999567,0.013830,-0.029411,-0.018217,-0.008555,-0.017872,1.007154,30.87596,-4.43434,-41.04423,relaxation,good
1783252810.101562,13,0,0.999570,0.013908,-0.029334,-0.018284,-0.013972,0.003398,1.012766,30.87474,-4.43361,-41.04474,relaxation,good
1783252810.109375,14,0,0.999572,0.013987,-0.029255,-0.018350,-0.012864,-0.015378,1.015077,30.87353,-4.43287,-41.04524,relaxation,good
1783252810.117188,15,0,0.999574,0.014064,-0.029177,-0.018414,-0.009856,-0.001282,1.015186,30.87232,-4.43213,-41.04575,relaxation,good
1783252810.125000,16,0,0.999577,0.014142,-0.029097,-0.018478,-0.021772,-0.004907,1.008717,30.87112,-4.43140,-41.04626,relaxation,good
1783252810.132812,17,0,0.999579,0.014219,-0.029018,-0.018540,-0.012865,-0.000825,1.018010,30.86993,-4.43067,-41.04677,relaxation,good
1783252810.140625,18,0,0.999581,0.014295,-0.028937,-0.018600,-0.014790,-0.027832,1.027351,30.86875,-4.42993,-41.04727,relaxation,good
1783252810.148438,19,0,0.999584,0.014371,-0.028857,-0.018660,-0.012974,-0.006906,1.005774,30.86757,-4.42920,-41.04778,relaxation,good
1783252810.156250,20,0,0.999586,0.014447,-0.028775,-0.018718,-0.011368,-0.011843,1.008704,30.86641,-4.42847,-41.04828,relaxation,good
1783252810.164062,21,0,0.999588,0.014522,-0.028694,-0.018775,-0.000382,-0.002109,1.009730,30.86525,-4.42774,-41.04879,relaxation,good
1783252810.171875,22,0,0.999591,0.014597,-0.028612,-0.018831,-0.024566,-0.004246,1.001220,30.86410,-4.42702,-41.04929,relaxation,good
1783252810.179688,23,0,0.999593,0.014671,-0.028529,-0.018885,-0.003957,-0.010247,1.009517,30.86296,-4.42629,-41.04980,relaxation,good
1783252810.187500,24,0,0.999595,0.014745,-0.028446,-0.018939,-0.009606,-0.001334,1.024595,30.86182,-4.42556,-41.05030,relaxation,good
1783252810.195312,25,0,0.999598,0.014818,-0.028362,-0.018991,-0.009717,0.007792,0.997220,30.86070,-4.42484,-41.05081,relaxation,good
1783252810.203125,26,0,0.999600,0.014892,-0.028278,-0.019041,-0.004443,-0.008294,1.011754,30.85958,-4.42412,-41.05131,relaxation,good
1783252810.210938,27,0,0.999602,0.014964,-0.028194,-0.019091,-0.021100,-0.016231,1.017031,30.85847,-4.42339,-41.05181,relaxation,good
1783252810.218750,28,0,0.999605,0.015036,-0.028109,-0.019139,-0.021807,-0.012662,1.003323,30.85737,-4.42267,-41.05232,relaxation,good
1783252810.226562,29,0,0.999607,0.015108,-0.028023,-0.019186,0.000383,-0.020763,1.009597,30.85628,-4.42195,-41.05282,relaxation,good
1783252810.234375,30,0,0.999610,0.015179,-0.027937,-0.019231,-0.015254,-0.016821,1.008399,30.85520,-4.42123,-41.05332,relaxation,good
1783252810.242188,31,0,0.999612,0.015250,-0.027851,-0.019276,-0.029020,-0.007687,1.024803,30.85412,-4.42052,-41.05382,relaxation,good
1783252810.250000,32,0,0.999615,0.015320,-0.027764,-0.019319,-0.015643,-0.001911,1.003407,30.85306,-4.41980,-41.05432,relaxation,good
1783252810.257812,33,0,0.999617,0.015390,-0.027676,-0.019360,-0.005818,0.000452,1.014760,30.85200,-4.41908,-41.05482,relaxation,good
1783252810.265625,34,0,0.999619,0.015460,-0.027589,-0.019401,-0.021312,-0.000072,1.012535,30.85096,-4.41837,-41.05533,relaxation,good
1783252810.273438,35,0,0.999622,0.015529,-0.027500,-0.019440,-0.025216,-0.013612,1.017083,30.84992,-4.41766,-41.05583,relaxation,good
1783252810.281250,36,0,0.999624,0.015597,-0.027412,-0.019478,-0.020791,-0.000173,1.005792,30.84889,-4.41695,-41.05633,relaxation,good
1783252810.289062,37,0,0.999627,0.015665,-0.027322,-0.019514,-0.021357,-0.002504,1.022682,30.84787,-4.41624,-41.05683,relaxation,good
1783252810.296875,38,0,0.999629,0.015733,-0.027233,-0.019549,-0.019629,-0.013016,1.014625,30.84686,-4.41553,-41.05732,relaxation,good
1783252810.304688,39,0,0.999632,0.015800,-0.027143,-0.019583,-0.014753,-0.012558,1.014783,30.84586,-4.41482,-41.05782,relaxation,good
1783252810.312500,40,0,0.999634,0.015866,-0.027052,-0.019616,-0.022641,-0.009279,1.008506,30.84487,-4.41411,-41.05832,relaxation,good
1783252810.320312,41,0,0.999636,0.015933,-0.026961,-0.019647,-0.019049,0.011689,1.005036,30.84389,-4.41341,-41.05882,relaxation,good
1783252810.328125,42,0,0.999639,0.015998,-0.026870,-0.019677,-0.016316,-0.019608,1.006448,30.84292,-4.41271,-41.05932,relaxation,good
1783252810.335938,43,0,0.999641,0.016063,-0.026778,-0.019706,-0.018889,-0.001377,1.017555,30.84196,-4.41200,-41.05981,relaxation,good
1783252810.343750,44,0,0.999644,0.016128,-0.026685,-0.019733,-0.022700,-0.007862,1.022908,30.84100,-4.41130,-41.06031,relaxation,good
1783252810.351562,45,0,0.999646,0.016192,-0.026592,-0.019759,-0.022317,-0.009836,1.018652,30.84006,-4.41060,-41.06081,relaxation,good
1783252810.359375,46,0,0.999649,0.016256,-0.026499,-0.019784,-0.021309,-0.005420,1.016953,30.83913,-4.40990,-41.06130,relaxation,good
1783252810.367188,47,0,0.999651,0.016320,-0.026406,-0.019807,-0.007844,-0.008048,1.011710,30.83820,-4.40921,-41.06180,relaxation,good
1783252810.375000,48,0,0.999654,0.016382,-0.026311,-0.019829,-0.012525,-0.013416,1.009326,30.83729,-4.40851,-41.06229,relaxation,good
1783252810.382812,49,0,0.999656,0.016445,-0.026217,-0.019850,-0.009726,0.000091,1.016799,30.83639,-4.40782,-41.06279,relaxation,good
1783252810.390625,50,0,0.999659,0.016506,-0.026122,-0.019869,-0.024593,-0.005218,1.017452,30.83549,-4.40713,-41.06328,relaxation,good
1783252810.398438,51,0,0.999661,0.016568,-0.026026,-0.019887,-0.036261,-0.008555,1.014347,30.83461,-4.40643,-41.06378,relaxation,good
1783252810.406250,52,0,0.999664,0.016629,-0.025930,-0.019904,-0.010089,0.000741,1.016848,30.83374,-4.40574,-41.06427,relaxation,good
1783252810.414062,53,0,0.999666,0.016689,-0.025834,-0.019919,-0.017808,0.000007,1.013681,30.83287,-4.40506,-41.06476,relaxation,good
1783252810.421875,54,0,0.999669,0.016749,-0.025737,-0.019933,-0.014266,-0.002444,1.008721,30.83202,-4.40437,-41.06526,relaxation,good
1783252810.429688,55,0,0.999671,0.016808,-0.025640,-0.019946,-0.022455,-0.008811,1.012714,30.83118,-4.40368,-41.06575,relaxation,good
1783252810.437500,56,0,0.999674,0.016867,-0.025542,-0.019957,-0.020113,0.002610,1.016141,30.83034,-4.40300,-41.06624,relaxation,good
1783252810.445312,57,0,0.999676,0.016925,-0.025444,-0.019967,-0.014093,-0.000636,1.008243,30.82952,-4.40232,-41.06673,relaxation,good
1783252810.453125,58,0,0.999679,0.016983,-0.025346,-0.019976,-0.034519,-0.005383,1.008760,30.82871,-4.40164,-41.06722,relaxation,good
1783252810.460938,59,0,0.999681,0.017041,-0.025247,-0.019983,-0.011756,-0.003680,1.010001,30.82791,-4.40096,-41.06771,relaxation,good
1783252810.468750,60,0,0.999684,0.017097,-0.025148,-0.019989,-0.018981,0.000796,1.011987,30.82712,-4.40028,-41.06820,relaxation,good
1783252810.476562,61,0,0.999686,0.017154,-0.025048,-0.019994,-0.011956,-0.017128,1.021233,30.82634,-4.39960,-41.06869,relaxation,good
1783252810.484375,62,0,0.999689,0.017210,-0.024948,-0.019997,-0.023319,-0.008530,1.018965,30.82557,-4.39893,-41.06918,relaxation,good
1783252810.492188,63,0,0.999691,0.017265,-0.024847,-0.019999,-0.017385,0.003717,1.017115,30.82481,-4.39825,-41.06967,relaxation,good
1783252810.500000,64,0,0.999694,0.017320,-0.024746,-0.020000,-0.021570,0.012795,1.018006,30.82406,-4.39758,-41.07016,relaxation,good
1783252810.507812,65,0,0.999696,0.017374,-0.024645,-0.019999,-0.035851,-0.001990,1.012234,30.82332,-4.39691,-41.07064,relaxation,good
1783252810.515625,66,0,0.999699,0.017428,-0.024543,-0.019997,-0.011334,-0.005900,1.014700,30.82260,-4.39624,-41.07113,relaxation,good
1783252810.523438,67,0,0.999701,0.017481,-0.024441,-0.019994,-0.028765,-0.001856,1.010648,30.82188,-4.39558,-41.07162,relaxation,good
1783252810.531250,68,0,0.999704,0.017534,-0.024338,-0.019989,-0.009203,0.009757,1.021367,30.82118,-4.39491,-41.07210,relaxation,good
1783252810.539062,69,0,0.999706,0.017586,-0.024235,-0.019983,-0.019193,0.004457,1.016797,30.82048,-4.39425,-41.07259,relaxation,good
1783252810.546875,70,0,0.999709,0.017638,-0.024132,-0.019976,-0.025976,0.004247,1.011861,30.81980,-4.39359,-41.07307,relaxation,good
1783252810.554688,71,0,0.999711,0.017689,-0.024028,-0.019967,-0.020904,0.010962,1.017361,30.81913,-4.39292,-41.07356,relaxation,good
1783252810.562500,72,0,0.999714,0.017739,-0.023923,-0.019957,-0.018092,0.001078,1.006137,30.81846,-4.39227,-41.07404,relaxation,good
1783252810.570312,73,0,0.999716,0.017789,-0.023819,-0.019946,-0.017586,0.010439,1.014887,30.81781,-4.39161,-41.07453,relaxation,good
1783252810.578125,74,0,0.999719,0.017839,-0.023714,-0.019933,-0.022215,-0.010463,1.013089,30.81717,-4.39095,-41.07501,relaxation,good
1783252810.585938,75,0,0.999721,0.017888,-0.023608,-0.019919,-0.020165,0.006776,1.019346,30.81655,-4.39030,-41.07549,relaxation,good
1783252810.593750,76,0,0.999724,0.017936,-0.023502,-0.019904,-0.019000,0.008128,1.022770,30.81593,-4.38965,-41.07597,relaxation,good
1783252810.601562,77,0,0.999726,0.017984,-0.023396,-0.019887,-0.019681,-0.001583,1.010324,30.81532,-4.38900,-41.07646,relaxation,good
1783252810.609375,78,0,0.999729,0.018032,-0.023290,-0.019869,-0.038581,0.016410,1.013528,30.81473,-4.38835,-41.07694,relaxation,good
1783252810.617188,79,0,0.999731,0.018079,-0.023182,-0.019850,-0.012817,-0.006732,1.011411,30.81415,-4.38770,-41.07742,relaxation,good
1783252810.625000,80,0,0.999734,0.018125,-0.023075,-0.019829,-0.012299,0.007129,1.010926,30.81358,-4.38705,-41.07790,relaxation,good
1783252810.632812,81,0,0.999736,0.018171,-0.022967,-0.019807,-0.018518,-0.000828,1.012929,30.81302,-4.38641,-41.07838,relaxation,good
1783252810.640625,82,0,0.999739,0.018216,-0.022859,-0.019784,-0.023715,-0.002038,1.013822,30.81247,-4.38577,-41.07886,relaxation,good
1783252810.648438,83,0,0.999741,0.018261,-0.022750,-0.019759,-0.006428,0.009265,1.021598,30.81193,-4.38513,-41.07933,relaxation,good
1783252810.656250,84,0,0.999744,0.018305,-0.022642,-0.019733,-0.012225,0.012535,1.005176,30.81140,-4.38449,-41.07981,relaxation,good
1783252810.664062,85,0,0.999746,0.018349,-0.022532,-0.019706,-0.018713,0.002684,1.006887,30.81089,-4.38385,-41.08029,relaxation,good
1783252810.671875,86,0,0.999749,0.018392,-0.022422,-0.019677,-0.012572,0.001495,1.013852,30.81039,-4.38322,-41.08077,relaxation,good
1783252810.679688,87,0,0.999751,0.018435,-0.022312,-0.019647,-0.016377,0.013888,1.003038,30.80990,-4.38258,-41.08124,relaxation,good
1783252810.687500,88,0,0.999754,0.018477,-0.022202,-0.019616,-0.013943,0.017780,1.019070,30.80942,-4.38195,-41.08172,relaxation,good
1783252810.695312,89,0,0.999756,0.018518,-0.022091,-0.019583,-0.013638,0.017934,1.010516,30.80895,-4.38132,-41.08219,relaxation,good
1783252810.703125,90,0,0.999758,0.018559,-0.021980,-0.019549,-0.014834,-0.000083,1.003579,30.80849,-4.38069,-41.08267,relaxation,good
1783252810.710938,91,0,0.999761,0.018599,-0.021868,-0.019514,-0.033019,0.014018,1.013654,30.80805,-4.38007,-41.08314,relaxation,good
1783252810.718750,92,0,0.999763,0.018639,-0.021756,-0.019478,-0.013921,0.007851,1.002440,30.80761,-4.37944,-41.08361,relaxation,good
1783252810.726562,93,0,0.999766,0.018678,-0.021644,-0.019440,-0.029104,0.018587,1.009857,30.80719,-4.37882,-41.08409,relaxation,good
1783252810.734375,94,0,0.999768,0.018717,-0.021531,-0.019401,-0.013418,0.010022,1.013098,30.80678,-4.37820,-41.08456,relaxation,good
1783252810.742188,95,0,0.999771,0.018755,-0.021418,-0.019360,-0.023356,0.000465,1.016432,30.80639,-4.37758,-41.08503,relaxation,good
1783252810.750000,96,0,0.999773,0.018793,-0.021305,-0.019319,-0.027580,0.013668,1.010095,30.80600,-4.37696,-41.08550,relaxation,good
1783252810.757812,97,0,0.999775,0.018830,-0.021191,-0.019276,-0.025808,0.006567,1.006534,30.80563,-4.37635,-41.08597,relaxation,good
1783252810.765625,98,0,0.999778,0.018866,-0.021077,-0.019231,-0.026881,0.001441,1.008911,30.80526,-4.37574,-41.08644,relaxation,good
1783252810.773438,99,0,0.999780,0.018902,-0.020963,-0.019186,-0.009111,0.015091,1.016767,30.80491,-4.37513,-41.08691,relaxation,good
1783252810.781250,100,0,0.999783,0.018937,-0.020848,-0.019139,-0.021457,0.001657,1.015486,30.80458,-4.37452,-41.08738,relaxation,good
1783252810.789062,101,0,0.999785,0.018972,-0.020733,-0.019091,-0.026951,0.007122,1.002278,30.80425,-4.37391,-41.08785,relaxation,good
1783252810.796875,102,0,0.999787,0.019006,-0.020617,-0.019041,-0.012836,0.008062,0.994207,30.80394,-4.37330,-41.08832,relaxation,good
1783252810.804688,103,0,0.999790,0.019040,-0.020501,-0.018991,-0.016390,-0.002910,1.007649,30.80363,-4.37270,-41.08878,relaxation,good
1783252810.812500,104,0,0.999792,0.019073,-0.020385,-0.018939,-0.021399,0.011730,0.996777,30.80334,-4.37210,-41.08925,relaxation,good
1783252810.820312,105,0,0.999795,0.019106,-0.020269,-0.018885,-0.016701,0.010058,1.013536,30.80306,-4.37150,-41.08972,relaxation,good
1783252810.828125,106,0,0.999797,0.019138,-0.020152,-0.018831,-0.023990,0.009774,1.003551,30.80280,-4.37090,-41.09018,relaxation,good
1783252810.835938,107,0,0.999799,0.019169,-0.020035,-0.018775,-0.023475,0.010034,1.017338,30.80254,-4.37030,-41.09065,relaxation,good
1783252810.843750,108,0,0.999802,0.019200,-0.019917,-0.018718,-0.004832,0.010729,1.010366,30.80230,-4.36971,-41.09111,relaxation,good
1783252810.851562,109,0,0.999804,0.019230,-0.019799,-0.018660,-0.008122,0.000562,1.018229,30.80207,-4.36912,-41.09157,relaxation,good
1783252810.859375,110,0,0.999806,0.019260,-0.019681,-0.018600,-0.027281,0.000705,1.005247,30.80185,-4.36853,-41.09204,relaxation,good
1783252810.867188,111,0,0.999809,0.019289,-0.019563,-0.018540,-0.011398,0.014877,1.010968,30.80165,-4.36794,-41.09250,relaxation,good
1783252810.875000,112,0,0.999811,0.019317,-0.019444,-0.018478,-0.011262,0.003479,1.007834,30.80145,-4.36736,-41.09296,relaxation,good
1783252810.882812,113,0,0.999813,0.019345,-0.019325,-0.018414,-0.000786,0.004368,1.015592,30.80127,-4.36677,-41.09342,relaxation,good
1783252810.890625,114,0,0.999816,0.019373,-0.019205,-0.018350,-0.012677,0.016369,0.999823,30.80110,-4.36619,-41.09388,relaxation,good
1783252810.898438,115,0,0.999818,0.019399,-0.019085,-0.018284,-0.008044,0.004008,1.014182,30.80094,-4.36561,-41.09434,relaxation,good
1783252810.906250,116,0,0.999820,0.019426,-0.018965,-0.018217,-0.013717,0.004764,1.014430,30.80080,-4.36503,-41.09480,relaxation,good
1783252810.914062,117,0,0.999822,0.019451,-0.018845,-0.018149,-0.003223,-0.010824,1.006410,30.80066,-4.36446,-41.09526,relaxation,good
1783252810.921875,118,0,0.999825,0.019476,-0.018724,-0.018080,-0.010365,0.003842,1.001526,30.80054,-4.36388,-41.09572,relaxation,good
1783252810.929688,119,0,0.999827,0.019501,-0.018603,-0.018009,0.002831,0.008082,1.029611,30.80043,-4.36331,-41.09617,relaxation,good
1783252810.937500,120,0,0.999829,0.019525,-0.018481,-0.017937,-0.015142,0.010308,1.013464,30.80034,-4.36274,-41.09663,relaxation,good
1783252810.945312,121,0,0.999831,0.019548,-0.018360,-0.017864,-0.005394,0.014678,1.003601,30.80025,-4.36218,-41.09708,relaxation,good
1783252810.953125,122,0,0.999834,0.019571,-0.018238,-0.017790,0.001363,0.013994,1.018232,30.80018,-4.36161,-41.09754,relaxation,good
1783252810.960938,123,0,0.999836,0.019593,-0.018115,-0.017715,-0.023345,0.002473,1.013856,30.80012,-4.36105,-41.09799,relaxation,good
1783252810.968750,124,0,0.999838,0.019614,-0.017993,-0.017638,-0.004965,0.022244,0.993878,30.80007,-4.36049,-41.09845,relaxation,good
1783252810.976562,125,0,0.999840,0.019635,-0.017870,-0.017561,-0.013924,0.013763,1.002076,30.80004,-4.35993,-41.09890,relaxation,good
1783252810.984375,126,0,0.999843,0.019656,-0.017746,-0.017482,-0.018259,0.014790,1.003834,30.80001,-4.35937,-41.09935,relaxation,good
1783252810.992188,127,0,0.999845,0.019676,-0.017623,-0.017402,-0.014983,0.000182,0.999227,30.80000,-4.35882,-41.09980,relaxation,good
1783252811.000000,0,0,0.999847,0.019695,-0.017499,-0.017321,-0.012223,0.019547,1.004191,30.80000,-4.35827,-41.10026,relaxation,good
1783252811.007812,1,0,0.999849,0.019714,-0.017375,-0.017238,-0.010358,-0.010930,1.001780,30.80001,-4.35772,-41.10071,relaxation,good
1783252811.015625,2,0,0.999851,0.019732,-0.017251,-0.017155,-0.007265,0.009681,1.002907,30.80004,-4.35717,-41.10116,relaxation,good
1783252811.023438,3,0,0.999853,0.019749,-0.017126,-0.017070,-0.003292,-0.001142,1.003692,30.80008,-4.35662,-41.10160,relaxation,good
1783252811.031250,4,0,0.999855,0.019766,-0.017001,-0.016984,-0.021370,0.000721,1.005085,30.80013,-4.35608,-41.10205,relaxation,good
1783252811.039062,5,0,0.999858,0.019782,-0.016876,-0.016897,-0.006071,0.000753,1.007491,30.80019,-4.35554,-41.10250,relaxation,good
1783252811.046875,6,0,0.999860,0.019798,-0.016750,-0.016809,-0.013261,0.002369,0.994079,30.80026,-4.35500,-41.10295,relaxation,good
1783252811.054688,7,0,0.999862,0.019813,-0.016624,-0.016720,0.008542,-0.001136,1.003013,30.80035,-4.35446,-41.10339,relaxation,good
1783252811.062500,8,0,0.999864,0.019828,-0.016498,-0.016629,-0.001493,0.015625,0.998267,30.80045,-4.35393,-41.10384,relaxation,good
1783252811.070312,9,0,0.999866,0.019842,-0.016372,-0.016538,-0.000450,0.001317,0.993399,30.80056,-4.35339,-41.10428,relaxation,good
1783252811.078125,10,0,0.999868,0.019855,-0.016245,-0.016445,-0.002707,0.006761,1.003544,30.80068,-4.35286,-41.10473,relaxation,good
1783252811.085938,11,0,0.999870,0.019868,-0.016118,-0.016352,-0.015285,0.019863,1.004207,30.80082,-4.35234,-41.10517,relaxation,good
1783252811.093750,12,0,0.999872,0.019880,-0.015991,-0.016257,-0.002099,0.006614,1.004461,30.80096,-4.35181,-41.10561,relaxation,good
1783252811.101562,13,0,0.999874,0.019891,-0.015863,-0.016161,0.001314,0.010196,0.997979,30.80112,-4.35129,-41.10606,relaxation,good
1783252811.109375,14,0,0.999876,0.019902,-0.015736,-0.016064,-0.003426,0.003359,1.009484,30.80129,-4.35076,-41.10650,relaxation,good
1783252811.117188,15,0,0.999878,0.019913,-0.015608,-0.015966,-0.027498,-0.008614,1.000220,30.80148,-4.35025,-41.10694,relaxation,good
1783252811.125000,16,0,0.999880,0.019923,-0.015479,-0.015867,0.003793,0.024787,0.998504,30.80167,-4.34973,-41.10738,relaxation,good
1783252811.132812,17,0,0.999882,0.019932,-0.015351,-0.015767,-0.008994,0.007251,0.999230,30.80188,-4.34921,-41.10782,relaxation,good
1783252811.140625,18,0,0.999884,0.019940,-0.015222,-0.015666,-0.003125,0.004632,1.002366,30.80210,-4.34870,-41.10825,relaxation,good
1783252811.148438,19,0,0.999886,0.019948,-0.015093,-0.015563,0.007585,0.012230,1.010947,30.80233,-4.34819,-41.10869,relaxation,good
1783252811.156250,20,0,0.999888,0.019956,-0.014964,-0.015460,-0.011756,0.013819,0.995406,30.80258,-4.34769,-41.10913,relaxation,good
1783252811.164062,21,0,0.999890,0.019963,-0.014834,-0.015356,-0.001224,0.005202,1.010228,30.80283,-4.34718,-41.10956,relaxation,good
1783252811.171875,22,0,0.999892,0.019969,-0.014705,-0.015251,-0.001876,-0.008991,0.996054,30.80310,-4.34668,-41.11000,relaxation,good
1783252811.179688,23,0,0.999894,0.019975,-0.014575,-0.015144,0.006662,0.009088,0.998609,30.80338,-4.34618,-41.11043,relaxation,good
1783252811.187500,24,0,0.999896,0.019980,-0.014444,-0.015037,-0.000459,0.011785,1.007878,30.80367,-4.34568,-41.11087,relaxation,good
1783252811.195312,25,0,0.999898,0.019984,-0.014314,-0.014928,-0.001583,0.004873,1.000116,30.80398,-4.34518,-41.11130,relaxation,good
1783252811.203125,26,0,0.999899,0.019988,-0.014183,-0.014819,-0.006284,-0.001109,1.006559,30.80429,-4.34469,-41.11173,relaxation,good
1783252811.210938,27,0,0.999901,0.019991,-0.014052,-0.014709,-0.001572,0.018947,1.007415,30.80462,-4.34420,-41.11217,relaxation,good
1783252811.218750,28,0,0.999903,0.019994,-0.013921,-0.014597,-0.007618,0.014532,0.994974,30.80496,-4.34371,-41.11260,relaxation,good
1783252811.226562,29,0,0.999905,0.019996,-0.013789,-0.014485,0.007080,0.017060,0.998039,30.80531,-4.34322,-41.11303,relaxation,good
1783252811.234375,30,0,0.999907,0.019997,-0.013658,-0.014372,-0.003122,0.006554,0.998239,30.80568,-4.34274,-41.11346,relaxation,good
1783252811.242188,31,0,0.999909,0.019998,-0.013526,-0.014257,-0.014349,0.008140,1.007894,30.80605,-4.34226,-41.11388,relaxation,good
1783252811.250000,32,0,0.999910,0.019999,-0.013394,-0.014142,0.002036,0.010308,0.991297,30.80644,-4.34178,-41.11431,relaxation,good
1783252811.257812,33,0,0.999912,0.019998,-0.013261,-0.014026,0.007757,0.008216,0.989144,30.80684,-4.34130,-41.11474,relaxation,good
1783252811.265625,34,0,0.999914,0.019997,-0.013129,-0.013909,-0.002218,0.014378,0.998701,30.80725,-4.34083,-41.11517,relaxation,good
1783252811.273438,35,0,0.999916,0.019996,-0.012996,-0.013791,-0.004390,0.008133,0.988006,30.80767,-4.34036,-41.11559,relaxation,good
1783252811.281250,36,0,0.999917,0.019994,-0.012863,-0.013672,0.011594,0.000140,1.001790,30.80811,-4.33989,-41.11602,relaxation,good
1783252811.289062,37,0,0.999919,0.019991,-0.012729,-0.013552,0.007019,0.015410,1.000332,30.80855,-4.33942,-41.11644,relaxation,good
1783252811.296875,38,0,0.999921,0.019988,-0.012596,-0.013431,0.011182,0.009553,0.994567,30.80901,-4.33896,-41.11686,relaxation,good
1783252811.304688,39,0,0.999922,0.019984,-0.012462,-0.013309,-0.001455,-0.009962,1.002342,30.80948,-4.33849,-41.11728,relaxation,good
1783252811.312500,40,0,0.999924,0.019980,-0.012328,-0.013187,0.003715,0.007156,0.996860,30.80996,-4.33803,-41.11771,relaxation,good
1783252811.320312,41,0,0.999926,0.019975,-0.012194,-0.013063,0.005478,-0.001376,0.992971,30.81045,-4.33758,-41.11813,relaxation,good
1783252811.328125,42,0,0.999927,0.019969,-0.012060,-0.012939,0.005961,0.016447,0.993662,30.81096,-4.33712,-41.11855,relaxation,good
1783252811.335938,43,0,0.999929,0.019963,-0.011926,-0.012814,0.011291,0.018763,0.992588,30.81147,-4.33667,-41.11897,relaxation,good
1783252811.343750,44,0,0.999930,0.019956,-0.011791,-0.012688,0.010985,-0.002597,0.992161,30.81200,-4.33622,-41.11938,relaxation,good
1783252811.351562,45,0,0.999932,0.019948,-0.011656,-0.012561,0.003055,0.000292,0.990571,30.81254,-4.33577,-41.11980,relaxation,good
1783252811.359375,46,0,0.999934,0.019940,-0.011521,-0.012433,0.014121,0.016161,0.998479,30.81309,-4.33533,-41.12022,relaxation,good
1783252811.367188,47,0,0.999935,0.019932,-0.011386,-0.012305,-0.001895,0.004074,0.994247,30.81365,-4.33489,-41.12063,relaxation,good
1783252811.375000,48,0,0.999937,0.019923,-0.011250,-0.012175,0.005467,0.014556,1.000461,30.81422,-4.33445,-41.12105,relaxation,good
1783252811.382812,49,0,0.999938,0.019913,-0.011114,-0.012045,0.003069,-0.006454,0.990406,30.81481,-4.33401,-41.12146,relaxation,good
1783252811.390625,50,0,0.999940,0.019902,-0.010979,-0.011914,0.005914,0.010642,0.995545,30.81540,-4.33358,-41.12188,relaxation,good
1783252811.398438,51,0,0.999941,0.019891,-0.010843,-0.011782,0.003054,-0.005567,0.984049,30.81601,-4.33314,-41.12229,relaxation,good
1783252811.406250,52,0,0.999943,0.019880,-0.010706,-0.011650,-0.006380,-0.009756,0.989442,30.81663,-4.33271,-41.12270,relaxation,good
1783252811.414062,53,0,0.999944,0.019868,-0.010570,-0.011516,-0.003022,0.003518,0.986180,30.81726,-4.33229,-41.12311,relaxation,good
1783252811.421875,54,0,0.999946,0.019855,-0.010433,-0.011382,0.009298,-0.006750,0.999061,30.81790,-4.33186,-41.12352,relaxation,good
1783252811.429688,55,0,0.999947,0.019842,-0.010297,-0.011247,0.002357,0.013736,1.008885,30.81855,-4.33144,-41.12393,relaxation,good
1783252811.437500,56,0,0.999948,0.019828,-0.010160,-0.011111,0.013572,-0.000903,0.987092,30.81921,-4.33102,-41.12434,relaxation,good
1783252811.445312,57,0,0.999950,0.019813,-0.010023,-0.010975,-0.007179,-0.000276,0.984725,30.81989,-4.33061,-41.12475,relaxation,good
1783252811.453125,58,0,0.999951,0.019798,-0.009885,-0.010838,0.013473,-0.013233,0.992723,30.82057,-4.33019,-41.12515,relaxation,good
1783252811.460938,59,0,0.999952,0.019782,-0.009748,-0.010700,0.009099,0.019729,0.992468,30.82127,-4.32978,-41.12556,relaxation,good
1783252811.468750,60,0,0.999954,0.019766,-0.009610,-0.010561,0.015405,-0.002465,0.981753,30.82197,-4.32937,-41.12596,relaxation,good
1783252811.476562,61,0,0.999955,0.019749,-0.009473,-0.010422,0.007455,0.011974,0.989659,30.82269,-4.32896,-41.12637,relaxation,good
1783252811.484375,62,0,0.999956,0.019732,-0.009335,-0.010282,0.001414,-0.012951,0.999370,30.82342,-4.32856,-41.12677,relaxation,good
1783252811.492188,63,0,0.999958,0.019714,-0.009197,-0.010141,0.015281,0.000465,1.002029,30.82416,-4.32816,-41.12717,relaxation,good
1783252811.500000,64,0,0.999959,0.019695,-0.009059,-0.010000,0.006547,0.005864,0.988322,30.82491,-4.32776,-41.12758,relaxation,good
1783252811.507812,65,0,0.999960,0.019676,-0.008920,-0.009858,0.006536,0.005202,0.993204,30.82567,-4.32737,-41.12798,relaxation,good
1783252811.515625,66,0,0.999961,0.019656,-0.008782,-0.009715,0.016931,0.001762,0.987496,30.82644,-4.32697,-41.12838,relaxation,good
1783252811.523438,67,0,0.999963,0.019635,-0.008643,-0.009572,0.009034,-0.000189,0.991909,30.82722,-4.32658,-41.12878,relaxation,good
1783252811.531250,68,0,0.999964,0.019614,-0.008504,-0.009428,-0.002594,-0.015097,0.992761,30.82802,-4.32619,-41.12917,relaxation,good
1783252811.539062,69,0,0.999965,0.019593,-0.008365,-0.009283,0.006999,0.001370,0.991085,30.82882,-4.32581,-41.12957,relaxation,good
1783252811.546875,70,0,0.999966,0.019571,-0.008226,-0.009138,0.009398,-0.012723,0.994419,30.82963,-4.32543,-41.12997,relaxation,good
1783252811.554688,71,0,0.999967,0.019548,-0.008087,-0.008992,0.009110,-0.007231,0.989679,30.83045,-4.32505,-41.13036,relaxation,good
1783252811.562500,72,0,0.999968,0.019525,-0.007948,-0.008846,0.012426,0.001301,0.988639,30.83129,-4.32467,-41.13076,relaxation,good
1783252811.570312,73,0,0.999970,0.019501,-0.007808,-0.008699,0.005910,-0.007071,0.987725,30.83213,-4.32429,-41.13115,relaxation,good
1783252811.578125,74,0,0.999971,0.019476,-0.007668,-0.008551,0.021704,0.000016,0.994057,30.83299,-4.32392,-41.13154,relaxation,good
1783252811.585938,75,0,0.999972,0.019451,-0.007529,-0.008403,0.020439,-0.007362,0.981111,30.83385,-4.32355,-41.13194,relaxation,good
1783252811.593750,76,0,0.999973,0.019426,-0.007389,-0.008254,0.026033,0.005828,0.982739,30.83473,-4.32319,-41.13233,relaxation,good
1783252811.601562,77,0,0.999974,0.019399,-0.007249,-0.008105,0.026386,0.008351,0.976827,30.83561,-4.32282,-41.13272,relaxation,good
1783252811.609375,78,0,0.999975,0.019373,-0.007109,-0.007955,0.031413,0.002909,0.991052,30.83651,-4.32246,-41.13311,relaxation,good
1783252811.617188,79,0,0.999976,0.019345,-0.006968,-0.007805,0.016091,0.002256,0.991905,30.83741,-4.32210,-41.13349,relaxation,good
1783252811.625000,80,0,0.999977,0.019317,-0.006828,-0.007654,0.009689,0.001728,0.995304,30.83833,-4.32175,-41.13388,relaxation,good
1783252811.632812,81,0,0.999978,0.019289,-0.006688,-0.007502,0.030553,-0.003817,0.997168,30.83925,-4.32140,-41.13427,relaxation,good
1783252811.640625,82,0,0.999979,0.019260,-0.006547,-0.007350,0.014983,0.010200,0.995910,30.84019,-4.32105,-41.13465,relaxation,good
1783252811.648438,83,0,0.999979,0.019230,-0.006406,-0.007198,-0.002730,0.008196,0.986499,30.84113,-4.32070,-41.13504,relaxation,good
1783252811.656250,84,0,0.999980,0.019200,-0.006266,-0.007045,0.010636,0.008701,1.001424,30.84208,-4.32035,-41.13542,relaxation,good
1783252811.664062,85,0,0.999981,0.019169,-0.006125,-0.006892,0.004282,-0.015095,0.992430,30.84305,-4.32001,-41.13580,relaxation,good
1783252811.671875,86,0,0.999982,0.019138,-0.005984,-0.006738,0.019467,-0.017096,0.988678,30.84402,-4.31967,-41.13619,relaxation,good
1783252811.679688,87,0,0.999983,0.019106,-0.005843,-0.006584,0.027941,0.003781,0.983002,30.84500,-4.31934,-41.13657,relaxation,good
1783252811.687500,88,0,0.999984,0.019073,-0.005701,-0.006429,0.003500,-0.001626,0.983851,30.84600,-4.31900,-41.13695,relaxation,good
1783252811.695312,89,0,0.999985,0.019040,-0.005560,-0.006274,0.032513,0.013191,0.991282,30.84700,-4.31867,-41.13733,relaxation,good
1783252811.703125,90,0,0.999985,0.019006,-0.005419,-0.006118,0.011832,-0.007975,0.995096,30.84801,-4.31834,-41.13770,relaxation,good
1783252811.710938,91,0,0.999986,0.018972,-0.005277,-0.005962,0.010803,-0.024918,0.985571,30.84903,-4.31802,-41.13808,relaxation,good
1783252811.718750,92,0,0.999987,0.018937,-0.005136,-0.005806,0.030156,-0.019942,0.988897,30.85006,-4.31769,-41.13846,relaxation,good
1783252811.726562,93,0,0.999988,0.018902,-0.004994,-0.005649,0.021781,-0.018780,0.983313,30.85110,-4.31737,-41.13883,relaxation,good
1783252811.734375,94,0,0.999988,0.018866,-0.004852,-0.005492,0.017236,-0.011343,0.988267,30.85214,-4.31706,-41.13921,relaxation,good
1783252811.742188,95,0,0.999989,0.018830,-0.004710,-0.005334,0.019280,-0.019632,0.989257,30.85320,-4.31674,-41.13958,relaxation,good
1783252811.750000,96,0,0.999990,0.018793,-0.004568,-0.005176,0.017444,-0.021473,0.986094,30.85427,-4.31643,-41.13995,relaxation,good
1783252811.757812,97,0,0.999990,0.018755,-0.004426,-0.005018,0.028376,0.004803,0.979109,30.85534,-4.31612,-41.14033,relaxation,good
1783252811.765625,98,0,0.999991,0.018717,-0.004284,-0.004860,0.030095,-0.001974,0.999083,30.85642,-4.31582,-41.14070,relaxation,good
1783252811.773438,99,0,0.999991,0.018678,-0.004142,-0.004701,0.016068,-0.003922,0.976035,30.85752,-4.31551,-41.14107,relaxation,good
1783252811.781250,100,0,0.999992,0.018639,-0.004000,-0.004542,0.011393,-0.000303,0.979216,30.85862,-4.31521,-41.14143,relaxation,good
1783252811.789062,101,0,0.999993,0.018599,-0.003858,-0.004382,0.021195,-0.001772,0.991900,30.85973,-4.31492,-41.14180,relaxation,good
1783252811.796875,102,0,0.999993,0.018559,-0.003715,-0.004222,0.003283,-0.015174,0.986325,30.86085,-4.31462,-41.14217,relaxation,good
1783252811.804688,103,0,0.999994,0.018518,-0.003573,-0.004062,0.010196,-0.000624,0.992118,30.86197,-4.31433,-41.14253,relaxation,good
1783252811.812500,104,0,0.999994,0.018477,-0.003431,-0.003902,0.018629,-0.008221,0.981578,30.86311,-4.31404,-41.14290,relaxation,good
1783252811.820312,105,0,0.999995,0.018435,-0.003288,-0.003741,0.032214,0.010476,0.989037,30.86425,-4.31375,-41.14326,relaxation,good
1783252811.828125,106,0,0.999995,0.018392,-0.003146,-0.003580,0.017316,-0.008522,0.981185,30.86540,-4.31347,-41.14363,relaxation,good
1783252811.835938,107,0,0.999995,0.018349,-0.003003,-0.003419,0.009856,-0.017984,0.975937,30.86656,-4.31319,-41.14399,relaxation,good
1783252811.843750,108,0,0.999996,0.018305,-0.002860,-0.003258,0.018332,0.000748,0.988345,30.86773,-4.31291,-41.14435,relaxation,good
1783252811.851562,109,0,0.999996,0.018261,-0.002718,-0.003096,0.026271,-0.025697,0.985407,30.86891,-4.31264,-41.14471,relaxation,good
1783252811.859375,110,0,0.999997,0.018216,-0.002575,-0.002935,0.018192,-0.009297,0.985146,30.87009,-4.31237,-41.14507,relaxation,good
1783252811.867188,111,0,0.999997,0.018171,-0.002432,-0.002773,0.025722,-0.014001,0.990819,30.87128,-4.31210,-41.14543,relaxation,good
1783252811.875000,112,0,0.999997,0.018125,-0.002289,-0.002611,0.013599,-0.030561,0.990689,30.87248,-4.31183,-41.14578,relaxation,good
1783252811.882812,113,0,0.999998,0.018079,-0.002146,-0.002448,0.015811,-0.000704,0.990233,30.87369,-4.31157,-41.14614,relaxation,good
1783252811.890625,114,0,0.999998,0.018032,-0.002003,-0.002286,0.028039,-0.006387,0.978889,30.87490,-4.31131,-41.14649,relaxation,good
1783252811.898438,115,0,0.999998,0.017984,-0.001860,-0.002123,0.032906,-0.010586,0.978684,30.87613,-4.31105,-41.14685,relaxation,good
1783252811.906250,116,0,0.999999,0.017936,-0.001717,-0.001960,0.037782,-0.013005,0.988834,30.87736,-4.31080,-41.14720,relaxation,good
1783252811.914062,117,0,0.999999,0.017888,-0.001574,-0.001797,0.003893,0.004120,0.988889,30.87860,-4.31054,-41.14755,relaxation,good
1783252811.921875,118,0,0.999999,0.017839,-0.001431,-0.001634,0.025096,-0.003822,0.981002,30.87984,-4.31029,-41.14791,relaxation,good
1783252811.929688,119,0,0.999999,0.017789,-0.001288,-0.001471,0.003921,-0.020461,0.983128,30.88109,-4.31005,-41.14826,relaxation,good
1783252811.937500,120,0,0.999999,0.017739,-0.001145,-0.001308,0.026487,-0.007580,0.993139,30.88235,-4.30981,-41.14860,relaxation,good
1783252811.945312,121,0,0.999999,0.017689,-0.001002,-0.001145,0.022214,-0.010753,0.985410,30.88362,-4.30957,-41.14895,relaxation,good
1783252811.953125,122,0,1.000000,0.017638,-0.000859,-0.000981,0.015270,-0.020733,0.982736,30.88490,-4.30933,-41.14930,relaxation,good
1783252811.960938,123,0,1.000000,0.017586,-0.000716,-0.000818,0.027200,-0.012005,0.977266,30.88618,-4.30909,-41.14965,relaxation,good
1783252811.968750,124,0,1.000000,0.017534,-0.000573,-0.000654,0.015749,-0.013014,0.981496,30.88746,-4.30886,-41.14999,relaxation,good
1783252811.976562,125,0,1.000000,0.017481,-0.000430,-0.000491,0.019783,-0.006731,0.974783,30.88876,-4.30863,-41.15033,relaxation,good
1783252811.984375,126,0,1.000000,0.017428,-0.000286,-0.000327,0.023067,-0.012514,0.994279,30.89006,-4.30841,-41.15068,relaxation,good
1783252811.992188,127,0,1.000000,0.017374,-0.000143,-0.000164,0.019005,-0.005473,1.000657,30.89137,-4.30819,-41.15102,relaxation,good
1783252812.000000,0,0,1.000000,0.017320,-0.000000,-0.000000,0.025647,-0.009866,0.983072,30.89269,-4.30797,-41.15136,relaxation,good
1783252812.007812,1,0,1.000000,0.017265,0.000143,0.000164,0.015483,-0.009397,0.982784,30.89401,-4.30775,-41.15170,relaxation,good
1783252812.015625,2,0,1.000000,0.017210,0.000286,0.000327,0.032057,-0.007419,0.994848,30.89534,-4.30754,-41.15204,relaxation,good
1783252812.023438,3,0,1.000000,0.017154,0.000430,0.000491,0.026946,-0.015458,0.984328,30.89667,-4.30732,-41.15238,relaxation,good
1783252812.031250,4,0,1.000000,0.017097,0.000573,0.000654,0.017802,-0.014949,0.972035,30.89801,-4.30712,-41.15271,relaxation,good
1783252812.039062,5,0,1.000000,0.017041,0.000716,0.000818,0.034091,-0.010613,0.982178,30.89936,-4.30691,-41.15305,relaxation,good
1783252812.046875,6,0,1.000000,0.016983,0.000859,0.000981,0.016643,-0.007183,0.979193,30.90071,-4.30671,-41.15338,relaxation,good
1783252812.054688,7,0,0.999999,0.016925,0.001002,0.001145,0.025758,-0.015966,0.976038,30.90207,-4.30651,-41.15372,relaxation,good
1783252812.062500,8,0,0.999999,0.016867,0.001145,0.001308,0.020063,-0.009678,0.987654,30.90344,-4.30631,-41.15405,relaxation,good
1783252812.070312,9,0,0.999999,0.016808,0.001288,0.001471,0.022509,-0.007937,0.988815,30.90481,-4.30612,-41.15438,relaxation,good
1783252812.078125,10,0,0.999999,0.016749,0.001431,0.001634,0.016941,-0.004309,0.983197,30.90618,-4.30593,-41.15471,relaxation,good
1783252812.085938,11,0,0.999999,0.016689,0.001574,0.001797,0.023003,-0.006082,0.995726,30.90757,-4.30574,-41.15504,relaxation,good
1783252812.093750,12,0,0.999999,0.016629,0.001717,0.001960,0.026546,-0.010686,0.997066,30.90896,-4.30556,-41.15537,relaxation,good
1783252812.101562,13,0,0.999998,0.016568,0.001860,0.002123,0.005151,0.003127,0.993145,30.91035,-4.30538,-41.15570,relaxation,good
1783252812.109375,14,0,0.999998,0.016506,0.002003,0.002286,0.013672,-0.028484,0.980062,30.91175,-4.30520,-41.15603,relaxation,good
1783252812.117188,15,0,0.999998,0.016445,0.002146,0.002448,0.021053,-0.018258,0.979459,30.91315,-4.30502,-41.15635,relaxation,good
1783252812.125000,16,0,0.999997,0.016382,0.002289,0.002611,0.020944,-0.003423,0.980696,30.91456,-4.30485,-41.15667,relaxation,good
1783252812.132812,17,0,0.999997,0.016320,0.002432,0.002773,0.005056,-0.018934,0.981886,30.91598,-4.30468,-41.15700,relaxation,good
1783252812.140625,18,0,0.999997,0.016256,0.002575,0.002935,0.020504,-0.007478,0.977498,30.91740,-4.30451,-41.15732,relaxation,good
1783252812.148438,19,0,0.999996,0.016192,0.002718,0.003096,0.028691,-0.010307,0.992841,30.91883,-4.30435,-41.15764,relaxation,good
1783252812.156250,20,0,0.999996,0.016128,0.002860,0.003258,0.014444,0.001395,0.997460,30.92026,-4.30419,-41.15796,relaxation,good
1783252812.164062,21,0,0.999995,0.016063,0.003003,0.003419,0.015726,-0.016625,0.984570,30.92169,-4.30403,-41.15828,relaxation,good
1783252812.171875,22,0,0.999995,0.015998,0.003146,0.003580,0.026451,0.004124,0.986718,30.92313,-4.30388,-41.15860,relaxation,good
1783252812.179688,23,0,0.999995,0.015933,0.003288,0.003741,0.014422,-0.012069,0.974395,30.92458,-4.30373,-41.15891,relaxation,good
1783252812.187500,24,0,0.999994,0.015866,0.003431,0.003902,0.003279,-0.005376,0.989610,30.92603,-4.30358,-41.15923,relaxation,good
1783252812.195312,25,0,0.999994,0.015800,0.003573,0.004062,0.007408,0.000033,0.985267,30.92748,-4.30343,-41.15954,relaxation,good
1783252812.203125,26,0,0.999993,0.015733,0.003715,0.004222,0.012765,0.004245,0.984822,30.92894,-4.30329,-41.15986,relaxation,good
1783252812.210938,27,0,0.999993,0.015665,0.003858,0.004382,0.006038,-0.005261,0.992341,30.93040,-4.30315,-41.16017,relaxation,good
1783252812.218750,28,0,0.999992,0.015597,0.004000,0.004542,0.019396,0.000052,0.987384,30.93187,-4.30301,-41.16048,relaxation,good
1783252812.226562,29,0,0.999991,0.015529,0.004142,0.004701,0.024377,-0.020089,0.985185,30.93334,-4.30288,-41.16079,relaxation,good
1783252812.234375,30,0,0.999991,0.015460,0.004284,0.004860,0.022241,-0.011464,0.986602,30.93481,-4.30275,-41.16110,relaxation,good
1783252812.242188,31,0,0.999990,0.015390,0.004426,0.005018,0.013639,-0.009875,0.997866,30.93629,-4.30262,-41.16141,relaxation,good
1783252812.250000,32,0,0.999990,0.015320,0.004568,0.005176,0.018675,-0.007750,0.989113,30.93778,-4.30250,-41.16172,relaxation,good
1783252812.257812,33,0,0.999989,0.015250,0.004710,0.005334,0.002339,0.000246,0.990336,30.93926,-4.30238,-41.16202,relaxation,good
1783252812.265625,34,0,0.999988,0.015179,0.004852,0.005492,0.004493,-0.002538,0.991189,30.94075,-4.30226,-41.16233,relaxation,good
1783252812.273438,35,0,0.999988,0.015108,0.004994,0.005649,0.007853,-0.012701,0.990933,30.94225,-4.30214,-41.16263,relaxation,good
1783252812.281250,36,0,0.999987,0.015036,0.005136,0.005806,0.004712,-0.011758,0.990218,30.94375,-4.30203,-41.16293,relaxation,good
1783252812.289062,37,0,0.999986,0.014964,0.005277,0.005962,0.011451,-0.010428,0.982710,30.94525,-4.30192,-41.16324,relaxation,good
1783252812.296875,38,0,0.999985,0.014892,0.005419,0.006118,-0.002583,-0.010123,0.986202,30.94675,-4.30181,-41.16354,relaxation,good
1783252812.304688,39,0,0.999985,0.014818,0.005560,0.006274,0.008320,-0.009896,0.991184,30.94826,-4.30171,-41.16383,relaxation,good
1783252812.312500,40,0,0.999984,0.014745,0.005701,0.006429,0.012566,0.004077,0.987284,30.94977,-4.30161,-41.16413,relaxation,good
1783252812.320312,41,0,0.999983,0.014671,0.005843,0.006584,0.002391,-0.004446,0.986741,30.95128,-4.30151,-41.16443,relaxation,good
1783252812.328125,42,0,0.999982,0.014597,0.005984,0.006738,0.007174,-0.008133,0.993265,30.95280,-4.30142,-41.16473,relaxation,good
1783252812.335938,43,0,0.999981,0.014522,0.006125,0.006892,0.027750,-0.008247,0.984915,30.95432,-4.30133,-41.16502,relaxation,good
1783252812.343750,44,0,0.999980,0.014447,0.006266,0.007045,0.002958,-0.008014,0.988961,30.95584,-4.30124,-41.16531,relaxation,good
1783252812.351562,45,0,0.999979,0.014371,0.006406,0.007198,0.008168,-0.017361,0.994648,30.95737,-4.30115,-41.16561,relaxation,good
1783252812.359375,46,0,0.999979,0.014295,0.006547,0.007350,0.004481,-0.006786,0.995693,30.95890,-4.30107,-41.16590,relaxation,good
1783252812.367188,47,0,0.999978,0.014219,0.006688,0.007502,0.007405,-0.004953,0.986642,30.96043,-4.30099,-41.16619,relaxation,good
1783252812.375000,48,0,0.999977,0.014142,0.006828,0.007654,0.006639,-0.005210,0.992021,30.96196,-4.30091,-41.16648,relaxation,good
1783252812.382812,49,0,0.999976,0.014064,0.006968,0.007805,0.005713,-0.001436,0.999800,30.96349,-4.30084,-41.16677,relaxation,good
1783252812.390625,50,0,0.999975,0.013987,0.007109,0.007955,-0.001856,-0.023266,1.004624,30.96503,-4.30077,-41.16705,relaxation,good
1783252812.398438,51,0,0.999974,0.013908,0.007249,0.008105,0.003354,-0.001793,0.995241,30.96657,-4.30070,-41.16734,relaxation,good
1783252812.406250,52,0,0.999973,0.013830,0.007389,0.008254,0.008396,-0.012135,0.991982,30.96811,-4.30064,-41.16762,relaxation,good
1783252812.414062,53,0,0.999972,0.013751,0.007529,0.008403,0.003773,-0.000384,0.982358,30.96966,-4.30058,-41.16791,relaxation,good
1783252812.421875,54,0,0.999971,0.013671,0.007668,0.008551,0.008079,-0.012251,0.987230,30.97120,-4.30052,-41.16819,relaxation,good
1783252812.429688,55,0,0.999970,0.013592,0.007808,0.008699,0.017279,-0.004280,0.981074,30.97275,-4.30047,-41.16847,relaxation,good
1783252812.437500,56,0,0.999968,0.013511,0.007948,0.008846,0.018290,-0.007308,0.985812,30.97430,-4.30042,-41.16875,relaxation,good
1783252812.445312,57,0,0.999967,0.013431,0.008087,0.008992,0.017012,-0.014170,0.991517,30.97585,-4.30037,-41.16903,relaxation,good
1783252812.453125,58,0,0.999966,0.013350,0.008226,0.009138,-0.001109,-0.003629,0.992229,30.97740,-4.30032,-41.16931,relaxation,good
1783252812.460938,59,0,0.999965,0.013268,0.008365,0.009283,0.002596,-0.002463,0.987978,30.97895,-4.30028,-41.16958,relaxation,good
1783252812.468750,60,0,0.999964,0.013187,0.008504,0.009428,0.009138,0.003805,0.988882,30.98051,-4.30024,-41.16986,relaxation,good
1783252812.476562,61,0,0.999963,0.013104,0.008643,0.009572,0.007430,-0.003012,0.983834,30.98206,-4.30020,-41.17013,relaxation,good
1783252812.484375,62,0,0.999961,0.013022,0.008782,0.009715,0.008335,0.001655,0.998417,30.98362,-4.30017,-41.17041,relaxation,good
1783252812.492188,63,0,0.999960,0.012939,0.008920,0.009858,0.011235,0.005128,0.998280,30.98518,-4.30014,-41.17068,relaxation,good
1783252812.500000,64,0,0.999959,0.012855,0.009059,0.010000,0.002413,-0.012114,0.983747,30.98674,-4.30011,-41.17095,relaxation,good
1783252812.507812,65,0,0.999958,0.012772,0.009197,0.010141,0.006005,-0.008940,0.987362,30.98830,-4.30009,-41.17122,relaxation,good
1783252812.515625,66,0,0.999956,0.012688,0.009335,0.010282,0.006216,0.011518,0.997883,30.98986,-4.30006,-41.17149,relaxation,good
1783252812.523438,67,0,0.999955,0.012603,0.009473,0.010422,0.012428,0.006988,0.983293,30.99142,-4.30005,-41.17176,relaxation,good
1783252812.531250,68,0,0.999954,0.012518,0.009610,0.010561,0.011236,0.002003,0.989678,30.99298,-4.30003,-41.17202,relaxation,good
1783252812.539062,69,0,0.999952,0.012433,0.009748,0.010700,0.015690,-0.014877,0.987843,30.99454,-4.30002,-41.17229,relaxation,good
1783252812.546875,70,0,0.999951,0.012347,0.009885,0.010838,0.007639,-0.009769,0.990308,30.99610,-4.30001,-41.17255,relaxation,good
1783252812.554688,71,0,0.999950,0.012261,0.010023,0.010975,-0.001169,0.005791,0.997803,30.99766,-4.30000,-41.17281,relaxation,good
1783252812.562500,72,0,0.999948,0.012175,0.010160,0.011111,-0.015092,-0.010396,0.991511,30.99923,-4.30000,-41.17308,relaxation,good
1783252812.570312,73,0,0.999947,0.012088,0.010297,0.011247,-0.009180,-0.002350,0.991923,31.00079,-4.30000,-41.17334,relaxation,good
1783252812.578125,74,0,0.999946,0.012001,0.010433,0.011382,0.007167,0.016448,0.999016,31.00235,-4.30000,-41.17360,relaxation,good
1783252812.585938,75,0,0.999944,0.011914,0.010570,0.011516,0.000650,0.007285,1.001312,31.00391,-4.30001,-41.17385,relaxation,good
1783252812.593750,76,0,0.999943,0.011826,0.010706,0.011650,0.006811,-0.012512,1.002501,31.00548,-4.30002,-41.17411,relaxation,good
1783252812.601562,77,0,0.999941,0.011738,0.010843,0.011782,-0.005624,0.004215,0.994567,31.00704,-4.30003,-41.17437,relaxation,good
1783252812.609375,78,0,0.999940,0.011649,0.010979,0.011914,-0.001552,0.006706,1.005090,31.00860,-4.30005,-41.17462,relaxation,good
1783252812.617188,79,0,0.999938,0.011560,0.011114,0.012045,-0.005431,-0.001210,0.995495,31.01016,-4.30006,-41.17487,relaxation,good
1783252812.625000,80,0,0.999937,0.011471,0.011250,0.012175,0.008545,0.000038,0.990097,31.01172,-4.30009,-41.17513,relaxation,good
1783252812.632812,81,0,0.999935,0.011382,0.011386,0.012305,-0.003745,0.001886,0.999464,31.01328,-4.30011,-41.17538,relaxation,good
1783252812.640625,82,0,0.999934,0.011292,0.011521,0.012433,-0.013670,0.003143,0.991521,31.01484,-4.30014,-41.17563,relaxation,good
1783252812.648438,83,0,0.999932,0.011202,0.011656,0.012561,0.009097,0.006120,0.987149,31.01639,-4.30017,-41.17588,relaxation,good
1783252812.656250,84,0,0.999930,0.011111,0.011791,0.012688,-0.014477,0.016781,0.994421,31.01795,-4.30020,-41.17612,relaxation,good
1783252812.664062,85,0,0.999929,0.011020,0.011926,0.012814,-0.008833,-0.003100,0.993100,31.01951,-4.30024,-41.17637,relaxation,good
1783252812.671875,86,0,0.999927,0.010929,0.012060,0.012939,-0.001741,0.010686,1.009543,31.02106,-4.30028,-41.17661,relaxation,good
1783252812.679688,87,0,0.999926,0.010838,0.012194,0.013063,0.003843,0.004901,1.000137,31.02261,-4.30032,-41.17686,relaxation,good
1783252812.687500,88,0,0.999924,0.010746,0.012328,0.013187,-0.006911,0.008033,0.990393,31.02417,-4.30037,-41.17710,relaxation,good
1783252812.695312,89,0,0.999922,0.010654,0.012462,0.013309,-0.004461,0.001607,1.008266,31.02572,-4.30042,-41.17734,relaxation,good
1783252812.703125,90,0,0.999921,0.010561,0.012596,0.013431,0.007638,-0.000298,0.988066,31.02727,-4.30047,-41.17758,relaxation,good
1783252812.710938,91,0,0.999919,0.010468,0.012729,0.013552,-0.011426,0.006939,1.000975,31.02881,-4.30052,-41.17782,relaxation,good
1783252812.718750,92,0,0.999917,0.010375,0.012863,0.013672,-0.010430,0.009601,0.990129,31.03036,-4.30058,-41.17806,relaxation,good
1783252812.726562,93,0,0.999916,0.010282,0.012996,0.013791,-0.014347,-0.003596,1.003391,31.03190,-4.30064,-41.17830,relaxation,good
1783252812.734375,94,0,0.999914,0.010188,0.013129,0.013909,-0.003347,0.022038,1.002635,31.03344,-4.30071,-41.17853,relaxation,good
1783252812.742188,95,0,0.999912,0.010094,0.013261,0.014026,-0.021643,0.001366,1.003614,31.03498,-4.30077,-41.17876,relaxation,good
1783252812.750000,96,0,0.999910,0.010000,0.013394,0.014142,-0.002726,0.007685,1.011432,31.03652,-4.30084,-41.17900,relaxation,good
1783252812.757812,97,0,0.999909,0.009905,0.013526,0.014257,-0.005608,-0.004791,0.992698,31.03805,-4.30092,-41.17923,relaxation,good
1783252812.765625,98,0,0.999907,0.009810,0.013658,0.014372,0.001540,0.014146,1.000528,31.03959,-4.30099,-41.17946,relaxation,good
1783252812.773438,99,0,0.999905,0.009715,0.013789,0.014485,0.001465,-0.001231,1.003838,31.04112,-4.30107,-41.17969,relaxation,good
1783252812.781250,100,0,0.999903,0.009620,0.013921,0.014597,-0.010414,0.015860,0.994269,31.04265,-4.30115,-41.17992,relaxation,good
1783252812.789062,101,0,0.999901,0.009524,0.014052,0.014709,0.001078,0.012298,0.999397,31.04417,-4.30124,-41.18014,relaxation,good
1783252812.796875,102,0,0.999899,0.009428,0.014183,0.014819,-0.010549,0.004751,0.996661,31.04569,-4.30133,-41.18037,relaxation,good
1783252812.804688,103,0,0.999898,0.009331,0.014314,0.014928,-0.019416,0.012825,0.992933,31.04721,-4.30142,-41.18059,relaxation,good
1783252812.812500,104,0,0.999896,0.009235,0.014444,0.015037,-0.014294,-0.000748,1.000801,31.04873,-4.30151,-41.18082,relaxation,good
1783252812.820312,105,0,0.999894,0.009138,0.014575,0.015144,-0.006628,0.015854,1.003574,31.05024,-4.30161,-41.18104,relaxation,good
1783252812.828125,106,0,0.999892,0.009041,0.014705,0.015251,-0.003607,0.005885,0.996985,31.05176,-4.30171,-41.18126,relaxation,good
1783252812.835938,107,0,0.999890,0.008943,0.014834,0.015356,-0.006058,-0.006350,0.997017,31.05326,-4.30181,-41.18148,relaxation,good
1783252812.843750,108,0,0.999888,0.008846,0.014964,0.015460,-0.006522,-0.011580,0.995400,31.05477,-4.30192,-41.18170,relaxation,good
1783252812.851562,109,0,0.999886,0.008748,0.015093,0.015563,-0.018466,0.018302,0.998027,31.05627,-4.30203,-41.18192,relaxation,good
1783252812.859375,110,0,0.999884,0.008649,0.015222,0.015666,0.001227,0.008992,1.008890,31.05777,-4.30214,-41.18213,relaxation,good
1783252812.867188,111,0,0.999882,0.008551,0.015351,0.015767,-0.003223,0.011773,1.006034,31.05926,-4.30226,-41.18235,relaxation,good
1783252812.875000,112,0,0.999880,0.008452,0.015479,0.015867,0.005736,0.005065,1.003306,31.06075,-4.30238,-41.18256,relaxation,good
1783252812.882812,113,0,0.999878,0.008353,0.015608,0.015966,-0.015556,-0.009416,1.000415,31.06224,-4.30250,-41.18277,relaxation,good
1783252812.890625,114,0,0.999876,0.008254,0.015736,0.016064,-0.008614,0.010154,1.001090,31.06372,-4.30262,-41.18298,relaxation,good
1783252812.898438,115,0,0.999874,0.008155,0.015863,0.016161,-0.015329,0.011271,1.007247,31.06520,-4.30275,-41.18319,relaxation,good
1783252812.906250,116,0,0.999872,0.008055,0.015991,0.016257,-0.018009,0.018097,0.997886,31.06667,-4.30288,-41.18340,relaxation,good
1783252812.914062,117,0,0.999870,0.007955,0.016118,0.016352,-0.011397,-0.002105,1.010847,31.06815,-4.30301,-41.18361,relaxation,good
1783252812.921875,118,0,0.999868,0.007855,0.016245,0.016445,-0.017678,0.016038,1.013389,31.06961,-4.30315,-41.18381,relaxation,good
1783252812.929688,119,0,0.999866,0.007754,0.016372,0.016538,-0.012585,0.018103,0.999767,31.07108,-4.30329,-41.18402,relaxation,good
1783252812.937500,120,0,0.999864,0.007654,0.016498,0.016629,-0.004475,0.025179,1.002869,31.07253,-4.30343,-41.18422,relaxation,good
1783252812.945312,121,0,0.999862,0.007553,0.016624,0.016720,-0.021348,0.005815,0.999507,31.07399,-4.30358,-41.18442,relaxation,good
1783252812.953125,122,0,0.999860,0.007452,0.016750,0.016809,-0.019272,0.017858,1.009493,31.07544,-4.30373,-41.18462,relaxation,good
1783252812.960938,123,0,0.999858,0.007350,0.016876,0.016897,-0.019194,0.011344,0.999513,31.07688,-4.30388,-41.18482,relaxation,good
1783252812.968750,124,0,0.999855,0.007249,0.017001,0.016984,-0.016452,0.016164,1.011731,31.07832,-4.30403,-41.18502,relaxation,good
1783252812.976562,125,0,0.999853,0.007147,0.017126,0.017070,-0.025202,0.024479,1.008916,31.07976,-4.30419,-41.18522,relaxation,good
1783252812.984375,126,0,0.999851,0.007045,0.017251,0.017155,-0.011934,0.005085,1.005765,31.08119,-4.30435,-41.18541,relaxation,good
1783252812.992188,127,0,0.999849,0.006943,0.017375,0.017238,-0.019927,0.007954,1.002225,31.08261,-4.30452,-41.18561,relaxation,good
1783252813.000000,0,0,0.999847,0.006840,0.017499,0.017321,-0.008311,-0.000016,1.012132,31.08403,-4.30468,-41.18580,relaxation,good
1783252813.007812,1,0,0.999845,0.006738,0.017623,0.017402,-0.012699,0.003972,1.004019,31.08545,-4.30485,-41.18600,relaxation,good
1783252813.015625,2,0,0.999843,0.006635,0.017746,0.017482,-0.008706,0.012003,1.007139,31.08686,-4.30502,-41.18619,relaxation,good
1783252813.023438,3,0,0.999840,0.006532,0.017870,0.017561,-0.019597,0.002883,1.011066,31.08826,-4.30520,-41.18638,relaxation,good
1783252813.031250,4,0,0.999838,0.006429,0.017993,0.017638,-0.028055,0.010189,1.023053,31.08966,-4.30538,-41.18656,relaxation,good
1783252813.039062,5,0,0.999836,0.006325,0.018115,0.017715,-0.003258,0.012345,1.006365,31.09106,-4.30556,-41.18675,relaxation,good
1783252813.046875,6,0,0.999834,0.006222,0.018238,0.017790,-0.024963,0.012814,1.014312,31.09245,-4.30574,-41.18694,relaxation,good
1783252813.054688,7,0,0.999831,0.006118,0.018360,0.017864,-0.033945,0.011554,1.000948,31.09383,-4.30593,-41.18712,relaxation,good
1783252813.062500,8,0,0.999829,0.006014,0.018481,0.017937,-0.009531,0.016615,1.002165,31.09521,-4.30612,-41.18730,relaxation,good
1783252813.070312,9,0,0.999827,0.005910,0.018603,0.018009,-0.018493,-0.002502,1.007841,31.09658,-4.30632,-41.18749,relaxation,good
1783252813.078125,10,0,0.999825,0.005806,0.018724,0.018080,-0.009135,0.000112,1.014359,31.09794,-4.30651,-41.18767,relaxation,good
1783252813.085938,11,0,0.999822,0.005701,0.018845,0.018149,-0.019222,0.010835,1.013671,31.09930,-4.30671,-41.18785,relaxation,good
1783252813.093750,12,0,0.999820,0.005597,0.018965,0.018217,-0.013892,0.010444,1.001863,31.10065,-4.30691,-41.18802,relaxation,good
1783252813.101562,13,0,0.999818,0.005492,0.019085,0.018284,-0.019729,0.016311,1.012044,31.10200,-4.30712,-41.18820,relaxation,good
1783252813.109375,14,0,0.999816,0.005387,0.019205,0.018350,-0.026992,-0.003890,1.008181,31.10334,-4.30733,-41.18838,relaxation,good
1783252813.117188,15,0,0.999813,0.005282,0.019325,0.018414,-0.021093,0.003306,1.021345,31.10468,-4.30754,-41.18855,relaxation,good
1783252813.125000,16,0,0.999811,0.005176,0.019444,0.018478,-0.027412,0.025707,1.013113,31.10600,-4.30775,-41.18872,relaxation,good
1783252813.132812,17,0,0.999809,0.005071,0.019563,0.018540,-0.012031,-0.004761,1.008346,31.10733,-4.30797,-41.18890,relaxation,good
1783252813.140625,18,0,0.999806,0.004965,0.019681,0.018600,-0.014810,0.000417,1.007565,31.10864,-4.30819,-41.18907,relaxation,good
1783252813.148438,19,0,0.999804,0.004860,0.019799,0.018660,-0.002053,0.011738,1.009190,31.10995,-4.30841,-41.18924,relaxation,good
1783252813.156250,20,0,0.999802,0.004754,0.019917,0.018718,-0.025668,0.035924,1.014090,31.11125,-4.30864,-41.18940,relaxation,good
1783252813.164062,21,0,0.999799,0.004648,0.020035,0.018775,-0.031575,0.019565,1.007050,31.11255,-4.30886,-41.18957,relaxation,good
1783252813.171875,22,0,0.999797,0.004542,0.020152,0.018831,-0.021389,-0.000338,1.024759,31.11384,-4.30910,-41.18974,relaxation,good
1783252813.179688,23,0,0.999795,0.004435,0.020269,0.018885,-0.006145,0.020269,1.025223,31.11512,-4.30933,-41.18990,relaxation,good
1783252813.187500,24,0,0.999792,0.004329,0.020385,0.018939,-0.026607,0.005906,1.015318,31.11639,-4.30957,-41.19006,relaxation,good
1783252813.195312,25,0,0.999790,0.004222,0.020501,0.018991,-0.028477,0.009994,1.016209,31.11766,-4.30981,-41.19022,relaxation,good
1783252813.203125,26,0,0.999787,0.004116,0.020617,0.019041,-0.022551,0.022938,1.018597,31.11892,-4.31005,-41.19038,relaxation,good
1783252813.210938,27,0,0.999785,0.004009,0.020733,0.019091,-0.021726,0.010929,1.011390,31.12017,-4.31030,-41.19054,relaxation,good
1783252813.218750,28,0,0.999783,0.003902,0.020848,0.019139,-0.015219,0.015418,1.005807,31.12142,-4.31055,-41.19070,relaxation,good
1783252813.226562,29,0,0.999780,0.003795,0.020963,0.019186,-0.019015,0.012926,1.012889,31.12265,-4.31080,-41.19086,relaxation,good
1783252813.234375,30,0,0.999778,0.003688,0.021077,0.019231,-0.016351,0.007410,1.016073,31.12388,-4.31105,-41.19101,relaxation,good
1783252813.242188,31,0,0.999775,0.003580,0.021191,0.019276,-0.011083,0.004842,1.002709,31.12511,-4.31131,-41.19117,relaxation,good
1783252813.250000,32,0,0.999773,0.003473,0.021305,0.019319,-0.022090,0.012483,1.015214,31.12632,-4.31157,-41.19132,relaxation,good
1783252813.257812,33,0,0.999771,0.003365,0.021418,0.019360,-0.026825,0.015002,0.998040,31.12753,-4.31183,-41.19147,relaxation,good
1783252813.265625,34,0,0.999768,0.003258,0.021531,0.019401,-0.007757,0.015464,1.014878,31.12873,-4.31210,-41.19162,relaxation,good
1783252813.273438,35,0,0.999766,0.003150,0.021644,0.019440,-0.020078,0.002858,1.020752,31.12992,-4.31237,-41.19177,relaxation,good
1783252813.281250,36,0,0.999763,0.003042,0.021756,0.019478,-0.011074,-0.003024,1.007616,31.13111,-4.31264,-41.19192,relaxation,good
1783252813.289062,37,0,0.999761,0.002935,0.021868,0.019514,-0.020783,0.013819,1.007444,31.13228,-4.31292,-41.19206,relaxation,good
1783252813.296875,38,0,0.999758,0.002827,0.021980,0.019549,-0.013484,0.009243,0.999927,31.13345,-4.31319,-41.19221,relaxation,good
1783252813.304688,39,0,0.999756,0.002719,0.022091,0.019583,-0.019778,0.011151,1.018217,31.13461,-4.31347,-41.19235,relaxation,good
1783252813.312500,40,0,0.999754,0.002611,0.022202,0.019616,-0.030267,0.022348,1.014527,31.13576,-4.31376,-41.19249,relaxation,good
1783252813.320312,41,0,0.999751,0.002502,0.022312,0.019647,-0.023706,0.014587,1.019443,31.13690,-4.31404,-41.19263,relaxation,good
1783252813.328125,42,0,0.999749,0.002394,0.022422,0.019677,-0.015455,0.001061,1.020391,31.13804,-4.31433,-41.19277,relaxation,good
1783252813.335938,43,0,0.999746,0.002286,0.022532,0.019706,-0.019586,-0.001668,1.018736,31.13916,-4.31462,-41.19291,relaxation,good
1783252813.343750,44,0,0.999744,0.002177,0.022642,0.019733,-0.017653,0.006539,1.010365,31.14028,-4.31492,-41.19305,relaxation,good
1783252813.351562,45,0,0.999741,0.002069,0.022750,0.019759,-0.011401,0.002599,1.014621,31.14139,-4.31522,-41.19318,relaxation,good
1783252813.359375,46,0,0.999739,0.001960,0.022859,0.019784,-0.014788,0.008940,1.005922,31.14249,-4.31552,-41.19332,relaxation,good
1783252813.367188,47,0,0.999736,0.001852,0.022967,0.019807,-0.022704,0.001563,1.020070,31.14358,-4.31582,-41.19345,relaxation,good
1783252813.375000,48,0,0.999734,0.001743,0.023075,0.019829,-0.011347,0.012699,1.010156,31.14467,-4.31613,-41.19358,relaxation,good
1783252813.382812,49,0,0.999731,0.001634,0.023182,0.019850,-0.015820,0.019704,1.012516,31.14574,-4.31643,-41.19371,relaxation,good
1783252813.390625,50,0,0.999729,0.001526,0.023290,0.019869,-0.025682,0.000226,1.014000,31.14681,-4.31675,-41.19384,relaxation,good
1783252813.398438,51,0,0.999726,0.001417,0.023396,0.019887,-0.018441,0.014337,1.014594,31.14786,-4.31706,-41.19397,relaxation,good
1783252813.406250,52,0,0.999724,0.001308,0.023502,0.019904,-0.007447,0.011773,1.013829,31.14891,-4.31738,-41.19409,relaxation,good
1783252813.414062,53,0,0.999721,0.001199,0.023608,0.019919,-0.018541,0.008532,1.016261,31.14995,-4.31770,-41.19422,relaxation,good
1783252813.421875,54,0,0.999719,0.001090,0.023714,0.019933,-0.003365,0.006474,1.011955,31.15098,-4.31802,-41.19434,relaxation,good
1783252813.429688,55,0,0.999716,0.000981,0.023819,0.019946,-0.013321,0.005092,1.010241,31.15200,-4.31835,-41.19446,relaxation,good
1783252813.437500,56,0,0.999714,0.000872,0.023923,0.019957,-0.020064,0.004841,1.010128,31.15301,-4.31867,-41.19459,relaxation,good
1783252813.445312,57,0,0.999711,0.000763,0.024028,0.019967,-0.031530,-0.014711,1.018754,31.15401,-4.31900,-41.19471,relaxation,good
1783252813.453125,58,0,0.999709,0.000654,0.024132,0.019976,-0.023993,-0.000084,1.015893,31.15500,-4.31934,-41.19482,relaxation,good
1783252813.460938,59,0,0.999706,0.000545,0.024235,0.019983,-0.006989,-0.011970,1.021308,31.15599,-4.31967,-41.19494,relaxation,good
1783252813.468750,60,0,0.999704,0.000436,0.024338,0.019989,-0.016379,0.008270,1.016043,31.15696,-4.32001,-41.19506,relaxation,good
1783252813.476562,61,0,0.999701,0.000327,0.024441,0.019994,-0.027944,0.009878,1.008448,31.15792,-4.32036,-41.19517,relaxation,good
1783252813.484375,62,0,0.999699,0.000218,0.024543,0.019997,-0.026786,0.000338,1.010634,31.15888,-4.32070,-41.19528,relaxation,good
1783252813.492188,63,0,0.999696,0.000109,0.024645,0.019999,-0.014830,0.010479,1.018970,31.15982,-4.32105,-41.19540,relaxation,good
1783252813.500000,64,0,0.999694,0.000000,0.024746,0.020000,-0.005987,0.004771,1.010573,31.16076,-4.32140,-41.19551,relaxation,good
1783252813.507812,65,0,0.999691,-0.000109,0.024847,0.019999,-0.028369,0.008458,1.010427,31.16168,-4.32175,-41.19562,relaxation,good
1783252813.515625,66,0,0.999689,-0.000218,0.024948,0.019997,-0.001961,0.006916,1.020391,31.16260,-4.32211,-41.19572,relaxation,good
1783252813.523438,67,0,0.999686,-0.000327,0.025048,0.019994,-0.013864,0.014501,1.035340,31.16350,-4.32247,-41.19583,relaxation,good
1783252813.531250,68,0,0.999684,-0.000436,0.025148,0.019989,-0.012183,-0.023905,1.022886,31.16440,-4.32283,-41.19593,relaxation,good
1783252813.539062,69,0,0.999681,-0.000545,0.025247,0.019983,-0.015782,0.000575,1.030369,31.16528,-4.32319,-41.19604,relaxation,good
1783252813.546875,70,0,0.999679,-0.000654,0.025346,0.019976,-0.013553,-0.005134,1.010569,31.16616,-4.32356,-41.19614,relaxation,good
1783252813.554688,71,0,0.999676,-0.000763,0.025444,0.019967,-0.019499,-0.007859,1.002880,31.16702,-4.32393,-41.19624,relaxation,good
1783252813.562500,72,0,0.999674,-0.000872,0.025542,0.019957,-0.011293,0.005026,1.017411,31.16787,-4.32430,-41.19634,relaxation,good
1783252813.570312,73,0,0.999671,-0.000981,0.025640,0.019946,-0.013307,-0.003905,1.012283,31.16872,-4.32467,-41.19644,relaxation,good
1783252813.578125,74,0,0.999669,-0.001090,0.025737,0.019933,-0.013192,-0.017216,1.005577,31.16955,-4.32505,-41.19654,relaxation,good
1783252813.585938,75,0,0.999666,-0.001199,0.025834,0.019919,-0.005336,0.004928,1.018271,31.17038,-4.32543,-41.19663,relaxation,good
1783252813.593750,76,0,0.999664,-0.001308,0.025930,0.019904,-0.012850,-0.003402,1.015399,31.17119,-4.32581,-41.19673,relaxation,good
1783252813.601562,77,0,0.999661,-0.001417,0.026026,0.019887,-0.007415,0.000376,1.010159,31.17199,-4.32620,-41.19682,relaxation,good
1783252813.609375,78,0,0.999659,-0.001526,0.026122,0.019869,-0.018140,0.004024,1.017791,31.17278,-4.32659,-41.19691,relaxation,good
1783252813.617188,79,0,0.999656,-0.001634,0.026217,0.019850,-0.028469,-0.008098,1.006502,31.17357,-4.32698,-41.19700,relaxation,good
1783252813.625000,80,0,0.999654,-0.001743,0.026311,0.019829,-0.005798,-0.001812,1.025730,31.17434,-4.32737,-41.19709,relaxation,good
1783252813.632812,81,0,0.999651,-0.001852,0.026406,0.019807,-0.001002,-0.013731,1.017158,31.17510,-4.32777,-41.19718,relaxation,good
1783252813.640625,82,0,0.999649,-0.001960,0.026499,0.019784,-0.029964,0.003246,1.004689,31.17585,-4.32816,-41.19727,relaxation,good
1783252813.648438,83,0,0.999646,-0.002069,0.026592,0.019759,-0.008464,-0.003907,1.016822,31.17659,-4.32856,-41.19735,relaxation,good
1783252813.656250,84,0,0.999644,-0.002177,0.026685,0.019733,-0.007643,0.013227,1.022015,31.17731,-4.32897,-41.19744,relaxation,good
1783252813.664062,85,0,0.999641,-0.002286,0.026778,0.019706,-0.021167,-0.004668,1.023309,31.17803,-4.32937,-41.19752,relaxation,good
1783252813.671875,86,0,0.999639,-0.002394,0.026870,0.019677,-0.010766,-0.000104,1.024303,31.17874,-4.32978,-41.19760,relaxation,good
1783252813.679688,87,0,0.999636,-0.002502,0.026961,0.019647,-0.002426,0.010599,1.004737,31.17943,-4.33019,-41.19768,relaxation,good
1783252813.687500,88,0,0.999634,-0.002611,0.027052,0.019616,-0.018485,-0.011750,1.003084,31.18012,-4.33061,-41.19776,relaxation,good
1783252813.695312,89,0,0.999632,-0.002719,0.027143,0.019583,-0.013521,0.002098,1.012515,31.18079,-4.33103,-41.19783,relaxation,good
1783252813.703125,90,0,0.999629,-0.002827,0.027233,0.019549,-0.009645,-0.008685,1.014720,31.18145,-4.33144,-41.19791,relaxation,good
1783252813.710938,91,0,0.999627,-0.002935,0.027322,0.019514,-0.005950,0.001902,1.015817,31.18211,-4.33187,-41.19798,relaxation,good
1783252813.718750,92,0,0.999624,-0.003042,0.027412,0.019478,-0.012451,-0.006180,1.009320,31.18275,-4.33229,-41.19806,relaxation,good
1783252813.726562,93,0,0.999622,-0.003150,0.027500,0.019440,-0.003722,-0.007014,1.006773,31.18338,-4.33272,-41.19813,relaxation,good
1783252813.734375,94,0,0.999619,-0.003258,0.027589,0.019401,-0.004513,-0.007290,1.019929,31.18399,-4.33315,-41.19820,relaxation,good
1783252813.742188,95,0,0.999617,-0.003365,0.027676,0.019360,-0.016674,-0.003084,1.019934,31.18460,-4.33358,-41.19827,relaxation,good
1783252813.750000,96,0,0.999615,-0.003473,0.027764,0.019319,-0.012373,0.003101,1.011372,31.18520,-4.33401,-41.19834,relaxation,good
1783252813.757812,97,0,0.999612,-0.003580,0.027851,0.019276,-0.005055,-0.009430,1.015725,31.18578,-4.33445,-41.19840,relaxation,good
1783252813.765625,98,0,0.999610,-0.003688,0.027937,0.019231,-0.004107,0.009614,1.015799,31.18635,-4.33489,-41.19847,relaxation,good
1783252813.773438,99,0,0.999607,-0.003795,0.028023,0.019186,0.007427,-0.007755,1.016899,31.18692,-4.33533,-41.19853,relaxation,good
1783252813.781250,100,0,0.999605,-0.003902,0.028109,0.019139,-0.025728,0.007219,1.014127,31.18747,-4.33578,-41.19859,relaxation,good
1783252813.789062,101,0,0.999602,-0.004009,0.028194,0.019091,-0.003271,0.001385,1.010465,31.18800,-4.33622,-41.19866,relaxation,good
1783252813.796875,102,0,0.999600,-0.004116,0.028278,0.019041,-0.006423,0.006689,1.008102,31.18853,-4.33667,-41.19871,relaxation,good
1783252813.804688,103,0,0.999598,-0.004222,0.028362,0.018991,-0.017125,-0.011330,1.008739,31.18905,-4.33713,-41.19877,relaxation,good
1783252813.812500,104,0,0.999595,-0.004329,0.028446,0.018939,-0.003267,0.005457,1.007942,31.18955,-4.33758,-41.19883,relaxation,good
1783252813.820312,105,0,0.999593,-0.004435,0.028529,0.018885,-0.010884,-0.002835,1.023297,31.19004,-4.33804,-41.19889,relaxation,good
1783252813.828125,106,0,0.999591,-0.004542,0.028612,0.018831,-0.021662,-0.008820,1.017948,31.19053,-4.33850,-41.19894,relaxation,good
1783252813.835938,107,0,0.999588,-0.004648,0.028694,0.018775,-0.008860,-0.002163,1.010156,31.19099,-4.33896,-41.19899,relaxation,good
1783252813.843750,108,0,0.999586,-0.004754,0.028775,0.018718,-0.011470,0.003487,1.014954,31.19145,-4.33942,-41.19904,relaxation,good
1783252813.851562,109,0,0.999584,-0.004860,0.028857,0.018660,-0.013626,-0.000083,1.020300,31.19190,-4.33989,-41.19909,relaxation,good
1783252813.859375,110,0,0.999581,-0.004965,0.028937,0.018600,-0.011052,0.002795,1.012252,31.19233,-4.34036,-41.19914,relaxation,good
1783252813.867188,111,0,0.999579,-0.005071,0.029018,0.018540,-0.008426,-0.025380,1.011128,31.19276,-4.34083,-41.19919,relaxation,good
1783252813.875000,112,0,0.999577,-0.005176,0.029097,0.018478,-0.002872,0.006995,1.000686,31.19317,-4.34131,-41.19924,relaxation,good
1783252813.882812,113,0,0.999574,-0.005282,0.029177,0.018414,-0.012002,-0.015802,1.008384,31.19357,-4.34178,-41.19928,relaxation,good
1783252813.890625,114,0,0.999572,-0.005387,0.029255,0.018350,-0.001448,-0.008317,1.007333,31.19395,-4.34226,-41.19933,relaxation,good
1783252813.898438,115,0,0.999570,-0.005492,0.029334,0.018284,-0.003428,-0.006748,1.015602,31.19433,-4.34274,-41.19937,relaxation,good
1783252813.906250,116,0,0.999567,-0.005597,0.029411,0.018217,-0.012779,-0.010995,1.011261,31.19469,-4.34323,-41.19941,relaxation,good
1783252813.914062,117,0,0.999565,-0.005701,0.029489,0.018149,-0.005040,-0.003502,1.015823,31.19504,-4.34371,-41.19945,relaxation,good
1783252813.921875,118,0,0.999563,-0.005806,0.029566,0.018080,-0.000503,-0.005321,1.011955,31.19538,-4.34420,-41.19949,relaxation,good
1783252813.929688,119,0,0.999561,-0.005910,0.029642,0.018009,-0.009997,-0.004171,1.003427,31.19571,-4.34469,-41.19952,relaxation,good
1783252813.937500,120,0,0.999558,-0.006014,0.029718,0.017937,0.003432,-0.010694,1.012386,31.19603,-4.34519,-41.19956,relaxation,good
1783252813.945312,121,0,0.999556,-0.006118,0.029793,0.017864,-0.010189,-0.008349,1.014504,31.19633,-4.34568,-41.19959,relaxation,good
1783252813.953125,122,0,0.999554,-0.006222,0.029868,0.017790,-0.011697,-0.008556,1.009191,31.19662,-4.34618,-41.19962,relaxation,good
1783252813.960938,123,0,0.999552,-0.006325,0.029942,0.017715,0.011038,-0.014376,1.013484,31.19690,-4.34668,-41.19966,relaxation,good
1783252813.968750,124,0,0.999549,-0.006429,0.030016,0.017638,0.006625,0.002131,1.009121,31.19717,-4.34718,-41.19968,relaxation,good
1783252813.976562,125,0,0.999547,-0.006532,0.030089,0.017561,-0.006126,-0.023306,1.015466,31.19743,-4.34769,-41.19971,relaxation,good
1783252813.984375,126,0,0.999545,-0.006635,0.030162,0.017482,0.008025,0.002887,1.014364,31.19767,-4.34820,-41.19974,relaxation,good
1783252813.992188,127,0,0.999543,-0.006738,0.030234,0.017402,0.002422,-0.018875,1.009954,31.19790,-4.34871,-41.19977,relaxation,good
1783252814.000000,0,0,0.999541,-0.006840,0.030306,0.017321,-0.007941,-0.011497,1.015839,31.19812,-4.34922,-41.19979,relaxation,good
1783252814.007812,1,0,0.999538,-0.006943,0.030378,0.017238,0.008405,-0.007666,1.005618,31.19833,-4.34973,-41.19981,relaxation,good
1783252814.015625,2,0,0.999536,-0.007045,0.030448,0.017155,0.012348,-0.004630,1.016463,31.19852,-4.35025,-41.19984,relaxation,good
1783252814.023438,3,0,0.999534,-0.007147,0.030519,0.017070,0.004203,-0.001230,1.006096,31.19871,-4.35077,-41.19986,relaxation,good
1783252814.031250,4,0,0.999532,-0.007249,0.030588,0.016984,0.006202,-0.003075,1.014116,31.19888,-4.35129,-41.19988,relaxation,good
1783252814.039062,5,0,0.999530,-0.007350,0.030658,0.016897,0.014204,0.005168,1.005164,31.19904,-4.35181,-41.19989,relaxation,good
1783252814.046875,6,0,0.999528,-0.007452,0.030726,0.016809,-0.005496,-0.004227,0.995270,31.19919,-4.35234,-41.19991,relaxation,good
1783252814.054688,7,0,0.999526,-0.007553,0.030795,0.016720,0.015073,-0.000809,1.004271,31.19932,-4.35287,-41.19992,relaxation,good
1783252814.062500,8,0,0.999524,-0.007654,0.030862,0.016629,-0.008266,-0.006343,1.005070,31.19944,-4.35340,-41.19994,relaxation,good
1783252814.070312,9,0,0.999522,-0.007754,0.030930,0.016538,0.025302,-0.003399,1.008385,31.19955,-4.35393,-41.19995,relaxation,good
1783252814.078125,10,0,0.999520,-0.007855,0.030996,0.016445,0.000060,-0.008666,1.008338,31.19965,-4.35447,-41.19996,relaxation,good
1783252814.085938,11,0,0.999517,-0.007955,0.031062,0.016352,-0.003902,-0.009192,1.000494,31.19974,-4.35500,-41.19997,relaxation,good
1783252814.093750,12,0,0.999515,-0.008055,0.031128,0.016257,0.018159,-0.014646,1.002737,31.19981,-4.35554,-41.19998,relaxation,good
1783252814.101562,13,0,0.999513,-0.008155,0.031193,0.016161,-0.007097,-0.009018,1.019115,31.19987,-4.35608,-41.19999,relaxation,good
1783252814.109375,14,0,0.999511,-0.008254,0.031258,0.016064,0.023746,0.000581,1.019476,31.19992,-4.35663,-41.19999,relaxation,good
1783252814.117188,15,0,0.999509,-0.008353,0.031322,0.015966,0.011711,-0.005006,1.007838,31.19996,-4.35717,-41.20000,relaxation,good
1783252814.125000,16,0,0.999507,-0.008452,0.031385,0.015867,0.010348,-0.005496,1.009511,31.19999,-4.35772,-41.20000,relaxation,good
1783252814.132812,17,0,0.999505,-0.008551,0.031448,0.015767,-0.001925,-0.002594,1.010176,31.20000,-4.35827,-41.20000,relaxation,good
1783252814.140625,18,0,0.999503,-0.008649,0.031511,0.015666,0.011723,-0.004165,1.007263,31.20000,-4.35882,-41.20000,relaxation,good
1783252814.148438,19,0,0.999501,-0.008748,0.031573,0.015563,-0.001993,-0.023707,1.005232,31.19999,-4.35938,-41.20000,relaxation,good
1783252814.156250,20,0,0.999500,-0.008846,0.031634,0.015460,0.019438,-0.000672,1.009031,31.19996,-4.35993,-41.20000,relaxation,good
1783252814.164062,21,0,0.999498,-0.008943,0.031695,0.015356,0.009806,-0.019349,1.008368,31.19993,-4.36049,-41.19999,relaxation,good
1783252814.171875,22,0,0.999496,-0.009041,0.031756,0.015251,0.007260,-0.012875,1.007542,31.19988,-4.36105,-41.19999,relaxation,good
1783252814.179688,23,0,0.999494,-0.009138,0.031816,0.015144,0.006901,0.004949,0.988351,31.19982,-4.36162,-41.19998,relaxation,good
1783252814.187500,24,0,0.999492,-0.009235,0.031875,0.015037,0.005424,-0.017827,1.000105,31.19975,-4.36218,-41.19997,relaxation,good
1783252814.195312,25,0,0.999490,-0.009331,0.031934,0.014928,0.003950,-0.006127,1.005626,31.19966,-4.36275,-41.19996,relaxation,good
1783252814.203125,26,0,0.999488,-0.009428,0.031992,0.014819,0.008961,-0.011953,1.000031,31.19957,-4.36332,-41.19995,relaxation,good
1783252814.210938,27,0,0.999486,-0.009524,0.032050,0.014709,0.013297,-0.005140,1.003314,31.19946,-4.36389,-41.19994,relaxation,good
1783252814.218750,28,0,0.999484,-0.009620,0.032107,0.014597,0.018964,-0.004793,1.018702,31.19933,-4.36446,-41.19993,relaxation,good
1783252814.226562,29,0,0.999483,-0.009715,0.032163,0.014485,0.003832,-0.003460,0.992703,31.19920,-4.36504,-41.19991,relaxation,good
1783252814.234375,30,0,0.999481,-0.009810,0.032220,0.014372,0.019534,-0.000918,1.007708,31.19906,-4.36562,-41.19990,relaxation,good
1783252814.242188,31,0,0.999479,-0.009905,0.032275,0.014257,0.007644,-0.024626,1.010571,31.19890,-4.36620,-41.19988,relaxation,good
1783252814.250000,32,0,0.999477,-0.010000,0.032330,0.014142,0.016340,-0.018004,1.005898,31.19873,-4.36678,-41.19986,relaxation,good
1783252814.257812,33,0,0.999475,-0.010094,0.032385,0.014026,0.002017,-0.002191,1.001639,31.19855,-4.36736,-41.19984,relaxation,good
1783252814.265625,34,0,0.999474,-0.010188,0.032439,0.013909,0.018096,-0.008954,1.000612,31.19835,-4.36795,-41.19982,relaxation,good
1783252814.273438,35,0,0.999472,-0.010282,0.032492,0.013791,0.007652,-0.014271,1.009714,31.19815,-4.36854,-41.19979,relaxation,good
1783252814.281250,36,0,0.999470,-0.010375,0.032545,0.013672,0.019479,-0.017120,1.006753,31.19793,-4.36912,-41.19977,relaxation,good
1783252814.289062,37,0,0.999469,-0.010468,0.032597,0.013552,0.012406,-0.001013,1.001823,31.19770,-4.36972,-41.19974,relaxation,good
1783252814.296875,38,0,0.999467,-0.010561,0.032649,0.013431,0.023401,-0.024466,1.006755,31.19745,-4.37031,-41.19972,relaxation,good
1783252814.304688,39,0,0.999465,-0.010654,0.032700,0.013309,0.016325,-0.019166,1.001868,31.19720,-4.37091,-41.19969,relaxation,good
1783252814.312500,40,0,0.999464,-0.010746,0.032751,0.013187,-0.006208,-0.004615,0.996981,31.19693,-4.37150,-41.19966,relaxation,good
1783252814.320312,41,0,0.999462,-0.010838,0.032801,0.013063,0.015740,-0.014373,0.996957,31.19666,-4.37210,-41.19963,relaxation,good
1783252814.328125,42,0,0.999460,-0.010929,0.032851,0.012939,0.001980,-0.017612,0.995518,31.19636,-4.37271,-41.19959,relaxation,good
1783252814.335938,43,0,0.999459,-0.011020,0.032900,0.012814,0.016217,-0.011355,1.005095,31.19606,-4.37331,-41.19956,relaxation,good
1783252814.343750,44,0,0.999457,-0.011111,0.032948,0.012688,0.005214,-0.001710,1.003465,31.19575,-4.37391,-41.19953,relaxation,good
1783252814.351562,45,0,0.999455,-0.011202,0.032996,0.012561,0.015096,-0.025930,1.006683,31.19542,-4.37452,-41.19949,relaxation,good
1783252814.359375,46,0,0.999454,-0.011292,0.033043,0.012433,0.012382,0.004992,1.012777,31.19508,-4.37513,-41.19945,relaxation,good
1783252814.367188,47,0,0.999452,-0.011382,0.033090,0.012305,0.015825,-0.005449,1.001658,31.19473,-4.37574,-41.19941,relaxation,good
1783252814.375000,48,0,0.999451,-0.011471,0.033136,0.012175,0.023625,-0.008724,1.008097,31.19437,-4.37636,-41.19937,relaxation,good
1783252814.382812,49,0,0.999449,-0.011560,0.033182,0.012045,0.014114,-0.009803,1.009661,31.19400,-4.37697,-41.19933,relaxation,good
1783252814.390625,50,0,0.999448,-0.011649,0.033227,0.011914,0.020911,-0.009092,1.004902,31.19361,-4.37759,-41.19929,relaxation,good
1783252814.398438,51,0,0.999446,-0.011738,0.033272,0.011782,0.010313,-0.016021,0.999937,31.19321,-4.37821,-41.19924,relaxation,good
1783252814.406250,52,0,0.999445,-0.011826,0.033316,0.011650,-0.000955,-0.001060,0.995713,31.19280,-4.37883,-41.19920,relaxation,good
1783252814.414062,53,0,0.999443,-0.011914,0.033360,0.011516,0.027430,0.003776,0.999028,31.19238,-4.37945,-41.19915,relaxation,good
1783252814.421875,54,0,0.999442,-0.012001,0.033402,0.011382,0.013144,-0.019307,1.004733,31.19195,-4.38007,-41.19910,relaxation,good
1783252814.429688,55,0,0.999441,-0.012088,0.033445,0.011247,0.023089,-0.007197,1.003384,31.19150,-4.38070,-41.19905,relaxation,good
1783252814.437500,56,0,0.999439,-0.012175,0.033487,0.011111,0.006141,-0.002680,1.000002,31.19105,-4.38133,-41.19900,relaxation,good
1783252814.445312,57,0,0.999438,-0.012261,0.033528,0.010975,0.020134,-0.015029,0.996175,31.19058,-4.38196,-41.19895,relaxation,good
1783252814.453125,58,0,0.999436,-0.012347,0.033569,0.010838,0.013482,-0.010333,0.997546,31.19010,-4.38259,-41.19889,relaxation,good
1783252814.460938,59,0,0.999435,-0.012433,0.033609,0.010700,0.013765,-0.013513,0.994865,31.18961,-4.38322,-41.19884,relaxation,good
1783252814.468750,60,0,0.999434,-0.012518,0.033648,0.010561,0.028219,-0.020224,1.004099,31.18911,-4.38386,-41.19878,relaxation,good
1783252814.476562,61,0,0.999432,-0.012603,0.033687,0.010422,0.013141,-0.015394,0.995682,31.18859,-4.38449,-41.19872,relaxation,good
1783252814.484375,62,0,0.999431,-0.012688,0.033726,0.010282,0.008092,-0.011794,0.985774,31.18807,-4.38513,-41.19866,relaxation,good
1783252814.492188,63,0,0.999430,-0.012772,0.033764,0.010141,0.026831,-0.005740,1.003186,31.18753,-4.38577,-41.19860,relaxation,good
1783252814.500000,64,0,0.999429,-0.012855,0.033801,0.010000,0.008109,-0.007947,0.996045,31.18698,-4.38642,-41.19854,relaxation,good
1783252814.507812,65,0,0.999427,-0.012939,0.033838,0.009858,0.015812,-0.008971,0.993322,31.18642,-4.38706,-41.19848,relaxation,good
1783252814.515625,66,0,0.999426,-0.013022,0.033874,0.009715,0.017133,-0.002192,1.003281,31.18585,-4.38770,-41.19841,relaxation,good
1783252814.523438,67,0,0.999425,-0.013104,0.033910,0.009572,0.024800,-0.010900,0.994103,31.18526,-4.38835,-41.19834,relaxation,good
1783252814.531250,68,0,0.999424,-0.013187,0.033945,0.009428,0.012538,-0.006307,1.007048,31.18467,-4.38900,-41.19828,relaxation,good
1783252814.539062,69,0,0.999423,-0.013268,0.033979,0.009283,0.019265,-0.007364,0.992997,31.18406,-4.38965,-41.19821,relaxation,good
1783252814.546875,70,0,0.999421,-0.013350,0.034013,0.009138,0.017865,0.009466,0.991000,31.18345,-4.39030,-41.19814,relaxation,good
1783252814.554688,71,0,0.999420,-0.013431,0.034046,0.008992,0.018443,-0.005275,0.993169,31.18282,-4.39096,-41.19807,relaxation,good
1783252814.562500,72,0,0.999419,-0.013511,0.034079,0.008846,0.019032,0.003133,1.009012,31.18218,-4.39161,-41.19799,relaxation,good
1783252814.570312,73,0,0.999418,-0.013592,0.034111,0.008699,0.009359,0.000048,0.993982,31.18153,-4.39227,-41.19792,relaxation,good
1783252814.578125,74,0,0.999417,-0.013671,0.034143,0.008551,0.023525,0.000004,0.996011,31.18087,-4.39293,-41.19784,relaxation,good
1783252814.585938,75,0,0.999416,-0.013751,0.034174,0.008403,0.025339,0.005459,0.988261,31.18020,-4.39359,-41.19777,relaxation,good
1783252814.593750,76,0,0.999415,-0.013830,0.034204,0.008254,0.013463,-0.009646,1.000914,31.17951,-4.39425,-41.19769,relaxation,good
1783252814.601562,77,0,0.999414,-0.013908,0.034234,0.008105,0.026345,0.006748,0.994659,31.17882,-4.39492,-41.19761,relaxation,good
1783252814.609375,78,0,0.999413,-0.013987,0.034264,0.007955,0.014167,-0.006143,0.995983,31.17811,-4.39558,-41.19753,relaxation,good
1783252814.617188,79,0,0.999412,-0.014064,0.034293,0.007805,0.014115,0.012840,1.002630,31.17740,-4.39625,-41.19745,relaxation,good
1783252814.625000,80,0,0.999411,-0.014142,0.034321,0.007654,0.031013,-0.009457,0.993042,31.17667,-4.39692,-41.19736,relaxation,good
1783252814.632812,81,0,0.999410,-0.014219,0.034348,0.007502,0.029328,0.006357,0.995947,31.17593,-4.39759,-41.19728,relaxation,good
1783252814.640625,82,0,0.999409,-0.014295,0.034375,0.007350,0.042165,0.002662,1.001745,31.17518,-4.39826,-41.19719,relaxation,good
1783252814.648438,83,0,0.999408,-0.014371,0.034402,0.007198,0.032270,-0.016729,0.989536,31.17442,-4.39893,-41.19710,relaxation,good
1783252814.656250,84,0,0.999407,-0.014447,0.034428,0.007045,0.028624,-0.011004,0.989891,31.17365,-4.39961,-41.19701,relaxation,good
1783252814.664062,85,0,0.999406,-0.014522,0.034453,0.006892,0.018673,0.009737,1.002583,31.17287,-4.40029,-41.19692,relaxation,good
1783252814.671875,86,0,0.999405,-0.014597,0.034478,0.006738,0.010950,-0.000017,0.993898,31.17208,-4.40096,-41.19683,relaxation,good
1783252814.679688,87,0,0.999405,-0.014671,0.034502,0.006584,0.033501,0.012749,0.992991,31.17128,-4.40164,-41.19674,relaxation,good
1783252814.687500,88,0,0.999404,-0.014745,0.034526,0.006429,0.021506,-0.005621,0.993648,31.17047,-4.40232,-41.19664,relaxation,good
1783252814.695312,89,0,0.999403,-0.014818,0.034549,0.006274,0.032284,0.010253,0.992392,31.16965,-4.40301,-41.19655,relaxation,good
1783252814.703125,90,0,0.999402,-0.014892,0.034571,0.006118,0.028251,-0.005879,0.990587,31.16882,-4.40369,-41.19645,relaxation,good
1783252814.710938,91,0,0.999401,-0.014964,0.034593,0.005962,0.022939,-0.005040,0.989482,31.16797,-4.40438,-41.19635,relaxation,good
1783252814.718750,92,0,0.999401,-0.015036,0.034614,0.005806,-0.000518,0.003193,0.992160,31.16712,-4.40506,-41.19625,relaxation,good
1783252814.726562,93,0,0.999400,-0.015108,0.034635,0.005649,0.022106,0.014892,0.986603,31.16626,-4.40575,-41.19615,relaxation,good
1783252814.734375,94,0,0.999399,-0.015179,0.034655,0.005492,0.035386,-0.011554,0.996754,31.16538,-4.40644,-41.19605,relaxation,good
1783252814.742188,95,0,0.999399,-0.015250,0.034675,0.005334,0.029203,0.003143,0.990483,31.16450,-4.40713,-41.19595,relaxation,good
1783252814.750000,96,0,0.999398,-0.015320,0.034694,0.005176,0.025176,0.000811,0.989505,31.16360,-4.40782,-41.19584,relaxation,good
1783252814.757812,97,0,0.999397,-0.015390,0.034712,0.005018,0.024997,-0.002675,0.979985,31.16270,-4.40852,-41.19574,relaxation,good
1783252814.765625,98,0,0.999397,-0.015460,0.034730,0.004860,0.020993,0.004789,0.989686,31.16179,-4.40921,-41.19563,relaxation,good
1783252814.773438,99,0,0.999396,-0.015529,0.034747,0.004701,0.022751,0.010061,1.000926,31.16086,-4.40991,-41.19552,relaxation,good
1783252814.781250,100,0,0.999396,-0.015597,0.034764,0.004542,0.011296,0.008085,0.993086,31.15993,-4.41061,-41.19541,relaxation,good
1783252814.789062,101,0,0.999395,-0.015665,0.034780,0.004382,0.028075,0.012679,0.990771,31.15899,-4.41131,-41.19530,relaxation,good
1783252814.796875,102,0,0.999394,-0.015733,0.034795,0.004222,0.023585,0.003221,0.977653,31.15803,-4.41201,-41.19518,relaxation,good
1783252814.804688,103,0,0.999394,-0.015800,0.034810,0.004062,0.027080,-0.004108,0.988393,31.15707,-4.41271,-41.19507,relaxation,good
1783252814.812500,104,0,0.999393,-0.015866,0.034824,0.003902,0.008265,0.001582,0.986005,31.15610,-4.41342,-41.19495,relaxation,good
1783252814.820312,105,0,0.999393,-0.015933,0.034838,0.003741,0.022553,0.000422,0.984800,31.15512,-4.41412,-41.19484,relaxation,good
1783252814.828125,106,0,0.999393,-0.015998,0.034851,0.003580,0.020541,0.013419,0.995532,31.15413,-4.41483,-41.19472,relaxation,good
1783252814.835938,107,0,0.999392,-0.016063,0.034864,0.003419,0.011966,0.004494,0.992354,31.15313,-4.41553,-41.19460,relaxation,good
1783252814.843750,108,0,0.999392,-0.016128,0.034876,0.003258,0.011164,0.007044,0.979877,31.15212,-4.41624,-41.19448,relaxation,good
1783252814.851562,109,0,0.999391,-0.016192,0.034887,0.003096,0.035033,-0.001044,0.977331,31.15110,-4.41695,-41.19436,relaxation,good
1783252814.859375,110,0,0.999391,-0.016256,0.034898,0.002935,0.022037,0.011613,0.994657,31.15007,-4.41766,-41.19423,relaxation,good
1783252814.867188,111,0,0.999391,-0.016320,0.034908,0.002773,0.020358,-0.000709,0.980984,31.14903,-4.41838,-41.19411,relaxation,good
1783252814.875000,112,0,0.999390,-0.016382,0.034918,0.002611,0.020723,0.003008,0.983834,31.14799,-4.41909,-41.19398,relaxation,good
1783252814.882812,113,0,0.999390,-0.016445,0.034927,0.002448,0.032147,0.013180,0.986236,31.14693,-4.41981,-41.19385,relaxation,good
1783252814.890625,114,0,0.999390,-0.016506,0.034936,0.002286,0.034220,-0.009862,0.987831,31.14587,-4.42052,-41.19373,relaxation,good
1783252814.898438,115,0,0.999389,-0.016568,0.034943,0.002123,0.015734,0.020764,0.986883,31.14479,-4.42124,-41.19360,relaxation,good
1783252814.906250,116,0,0.999389,-0.016629,0.034951,0.001960,0.021765,0.003571,0.989339,31.14371,-4.42196,-41.19346,relaxation,good
1783252814.914062,117,0,0.999389,-0.016689,0.034957,0.001797,0.032386,0.006693,0.993201,31.14262,-4.42268,-41.19333,relaxation,good
1783252814.921875,118,0,0.999389,-0.016749,0.034964,0.001634,0.025749,-0.004127,0.993216,31.14152,-4.42340,-41.19320,relaxation,good
1783252814.929688,119,0,0.999388,-0.016808,0.034969,0.001471,0.016978,0.012397,0.990556,31.14041,-4.42412,-41.19306,relaxation,good
1783252814.937500,120,0,0.999388,-0.016867,0.034974,0.001308,0.015741,0.002714,0.983721,31.13929,-4.42485,-41.19293,relaxation,good
1783252814.945312,121,0,0.999388,-0.016925,0.034979,0.001145,0.021768,-0.005544,0.984618,31.13817,-4.42557,-41.19279,relaxation,good
1783252814.953125,122,0,0.999388,-0.016983,0.034982,0.000981,0.025179,0.005257,0.983321,31.13703,-4.42630,-41.19265,relaxation,good
1783252814.960938,123,0,0.999388,-0.017041,0.034986,0.000818,0.012488,0.005668,0.977470,31.13589,-4.42702,-41.19251,relaxation,good
1783252814.968750,124,0,0.999388,-0.017097,0.034988,0.000654,0.027727,0.005033,0.988152,31.13474,-4.42775,-41.19237,relaxation,good
1783252814.976562,125,0,0.999388,-0.017154,0.034990,0.000491,0.030136,0.002690,0.987932,31.13358,-4.42848,-41.19222,relaxation,good
1783252814.984375,126,0,0.999388,-0.017210,0.034992,0.000327,0.011771,0.005063,0.992927,31.13242,-4.42921,-41.19208,relaxation,good
1783252814.992188,127,0,0.999388,-0.017265,0.034993,0.000164,0.009772,0.005400,0.979781,31.13124,-4.42994,-41.19193,relaxation,good
1783252815.000000,0,0,0.999388,-0.017320,0.034993,0.000000,0.010919,0.003153,0.981497,31.13006,-4.43067,-41.19178,excitement,good
1783252815.007812,1,0,0.999388,-0.017374,0.034993,-0.000164,0.020361,0.022766,0.989622,31.12887,-4.43141,-41.19164,excitement,good
1783252815.015625,2,0,0.999388,-0.017428,0.034992,-0.000327,0.004569,0.003561,0.985386,31.12767,-4.43214,-41.19149,excitement,good
1783252815.023438,3,0,0.999388,-0.017481,0.034990,-0.000491,0.013812,0.005881,0.982608,31.12646,-4.43288,-41.19134,excitement,good
1783252815.031250,4,0,0.999388,-0.017534,0.034988,-0.000654,0.026986,0.022570,0.981913,31.12525,-4.43361,-41.19118,excitement,good
1783252815.039062,5,0,0.999388,-0.017586,0.034986,-0.000818,0.011090,0.015180,0.974177,31.12402,-4.43435,-41.19103,excitement,good
1783252815.046875,6,0,0.999388,-0.017638,0.034982,-0.000981,0.024992,0.010292,0.981928,31.12280,-4.43509,-41.19088,excitement,good
1783252815.054688,7,0,0.999388,-0.017689,0.034979,-0.001145,0.007744,0.014784,0.983271,31.12156,-4.43583,-41.19072,excitement,good
1783252815.062500,8,0,0.999388,-0.017739,0.034974,-0.001308,0.031952,0.012300,0.986032,31.12031,-4.43657,-41.19056,excitement,good
1783252815.070312,9,0,0.999388,-0.017789,0.034969,-0.001471,0.019156,0.013270,0.992613,31.11906,-4.43731,-41.19040,excitement,good
1783252815.078125,10,0,0.999389,-0.017839,0.034964,-0.001634,0.011594,0.002744,0.980699,31.11780,-4.43805,-41.19024,excitement,good
1783252815.085938,11,0,0.999389,-0.017888,0.034957,-0.001797,0.016375,0.014323,0.993624,31.11654,-4.43880,-41.19008,excitement,good
1783252815.093750,12,0,0.999389,-0.017936,0.034951,-0.001960,0.011021,0.016293,0.987872,31.11526,-4.43954,-41.18992,excitement,good
1783252815.101562,13,0,0.999389,-0.017984,0.034943,-0.002123,0.007813,0.017659,0.982410,31.11398,-4.44028,-41.18975,excitement,good
1783252815.109375,14,0,0.999390,-0.018032,0.034936,-0.002286,0.017565,0.001467,0.986825,31.11270,-4.44103,-41.18959,excitement,good
1783252815.117188,15,0,0.999390,-0.018079,0.034927,-0.002448,0.001443,0.019490,0.985357,31.11140,-4.44178,-41.18942,excitement,good
1783252815.125000,16,0,0.999390,-0.018125,0.034918,-0.002611,0.008441,0.016876,0.979275,31.11010,-4.44253,-41.18926,excitement,good
1783252815.132812,17,0,0.999391,-0.018171,0.034908,-0.002773,0.002775,0.007712,0.990535,31.10879,-4.44327,-41.18909,excitement,good
1783252815.140625,18,0,0.999391,-0.018216,0.034898,-0.002935,0.013331,0.016110,0.993022,31.10748,-4.44402,-41.18892,excitement,good
1783252815.148438,19,0,0.999391,-0.018261,0.034887,-0.003096,0.022228,-0.003922,0.984694,31.10616,-4.44477,-41.18874,excitement,good
1783252815.156250,20,0,0.999392,-0.018305,0.034876,-0.003258,0.002403,0.011931,0.989780,31.10483,-4.44553,-41.18857,excitement,good
1783252815.164062,21,0,0.999392,-0.018349,0.034864,-0.003419,0.000362,0.002586,0.988228,31.10350,-4.44628,-41.18840,excitement,good
1783252815.171875,22,0,0.999393,-0.018392,0.034851,-0.003580,0.008499,0.000860,0.982070,31.10216,-4.44703,-41.18822,excitement,good
1783252815.179688,23,0,0.999393,-0.018435,0.034838,-0.003741,0.012636,0.018213,0.993456,31.10081,-4.44778,-41.18804,excitement,good
1783252815.187500,24,0,0.999393,-0.018477,0.034824,-0.003902,0.003622,0.008000,0.988303,31.09946,-4.44854,-41.18787,excitement,good
1783252815.195312,25,0,0.999394,-0.018518,0.034810,-0.004062,0.010275,0.018686,0.978194,31.09810,-4.44929,-41.18769,excitement,good
1783252815.203125,26,0,0.999394,-0.018559,0.034795,-0.004222,0.003658,0.013729,0.987612,31.09673,-4.45005,-41.18751,excitement,good
1783252815.210938,27,0,0.999395,-0.018599,0.034780,-0.004382,0.011491,0.015248,0.972735,31.09536,-4.45081,-41.18733,excitement,good
1783252815.218750,28,0,0.999396,-0.018639,0.034764,-0.004542,0.018249,0.005226,0.983585,31.09399,-4.45157,-41.18714,excitement,good
1783252815.226562,29,0,0.999396,-0.018678,0.034747,-0.004701,-0.000291,0.014765,0.990344,31.09260,-4.45232,-41.18696,excitement,good
1783252815.234375,30,0,0.999397,-0.018717,0.034730,-0.004860,0.004282,0.002360,0.992295,31.09122,-4.45308,-41.18677,excitement,good
1783252815.242188,31,0,0.999397,-0.018755,0.034712,-0.005018,0.011865,0.010883,0.996386,31.08982,-4.45384,-41.18659,excitement,good
1783252815.250000,32,0,0.999398,-0.018793,0.034694,-0.005176,0.015234,0.007622,0.992209,31.08842,-4.45460,-41.18640,excitement,good
1783252815.257812,33,0,0.999399,-0.018830,0.034675,-0.005334,0.003283,0.021243,0.992043,31.08702,-4.45536,-41.18621,excitement,good
1783252815.265625,34,0,0.999399,-0.018866,0.034655,-0.005492,0.007892,0.014783,0.976214,31.08561,-4.45613,-41.18602,excitement,good
1783252815.273438,35,0,0.999400,-0.018902,0.034635,-0.005649,-0.001740,0.002128,0.979432,31.08420,-4.45689,-41.18583,excitement,good
1783252815.281250,36,0,0.999401,-0.018937,0.034614,-0.005806,-0.000073,0.013502,0.986852,31.08278,-4.45765,-41.18563,excitement,good
1783252815.289062,37,0,0.999401,-0.018972,0.034593,-0.005962,0.003031,0.000300,0.983154,31.08135,-4.45842,-41.18544,excitement,good
1783252815.296875,38,0,0.999402,-0.019006,0.034571,-0.006118,-0.002594,0.015206,0.987295,31.07992,-4.45918,-41.18524,excitement,good
1783252815.304688,39,0,0.999403,-0.019040,0.034549,-0.006274,0.007617,0.014028,0.988866,31.07849,-4.45995,-41.18504,excitement,good
1783252815.312500,40,0,0.999404,-0.019073,0.034526,-0.006429,0.009579,-0.003296,0.980357,31.07705,-4.46071,-41.18485,excitement,good
1783252815.320312,41,0,0.999405,-0.019106,0.034502,-0.006584,0.011141,-0.005333,0.987083,31.07560,-4.46148,-41.18465,excitement,good
1783252815.328125,42,0,0.999405,-0.019138,0.034478,-0.006738,-0.003128,0.012160,0.977748,31.07415,-4.46224,-41.18445,excitement,good
1783252815.335938,43,0,0.999406,-0.019169,0.034453,-0.006892,-0.000785,0.009016,0.985274,31.07270,-4.46301,-41.18424,excitement,good
1783252815.343750,44,0,0.999407,-0.019200,0.034428,-0.007045,0.006658,0.007552,0.985993,31.07124,-4.46378,-41.18404,excitement,good
1783252815.351562,45,0,0.999408,-0.019230,0.034402,-0.007198,0.011768,0.006153,0.985830,31.06978,-4.46455,-41.18384,excitement,good
1783252815.359375,46,0,0.999409,-0.019260,0.034375,-0.007350,0.001704,0.006738,0.989444,31.06831,-4.46532,-41.18363,excitement,good
1783252815.367188,47,0,0.999410,-0.019289,0.034348,-0.007502,-0.002454,0.002624,0.998261,31.06684,-4.46609,-41.18342,excitement,good
1783252815.375000,48,0,0.999411,-0.019317,0.034321,-0.007654,0.007810,0.010827,0.983469,31.06537,-4.46686,-41.18322,excitement,good
1783252815.382812,49,0,0.999412,-0.019345,0.034293,-0.007805,0.002757,0.020477,0.987727,31.06389,-4.46763,-41.18301,excitement,good
1783252815.390625,50,0,0.999413,-0.019373,0.034264,-0.007955,0.005046,0.031281,0.987015,31.06241,-4.46840,-41.18280,excitement,good
1783252815.398438,51,0,0.999414,-0.019399,0.034234,-0.008105,-0.004673,0.007760,1.007411,31.06092,-4.46917,-41.18258,excitement,good
1783252815.406250,52,0,0.999415,-0.019426,0.034204,-0.008254,-0.003302,0.013766,0.996212,31.05943,-4.46994,-41.18237,excitement,good
1783252815.414062,53,0,0.999416,-0.019451,0.034174,-0.008403,0.002848,0.014998,0.989372,31.05794,-4.47072,-41.18216,excitement,good
1783252815.421875,54,0,0.999417,-0.019476,0.034143,-0.008551,-0.006228,0.005190,0.984910,31.05644,-4.47149,-41.18194,excitement,good
1783252815.429688,55,0,0.999418,-0.019501,0.034111,-0.008699,-0.005269,-0.002434,0.989459,31.05494,-4.47226,-41.18172,excitement,good
1783252815.437500,56,0,0.999419,-0.019525,0.034079,-0.008846,0.008948,0.000735,0.977059,31.05344,-4.47304,-41.18150,excitement,good
1783252815.445312,57,0,0.999420,-0.019548,0.034046,-0.008992,-0.006132,0.005046,0.986479,31.05193,-4.47381,-41.18129,excitement,good
1783252815.453125,58,0,0.999421,-0.019571,0.034013,-0.009138,0.002138,0.017270,0.992053,31.05042,-4.47459,-41.18106,excitement,good
1783252815.460938,59,0,0.999423,-0.019593,0.033979,-0.009283,-0.011905,0.004642,0.979995,31.04890,-4.47536,-41.18084,excitement,good
1783252815.468750,60,0,0.999424,-0.019614,0.033945,-0.009428,0.010489,0.001084,0.986770,31.04739,-4.47614,-41.18062,excitement,good
1783252815.476562,61,0,0.999425,-0.019635,0.033910,-0.009572,-0.002380,0.002165,0.976841,31.04587,-4.47691,-41.18040,excitement,good
1783252815.484375,62,0,0.999426,-0.019656,0.033874,-0.009715,-0.014112,-0.008280,0.992977,31.04435,-4.47769,-41.18017,excitement,good
1783252815.492188,63,0,0.999427,-0.019676,0.033838,-0.009858,-0.010838,0.015035,0.982480,31.04282,-4.47846,-41.17994,excitement,good
1783252815.500000,64,0,0.999429,-0.019695,0.033801,-0.010000,0.003950,0.003361,0.988886,31.04129,-4.47924,-41.17972,excitement,good
1783252815.507812,65,0,0.999430,-0.019714,0.033764,-0.010141,-0.006496,0.015265,0.995892,31.03976,-4.48002,-41.17949,excitement,good
1783252815.515625,66,0,0.999431,-0.019732,0.033726,-0.010282,-0.013859,-0.004040,1.000341,31.03823,-4.48080,-41.17926,excitement,good
1783252815.523438,67,0,0.999432,-0.019749,0.033687,-0.010422,-0.008809,0.014175,0.988656,31.03670,-4.48157,-41.17902,excitement,good
1783252815.531250,68,0,0.999434,-0.019766,0.033648,-0.010561,-0.009531,0.007463,0.998364,31.03516,-4.48235,-41.17879,excitement,good
1783252815.539062,69,0,0.999435,-0.019782,0.033609,-0.010700,-0.008865,0.025132,0.981842,31.03362,-4.48313,-41.17856,excitement,good
1783252815.546875,70,0,0.999436,-0.019798,0.033569,-0.010838,-0.009160,0.009625,0.988943,31.03208,-4.48391,-41.17832,excitement,good
1783252815.554688,71,0,0.999438,-0.019813,0.033528,-0.010975,0.000969,0.009935,0.988694,31.03054,-4.48469,-41.17809,excitement,good
1783252815.562500,72,0,0.999439,-0.019828,0.033487,-0.011111,-0.010383,0.006668,0.990684,31.02899,-4.48547,-41.17785,excitement,good
1783252815.570312,73,0,0.999441,-0.019842,0.033445,-0.011247,-0.006103,0.008587,0.986724,31.02744,-4.48625,-41.17761,excitement,good
1783252815.578125,74,1,0.999442,-0.019855,0.033402,-0.011382,-0.002106,0.005954,0.999775,31.02589,-4.48703,-41.17737,excitement,good
1783252815.585938,75,0,0.999443,-0.019868,0.033360,-0.011516,-0.019858,0.013111,0.992361,31.02434,-4.48780,-41.17713,excitement,good
1783252815.593750,76,0,0.999445,-0.019880,0.033316,-0.011650,-0.002309,0.013212,0.985836,31.02279,-4.48858,-41.17689,excitement,good
1783252815.601562,77,0,0.999446,-0.019891,0.033272,-0.011782,-0.009148,0.002639,0.992525,31.02124,-4.48936,-41.17664,excitement,good
1783252815.609375,78,0,0.999448,-0.019902,0.033227,-0.011914,-0.010592,-0.000253,0.978390,31.01969,-4.49015,-41.17640,excitement,good
1783252815.617188,79,0,0.999449,-0.019913,0.033182,-0.012045,-0.005230,-0.014526,0.984318,31.01813,-4.49093,-41.17615,excitement,good
1783252815.625000,80,0,0.999451,-0.019923,0.033136,-0.012175,-0.015890,0.005285,0.985833,31.01657,-4.49171,-41.17590,excitement,good
1783252815.632812,81,0,0.999452,-0.019932,0.033090,-0.012305,-0.007160,0.005973,0.994047,31.01502,-4.49249,-41.17566,excitement,good
1783252815.640625,82,0,0.999454,-0.019940,0.033043,-0.012433,0.001593,0.009917,0.997272,31.01346,-4.49327,-41.17541,excitement,good
1783252815.648438,83,0,0.999455,-0.019948,0.032996,-0.012561,-0.013842,0.007743,0.992909,31.01190,-4.49405,-41.17516,excitement,good
1783252815.656250,84,0,0.999457,-0.019956,0.032948,-0.012688,-0.025765,0.006629,0.987640,31.01034,-4.49483,-41.17490,excitement,good
1783252815.664062,85,0,0.999459,-0.019963,0.032900,-0.012814,-0.021350,-0.006760,0.988384,31.00878,-4.49561,-41.17465,excitement,good
1783252815.671875,86,0,0.999460,-0.019969,0.032851,-0.012939,-0.016188,0.013644,0.980487,31.00722,-4.49639,-41.17440,excitement,good
1783252815.679688,87,0,0.999462,-0.019975,0.032801,-0.013063,-0.011764,0.008895,0.982353,31.00565,-4.49717,-41.17414,excitement,good
1783252815.687500,88,0,0.999464,-0.019980,0.032751,-0.013187,-0.004539,-0.001503,0.988557,31.00409,-4.49795,-41.17388,excitement,good
1783252815.695312,89,0,0.999465,-0.019984,0.032700,-0.013309,0.000475,0.007994,1.002547,31.00253,-4.49873,-41.17363,excitement,good
1783252815.703125,90,0,0.999467,-0.019988,0.032649,-0.013431,-0.011645,0.002046,0.997448,31.00097,-4.49952,-41.17337,excitement,good
1783252815.710938,91,0,0.999469,-0.019991,0.032597,-0.013552,-0.009457,0.002528,0.986837,30.99941,-4.50030,-41.17311,excitement,good
1783252815.718750,92,0,0.999470,-0.019994,0.032545,-0.013672,-0.019177,-0.005873,1.000665,30.99784,-4.50108,-41.17284,excitement,good
1783252815.726562,93,0,0.999472,-0.019996,0.032492,-0.013791,-0.011964,0.004156,0.979701,30.99628,-4.50186,-41.17258,excitement,good
1783252815.734375,94,0,0.999474,-0.019997,0.032439,-0.013909,-0.004686,0.011405,0.989149,30.99472,-4.50264,-41.17232,excitement,good
1783252815.742188,95,0,0.999475,-0.019998,0.032385,-0.014026,-0.011255,-0.002322,1.002613,30.99316,-4.50342,-41.17205,excitement,good
1783252815.750000,96,0,0.999477,-0.019999,0.032330,-0.014142,-0.017721,0.007716,0.982502,30.99160,-4.50420,-41.17179,excitement,good
1783252815.757812,97,0,0.999479,-0.019998,0.032275,-0.014257,-0.011964,-0.016166,1.000188,30.99003,-4.50498,-41.17152,excitement,good
1783252815.765625,98,0,0.999481,-0.019997,0.032220,-0.014372,-0.021399,-0.004726,0.992166,30.98847,-4.50577,-41.17125,excitement,good
1783252815.773438,99,0,0.999483,-0.019996,0.032163,-0.014485,-0.015532,-0.002095,0.997476,30.98691,-4.50655,-41.17098,excitement,good
1783252815.781250,100,0,0.999484,-0.019994,0.032107,-0.014597,-0.021704,0.008315,0.995614,30.98536,-4.50733,-41.17071,excitement,good
1783252815.789062,101,0,0.999486,-0.019991,0.032050,-0.014709,-0.001075,-0.008445,0.994702,30.98380,-4.50811,-41.17044,excitement,good
1783252815.796875,102,0,0.999488,-0.019988,0.031992,-0.014819,-0.018687,-0.005499,0.997855,30.98224,-4.50889,-41.17017,excitement,good
1783252815.804688,103,0,0.999490,-0.019984,0.031934,-0.014928,-0.017776,-0.000739,0.982387,30.98069,-4.50967,-41.16989,excitement,good
1783252815.812500,104,0,0.999492,-0.019980,0.031875,-0.015037,-0.025854,0.007549,0.992255,30.97913,-4.51045,-41.16962,excitement,good
1783252815.820312,105,0,0.999494,-0.019975,0.031816,-0.015144,-0.022189,0.003000,0.984249,30.97758,-4.51123,-41.16934,excitement,good
1783252815.828125,106,0,0.999496,-0.019969,0.031756,-0.015251,-0.019354,-0.010800,0.997596,30.97603,-4.51201,-41.16906,excitement,good
1783252815.835938,107,0,0.999498,-0.019963,0.031695,-0.015356,-0.011957,-0.003129,0.990565,30.97447,-4.51279,-41.16878,excitement,good
1783252815.843750,108,0,0.999500,-0.019956,0.031634,-0.015460,-0.030961,-0.012050,0.989117,30.97293,-4.51357,-41.16850,excitement,good
1783252815.851562,109,0,0.999501,-0.019948,0.031573,-0.015563,-0.014753,0.002229,0.991783,30.97138,-4.51435,-41.16822,excitement,good
1783252815.859375,110,0,0.999503,-0.019940,0.031511,-0.015666,-0.015008,-0.006289,0.989854,30.96983,-4.51513,-41.16794,excitement,good
1783252815.867188,111,0,0.999505,-0.019932,0.031448,-0.015767,-0.009595,0.007286,0.994776,30.96829,-4.51591,-41.16766,excitement,good
1783252815.875000,112,0,0.999507,-0.019923,0.031385,-0.015867,-0.021032,0.007545,0.988445,30.96675,-4.51668,-41.16737,excitement,good
1783252815.882812,113,0,0.999509,-0.019913,0.031322,-0.015966,-0.016143,-0.015720,0.995451,30.96521,-4.51746,-41.16709,excitement,good
1783252815.890625,114,0,0.999511,-0.019902,0.031258,-0.016064,-0.027639,-0.019658,0.996285,30.96367,-4.51824,-41.16680,excitement,good
1783252815.898438,115,0,0.999513,-0.019891,0.031193,-0.016161,-0.014560,-0.010615,0.991641,30.96214,-4.51902,-41.16651,excitement,good
1783252815.906250,116,0,0.999515,-0.019880,0.031128,-0.016257,-0.029468,-0.008270,0.994203,30.96060,-4.51980,-41.16622,excitement,good
1783252815.914062,117,0,0.999517,-0.019868,0.031062,-0.016352,-0.013215,-0.001520,0.989566,30.95907,-4.52057,-41.16593,excitement,good
1783252815.921875,118,0,0.999520,-0.019855,0.030996,-0.016445,-0.006832,0.000359,0.993301,30.95754,-4.52135,-41.16564,excitement,good
1783252815.929688,119,0,0.999522,-0.019842,0.030930,-0.016538,-0.012212,0.003104,1.000081,30.95602,-4.52213,-41.16535,excitement,good
1783252815.937500,120,0,0.999524,-0.019828,0.030862,-0.016629,-0.020972,0.000241,1.005315,30.95449,-4.52290,-41.16505,excitement,good
1783252815.945312,121,0,0.999526,-0.019813,0.030795,-0.016720,-0.015126,0.003559,0.995834,30.95297,-4.52368,-41.16476,excitement,good
1783252815.953125,122,0,0.999528,-0.019798,0.030726,-0.016809,-0.015572,-0.001461,0.999269,30.95146,-4.52445,-41.16446,excitement,good
1783252815.960938,123,0,0.999530,-0.019782,0.030658,-0.016897,-0.022711,-0.019742,0.993771,30.94994,-4.52523,-41.16417,excitement,good
1783252815.968750,124,0,0.999532,-0.019766,0.030588,-0.016984,-0.025823,-0.014085,0.992168,30.94843,-4.52600,-41.16387,excitement,good
1783252815.976562,125,0,0.999534,-0.019749,0.030519,-0.017070,-0.022550,-0.007648,0.978924,30.94692,-4.52678,-41.16357,excitement,good
1783252815.984375,126,0,0.999536,-0.019732,0.030448,-0.017155,-0.019729,0.000667,1.000093,30.94542,-4.52755,-41.16327,excitement,good
1783252815.992188,127,0,0.999538,-0.019714,0.030378,-0.017238,-0.022760,-0.003378,0.998723,30.94392,-4.52833,-41.16297,excitement,good
1783252816.000000,0,0,0.999541,-0.019695,0.030306,-0.017321,-0.009667,-0.000777,1.000100,30.94242,-4.52910,-41.16267,excitement,good
1783252816.007812,1,0,0.999543,-0.019676,0.030234,-0.017402,-0.030312,-0.004776,1.004575,30.94092,-4.52987,-41.16236,excitement,good
1783252816.015625,2,0,0.999545,-0.019656,0.030162,-0.017482,-0.009057,0.000842,1.002288,30.93943,-4.53064,-41.16206,excitement,good
1783252816.023438,3,0,0.999547,-0.019635,0.030089,-0.017561,-0.026120,-0.018087,1.007453,30.93795,-4.53142,-41.16175,excitement,good
1783252816.031250,4,0,0.999549,-0.019614,0.030016,-0.017638,-0.012084,-0.001702,1.002384,30.93646,-4.53219,-41.16144,excitement,good
1783252816.039062,5,0,0.999552,-0.019593,0.029942,-0.017715,-0.010762,-0.004929,1.002145,30.93498,-4.53296,-41.16114,excitement,good
1783252816.046875,6,0,0.999554,-0.019571,0.029868,-0.017790,-0.019711,-0.002729,0.990868,30.93351,-4.53373,-41.16083,excitement,good
1783252816.054688,7,0,0.999556,-0.019548,0.029793,-0.017864,-0.030756,-0.004402,0.995710,30.93204,-4.53450,-41.16052,excitement,good
1783252816.062500,8,0,0.999558,-0.019525,0.029718,-0.017937,-0.020693,-0.011686,1.008090,30.93057,-4.53527,-41.16021,excitement,good
1783252816.070312,9,0,0.999561,-0.019501,0.029642,-0.018009,-0.008823,-0.006428,1.014844,30.92911,-4.53604,-41.15989,excitement,good
1783252816.078125,10,0,0.999563,-0.019476,0.029566,-0.018080,-0.010818,-0.013386,1.000853,30.92765,-4.53681,-41.15958,excitement,good
1783252816.085938,11,0,0.999565,-0.019451,0.029489,-0.018149,-0.041361,0.000694,0.998059,30.92619,-4.53757,-41.15927,excitement,good
1783252816.093750,12,0,0.999567,-0.019426,0.029411,-0.018217,-0.023111,-0.006870,1.006107,30.92474,-4.53834,-41.15895,excitement,good
1783252816.101562,13,0,0.999570,-0.019399,0.029334,-0.018284,-0.024104,-0.014879,0.993704,30.92330,-4.53911,-41.15863,excitement,good
1783252816.109375,14,0,0.999572,-0.019373,0.029255,-0.018350,-0.016608,-0.006879,1.000355,30.92186,-4.53987,-41.15832,excitement,good
1783252816.117188,15,0,0.999574,-0.019345,0.029177,-0.018414,-0.015289,-0.009001,1.022544,30.92042,-4.54064,-41.15800,excitement,good
1783252816.125000,16,0,0.999577,-0.019317,0.029097,-0.018478,-0.022403,-0.012006,1.011577,30.91899,-4.54140,-41.15768,excitement,good
1783252816.132812,17,0,0.999579,-0.019289,0.029018,-0.018540,-0.019866,-0.019095,1.004049,30.91756,-4.54217,-41.15736,excitement,good
1783252816.140625,18,0,0.999581,-0.019260,0.028937,-0.018600,-0.020736,-0.005892,1.007965,30.91614,-4.54293,-41.15703,excitement,good
1783252816.148438,19,0,0.999584,-0.019230,0.028857,-0.018660,-0.025672,-0.015578,1.005399,30.91473,-4.54369,-41.15671,excitement,good
1783252816.156250,20,0,0.999586,-0.019200,0.028775,-0.018718,-0.025219,-0.001907,1.000669,30.91332,-4.54445,-41.15639,excitement,good
1783252816.164062,21,0,0.999588,-0.019169,0.028694,-0.018775,-0.009239,-0.005780,1.005182,30.91191,-4.54522,-41.15606,excitement,good
1783252816.171875,22,0,0.999591,-0.019138,0.028612,-0.018831,-0.015446,-0.010090,0.999261,30.91051,-4.54598,-41.15574,excitement,good
1783252816.179688,23,0,0.999593,-0.019106,0.028529,-0.018885,-0.021364,-0.014735,1.010484,30.90912,-4.54674,-41.15541,excitement,good
1783252816.187500,24,0,0.999595,-0.019073,0.028446,-0.018939,-0.013500,-0.002616,1.005224,30.90773,-4.54750,-41.15508,excitement,good
1783252816.195312,25,0,0.999598,-0.019040,0.028362,-0.018991,-0.017249,-0.006694,1.003722,30.90634,-4.54825,-41.15475,excitement,good
1783252816.203125,26,0,0.999600,-0.019006,0.028278,-0.019041,-0.009448,-0.010679,1.003232,30.90497,-4.54901,-41.15442,excitement,good
1783252816.210938,27,0,0.999602,-0.018972,0.028194,-0.019091,-0.011799,-0.009650,1.010797,30.90359,-4.54977,-41.15409,excitement,good
1783252816.218750,28,0,0.999605,-0.018937,0.028109,-0.019139,-0.025286,-0.015935,0.997088,30.90223,-4.55053,-41.15376,excitement,good
1783252816.226562,29,0,0.999607,-0.018902,0.028023,-0.019186,-0.015757,-0.020959,1.009590,30.90087,-4.55128,-41.15342,excitement,good
1783252816.234375,30,0,0.999610,-0.018866,0.027937,-0.019231,-0.010410,-0.023300,1.017360,30.89951,-4.55204,-41.15309,excitement,good
1783252816.242188,31,0,0.999612,-0.018830,0.027851,-0.019276,-0.021415,-0.022940,1.008722,30.89817,-4.55279,-41.15275,excitement,good
1783252816.250000,32,0,0.999615,-0.018793,0.027764,-0.019319,0.000532,-0.015326,1.001081,30.89682,-4.55354,-41.15242,excitement,good
1783252816.257812,33,0,0.999617,-0.018755,0.027676,-0.019360,-0.008862,-0.008537,1.008267,30.89549,-4.55429,-41.15208,excitement,good
1783252816.265625,34,0,0.999619,-0.018717,0.027589,-0.019401,-0.018485,-0.019223,1.013569,30.89416,-4.55505,-41.15174,excitement,good
1783252816.273438,35,0,0.999622,-0.018678,0.027500,-0.019440,-0.015766,0.008282,1.004941,30.89284,-4.55580,-41.15140,excitement,good
1783252816.281250,36,0,0.999624,-0.018639,0.027412,-0.019478,-0.026182,-0.027433,1.012389,30.89152,-4.55655,-41.15106,excitement,good
1783252816.289062,37,0,0.999627,-0.018599,0.027322,-0.019514,-0.019866,-0.009125,1.013584,30.89021,-4.55730,-41.15072,excitement,good
1783252816.296875,38,0,0.999629,-0.018559,0.027233,-0.019549,-0.020212,-0.009419,0.996872,30.88891,-4.55804,-41.15037,excitement,good
1783252816.304688,39,0,0.999632,-0.018518,0.027143,-0.019583,-0.017084,-0.015768,0.997895,30.88761,-4.55879,-41.15003,excitement,good
1783252816.312500,40,0,0.999634,-0.018477,0.027052,-0.019616,-0.022689,-0.015564,1.004959,30.88632,-4.55954,-41.14969,excitement,good
1783252816.320312,41,0,0.999636,-0.018435,0.026961,-0.019647,-0.020529,-0.009726,1.000156,30.88504,-4.56028,-41.14934,excitement,good
1783252816.328125,42,0,0.999639,-0.018392,0.026870,-0.019677,-0.024786,-0.008807,1.003110,30.88377,-4.56103,-41.14899,excitement,good
1783252816.335938,43,0,0.999641,-0.018349,0.026778,-0.019706,-0.015042,-0.005533,1.006813,30.88250,-4.56177,-41.14864,excitement,good
1783252816.343750,44,0,0.999644,-0.018305,0.026685,-0.019733,-0.016227,-0.016017,1.004843,30.88124,-4.56251,-41.14830,excitement,good
1783252816.351562,45,0,0.999646,-0.018261,0.026592,-0.019759,-0.017943,-0.009231,1.016788,30.87998,-4.56325,-41.14795,excitement,good
1783252816.359375,46,0,0.999649,-0.018216,0.026499,-0.019784,-0.020141,0.004112,1.003385,30.87874,-4.56400,-41.14759,excitement,good
1783252816.367188,47,0,0.999651,-0.018171,0.026406,-0.019807,-0.023819,-0.009781,1.015207,30.87750,-4.56474,-41.14724,excitement,good
1783252816.375000,48,0,0.999654,-0.018125,0.026311,-0.019829,-0.013007,-0.016125,1.004160,30.87627,-4.56547,-41.14689,excitement,good
1783252816.382812,49,0,0.999656,-0.018079,0.026217,-0.019850,-0.028582,-0.012415,1.000320,30.87504,-4.56621,-41.14654,excitement,good
1783252816.390625,50,0,0.999659,-0.018032,0.026122,-0.019869,-0.010931,-0.014098,1.006417,30.87383,-4.56695,-41.14618,excitement,good
1783252816.398438,51,0,0.999661,-0.017984,0.026026,-0.019887,-0.010136,-0.007938,1.014578,30.87262,-4.56768,-41.14582,excitement,good
1783252816.406250,52,0,0.999664,-0.017936,0.025930,-0.019904,-0.017605,-0.009702,1.004897,30.87142,-4.56842,-41.14547,excitement,good
1783252816.414062,53,0,0.999666,-0.017888,0.025834,-0.019919,-0.020984,-0.012684,1.014082,30.87023,-4.56915,-41.14511,excitement,good
1783252816.421875,54,0,0.999669,-0.017839,0.025737,-0.019933,-0.012870,-0.005298,1.010561,30.86904,-4.56988,-41.14475,excitement,good
1783252816.429688,55,0,0.999671,-0.017789,0.025640,-0.019946,-0.016140,-0.008570,1.010937,30.86786,-4.57062,-41.14439,excitement,good
1783252816.437500,56,0,0.999674,-0.017739,0.025542,-0.019957,-0.020269,-0.011738,1.011513,30.86670,-4.57135,-41.14403,excitement,good
1783252816.445312,57,0,0.999676,-0.017689,0.025444,-0.019967,-0.009525,-0.005250,1.007606,30.86553,-4.57208,-41.14367,excitement,good
1783252816.453125,58,0,0.999679,-0.017638,0.025346,-0.019976,-0.011204,-0.016102,1.018600,30.86438,-4.57280,-41.14331,excitement,good
1783252816.460938,59,0,0.999681,-0.017586,0.025247,-0.019983,-0.014372,-0.001753,1.011537,30.86324,-4.57353,-41.14294,excitement,good
1783252816.468750,60,0,0.999684,-0.017534,0.025148,-0.019989,-0.014798,-0.008399,1.017202,30.86210,-4.57426,-41.14258,excitement,good
1783252816.476562,61,0,0.999686,-0.017481,0.025048,-0.019994,-0.016039,-0.006630,1.008757,30.86097,-4.57498,-41.14221,excitement,good
1783252816.484375,62,0,0.999689,-0.017428,0.024948,-0.019997,-0.020210,-0.002503,1.009342,30.85986,-4.57571,-41.14184,excitement,good
1783252816.492188,63,0,0.999691,-0.017374,0.024847,-0.019999,-0.008903,-0.004593,1.018484,30.85874,-4.57643,-41.14148,excitement,good
1783252816.500000,64,0,0.999694,-0.017320,0.024746,-0.020000,0.005445,-0.022839,1.007908,30.85764,-4.57715,-41.14111,excitement,good
1783252816.507812,65,0,0.999696,-0.017265,0.024645,-0.019999,-0.006848,0.007205,1.011446,30.85655,-4.57787,-41.14074,excitement,good
1783252816.515625,66,0,0.999699,-0.017210,0.024543,-0.019997,-0.015716,-0.008380,1.005918,30.85547,-4.57859,-41.14037,excitement,good
1783252816.523438,67,0,0.999701,-0.017154,0.024441,-0.019994,-0.014773,-0.003681,1.005178,30.85439,-4.57931,-41.14000,excitement,good
1783252816.531250,68,0,0.999704,-0.017097,0.024338,-0.019989,-0.011596,-0.013446,1.019227,30.85332,-4.58002,-41.13962,excitement,good
1783252816.539062,69,0,0.999706,-0.017041,0.024235,-0.019983,-0.005827,-0.003843,1.016012,30.85227,-4.58074,-41.13925,excitement,good
1783252816.546875,70,0,0.999709,-0.016983,0.024132,-0.019976,-0.015530,-0.006379,1.008008,30.85122,-4.58145,-41.13888,excitement,good
1783252816.554688,71,0,0.999711,-0.016925,0.024028,-0.019967,-0.020705,-0.006559,1.017493,30.85018,-4.58217,-41.13850,excitement,good
1783252816.562500,72,0,0.999714,-0.016867,0.023923,-0.019957,-0.030296,0.014316,1.019236,30.84915,-4.58288,-41.13812,excitement,good
1783252816.570312,73,0,0.999716,-0.016808,0.023819,-0.019946,0.005112,-0.003690,1.017033,30.84813,-4.58359,-41.13775,excitement,good
1783252816.578125,74,0,0.999719,-0.016749,0.023714,-0.019933,-0.001119,-0.006872,1.008261,30.84711,-4.58430,-41.13737,excitement,good
1783252816.585938,75,0,0.999721,-0.016689,0.023608,-0.019919,-0.006603,-0.023428,1.011289,30.84611,-4.58500,-41.13699,excitement,good
1783252816.593750,76,0,0.999724,-0.016629,0.023502,-0.019904,-0.014797,0.010571,1.016686,30.84512,-4.58571,-41.13661,excitement,good
1783252816.601562,77,0,0.999726,-0.016568,0.023396,-0.019887,0.000102,-0.005263,1.011687,30.84413,-4.58642,-41.13623,excitement,good
1783252816.609375,78,0,0.999729,-0.016506,0.023290,-0.019869,-0.004939,0.001870,1.007510,30.84316,-4.58712,-41.13585,excitement,good
1783252816.617188,79,0,0.999731,-0.016445,0.023182,-0.019850,-0.014896,0.006279,1.009559,30.84219,-4.58782,-41.13547,excitement,good
1783252816.625000,80,0,0.999734,-0.016382,0.023075,-0.019829,-0.014070,0.009352,1.008450,30.84124,-4.58852,-41.13508,excitement,good
1783252816.632812,81,0,0.999736,-0.016320,0.022967,-0.019807,-0.013545,-0.002516,1.013116,30.84029,-4.58922,-41.13470,excitement,good
1783252816.640625,82,0,0.999739,-0.016256,0.022859,-0.019784,0.000360,0.010261,1.008457,30.83936,-4.58992,-41.13431,excitement,good
1783252816.648438,83,0,0.999741,-0.016192,0.022750,-0.019759,-0.003015,0.000834,1.022870,30.83843,-4.59062,-41.13393,excitement,good
1783252816.656250,84,0,0.999744,-0.016128,0.022642,-0.019733,-0.005306,-0.005611,1.006496,30.83752,-4.59132,-41.13354,excitement,good
1783252816.664062,85,0,0.999746,-0.016063,0.022532,-0.019706,-0.006796,0.001684,1.018896,30.83661,-4.59201,-41.13315,excitement,good
1783252816.671875,86,0,0.999749,-0.015998,0.022422,-0.019677,-0.010159,0.000549,1.011825,30.83571,-4.59270,-41.13276,excitement,good
1783252816.679688,87,0,0.999751,-0.015933,0.022312,-0.019647,-0.003553,-0.011995,1.018140,30.83483,-4.59339,-41.13237,excitement,good
1783252816.687500,88,0,0.999754,-0.015866,0.022202,-0.019616,-0.010411,-0.014469,1.012474,30.83395,-4.59408,-41.13198,excitement,good
1783252816.695312,89,0,0.999756,-0.015800,0.022091,-0.019583,0.009722,-0.013530,1.011497,30.83309,-4.59477,-41.13159,excitement,good
1783252816.703125,90,0,0.999758,-0.015733,0.021980,-0.019549,-0.012759,0.001186,1.003495,30.83223,-4.59546,-41.13120,excitement,good
1783252816.710938,91,0,0.999761,-0.015665,0.021868,-0.019514,-0.007634,0.003275,1.014498,30.83139,-4.59615,-41.13080,excitement,good
1783252816.718750,92,0,0.999763,-0.015597,0.021756,-0.019478,-0.004135,0.002787,1.009925,30.83055,-4.59683,-41.13041,excitement,good
1783252816.726562,93,0,0.999766,-0.015529,0.021644,-0.019440,-0.005951,0.007597,1.009817,30.82973,-4.59751,-41.13001,excitement,good
1783252816.734375,94,0,0.999768,-0.015460,0.021531,-0.019401,0.012498,0.006660,1.012443,30.82891,-4.59819,-41.12962,excitement,good
1783252816.742188,95,0,0.999771,-0.015390,0.021418,-0.019360,0.017755,-0.011783,1.017461,30.82811,-4.59887,-41.12922,excitement,good
1783252816.750000,96,0,0.999773,-0.015320,0.021305,-0.019319,-0.010247,-0.003927,1.013330,30.82731,-4.59955,-41.12882,excitement,good
1783252816.757812,97,0,0.999775,-0.015250,0.021191,-0.019276,0.014172,0.001172,1.017847,30.82653,-4.60023,-41.12842,excitement,good
1783252816.765625,98,0,0.999778,-0.015179,0.021077,-0.019231,-0.004645,-0.010743,1.016292,30.82576,-4.60090,-41.12802,excitement,good
1783252816.773438,99,0,0.999780,-0.015108,0.020963,-0.019186,-0.008978,0.006870,1.022427,30.82500,-4.60158,-41.12762,excitement,good
1783252816.781250,100,0,0.999783,-0.015036,0.020848,-0.019139,0.008617,-0.002107,1.014062,30.82425,-4.60225,-41.12722,excitement,good
1783252816.789062,101,0,0.999785,-0.014964,0.020733,-0.019091,0.013068,-0.012480,1.012019,30.82350,-4.60292,-41.12682,excitement,good
1783252816.796875,102,0,0.999787,-0.014892,0.020617,-0.019041,0.005543,-0.013397,1.004342,30.82278,-4.60359,-41.12641,excitement,good
1783252816.804688,103,0,0.999790,-0.014818,0.020501,-0.018991,-0.006250,0.001269,1.016214,30.82206,-4.60426,-41.12601,excitement,good
1783252816.812500,104,0,0.999792,-0.014745,0.020385,-0.018939,-0.005060,0.002388,1.020381,30.82135,-4.60492,-41.12561,excitement,good
1783252816.820312,105,0,0.999795,-0.014671,0.020269,-0.018885,-0.000896,0.000717,1.018647,30.82065,-4.60559,-41.12520,excitement,good
1783252816.828125,106,0,0.999797,-0.014597,0.020152,-0.018831,0.016658,0.011115,1.016224,30.81997,-4.60625,-41.12479,excitement,good
1783252816.835938,107,0,0.999799,-0.014522,0.020035,-0.018775,0.003281,0.005733,1.009422,30.81929,-4.60691,-41.12439,excitement,good
1783252816.843750,108,0,0.999802,-0.014447,0.019917,-0.018718,0.011294,-0.005251,1.013449,30.81863,-4.60757,-41.12398,excitement,good
1783252816.851562,109,0,0.999804,-0.014371,0.019799,-0.018660,-0.008363,-0.006230,1.017623,30.81797,-4.60823,-41.12357,excitement,good
1783252816.859375,110,0,0.999806,-0.014295,0.019681,-0.018600,0.002273,0.014552,1.018518,30.81733,-4.60889,-41.12316,excitement,good
1783252816.867188,111,0,0.999809,-0.014219,0.019563,-0.018540,0.001369,-0.011164,1.002011,30.81670,-4.60954,-41.12275,excitement,good
1783252816.875000,112,0,0.999811,-0.014142,0.019444,-0.018478,0.007411,-0.005214,1.012805,30.81608,-4.61019,-41.12234,excitement,good
1783252816.882812,113,0,0.999813,-0.014064,0.019325,-0.018414,0.002692,0.000765,1.017126,30.81547,-4.61084,-41.12192,excitement,good
1783252816.890625,114,0,0.999816,-0.013987,0.019205,-0.018350,-0.008138,-0.011670,1.004762,30.81488,-4.61149,-41.12151,excitement,good
1783252816.898438,115,0,0.999818,-0.013908,0.019085,-0.018284,0.010478,-0.009669,1.024103,30.81429,-4.61214,-41.12110,excitement,good
1783252816.906250,116,0,0.999820,-0.013830,0.018965,-0.018217,-0.003456,0.000128,1.018583,30.81372,-4.61279,-41.12068,excitement,good
1783252816.914062,117,0,0.999822,-0.013751,0.018845,-0.018149,0.004510,-0.007031,1.017795,30.81315,-4.61343,-41.12027,excitement,good
1783252816.921875,118,0,0.999825,-0.013671,0.018724,-0.018080,-0.007320,-0.000257,1.010213,30.81260,-4.61407,-41.11985,excitement,good
1783252816.929688,119,0,0.999827,-0.013592,0.018603,-0.018009,0.010461,0.007306,1.019524,30.81206,-4.61471,-41.11943,excitement,good
1783252816.937500,120,0,0.999829,-0.013511,0.018481,-0.017937,0.004072,0.010863,1.010081,30.81153,-4.61535,-41.11901,excitement,good
1783252816.945312,121,0,0.999831,-0.013431,0.018360,-0.017864,0.010135,0.002253,1.016552,30.81102,-4.61599,-41.11859,excitement,good
1783252816.953125,122,0,0.999834,-0.013350,0.018238,-0.017790,0.020873,0.003117,1.010556,30.81051,-4.61663,-41.11818,excitement,good
1783252816.960938,123,0,0.999836,-0.013268,0.018115,-0.017715,0.013815,0.000413,1.009464,30.81002,-4.61726,-41.11775,excitement,good
1783252816.968750,124,0,0.999838,-0.013187,0.017993,-0.017638,0.012141,0.013280,1.017305,30.80953,-4.61789,-41.11733,excitement,good
1783252816.976562,125,0,0.999840,-0.013104,0.017870,-0.017561,0.015229,0.006510,1.017328,30.80906,-4.61852,-41.11691,excitement,good
1783252816.984375,126,0,0.999843,-0.013022,0.017746,-0.017482,0.001798,-0.004168,1.012820,30.80860,-4.61915,-41.11649,excitement,good
1783252816.992188,127,0,0.999845,-0.012939,0.017623,-0.017402,0.023082,0.002681,1.019023,30.80816,-4.61978,-41.11606,excitement,good
1783252817.000000,0,0,0.999847,-0.012855,0.017499,-0.017321,0.007956,0.013757,1.004843,30.80772,-4.62040,-41.11564,excitement,good
1783252817.007812,1,0,0.999849,-0.012772,0.017375,-0.017238,0.014208,0.009173,1.017130,30.80730,-4.62103,-41.11521,excitement,good
1783252817.015625,2,0,0.999851,-0.012688,0.017251,-0.017155,0.016503,-0.000977,1.014239,30.80688,-4.62165,-41.11479,excitement,good
1783252817.023438,3,0,0.999853,-0.012603,0.017126,-0.017070,0.011764,0.000591,1.016826,30.80648,-4.62227,-41.11436,excitement,good
1783252817.031250,4,0,0.999855,-0.012518,0.017001,-0.016984,0.016235,0.019491,1.021291,30.80609,-4.62288,-41.11393,excitement,good
1783252817.039062,5,0,0.999858,-0.012433,0.016876,-0.016897,0.005383,0.014024,1.008895,30.80572,-4.62350,-41.11351,excitement,good
1783252817.046875,6,0,0.999860,-0.012347,0.016750,-0.016809,0.010219,0.013060,1.016630,30.80535,-4.62411,-41.11308,excitement,good
1783252817.054688,7,0,0.999862,-0.012261,0.016624,-0.016720,0.015544,0.013316,1.013947,30.80500,-4.62472,-41.11265,excitement,good
1783252817.062500,8,0,0.999864,-0.012175,0.016498,-0.016629,0.012551,0.003818,1.017232,30.80466,-4.62533,-41.11222,excitement,good
1783252817.070312,9,0,0.999866,-0.012088,0.016372,-0.016538,0.017775,0.006044,1.022043,30.80433,-4.62594,-41.11178,excitement,good
1783252817.078125,10,0,0.999868,-0.012001,0.016245,-0.016445,0.005168,0.001589,1.010034,30.80401,-4.62655,-41.11135,excitement,good
1783252817.085938,11,0,0.999870,-0.011914,0.016118,-0.016352,-0.000542,-0.007719,1.009251,30.80371,-4.62715,-41.11092,excitement,good
1783252817.093750,12,0,0.999872,-0.011826,0.015991,-0.016257,-0.002773,0.005069,1.013592,30.80341,-4.62775,-41.11048,excitement,good
1783252817.101562,13,0,0.999874,-0.011738,0.015863,-0.016161,0.005272,0.004822,1.012888,30.80313,-4.62835,-41.11005,excitement,good
1783252817.109375,14,0,0.999876,-0.011649,0.015736,-0.016064,0.017298,0.014722,1.015697,30.80286,-4.62895,-41.10961,excitement,good
1783252817.117188,15,0,0.999878,-0.011560,0.015608,-0.015966,0.026209,0.030302,1.010520,30.80260,-4.62955,-41.10918,excitement,good
1783252817.125000,16,0,0.999880,-0.011471,0.015479,-0.015867,0.008177,0.003452,1.025382,30.80236,-4.63014,-41.10874,excitement,good
1783252817.132812,17,0,0.999882,-0.011382,0.015351,-0.015767,0.016333,0.007118,1.012997,30.80213,-4.63073,-41.10830,excitement,good
1783252817.140625,18,0,0.999884,-0.011292,0.015222,-0.015666,0.005101,0.011366,1.022070,30.80191,-4.63132,-41.10787,excitement,good
1783252817.148438,19,0,0.999886,-0.011202,0.015093,-0.015563,0.014064,0.017506,1.017436,30.80170,-4.63191,-41.10743,excitement,good
1783252817.156250,20,0,0.999888,-0.011111,0.014964,-0.015460,0.024057,-0.001224,1.009380,30.80150,-4.63250,-41.10699,excitement,good
1783252817.164062,21,0,0.999890,-0.011020,0.014834,-0.015356,0.014672,0.008618,1.014913,30.80131,-4.63308,-41.10655,excitement,good
1783252817.171875,22,0,0.999892,-0.010929,0.014705,-0.015251,0.006914,0.012217,1.018289,30.80114,-4.63367,-41.10611,excitement,good
1783252817.179688,23,0,0.999894,-0.010838,0.014575,-0.015144,0.034575,0.015194,0.997771,30.80098,-4.63425,-41.10566,excitement,good
1783252817.187500,24,0,0.999896,-0.010746,0.014444,-0.015037,0.033345,-0.001062,1.007916,30.80083,-4.63482,-41.10522,excitement,good
1783252817.195312,25,0,0.999898,-0.010654,0.014314,-0.014928,0.009417,-0.000476,1.018656,30.80070,-4.63540,-41.10478,excitement,good
1783252817.203125,26,0,0.999899,-0.010561,0.014183,-0.014819,0.013329,0.002091,1.013126,30.80057,-4.63597,-41.10433,excitement,good
1783252817.210938,27,0,0.999901,-0.010468,0.014052,-0.014709,0.016718,0.012730,1.009383,30.80046,-4.63655,-41.10389,excitement,good
1783252817.218750,28,0,0.999903,-0.010375,0.013921,-0.014597,0.014424,-0.011230,1.022699,30.80036,-4.63712,-41.10344,excitement,good
1783252817.226562,29,0,0.999905,-0.010282,0.013789,-0.014485,0.002605,0.028550,1.016414,30.80027,-4.63768,-41.10300,excitement,good
1783252817.234375,30,0,0.999907,-0.010188,0.013658,-0.014372,0.018689,0.017655,1.014186,30.80020,-4.63825,-41.10255,excitement,good
1783252817.242188,31,0,0.999909,-0.010094,0.013526,-0.014257,0.006195,0.010801,1.011509,30.80013,-4.63881,-41.10210,excitement,good
1783252817.250000,32,0,0.999910,-0.010000,0.013394,-0.014142,0.006408,0.015187,1.010604,30.80008,-4.63937,-41.10166,excitement,good
1783252817.257812,33,0,0.999912,-0.009905,0.013261,-0.014026,0.022524,0.004739,1.010464,30.80004,-4.63993,-41.10121,excitement,good
1783252817.265625,34,0,0.999914,-0.009810,0.013129,-0.013909,0.017457,0.009833,1.008358,30.80002,-4.64049,-41.10076,excitement,good
1783252817.273438,35,0,0.999916,-0.009715,0.012996,-0.013791,0.011258,0.026445,1.002660,30.80000,-4.64104,-41.10031,excitement,good
1783252817.281250,36,0,0.999917,-0.009620,0.012863,-0.013672,0.018688,0.006098,1.013624,30.80000,-4.64160,-41.09986,excitement,good
1783252817.289062,37,0,0.999919,-0.009524,0.012729,-0.013552,0.002213,0.013022,1.010571,30.80001,-4.64215,-41.09940,excitement,good
1783252817.296875,38,0,0.999921,-0.009428,0.012596,-0.013431,0.004246,0.002830,1.018257,30.80003,-4.64270,-41.09895,excitement,good
1783252817.304688,39,0,0.999922,-0.009331,0.012462,-0.013309,0.016813,0.014880,1.015458,30.80007,-4.64324,-41.09850,excitement,good
1783252817.312500,40,0,0.999924,-0.009235,0.012328,-0.013187,0.008835,0.004615,1.009288,30.80011,-4.64379,-41.09805,excitement,good
1783252817.320312,41,0,0.999926,-0.009138,0.012194,-0.013063,0.017537,0.004341,1.010808,30.80017,-4.64433,-41.09759,excitement,good
1783252817.328125,42,0,0.999927,-0.009041,0.012060,-0.012939,0.019076,0.008817,1.008593,30.80024,-4.64487,-41.09714,excitement,good
1783252817.335938,43,0,0.999929,-0.008943,0.011926,-0.012814,0.011450,0.016399,1.006134,30.80033,-4.64541,-41.09668,excitement,good
1783252817.343750,44,0,0.999930,-0.008846,0.011791,-0.012688,0.031250,-0.007650,1.010346,30.80042,-4.64594,-41.09622,excitement,good
1783252817.351562,45,0,0.999932,-0.008748,0.011656,-0.012561,0.019087,0.011318,1.006041,30.80053,-4.64647,-41.09577,excitement,good
1783252817.359375,46,0,0.999934,-0.008649,0.011521,-0.012433,0.012517,0.017244,1.014952,30.80065,-4.64701,-41.09531,excitement,good
1783252817.367188,47,0,0.999935,-0.008551,0.011386,-0.012305,0.026497,0.001042,1.019411,30.80078,-4.64753,-41.09485,excitement,good
1783252817.375000,48,0,0.999937,-0.008452,0.011250,-0.012175,0.030834,0.016322,0.996181,30.80093,-4.64806,-41.09439,excitement,good
1783252817.382812,49,0,0.999938,-0.008353,0.011114,-0.012045,0.016910,0.003493,1.012398,30.80108,-4.64858,-41.09393,excitement,good
1783252817.390625,50,0,0.999940,-0.008254,0.010979,-0.011914,0.015531,0.015323,0.994028,30.80125,-4.64911,-41.09347,excitement,good
1783252817.398438,51,0,0.999941,-0.008155,0.010843,-0.011782,0.023980,0.009908,1.007963,30.80143,-4.64963,-41.09301,excitement,good
1783252817.406250,52,0,0.999943,-0.008055,0.010706,-0.011650,0.027029,-0.001046,1.003266,30.80162,-4.65014,-41.09255,excitement,good
1783252817.414062,53,0,0.999944,-0.007955,0.010570,-0.011516,0.022487,0.019481,1.003509,30.80183,-4.65066,-41.09209,excitement,good
1783252817.421875,54,0,0.999946,-0.007855,0.010433,-0.011382,0.028642,0.022029,1.018300,30.80204,-4.65117,-41.09163,excitement,good
1783252817.429688,55,0,0.999947,-0.007754,0.010297,-0.011247,0.021768,0.009934,1.009195,30.80227,-4.65168,-41.09116,excitement,good
1783252817.437500,56,0,0.999948,-0.007654,0.010160,-0.011111,0.005558,0.023563,1.009135,30.80251,-4.65219,-41.09070,excitement,good
1783252817.445312,57,0,0.999950,-0.007553,0.010023,-0.010975,0.023280,0.013355,1.002742,30.80277,-4.65269,-41.09023,excitement,good
1783252817.453125,58,0,0.999951,-0.007452,0.009885,-0.010838,0.016694,0.003246,1.009811,30.80303,-4.65320,-41.08977,excitement,good
1783252817.460938,59,0,0.999952,-0.007350,0.009748,-0.010700,0.002625,0.021774,1.014116,30.80331,-4.65370,-41.08930,excitement,good
1783252817.468750,60,0,0.999954,-0.007249,0.009610,-0.010561,0.025255,-0.014214,1.003544,30.80360,-4.65420,-41.08884,excitement,good
1783252817.476562,61,0,0.999955,-0.007147,0.009473,-0.010422,0.000285,0.010815,1.014088,30.80390,-4.65469,-41.08837,excitement,good
1783252817.484375,62,0,0.999956,-0.007045,0.009335,-0.010282,0.013686,0.005757,1.003145,30.80421,-4.65519,-41.08790,excitement,good
1783252817.492188,63,0,0.999958,-0.006943,0.009197,-0.010141,0.017384,0.005950,1.001144,30.80454,-4.65568,-41.08744,excitement,good
1783252817.500000,64,0,0.999959,-0.006840,0.009059,-0.010000,0.020247,-0.001599,1.002799,30.80487,-4.65617,-41.08697,excitement,good
1783252817.507812,65,0,0.999960,-0.006738,0.008920,-0.009858,0.018591,0.006940,1.003268,30.80522,-4.65666,-41.08650,excitement,good
1783252817.515625,66,0,0.999961,-0.006635,0.008782,-0.009715,0.019152,0.001404,1.001476,30.80558,-4.65714,-41.08603,excitement,good
1783252817.523438,67,0,0.999963,-0.006532,0.008643,-0.009572,0.032616,0.010795,1.008667,30.80596,-4.65762,-41.08556,excitement,good
1783252817.531250,68,0,0.999964,-0.006429,0.008504,-0.009428,0.012198,0.011513,0.997076,30.80634,-4.65810,-41.08509,excitement,good
1783252817.539062,69,0,0.999965,-0.006325,0.008365,-0.009283,0.021668,0.030167,1.012007,30.80674,-4.65858,-41.08461,excitement,good
1783252817.546875,70,0,0.999966,-0.006222,0.008226,-0.009138,0.019100,0.019628,0.996187,30.80715,-4.65905,-41.08414,excitement,good
1783252817.554688,71,0,0.999967,-0.006118,0.008087,-0.008992,0.014254,0.019408,0.995248,30.80757,-4.65953,-41.08367,excitement,good
1783252817.562500,72,0,0.999968,-0.006014,0.007948,-0.008846,0.035053,0.009691,1.004581,30.80800,-4.66000,-41.08320,excitement,good
1783252817.570312,73,0,0.999970,-0.005910,0.007808,-0.008699,0.010026,0.016729,1.006482,30.80844,-4.66046,-41.08272,excitement,good
1783252817.578125,74,0,0.999971,-0.005806,0.007668,-0.008551,0.010582,0.000180,1.001075,30.80890,-4.66093,-41.08225,excitement,good
1783252817.585938,75,0,0.999972,-0.005701,0.007529,-0.008403,0.014572,0.011321,0.992985,30.80936,-4.66139,-41.08177,excitement,good
1783252817.593750,76,0,0.999973,-0.005597,0.007389,-0.008254,0.018944,0.003504,0.996101,30.80984,-4.66185,-41.08130,excitement,good
1783252817.601562,77,0,0.999974,-0.005492,0.007249,-0.008105,0.016284,0.011210,0.998600,30.81033,-4.66231,-41.08082,excitement,good
1783252817.609375,78,0,0.999975,-0.005387,0.007109,-0.007955,0.033947,0.009359,1.006895,30.81083,-4.66277,-41.08034,excitement,good
1783252817.617188,79,0,0.999976,-0.005282,0.006968,-0.007805,0.018593,0.000802,0.992933,30.81134,-4.66322,-41.07987,excitement,good
1783252817.625000,80,0,0.999977,-0.005176,0.006828,-0.007654,0.006045,-0.003880,1.002805,30.81187,-4.66367,-41.07939,excitement,good
1783252817.632812,81,0,0.999978,-0.005071,0.006688,-0.007502,0.010666,-0.005766,1.000917,30.81240,-4.66412,-41.07891,excitement,good
1783252817.640625,82,0,0.999979,-0.004965,0.006547,-0.007350,0.023136,0.008273,1.000774,30.81295,-4.66456,-41.07843,excitement,good
1783252817.648438,83,0,0.999979,-0.004860,0.006406,-0.007198,0.024811,0.008322,0.995217,30.81351,-4.66500,-41.07795,excitement,good
1783252817.656250,84,0,0.999980,-0.004754,0.006266,-0.007045,0.013381,0.000102,1.001566,30.81408,-4.66544,-41.07747,excitement,good
1783252817.664062,85,0,0.999981,-0.004648,0.006125,-0.006892,0.024662,0.012375,1.003995,30.81466,-4.66588,-41.07699,excitement,good
1783252817.671875,86,0,0.999982,-0.004542,0.005984,-0.006738,0.015157,-0.005591,0.998716,30.81526,-4.66632,-41.07651,excitement,good
1783252817.679688,87,0,0.999983,-0.004435,0.005843,-0.006584,0.012074,0.012884,1.000294,30.81586,-4.66675,-41.07603,excitement,good
1783252817.687500,88,0,0.999984,-0.004329,0.005701,-0.006429,0.015705,0.005080,0.990732,30.81648,-4.66718,-41.07555,excitement,good
1783252817.695312,89,0,0.999985,-0.004222,0.005560,-0.006274,0.022376,0.020681,0.994318,30.81710,-4.66761,-41.07507,excitement,good
1783252817.703125,90,0,0.999985,-0.004116,0.005419,-0.006118,0.021017,0.013230,0.994305,30.81774,-4.66803,-41.07458,excitement,good
1783252817.710938,91,0,0.999986,-0.004009,0.005277,-0.005962,0.020178,0.003889,0.986414,30.81839,-4.66845,-41.07410,excitement,good
1783252817.718750,92,0,0.999987,-0.003902,0.005136,-0.005806,-0.004388,0.000698,0.996163,30.81905,-4.66887,-41.07361,excitement,good
1783252817.726562,93,0,0.999988,-0.003795,0.004994,-0.005649,0.027131,0.012701,0.991363,30.81972,-4.66929,-41.07313,excitement,good
1783252817.734375,94,0,0.999988,-0.003688,0.004852,-0.005492,0.012540,-0.006920,0.997854,30.82040,-4.66971,-41.07264,excitement,good
1783252817.742188,95,0,0.999989,-0.003580,0.004710,-0.005334,0.023205,-0.000384,1.007833,30.82109,-4.67012,-41.07216,excitement,good
1783252817.750000,96,0,0.999990,-0.003473,0.004568,-0.005176,0.015682,0.011535,0.993539,30.82180,-4.67053,-41.07167,excitement,good
1783252817.757812,97,0,0.999990,-0.003365,0.004426,-0.005018,0.010043,-0.002642,0.993444,30.82251,-4.67094,-41.07119,excitement,good
1783252817.765625,98,0,0.999991,-0.003258,0.004284,-0.004860,0.015573,0.015261,0.995244,30.82324,-4.67134,-41.07070,excitement,good
1783252817.773438,99,0,0.999991,-0.003150,0.004142,-0.004701,0.020175,0.008260,0.987560,30.82398,-4.67174,-41.07021,excitement,good
1783252817.781250,100,0,0.999992,-0.003042,0.004000,-0.004542,0.006561,0.000363,0.997271,30.82472,-4.67214,-41.06972,excitement,good
1783252817.789062,101,0,0.999993,-0.002935,0.003858,-0.004382,0.010561,0.009600,0.997775,30.82548,-4.67254,-41.06924,excitement,good
1783252817.796875,102,0,0.999993,-0.002827,0.003715,-0.004222,0.020845,-0.005311,0.992748,30.82625,-4.67293,-41.06875,excitement,good
1783252817.804688,103,0,0.999994,-0.002719,0.003573,-0.004062,0.018328,-0.011944,0.990363,30.82703,-4.67332,-41.06826,excitement,good
1783252817.812500,104,0,0.999994,-0.002611,0.003431,-0.003902,0.028425,0.002950,0.994246,30.82782,-4.67371,-41.06777,excitement,good
1783252817.820312,105,0,0.999995,-0.002502,0.003288,-0.003741,0.016637,-0.008165,0.992951,30.82862,-4.67410,-41.06728,excitement,good
1783252817.828125,106,0,0.999995,-0.002394,0.003146,-0.003580,0.007477,0.004057,0.990388,30.82943,-4.67448,-41.06679,excitement,good
1783252817.835938,107,0,0.999995,-0.002286,0.003003,-0.003419,0.028312,0.000762,0.983812,30.83025,-4.67486,-41.06630,excitement,good
1783252817.843750,108,0,0.999996,-0.002177,0.002860,-0.003258,0.022587,-0.008119,0.999941,30.83108,-4.67524,-41.06580,excitement,good
1783252817.851562,109,0,0.999996,-0.002069,0.002718,-0.003096,0.024686,0.002157,0.989327,30.83192,-4.67561,-41.06531,excitement,good
1783252817.859375,110,0,0.999997,-0.001960,0.002575,-0.002935,0.010650,0.001433,1.001290,30.83277,-4.67599,-41.06482,excitement,good
1783252817.867188,111,0,0.999997,-0.001852,0.002432,-0.002773,0.009790,0.002248,0.992904,30.83364,-4.67635,-41.06433,excitement,good
1783252817.875000,112,0,0.999997,-0.001743,0.002289,-0.002611,0.023891,-0.008170,0.992612,30.83451,-4.67672,-41.06383,excitement,good
1783252817.882812,113,0,0.999998,-0.001634,0.002146,-0.002448,0.016916,-0.012574,0.991547,30.83539,-4.67709,-41.06334,excitement,good
1783252817.890625,114,0,0.999998,-0.001526,0.002003,-0.002286,0.003250,-0.000149,0.986512,30.83628,-4.67745,-41.06285,excitement,good
1783252817.898438,115,0,0.999998,-0.001417,0.001860,-0.002123,0.012382,0.009985,0.988316,30.83719,-4.67781,-41.06235,excitement,good
1783252817.906250,116,0,0.999999,-0.001308,0.001717,-0.001960,0.008602,-0.006420,1.007525,30.83810,-4.67816,-41.06186,excitement,good
1783252817.914062,117,0,0.999999,-0.001199,0.001574,-0.001797,0.023212,-0.004358,0.993161,30.83902,-4.67852,-41.06136,excitement,good
1783252817.921875,118,0,0.999999,-0.001090,0.001431,-0.001634,0.008995,0.001904,0.993971,30.83995,-4.67887,-41.06086,excitement,good
1783252817.929688,119,0,0.999999,-0.000981,0.001288,-0.001471,0.004327,0.011176,0.995319,30.84090,-4.67922,-41.06037,excitement,good
1783252817.937500,120,0,0.999999,-0.000872,0.001145,-0.001308,0.016014,-0.011251,0.997520,30.84185,-4.67956,-41.05987,excitement,good
1783252817.945312,121,0,0.999999,-0.000763,0.001002,-0.001145,0.017358,-0.006462,0.986482,30.84281,-4.67990,-41.05937,excitement,good
1783252817.953125,122,0,1.000000,-0.000654,0.000859,-0.000981,0.030502,-0.010807,0.985238,30.84378,-4.68024,-41.05888,excitement,good
1783252817.960938,123,0,1.000000,-0.000545,0.000716,-0.000818,0.012618,-0.005711,0.987983,30.84476,-4.68058,-41.05838,excitement,good
1783252817.968750,124,0,1.000000,-0.000436,0.000573,-0.000654,0.017733,-0.009206,0.979274,30.84575,-4.68092,-41.05788,excitement,good
1783252817.976562,125,0,1.000000,-0.000327,0.000430,-0.000491,-0.000091,-0.007624,0.987613,30.84675,-4.68125,-41.05738,excitement,good
1783252817.984375,126,0,1.000000,-0.000218,0.000286,-0.000327,0.013249,-0.015826,0.995737,30.84776,-4.68158,-41.05688,excitement,good
1783252817.992188,127,0,1.000000,-0.000109,0.000143,-0.000164,0.015689,-0.010065,1.007486,30.84878,-4.68190,-41.05638,excitement,good
1783252818.000000,0,0,1.000000,-0.000000,0.000000,-0.000000,0.014914,-0.017268,0.987265,30.84980,-4.68223,-41.05588,excitement,good
1783252818.007812,1,0,1.000000,0.000109,-0.000143,0.000164,0.012918,-0.005361,0.987001,30.85084,-4.68255,-41.05538,excitement,good
1783252818.015625,2,0,1.000000,0.000218,-0.000286,0.000327,0.005497,-0.014446,0.982239,30.85188,-4.68286,-41.05488,excitement,good
1783252818.023438,3,0,1.000000,0.000327,-0.000430,0.000491,-0.003482,0.007781,1.004521,30.85294,-4.68318,-41.05438,excitement,good
1783252818.031250,4,0,1.000000,0.000436,-0.000573,0.000654,0.001253,-0.003069,0.986614,30.85400,-4.68349,-41.05388,excitement,good
1783252818.039062,5,0,1.000000,0.000545,-0.000716,0.000818,0.006621,-0.005717,0.983931,30.85507,-4.68380,-41.05338,excitement,good
1783252818.046875,6,0,1.000000,0.000654,-0.000859,0.000981,0.005693,-0.004843,0.984009,30.85616,-4.68411,-41.05288,excitement,good
1783252818.054688,7,0,0.999999,0.000763,-0.001002,0.001145,0.012787,0.004802,0.989564,30.85725,-4.68441,-41.05237,excitement,good
1783252818.062500,8,0,0.999999,0.000872,-0.001145,0.001308,0.004859,-0.011166,0.978203,30.85834,-4.68471,-41.05187,excitement,good
1783252818.070312,9,0,0.999999,0.000981,-0.001288,0.001471,0.002842,-0.011031,0.992060,30.85945,-4.68501,-41.05137,excitement,good
1783252818.078125,10,0,0.999999,0.001090,-0.001431,0.001634,-0.010680,-0.022954,0.990298,30.86057,-4.68531,-41.05086,excitement,good
1783252818.085938,11,0,0.999999,0.001199,-0.001574,0.001797,0.002724,-0.014514,0.993708,30.86169,-4.68560,-41.05036,excitement,good
1783252818.093750,12,0,0.999999,0.001308,-0.001717,0.001960,-0.000159,-0.002797,0.987842,30.86282,-4.68589,-41.04986,excitement,good
1783252818.101562,13,0,0.999998,0.001417,-0.001860,0.002123,-0.000412,-0.002069,0.983058,30.86397,-4.68617,-41.04935,excitement,good
1783252818.109375,14,0,0.999998,0.001526,-0.002003,0.002286,0.008431,-0.000502,0.982389,30.86512,-4.68646,-41.04885,excitement,good
1783252818.117188,15,0,0.999998,0.001634,-0.002146,0.002448,-0.004479,-0.015168,0.990885,30.86627,-4.68674,-41.04834,excitement,good
1783252818.125000,16,0,0.999997,0.001743,-0.002289,0.002611,0.002171,0.012138,0.994330,30.86744,-4.68702,-41.04784,excitement,good
1783252818.132812,17,0,0.999997,0.001852,-0.002432,0.002773,0.010837,-0.010360,0.985993,30.86861,-4.68729,-41.04733,excitement,good
1783252818.140625,18,0,0.999997,0.001960,-0.002575,0.002935,-0.001032,-0.009482,0.995252,30.86980,-4.68757,-41.04682,excitement,good
1783252818.148438,19,0,0.999996,0.002069,-0.002718,0.003096,-0.017885,-0.000965,0.989589,30.87099,-4.68784,-41.04632,excitement,good
1783252818.156250,20,0,0.999996,0.002177,-0.002860,0.003258,0.009773,-0.004194,0.982090,30.87218,-4.68810,-41.04581,excitement,good
1783252818.164062,21,0,0.999995,0.002286,-0.003003,0.003419,-0.018864,-0.020630,0.989749,30.87339,-4.68837,-41.04530,excitement,good
1783252818.171875,22,0,0.999995,0.002394,-0.003146,0.003580,-0.009206,0.000903,0.983270,30.87460,-4.68863,-41.04480,excitement,good
1783252818.179688,23,0,0.999995,0.002502,-0.003288,0.003741,-0.002891,-0.014582,0.993381,30.87582,-4.68889,-41.04429,excitement,good
1783252818.187500,24,0,0.999994,0.002611,-0.003431,0.003902,0.019307,-0.009680,0.985267,30.87705,-4.68914,-41.04378,excitement,good
1783252818.195312,25,0,0.999994,0.002719,-0.003573,0.004062,0.002055,-0.002023,0.984105,30.87829,-4.68939,-41.04327,excitement,good
1783252818.203125,26,0,0.999993,0.002827,-0.003715,0.004222,0.003190,-0.014824,0.988511,30.87953,-4.68964,-41.04276,excitement,good
1783252818.210938,27,0,0.999993,0.002935,-0.003858,0.004382,0.002943,0.000624,0.991618,30.88078,-4.68989,-41.04225,excitement,good
1783252818.218750,28,0,0.999992,0.003042,-0.004000,0.004542,-0.009790,0.007158,0.979289,30.88204,-4.69013,-41.04174,excitement,good
1783252818.226562,29,0,0.999991,0.003150,-0.004142,0.004701,-0.005291,-0.011387,0.985786,30.88331,-4.69038,-41.04124,excitement,good
1783252818.234375,30,0,0.999991,0.003258,-0.004284,0.004860,-0.003378,0.001880,0.981014,30.88458,-4.69061,-41.04073,excitement,good
1783252818.242188,31,0,0.999990,0.003365,-0.004426,0.005018,-0.009257,-0.014843,0.978988,30.88586,-4.69085,-41.04022,excitement,good
1783252818.250000,32,0,0.999990,0.003473,-0.004568,0.005176,-0.005858,-0.001854,0.987726,30.88714,-4.69108,-41.03970,excitement,good
1783252818.257812,33,0,0.999989,0.003580,-0.004710,0.005334,-0.005275,-0.010463,0.994720,30.88844,-4.69131,-41.03919,excitement,good
1783252818.265625,34,0,0.999988,0.003688,-0.004852,0.005492,-0.006546,-0.018685,0.990074,30.88974,-4.69154,-41.03868,excitement,good
1783252818.273438,35,0,0.999988,0.003795,-0.004994,0.005649,0.001362,-0.009742,0.978350,30.89105,-4.69176,-41.03817,excitement,good
1783252818.281250,36,0,0.999987,0.003902,-0.005136,0.005806,0.000081,-0.002514,0.981936,30.89236,-4.69198,-41.03766,excitement,good
1783252818.289062,37,0,0.999986,0.004009,-0.005277,0.005962,-0.004356,-0.014244,0.990875,30.89368,-4.69220,-41.03715,excitement,good
1783252818.296875,38,0,0.999985,0.004116,-0.005419,0.006118,-0.001207,-0.026421,0.976135,30.89501,-4.69241,-41.03664,excitement,good
1783252818.304688,39,0,0.999985,0.004222,-0.005560,0.006274,-0.005478,-0.010009,0.986068,30.89634,-4.69262,-41.03613,excitement,good
1783252818.312500,40,0,0.999984,0.004329,-0.005701,0.006429,-0.009939,-0.004743,0.973183,30.89768,-4.69283,-41.03561,excitement,good
1783252818.320312,41,0,0.999983,0.004435,-0.005843,0.006584,-0.021689,-0.006891,0.984599,30.89902,-4.69304,-41.03510,excitement,good
1783252818.328125,42,0,0.999982,0.004542,-0.005984,0.006738,-0.023965,-0.016776,0.986921,30.90038,-4.69324,-41.03459,excitement,good
1783252818.335938,43,0,0.999981,0.004648,-0.006125,0.006892,-0.013311,-0.003246,0.984652,30.90173,-4.69344,-41.03407,excitement,good
1783252818.343750,44,0,0.999980,0.004754,-0.006266,0.007045,0.000950,-0.013871,0.980046,30.90310,-4.69364,-41.03356,excitement,good
1783252818.351562,45,0,0.999979,0.004860,-0.006406,0.007198,-0.012213,-0.005086,0.991827,30.90447,-4.69383,-41.03305,excitement,good
1783252818.359375,46,0,0.999979,0.004965,-0.006547,0.007350,-0.027459,-0.013815,0.983738,30.90584,-4.69402,-41.03253,excitement,good
1783252818.367188,47,0,0.999978,0.005071,-0.006688,0.007502,-0.001555,-0.033662,0.975308,30.90722,-4.69421,-41.03202,excitement,good
1783252818.375000,48,0,0.999977,0.005176,-0.006828,0.007654,-0.011984,-0.012852,0.996000,30.90861,-4.69440,-41.03151,excitement,good
1783252818.382812,49,0,0.999976,0.005282,-0.006968,0.007805,-0.010539,-0.017519,0.992758,30.91000,-4.69458,-41.03099,excitement,good
1783252818.390625,50,0,0.999975,0.005387,-0.007109,0.007955,-0.003234,-0.020276,0.979548,30.91140,-4.69476,-41.03048,excitement,good
1783252818.398438,51,0,0.999974,0.005492,-0.007249,0.008105,-0.008646,-0.009837,0.994149,30.91281,-4.69493,-41.02996,excitement,good
1783252818.406250,52,0,0.999973,0.005597,-0.007389,0.008254,-0.000673,-0.008374,0.992053,30.91421,-4.69511,-41.02945,excitement,good
1783252818.414062,53,0,0.999972,0.005701,-0.007529,0.008403,-0.005694,-0.008664,0.984042,30.91563,-4.69528,-41.02893,excitement,good
1783252818.421875,54,0,0.999971,0.005806,-0.007668,0.008551,-0.003731,-0.000209,0.977171,30.91705,-4.69544,-41.02842,excitement,good
1783252818.429688,55,0,0.999970,0.005910,-0.007808,0.008699,-0.023289,-0.021059,0.976368,30.91847,-4.69561,-41.02790,excitement,good
1783252818.437500,56,0,0.999968,0.006014,-0.007948,0.008846,-0.014142,-0.009360,1.004799,30.91990,-4.69577,-41.02738,excitement,good
1783252818.445312,57,0,0.999967,0.006118,-0.008087,0.008992,-0.008856,-0.007970,0.988013,30.92134,-4.69593,-41.02687,excitement,good
1783252818.453125,58,0,0.999966,0.006222,-0.008226,0.009138,-0.012897,-0.015192,0.994972,30.92277,-4.69608,-41.02635,excitement,good
1783252818.460938,59,0,0.999965,0.006325,-0.008365,0.009283,-0.002054,0.008358,0.993843,30.92422,-4.69624,-41.02584,excitement,good
1783252818.468750,60,0,0.999964,0.006429,-0.008504,0.009428,-0.014769,-0.002949,0.979108,30.92567,-4.69639,-41.02532,excitement,good
1783252818.476562,61,0,0.999963,0.006532,-0.008643,0.009572,-0.013455,-0.001927,0.979790,30.92712,-4.69653,-41.02480,excitement,good
1783252818.484375,62,0,0.999961,0.006635,-0.008782,0.009715,-0.014050,-0.026632,0.980907,30.92858,-4.69668,-41.02429,excitement,good
1783252818.492188,63,0,0.999960,0.006738,-0.008920,0.009858,-0.004589,-0.010728,0.983093,30.93004,-4.69682,-41.02377,excitement,good
1783252818.500000,64,0,0.999959,0.006840,-0.009059,0.010000,-0.011763,-0.006536,0.989347,30.93150,-4.69695,-41.02325,excitement,good
1783252818.507812,65,0,0.999958,0.006943,-0.009197,0.010141,-0.015110,0.004001,0.991304,30.93297,-4.69709,-41.02273,excitement,good
1783252818.515625,66,0,0.999956,0.007045,-0.009335,0.010282,-0.001047,-0.008530,0.973840,30.93445,-4.69722,-41.02222,excitement,good
1783252818.523438,67,0,0.999955,0.007147,-0.009473,0.010422,-0.020769,-0.004486,0.996439,30.93593,-4.69735,-41.02170,excitement,good
1783252818.531250,68,0,0.999954,0.007249,-0.009610,0.010561,-0.006678,-0.008895,0.989499,30.93741,-4.69747,-41.02118,excitement,good
1783252818.539062,69,0,0.999952,0.007350,-0.009748,0.010700,-0.012101,-0.005164,0.982842,30.93889,-4.69759,-41.02066,excitement,good
1783252818.546875,70,0,0.999951,0.007452,-0.009885,0.010838,-0.026243,-0.000870,0.988914,30.94038,-4.69771,-41.02014,excitement,good
1783252818.554688,71,0,0.999950,0.007553,-0.010023,0.010975,-0.007387,-0.000318,0.992362,30.94188,-4.69783,-41.01963,excitement,good
1783252818.562500,72,0,0.999948,0.007654,-0.010160,0.011111,-0.004241,-0.009664,0.980461,30.94337,-4.69794,-41.01911,excitement,good
1783252818.570312,73,0,0.999947,0.007754,-0.010297,0.011247,-0.021475,0.000391,0.987030,30.94487,-4.69805,-41.01859,excitement,good
1783252818.578125,74,0,0.999946,0.007855,-0.010433,0.011382,0.004019,0.004608,0.998604,30.94638,-4.69816,-41.01807,excitement,good
1783252818.585938,75,0,0.999944,0.007955,-0.010570,0.011516,-0.010348,-0.018267,0.990560,30.94788,-4.69827,-41.01755,excitement,good
1783252818.593750,76,0,0.999943,0.008055,-0.010706,0.011650,-0.013951,-0.012787,0.993062,30.94939,-4.69837,-41.01703,excitement,good
1783252818.601562,77,0,0.999941,0.008155,-0.010843,0.011782,-0.026349,-0.010201,0.978944,30.95091,-4.69846,-41.01651,excitement,good
1783252818.609375,78,0,0.999940,0.008254,-0.010979,0.011914,-0.007051,-0.013876,0.985443,30.95242,-4.69856,-41.01599,excitement,good
1783252818.617188,79,0,0.999938,0.008353,-0.011114,0.012045,-0.034908,-0.010101,0.986851,30.95394,-4.69865,-41.01548,excitement,good
1783252818.625000,80,0,0.999937,0.008452,-0.011250,0.012175,-0.009902,-0.024208,0.973932,30.95547,-4.69874,-41.01496,excitement,good
1783252818.632812,81,0,0.999935,0.008551,-0.011386,0.012305,-0.024265,-0.003906,0.993587,30.95699,-4.69883,-41.01444,excitement,good
1783252818.640625,82,0,0.999934,0.008649,-0.011521,0.012433,-0.026692,-0.005794,0.980729,30.95852,-4.69891,-41.01392,excitement,good
1783252818.648438,83,0,0.999932,0.008748,-0.011656,0.012561,-0.005454,-0.009571,0.993627,30.96005,-4.69899,-41.01340,excitement,good
1783252818.656250,84,0,0.999930,0.008846,-0.011791,0.012688,-0.010125,-0.016221,0.986976,30.96158,-4.69907,-41.01288,excitement,good
1783252818.664062,85,0,0.999929,0.008943,-0.011926,0.012814,-0.010000,-0.005794,0.985405,30.96311,-4.69914,-41.01236,excitement,good
1783252818.671875,86,0,0.999927,0.009041,-0.012060,0.012939,-0.016063,-0.013670,0.970830,30.96465,-4.69921,-41.01184,excitement,good
1783252818.679688,87,0,0.999926,0.009138,-0.012194,0.013063,-0.012313,-0.017006,0.987894,30.96619,-4.69928,-41.01132,excitement,good
1783252818.687500,88,0,0.999924,0.009235,-0.012328,0.013187,-0.017024,0.018498,0.993067,30.96773,-4.69934,-41.01080,excitement,good
1783252818.695312,89,0,0.999922,0.009331,-0.012462,0.013309,-0.011803,-0.006117,0.983734,30.96927,-4.69941,-41.01028,excitement,good
1783252818.703125,90,0,0.999921,0.009428,-0.012596,0.013431,-0.018008,-0.004299,0.981297,30.97082,-4.69946,-41.00976,excitement,good
1783252818.710938,91,0,0.999919,0.009524,-0.012729,0.013552,-0.010726,-0.008348,0.993650,30.97237,-4.69952,-41.00924,excitement,good
1783252818.718750,92,0,0.999917,0.009620,-0.012863,0.013672,-0.018323,0.002706,0.978783,30.97391,-4.69957,-41.00872,excitement,good
1783252818.726562,93,0,0.999916,0.009715,-0.012996,0.013791,-0.021841,0.002324,0.995011,30.97546,-4.69962,-41.00820,excitement,good
1783252818.734375,94,0,0.999914,0.009810,-0.013129,0.013909,-0.006994,-0.017872,0.994847,30.97701,-4.69967,-41.00768,excitement,good
1783252818.742188,95,0,0.999912,0.009905,-0.013261,0.014026,-0.030741,-0.006015,0.984098,30.97857,-4.69971,-41.00716,excitement,good
1783252818.750000,96,0,0.999910,0.010000,-0.013394,0.014142,-0.019498,-0.009351,0.992915,30.98012,-4.69975,-41.00664,excitement,good
1783252818.757812,97,0,0.999909,0.010094,-0.013526,0.014257,-0.021482,-0.001525,0.991700,30.98168,-4.69979,-41.00612,excitement,good
1783252818.765625,98,0,0.999907,0.010188,-0.013658,0.014372,-0.015787,-0.003521,0.981571,30.98323,-4.69982,-41.00559,excitement,good
1783252818.773438,99,0,0.999905,0.010282,-0.013789,0.014485,-0.028752,0.003087,0.981453,30.98479,-4.69986,-41.00507,excitement,good
1783252818.781250,100,0,0.999903,0.010375,-0.013921,0.014597,-0.012605,0.005151,0.984944,30.98635,-4.69988,-41.00455,excitement,good
1783252818.789062,101,0,0.999901,0.010468,-0.014052,0.014709,-0.013751,-0.005062,0.993725,30.98791,-4.69991,-41.00403,excitement,good
1783252818.796875,102,0,0.999899,0.010561,-0.014183,0.014819,-0.019166,-0.006731,0.989887,30.98947,-4.69993,-41.00351,excitement,good
1783252818.804688,103,0,0.999898,0.010654,-0.014314,0.014928,-0.025900,-0.001596,0.977727,30.99103,-4.69995,-41.00299,excitement,good
1783252818.812500,104,0,0.999896,0.010746,-0.014444,0.015037,-0.025083,-0.003117,0.991951,30.99259,-4.69997,-41.00247,excitement,good
1783252818.820312,105,0,0.999894,0.010838,-0.014575,0.015144,-0.021249,-0.003215,0.985860,30.99415,-4.69998,-41.00195,excitement,good
1783252818.828125,106,0,0.999892,0.010929,-0.014705,0.015251,-0.021567,0.006867,0.981290,30.99571,-4.69999,-41.00143,excitement,good
1783252818.835938,107,0,0.999890,0.011020,-0.014834,0.015356,-0.038624,-0.008441,0.988378,30.99728,-4.70000,-41.00091,excitement,good
1783252818.843750,108,0,0.999888,0.011111,-0.014964,0.015460,-0.019480,-0.006509,0.984566,30.99884,-4.70000,-41.00039,excitement,good
1783252818.851562,109,0,0.999886,0.011202,-0.015093,0.015563,-0.026884,-0.000546,0.986230,31.00040,-4.70000,-40.99987,excitement,good
1783252818.859375,110,0,0.999884,0.011292,-0.015222,0.015666,-0.023727,0.008461,0.999640,31.00196,-4.70000,-40.99935,excitement,good
1783252818.867188,111,0,0.999882,0.011382,-0.015351,0.015767,-0.026709,-0.006572,0.995015,31.00353,-4.69999,-40.99882,excitement,good
1783252818.875000,112,0,0.999880,0.011471,-0.015479,0.015867,-0.014192,0.003455,0.999250,31.00509,-4.69998,-40.99830,excitement,good
1783252818.882812,113,0,0.999878,0.011560,-0.015608,0.015966,-0.009363,-0.012064,0.995879,31.00665,-4.69997,-40.99778,excitement,good
1783252818.890625,114,0,0.999876,0.011649,-0.015736,0.016064,-0.027880,-0.001070,0.985137,31.00821,-4.69996,-40.99726,excitement,good
1783252818.898438,115,0,0.999874,0.011738,-0.015863,0.016161,-0.008914,-0.000622,0.986653,31.00977,-4.69994,-40.99674,excitement,good
1783252818.906250,116,0,0.999872,0.011826,-0.015991,0.016257,-0.024489,-0.004192,0.996119,31.01133,-4.69992,-40.99622,excitement,good
1783252818.914062,117,0,0.999870,0.011914,-0.016118,0.016352,-0.022432,0.005764,0.990692,31.01289,-4.69990,-40.99570,excitement,good
1783252818.921875,118,0,0.999868,0.012001,-0.016245,0.016445,-0.017520,-0.003835,0.990239,31.01445,-4.69987,-40.99518,excitement,good
1783252818.929688,119,0,0.999866,0.012088,-0.016372,0.016538,-0.015062,-0.000444,0.997925,31.01601,-4.69984,-40.99466,excitement,good
1783252818.937500,120,0,0.999864,0.012175,-0.016498,0.016629,-0.022287,-0.010901,1.002571,31.01757,-4.69981,-40.99414,excitement,good
1783252818.945312,121,0,0.999862,0.012261,-0.016624,0.016720,-0.023786,0.005211,0.997946,31.01912,-4.69977,-40.99362,excitement,good
1783252818.953125,122,0,0.999860,0.012347,-0.016750,0.016809,-0.014341,0.008803,0.989336,31.02068,-4.69973,-40.99310,excitement,good
1783252818.960938,123,0,0.999858,0.012433,-0.016876,0.016897,-0.021198,-0.013852,0.998600,31.02223,-4.69969,-40.99258,excitement,good
1783252818.968750,124,0,0.999855,0.012518,-0.017001,0.016984,-0.018364,0.006549,0.999507,31.02378,-4.69964,-40.99206,excitement,good
1783252818.976562,125,0,0.999853,0.012603,-0.017126,0.017070,-0.030099,0.005343,0.994099,31.02533,-4.69960,-40.99154,excitement,good
1783252818.984375,126,0,0.999851,0.012688,-0.017251,0.017155,-0.022984,0.002004,1.005014,31.02688,-4.69955,-40.99102,excitement,good
1783252818.992188,127,0,0.999849,0.012772,-0.017375,0.017238,-0.014973,-0.003011,1.001162,31.02843,-4.69949,-40.99049,excitement,good
1783252819.000000,0,0,0.999847,0.012855,-0.017499,0.017321,-0.013255,0.003825,0.995557,31.02998,-4.69943,-40.98997,excitement,good
1783252819.007812,1,0,0.999845,0.012939,-0.017623,0.017402,-0.010327,0.005834,0.993628,31.03152,-4.69937,-40.98945,excitement,good
1783252819.015625,2,0,0.999843,0.013022,-0.017746,0.017482,-0.024372,-0.003683,0.996071,31.03306,-4.69931,-40.98893,excitement,good
1783252819.023438,3,0,0.999840,0.013104,-0.017870,0.017561,-0.016439,0.013099,0.991891,31.03460,-4.69924,-40.98841,excitement,good
1783252819.031250,4,0,0.999838,0.013187,-0.017993,0.017638,-0.012426,0.008717,1.002777,31.03614,-4.69918,-40.98789,excitement,good
1783252819.039062,5,0,0.999836,0.013268,-0.018115,0.017715,-0.021254,-0.012102,0.993462,31.03767,-4.69910,-40.98737,excitement,good
1783252819.046875,6,0,0.999834,0.013350,-0.018238,0.017790,-0.004585,-0.005584,1.003146,31.03921,-4.69903,-40.98685,excitement,good
1783252819.054688,7,0,0.999831,0.013431,-0.018360,0.017864,-0.018756,-0.000286,0.988002,31.04074,-4.69895,-40.98634,excitement,good
1783252819.062500,8,0,0.999829,0.013511,-0.018481,0.017937,-0.015244,0.018963,0.999248,31.04227,-4.69887,-40.98582,excitement,good
1783252819.070312,9,0,0.999827,0.013592,-0.018603,0.018009,-0.025905,0.010451,1.001402,31.04379,-4.69878,-40.98530,excitement,good
1783252819.078125,10,0,0.999825,0.013671,-0.018724,0.018080,-0.017874,0.006304,0.984763,31.04532,-4.69870,-40.98478,excitement,good
1783252819.085938,11,0,0.999822,0.013751,-0.018845,0.018149,-0.024849,-0.009933,0.982277,31.04684,-4.69860,-40.98426,excitement,good
1783252819.093750,12,0,0.999820,0.013830,-0.018965,0.018217,-0.018375,0.008116,0.990664,31.04835,-4.69851,-40.98374,excitement,good
1783252819.101562,13,0,0.999818,0.013908,-0.019085,0.018284,-0.007965,-0.006767,0.988122,31.04987,-4.69841,-40.98322,excitement,good
1783252819.109375,14,0,0.999816,0.013987,-0.019205,0.018350,-0.025336,0.008123,1.006100,31.05138,-4.69831,-40.98270,excitement,good
1783252819.117188,15,0,0.999813,0.014064,-0.019325,0.018414,-0.018168,-0.001273,1.004999,31.05289,-4.69821,-40.98218,excitement,good
1783252819.125000,16,0,0.999811,0.014142,-0.019444,0.018478,-0.011447,-0.002155,0.992458,31.05439,-4.69811,-40.98166,excitement,good
1783252819.132812,17,0,0.999809,0.014219,-0.019563,0.018540,-0.016377,0.011835,1.002489,31.05590,-4.69800,-40.98114,excitement,good
1783252819.140625,18,0,0.999806,0.014295,-0.019681,0.018600,-0.025375,0.013905,1.003605,31.05740,-4.69789,-40.98063,excitement,good
1783252819.148438,19,0,0.999804,0.014371,-0.019799,0.018660,-0.003023,0.002570,1.004478,31.05889,-4.69777,-40.98011,excitement,good
1783252819.156250,20,0,0.999802,0.014447,-0.019917,0.018718,-0.019356,0.003326,0.993161,31.06038,-4.69765,-40.97959,excitement,good
1783252819.164062,21,0,0.999799,0.014522,-0.020035,0.018775,-0.011873,-0.001336,1.013037,31.06187,-4.69753,-40.97907,excitement,good
1783252819.171875,22,0,0.999797,0.014597,-0.020152,0.018831,-0.005293,0.011108,1.002054,31.06335,-4.69741,-40.97855,excitement,good
1783252819.179688,23,0,0.999795,0.014671,-0.020269,0.018885,-0.015212,0.004854,0.995678,31.06483,-4.69728,-40.97804,excitement,good
1783252819.187500,24,0,0.999792,0.014745,-0.020385,0.018939,-0.011707,-0.007208,1.002061,31.06631,-4.69715,-40.97752,excitement,good
1783252819.195312,25,0,0.999790,0.014818,-0.020501,0.018991,-0.017231,0.009217,1.008372,31.06778,-4.69702,-40.97700,excitement,good
1783252819.203125,26,0,0.999787,0.014892,-0.020617,0.019041,0.000408,0.012222,1.003030,31.06925,-4.69688,-40.97648,excitement,good
1783252819.210938,27,0,0.999785,0.014964,-0.020733,0.019091,-0.014474,0.001423,1.003561,31.07071,-4.69674,-40.97597,excitement,good
1783252819.218750,28,0,0.999783,0.015036,-0.020848,0.019139,-0.007676,-0.006088,1.013438,31.07217,-4.69660,-40.97545,excitement,good
1783252819.226562,29,0,0.999780,0.015108,-0.020963,0.019186,-0.015815,0.007329,0.992979,31.07363,-4.69646,-40.97493,excitement,good
1783252819.234375,30,0,0.999778,0.015179,-0.021077,0.019231,-0.015817,0.000366,1.002899,31.07508,-4.69631,-40.97442,excitement,good
1783252819.242188,31,0,0.999775,0.015250,-0.021191,0.019276,-0.007071,0.020071,1.004430,31.07652,-4.69616,-40.97390,excitement,good
1783252819.250000,32,0,0.999773,0.015320,-0.021305,0.019319,-0.016117,0.003047,1.007500,31.07797,-4.69600,-40.97338,excitement,good
1783252819.257812,33,0,0.999771,0.015390,-0.021418,0.019360,-0.000914,-0.004896,0.997618,31.07940,-4.69585,-40.97287,excitement,good
1783252819.265625,34,0,0.999768,0.015460,-0.021531,0.019401,-0.020766,0.005617,0.998568,31.08083,-4.69569,-40.97235,excitement,good
1783252819.273438,35,0,0.999766,0.015529,-0.021644,0.019440,-0.010373,0.014445,0.999257,31.08226,-4.69552,-40.97184,excitement,good
1783252819.281250,36,0,0.999763,0.015597,-0.021756,0.019478,-0.011054,0.009823,1.000726,31.08368,-4.69536,-40.97132,excitement,good
1783252819.289062,37,0,0.999761,0.015665,-0.021868,0.019514,-0.024514,0.010292,1.008316,31.08510,-4.69519,-40.97080,excitement,good
1783252819.296875,38,0,0.999758,0.015733,-0.021980,0.019549,-0.017196,0.005347,1.002682,31.08651,-4.69502,-40.97029,excitement,good
1783252819.304688,39,0,0.999756,0.015800,-0.022091,0.019583,-0.026809,-0.005857,0.998042,31.08792,-4.69484,-40.96977,excitement,good
1783252819.312500,40,0,0.999754,0.015866,-0.022202,0.019616,-0.020529,0.023137,1.006277,31.08932,-4.69467,-40.96926,excitement,good
1783252819.320312,41,0,0.999751,0.015933,-0.022312,0.019647,-0.012789,0.028861,1.004316,31.09071,-4.69449,-40.96874,excitement,good
1783252819.328125,42,0,0.999749,0.015998,-0.022422,0.019677,-0.003313,0.010605,1.004414,31.09210,-4.69430,-40.96823,excitement,good
1783252819.335938,43,0,0.999746,0.016063,-0.022532,0.019706,-0.008703,0.011635,1.005204,31.09349,-4.69411,-40.96772,excitement,good
1783252819.343750,44,0,0.999744,0.016128,-0.022642,0.019733,-0.010405,0.003222,1.005073,31.09486,-4.69393,-40.96720,excitement,good
1783252819.351562,45,0,0.999741,0.016192,-0.022750,0.019759,-0.013194,0.011583,1.005936,31.09624,-4.69373,-40.96669,excitement,good
1783252819.359375,46,0,0.999739,0.016256,-0.022859,0.019784,-0.010884,0.019892,1.000558,31.09760,-4.69354,-40.96618,excitement,good
1783252819.367188,47,0,0.999736,0.016320,-0.022967,0.019807,-0.010024,0.016571,0.998639,31.09896,-4.69334,-40.96566,excitement,good
1783252819.375000,48,0,0.999734,0.016382,-0.023075,0.019829,-0.015053,0.031613,1.006672,31.10032,-4.69314,-40.96515,excitement,good
1783252819.382812,49,0,0.999731,0.016445,-0.023182,0.019850,-0.009776,-0.005321,1.000865,31.10167,-4.69293,-40.96464,excitement,good
1783252819.390625,50,0,0.999729,0.016506,-0.023290,0.019869,-0.011374,0.013175,1.000999,31.10301,-4.69273,-40.96412,excitement,good
1783252819.398438,51,0,0.999726,0.016568,-0.023396,0.019887,-0.026414,0.001772,1.012208,31.10435,-4.69252,-40.96361,excitement,good
1783252819.406250,52,0,0.999724,0.016629,-0.023502,0.019904,-0.012556,0.003339,0.992393,31.10568,-4.69230,-40.96310,excitement,good
1783252819.414062,53,0,0.999721,0.016689,-0.023608,0.019919,-0.010120,0.006291,1.006968,31.10700,-4.69209,-40.96259,excitement,good
1783252819.421875,54,0,0.999719,0.016749,-0.023714,0.019933,-0.005115,0.006022,1.005822,31.10832,-4.69187,-40.96208,excitement,good
1783252819.429688,55,0,0.999716,0.016808,-0.023819,0.019946,0.003412,0.008348,1.000719,31.10963,-4.69165,-40.96157,excitement,good
1783252819.437500,56,0,0.999714,0.016867,-0.023923,0.019957,-0.010889,0.012546,1.002966,31.11093,-4.69142,-40.96105,excitement,good
1783252819.445312,57,0,0.999711,0.016925,-0.024028,0.019967,0.006793,0.018207,0.997868,31.11223,-4.69119,-40.96054,excitement,good
1783252819.453125,58,0,0.999709,0.016983,-0.024132,0.019976,-0.019170,0.004063,1.005069,31.11352,-4.69096,-40.96003,excitement,good
1783252819.460938,59,0,0.999706,0.017041,-0.024235,0.019983,-0.012832,0.019018,0.999080,31.11480,-4.69073,-40.95952,excitement,good
1783252819.468750,60,0,0.999704,0.017097,-0.024338,0.019989,-0.015044,0.021611,0.997263,31.11608,-4.69049,-40.95901,excitement,good
1783252819.476562,61,0,0.999701,0.017154,-0.024441,0.019994,-0.000456,0.010992,1.008381,31.11734,-4.69025,-40.95850,excitement,good
1783252819.484375,62,0,0.999699,0.017210,-0.024543,0.019997,-0.015339,0.024495,1.013349,31.11861,-4.69001,-40.95799,excitement,good
1783252819.492188,63,0,0.999696,0.017265,-0.024645,0.019999,-0.002459,0.016210,1.012657,31.11986,-4.68976,-40.95748,excitement,good
1783252819.500000,64,0,0.999694,0.017320,-0.024746,0.020000,-0.001366,-0.006528,1.010877,31.12111,-4.68952,-40.95698,excitement,good
1783252819.507812,65,0,0.999691,0.017374,-0.024847,0.019999,-0.011527,0.025181,1.011366,31.12235,-4.68926,-40.95647,excitement,good
1783252819.515625,66,0,0.999689,0.017428,-0.024948,0.019997,-0.006470,-0.007192,1.004658,31.12358,-4.68901,-40.95596,excitement,good
1783252819.523438,67,0,0.999686,0.017481,-0.025048,0.019994,-0.016583,0.005522,1.012511,31.12480,-4.68875,-40.95545,excitement,good
1783252819.531250,68,0,0.999684,0.017534,-0.025148,0.019989,0.003502,0.006623,1.010863,31.12602,-4.68849,-40.95494,excitement,good
1783252819.539062,69,0,0.999681,0.017586,-0.025247,0.019983,-0.000997,0.004236,1.008448,31.12723,-4.68823,-40.95444,excitement,good
1783252819.546875,70,0,0.999679,0.017638,-0.025346,0.019976,-0.019178,-0.000321,1.013251,31.12843,-4.68797,-40.95393,excitement,good
1783252819.554688,71,0,0.999676,0.017689,-0.025444,0.019967,0.004493,0.017512,1.013067,31.12963,-4.68770,-40.95342,excitement,good
1783252819.562500,72,0,0.999674,0.017739,-0.025542,0.019957,-0.008196,0.024303,1.011634,31.13081,-4.68743,-40.95292,excitement,good
1783252819.570312,73,0,0.999671,0.017789,-0.025640,0.019946,-0.020184,0.000821,1.016075,31.13199,-4.68715,-40.95241,excitement,good
1783252819.578125,74,0,0.999669,0.017839,-0.025737,0.019933,0.006434,0.018316,1.006460,31.13316,-4.68688,-40.95190,excitement,good
1783252819.585938,75,0,0.999666,0.017888,-0.025834,0.019919,0.000511,0.022727,1.004684,31.13432,-4.68660,-40.95140,excitement,good
1783252819.593750,76,0,0.999664,0.017936,-0.025930,0.019904,-0.004374,0.020689,1.014393,31.13548,-4.68631,-40.95089,excitement,good
1783252819.601562,77,0,0.999661,0.017984,-0.026026,0.019887,0.001636,0.008224,1.011870,31.13662,-4.68603,-40.95039,excitement,good
1783252819.609375,78,0,0.999659,0.018032,-0.026122,0.019869,-0.002639,0.004693,1.007586,31.13776,-4.68574,-40.94989,excitement,good
1783252819.617188,79,0,0.999656,0.018079,-0.026217,0.019850,-0.003780,0.009467,1.008465,31.13889,-4.68545,-40.94938,excitement,good
1783252819.625000,80,0,0.999654,0.018125,-0.026311,0.019829,0.000807,0.017483,1.008109,31.14001,-4.68515,-40.94888,excitement,good
1783252819.632812,81,0,0.999651,0.018171,-0.026406,0.019807,0.010465,0.006374,1.016771,31.14112,-4.68486,-40.94837,excitement,good
1783252819.640625,82,0,0.999649,0.018216,-0.026499,0.019784,-0.002434,0.011567,1.009757,31.14222,-4.68456,-40.94787,excitement,good
1783252819.648438,83,0,0.999646,0.018261,-0.026592,0.019759,0.014339,-0.010189,1.010965,31.14332,-4.68426,-40.94737,excitement,good
1783252819.656250,84,0,0.999644,0.018305,-0.026685,0.019733,-0.003035,0.014814,1.015077,31.14440,-4.68395,-40.94687,excitement,good
1783252819.664062,85,0,0.999641,0.018349,-0.026778,0.019706,0.004550,0.015525,1.023200,31.14548,-4.68364,-40.94636,excitement,good
1783252819.671875,86,0,0.999639,0.018392,-0.026870,0.019677,-0.007146,0.000175,1.013081,31.14655,-4.68333,-40.94586,excitement,good
1783252819.679688,87,0,0.999636,0.018435,-0.026961,0.019647,0.002049,0.006298,0.995975,31.14760,-4.68302,-40.94536,excitement,good
1783252819.687500,88,0,0.999634,0.018477,-0.027052,0.019616,0.002501,0.027572,1.013193,31.14865,-4.68270,-40.94486,excitement,good
1783252819.695312,89,0,0.999632,0.018518,-0.027143,0.019583,0.002005,0.009269,1.002176,31.14969,-4.68238,-40.94436,excitement,good
1783252819.703125,90,0,0.999629,0.018559,-0.027233,0.019549,0.000186,0.023253,1.015539,31.15073,-4.68206,-40.94386,excitement,good
1783252819.710938,91,0,0.999627,0.018599,-0.027322,0.019514,0.015480,0.006067,1.024449,31.15175,-4.68174,-40.94336,excitement,good
1783252819.718750,92,0,0.999624,0.018639,-0.027412,0.019478,0.004081,-0.003583,1.025241,31.15276,-4.68141,-40.94286,excitement,good
1783252819.726562,93,0,0.999622,0.018678,-0.027500,0.019440,0.009871,0.014568,0.999028,31.15377,-4.68108,-40.94236,excitement,good
1783252819.734375,94,0,0.999619,0.018717,-0.027589,0.019401,0.009145,0.013471,1.026641,31.15476,-4.68074,-40.94186,excitement,good
1783252819.742188,95,0,0.999617,0.018755,-0.027676,0.019360,0.003201,0.013251,1.016840,31.15575,-4.68041,-40.94137,excitement,good
1783252819.750000,96,0,0.999615,0.018793,-0.027764,0.019319,0.015305,0.011087,1.021602,31.15672,-4.68007,-40.94087,excitement,good
1783252819.757812,97,0,0.999612,0.018830,-0.027851,0.019276,0.013548,0.008187,1.014950,31.15769,-4.67973,-40.94037,excitement,good
1783252819.765625,98,0,0.999610,0.018866,-0.027937,0.019231,0.007811,0.010259,1.019540,31.15864,-4.67938,-40.93987,excitement,good
1783252819.773438,99,0,0.999607,0.018902,-0.028023,0.019186,0.008491,0.006010,1.004903,31.15959,-4.67904,-40.93938,excitement,good
1783252819.781250,100,0,0.999605,0.018937,-0.028109,0.019139,0.005410,0.022824,1.022130,31.16053,-4.67869,-40.93888,excitement,good
1783252819.789062,101,0,0.999602,0.018972,-0.028194,0.019091,0.020138,0.012908,1.007401,31.16145,-4.67834,-40.93839,excitement,good
1783252819.796875,102,0,0.999600,0.019006,-0.028278,0.019041,-0.005355,0.014780,1.013682,31.16237,-4.67798,-40.93789,excitement,good
1783252819.804688,103,0,0.999598,0.019040,-0.028362,0.018991,0.014632,0.008495,1.022454,31.16328,-4.67762,-40.93739,excitement,good
1783252819.812500,104,0,0.999595,0.019073,-0.028446,0.018939,0.013964,0.005073,1.020446,31.16418,-4.67726,-40.93690,excitement,good
1783252819.820312,105,0,0.999593,0.019106,-0.028529,0.018885,-0.002499,0.006015,1.016818,31.16506,-4.67690,-40.93641,excitement,good
1783252819.828125,106,0,0.999591,0.019138,-0.028612,0.018831,0.012667,-0.005675,1.016315,31.16594,-4.67653,-40.93591,excitement,good
1783252819.835938,107,0,0.999588,0.019169,-0.028694,0.018775,0.019967,-0.006032,1.022492,31.16681,-4.67617,-40.93542,excitement,good
1783252819.843750,108,0,0.999586,0.019200,-0.028775,0.018718,0.003969,0.004214,1.016803,31.16766,-4.67579,-40.93493,excitement,good
1783252819.851562,109,0,0.999584,0.019230,-0.028857,0.018660,0.005605,-0.001905,1.015515,31.16851,-4.67542,-40.93443,excitement,good
1783252819.859375,110,0,0.999581,0.019260,-0.028937,0.018600,0.016313,0.009973,1.010677,31.16935,-4.67504,-40.93394,excitement,good
1783252819.867188,111,0,0.999579,0.019289,-0.029018,0.018540,0.009965,0.000037,1.017395,31.17017,-4.67466,-40.93345,excitement,good
1783252819.875000,112,0,0.999577,0.019317,-0.029097,0.018478,0.014794,0.007709,1.023296,31.17099,-4.67428,-40.93296,excitement,good
1783252819.882812,113,0,0.999574,0.019345,-0.029177,0.018414,0.015752,0.008519,1.004500,31.17179,-4.67390,-40.93247,excitement,good
1783252819.890625,114,0,0.999572,0.019373,-0.029255,0.018350,0.024072,-0.010476,1.013280,31.17259,-4.67351,-40.93198,excitement,good
1783252819.898438,115,0,0.999570,0.019399,-0.029334,0.018284,0.021077,0.001285,1.026545,31.17337,-4.67312,-40.93149,excitement,good
1783252819.906250,116,0,0.999567,0.019426,-0.029411,0.018217,0.018890,-0.012380,1.020945,31.17415,-4.67273,-40.93100,excitement,good
1783252819.914062,117,0,0.999565,0.019451,-0.029489,0.018149,0.012408,0.012083,1.023595,31.17491,-4.67233,-40.93051,excitement,good
1783252819.921875,118,0,0.999563,0.019476,-0.029566,0.018080,0.014205,0.011259,1.010231,31.17566,-4.67194,-40.93002,excitement,good
1783252819.929688,119,0,0.999561,0.019501,-0.029642,0.018009,0.012710,-0.015847,1.018143,31.17640,-4.67153,-40.92954,excitement,good
1783252819.937500,120,0,0.999558,0.019525,-0.029718,0.017937,0.018349,0.006044,1.008340,31.17713,-4.67113,-40.92905,excitement,good
1783252819.945312,121,0,0.999556,0.019548,-0.029793,0.017864,0.016388,-0.009405,1.018707,31.17785,-4.67073,-40.92856,excitement,good
1783252819.953125,122,0,0.999554,0.019571,-0.029868,0.017790,0.029362,0.010905,1.011206,31.17856,-4.67032,-40.92808,excitement,good
1783252819.960938,123,0,0.999552,0.019593,-0.029942,0.017715,0.024541,0.003930,1.018082,31.17926,-4.66991,-40.92759,excitement,good
1783252819.968750,124,0,0.999549,0.019614,-0.030016,0.017638,0.021557,0.007222,1.015758,31.17995,-4.66949,-40.92711,excitement,good
1783252819.976562,125,0,0.999547,0.019635,-0.030089,0.017561,0.014573,-0.009397,1.022433,31.18063,-4.66908,-40.92662,excitement,good
1783252819.984375,126,0,0.999545,0.019656,-0.030162,0.017482,0.010938,-0.001412,1.013851,31.18129,-4.66866,-40.92614,excitement,good
1783252819.992188,127,0,0.999543,0.019676,-0.030234,0.017402,0.021467,0.009814,1.023839,31.18195,-4.66824,-40.92565,excitement,good
1783252820.000000,0,0,0.999541,0.019695,-0.030306,0.017321,0.021480,0.004211,1.018842,31.18259,-4.66781,-40.92517,focus,good
1783252820.007812,1,0,0.999538,0.019714,-0.030378,0.017238,0.011171,-0.013845,1.020701,31.18322,-4.66739,-40.92469,focus,good
1783252820.015625,2,0,0.999536,0.019732,-0.030448,0.017155,0.023530,0.000324,1.014190,31.18384,-4.66696,-40.92420,focus,good
1783252820.023438,3,0,0.999534,0.019749,-0.030519,0.017070,0.014601,0.023391,1.013283,31.18445,-4.66653,-40.92372,focus,good
1783252820.031250,4,0,0.999532,0.019766,-0.030588,0.016984,0.031245,-0.005290,1.008028,31.18505,-4.66609,-40.92324,focus,good
1783252820.039062,5,0,0.999530,0.019782,-0.030658,0.016897,0.015346,-0.002228,1.002250,31.18564,-4.66566,-40.92276,focus,good
1783252820.046875,6,0,0.999528,0.019798,-0.030726,0.016809,0.026436,-0.002465,1.011316,31.18621,-4.66522,-40.92228,focus,good
1783252820.054688,7,0,0.999526,0.019813,-0.030795,0.016720,0.015239,-0.002381,1.002810,31.18678,-4.66478,-40.92180,focus,good
1783252820.062500,8,0,0.999524,0.019828,-0.030862,0.016629,0.012452,0.006005,1.022714,31.18733,-4.66433,-40.92132,focus,good
1783252820.070312,9,0,0.999522,0.019842,-0.030930,0.016538,0.015410,-0.010261,1.020641,31.18787,-4.66389,-40.92084,focus,good
1783252820.078125,10,0,0.999520,0.019855,-0.030996,0.016445,0.020685,-0.001833,1.006486,31.18840,-4.66344,-40.92037,focus,good
1783252820.085938,11,0,0.999517,0.019868,-0.031062,0.016352,0.018836,0.001294,1.018200,31.18892,-4.66299,-40.91989,focus,good
1783252820.093750,12,0,0.999515,0.019880,-0.031128,0.016257,0.003636,0.001893,1.022805,31.18943,-4.66253,-40.91941,focus,good
1783252820.101562,13,0,0.999513,0.019891,-0.031193,0.016161,0.002890,0.001369,1.020248,31.18992,-4.66208,-40.91893,focus,good
1783252820.109375,14,0,0.999511,0.019902,-0.031258,0.016064,0.012574,0.002158,1.003684,31.19041,-4.66162,-40.91846,focus,good
1783252820.117188,15,0,0.999509,0.019913,-0.031322,0.015966,0.031328,-0.004014,0.999643,31.19088,-4.66115,-40.91798,focus,good
1783252820.125000,16,0,0.999507,0.019923,-0.031385,0.015867,0.004893,-0.001665,0.998913,31.19134,-4.66069,-40.91751,focus,good
1783252820.132812,17,0,0.999505,0.019932,-0.031448,0.015767,0.017012,-0.018887,1.022874,31.19179,-4.66022,-40.91703,focus,good
1783252820.140625,18,0,0.999503,0.019940,-0.031511,0.015666,0.007888,0.001531,1.020103,31.19223,-4.65976,-40.91656,focus,good
1783252820.148438,19,0,0.999501,0.019948,-0.031573,0.015563,0.029997,-0.006665,1.014616,31.19265,-4.65928,-40.91609,focus,good
1783252820.156250,20,0,0.999500,0.019956,-0.031634,0.015460,0.011284,0.007234,1.018013,31.19307,-4.65881,-40.91562,focus,good
1783252820.164062,21,0,0.999498,0.019963,-0.031695,0.015356,0.024116,-0.012146,1.020960,31.19347,-4.65833,-40.91514,focus,good
1783252820.171875,22,0,0.999496,0.019969,-0.031756,0.015251,0.025248,-0.006761,1.021320,31.19386,-4.65786,-40.91467,focus,good
1783252820.179688,23,0,0.999494,0.019975,-0.031816,0.015144,0.015030,-0.021372,1.014716,31.19424,-4.65738,-40.91420,focus,good
1783252820.187500,24,0,0.999492,0.019980,-0.031875,0.015037,0.035170,-0.017377,1.021696,31.19460,-4.65689,-40.91373,focus,good
1783252820.195312,25,0,0.999490,0.019984,-0.031934,0.014928,0.024581,-0.001661,1.018559,31.19496,-4.65641,-40.91326,focus,good
1783252820.203125,26,0,0.999488,0.019988,-0.031992,0.014819,0.015140,-0.002596,1.011800,31.19530,-4.65592,-40.91279,focus,good
1783252820.210938,27,0,0.999486,0.019991,-0.032050,0.014709,0.015612,-0.004698,1.012663,31.19563,-4.65543,-40.91232,focus,good
1783252820.218750,28,0,0.999484,0.019994,-0.032107,0.014597,0.024861,0.001375,1.026152,31.19595,-4.65493,-40.91186,focus,good
1783252820.226562,29,0,0.999483,0.019996,-0.032163,0.014485,0.017899,-0.020719,1.026827,31.19626,-4.65444,-40.91139,focus,good
1783252820.234375,30,0,0.999481,0.019997,-0.032220,0.014372,0.019814,-0.021404,1.010738,31.19655,-4.65394,-40.91092,focus,good
1783252820.242188,31,0,0.999479,0.019998,-0.032275,0.014257,0.010528,-0.017937,1.028046,31.19683,-4.65344,-40.91046,focus,good
1783252820.250000,32,0,0.999477,0.019999,-0.032330,0.014142,0.018266,0.000908,1.016080,31.19711,-4.65294,-40.90999,focus,good
1783252820.257812,33,0,0.999475,0.019998,-0.032385,0.014026,0.020869,-0.001534,1.016783,31.19736,-4.65244,-40.90953,focus,good
1783252820.265625,34,0,0.999474,0.019997,-0.032439,0.013909,0.024429,0.007429,1.017070,31.19761,-4.65193,-40.90906,focus,good
1783252820.273438,35,0,0.999472,0.019996,-0.032492,0.013791,0.012055,-0.010683,1.018370,31.19785,-4.65142,-40.90860,focus,good
1783252820.281250,36,0,0.999470,0.019994,-0.032545,0.013672,0.021887,-0.016057,1.010935,31.19807,-4.65091,-40.90814,focus,good
1783252820.289062,37,0,0.999469,0.019991,-0.032597,0.013552,0.005186,-0.007202,1.010194,31.19828,-4.65039,-40.90767,focus,good
1783252820.296875,38,0,0.999467,0.019988,-0.032649,0.013431,0.017886,-0.006656,1.011413,31.19848,-4.64988,-40.90721,focus,good
1783252820.304688,39,0,0.999465,0.019984,-0.032700,0.013309,0.030705,0.002316,1.018799,31.19866,-4.64936,-40.90675,focus,good
1783252820.312500,40,0,0.999464,0.019980,-0.032751,0.013187,0.000649,-0.008290,1.009431,31.19884,-4.64884,-40.90629,focus,good
1783252820.320312,41,0,0.999462,0.019975,-0.032801,0.013063,0.018131,-0.008007,1.011628,31.19900,-4.64832,-40.90583,focus,good
1783252820.328125,42,0,0.999460,0.019969,-0.032851,0.012939,0.015979,0.003694,1.006746,31.19915,-4.64779,-40.90537,focus,good
1783252820.335938,43,0,0.999459,0.019963,-0.032900,0.012814,0.013812,-0.024418,1.008249,31.19929,-4.64726,-40.90491,focus,good
1783252820.343750,44,0,0.999457,0.019956,-0.032948,0.012688,0.016705,-0.010069,1.010253,31.19941,-4.64673,-40.90445,focus,good
1783252820.351562,45,0,0.999455,0.019948,-0.032996,0.012561,0.025137,0.006281,1.012796,31.19953,-4.64620,-40.90400,focus,good
1783252820.359375,46,0,0.999454,0.019940,-0.033043,0.012433,0.014869,-0.014332,1.006377,31.19963,-4.64567,-40.90354,focus,good
1783252820.367188,47,0,0.999452,0.019932,-0.033090,0.012305,0.013690,-0.005463,1.003586,31.19972,-4.64513,-40.90309,focus,good
1783252820.375000,48,0,0.999451,0.019923,-0.033136,0.012175,0.023320,-0.013120,1.013523,31.19979,-4.64459,-40.90263,focus,good
1783252820.382812,49,0,0.999449,0.019913,-0.033182,0.012045,0.013816,-0.003492,1.009746,31.19986,-4.64405,-40.90218,focus,good
1783252820.390625,50,0,0.999448,0.019902,-0.033227,0.011914,0.015278,-0.015954,1.002607,31.19991,-4.64351,-40.90172,focus,good
1783252820.398438,51,0,0.999446,0.019891,-0.033272,0.011782,0.021533,-0.017695,1.009718,31.19995,-4.64296,-40.90127,focus,good
1783252820.406250,52,0,0.999445,0.019880,-0.033316,0.011650,0.008494,-0.006461,1.008481,31.19998,-4.64242,-40.90082,focus,good
1783252820.414062,53,0,0.999443,0.019868,-0.033360,0.011516,0.021845,-0.000378,1.013608,31.20000,-4.64187,-40.90036,focus,good
1783252820.421875,54,0,0.999442,0.019855,-0.033402,0.011382,0.014564,-0.009041,1.012878,31.20000,-4.64131,-40.89991,focus,good
1783252820.429688,55,0,0.999441,0.019842,-0.033445,0.011247,0.022541,-0.018227,1.008285,31.19999,-4.64076,-40.89946,focus,good
1783252820.437500,56,0,0.999439,0.019828,-0.033487,0.011111,0.029073,-0.004725,1.005057,31.19997,-4.64020,-40.89901,focus,good
1783252820.445312,57,0,0.999438,0.019813,-0.033528,0.010975,0.012277,0.005389,1.010030,31.19994,-4.63965,-40.89856,focus,good
1783252820.453125,58,0,0.999436,0.019798,-0.033569,0.010838,0.026306,-0.006573,1.014133,31.19989,-4.63909,-40.89811,focus,good
1783252820.460938,59,0,0.999435,0.019782,-0.033609,0.010700,0.020464,-0.025925,1.024169,31.19984,-4.63852,-40.89767,focus,good
1783252820.468750,60,0,0.999434,0.019766,-0.033648,0.010561,0.021728,-0.004819,1.018675,31.19977,-4.63796,-40.89722,focus,good
1783252820.476562,61,0,0.999432,0.019749,-0.033687,0.010422,0.028467,-0.014289,1.013223,31.19968,-4.63739,-40.89677,focus,good
1783252820.484375,62,0,0.999431,0.019732,-0.033726,0.010282,0.016331,-0.018669,1.020728,31.19959,-4.63682,-40.89633,focus,good
1783252820.492188,63,0,0.999430,0.019714,-0.033764,0.010141,0.016941,-0.009304,1.000249,31.19948,-4.63625,-40.89588,focus,good
1783252820.500000,64,0,0.999429,0.019695,-0.033801,0.010000,0.021994,-0.009890,1.011285,31.19937,-4.63568,-40.89544,focus,good
1783252820.507812,65,0,0.999427,0.019676,-0.033838,0.009858,0.019523,-0.013009,1.010982,31.19924,-4.63510,-40.89499,focus,good
1783252820.515625,66,0,0.999426,0.019656,-0.033874,0.009715,0.008614,-0.017438,0.999259,31.19909,-4.63453,-40.89455,focus,good
1783252820.523438,67,0,0.999425,0.019635,-0.033910,0.009572,0.029433,-0.010693,1.014193,31.19894,-4.63395,-40.89411,focus,good
1783252820.531250,68,0,0.999424,0.019614,-0.033945,0.009428,0.017036,-0.007663,1.006020,31.19877,-4.63337,-40.89367,focus,good
1783252820.539062,69,0,0.999423,0.019593,-0.033979,0.009283,0.008252,-0.005673,1.012729,31.19859,-4.63278,-40.89323,focus,good
1783252820.546875,70,0,0.999421,0.019571,-0.034013,0.009138,0.016007,0.001499,1.011628,31.19840,-4.63220,-40.89279,focus,good
1783252820.554688,71,0,0.999420,0.019548,-0.034046,0.008992,0.002569,-0.004596,1.007656,31.19820,-4.63161,-40.89235,focus,good
1783252820.562500,72,0,0.999419,0.019525,-0.034079,0.008846,0.030936,-0.004178,1.013598,31.19798,-4.63102,-40.89191,focus,good
1783252820.570312,73,0,0.999418,0.019501,-0.034111,0.008699,0.015575,-0.000902,1.000204,31.19776,-4.63043,-40.89147,focus,good
1783252820.578125,74,0,0.999417,0.019476,-0.034143,0.008551,0.010881,0.004618,1.005706,31.19752,-4.62984,-40.89103,focus,good
1783252820.585938,75,0,0.999416,0.019451,-0.034174,0.008403,0.019888,-0.009684,1.017486,31.19726,-4.62924,-40.89060,focus,good
1783252820.593750,76,0,0.999415,0.019426,-0.034204,0.008254,0.000244,-0.003873,1.021127,31.19700,-4.62864,-40.89016,focus,good
1783252820.601562,77,0,0.999414,0.019399,-0.034234,0.008105,0.016046,0.000222,1.000538,31.19673,-4.62805,-40.88973,focus,good
1783252820.609375,78,0,0.999413,0.019373,-0.034264,0.007955,0.014005,-0.021564,1.002042,31.19644,-4.62744,-40.88929,focus,good
1783252820.617188,79,0,0.999412,0.019345,-0.034293,0.007805,0.013776,0.001918,0.994221,31.19614,-4.62684,-40.88886,focus,good
1783252820.625000,80,0,0.999411,0.019317,-0.034321,0.007654,0.021413,0.003376,1.003027,31.19583,-4.62624,-40.88843,focus,good
1783252820.632812,81,0,0.999410,0.019289,-0.034348,0.007502,0.009760,-0.021642,1.005836,31.19550,-4.62563,-40.88799,focus,good
1783252820.640625,82,0,0.999409,0.019260,-0.034375,0.007350,0.006702,-0.014887,1.000069,31.19517,-4.62502,-40.88756,focus,good
1783252820.648438,83,0,0.999408,0.019230,-0.034402,0.007198,0.018239,-0.016749,0.998641,31.19482,-4.62441,-40.88713,focus,good
1783252820.656250,84,0,0.999407,0.019200,-0.034428,0.007045,0.008045,-0.006735,1.003225,31.19446,-4.62380,-40.88670,focus,good
1783252820.664062,85,0,0.999406,0.019169,-0.034453,0.006892,0.022858,-0.018987,1.002034,31.19409,-4.62318,-40.88627,focus,good
1783252820.671875,86,0,0.999405,0.019138,-0.034478,0.006738,0.006068,-0.003157,1.000925,31.19371,-4.62257,-40.88585,focus,good
1783252820.679688,87,0,0.999405,0.019106,-0.034502,0.006584,0.037291,0.001450,1.004910,31.19331,-4.62195,-40.88542,focus,good
1783252820.687500,88,0,0.999404,0.019073,-0.034526,0.006429,0.025951,-0.008752,1.012791,31.19291,-4.62133,-40.88499,focus,good
1783252820.695312,89,0,0.999403,0.019040,-0.034549,0.006274,0.018072,-0.001428,1.000996,31.19249,-4.62071,-40.88457,focus,good
1783252820.703125,90,0,0.999402,0.019006,-0.034571,0.006118,0.015623,-0.014931,1.000350,31.19206,-4.62008,-40.88414,focus,good
1783252820.710938,91,0,0.999401,0.018972,-0.034593,0.005962,0.008345,-0.003865,0.998739,31.19162,-4.61946,-40.88372,focus,good
1783252820.718750,92,0,0.999401,0.018937,-0.034614,0.005806,0.015440,-0.028757,1.010929,31.19116,-4.61883,-40.88329,focus,good
1783252820.726562,93,0,0.999400,0.018902,-0.034635,0.005649,0.014332,-0.001137,1.006059,31.19070,-4.61820,-40.88287,focus,good
1783252820.734375,94,0,0.999399,0.018866,-0.034655,0.005492,0.008642,0.007785,1.007990,31.19022,-4.61757,-40.88245,focus,good
1783252820.742188,95,0,0.999399,0.018830,-0.034675,0.005334,0.008682,0.011136,1.001439,31.18973,-4.61694,-40.88203,focus,good
1783252820.750000,96,0,0.999398,0.018793,-0.034694,0.005176,0.004560,-0.006165,1.004939,31.18923,-4.61630,-40.88161,focus,good
1783252820.757812,97,0,0.999397,0.018755,-0.034712,0.005018,0.011144,-0.011699,1.001104,31.18872,-4.61566,-40.88119,focus,good
1783252820.765625,98,0,0.999397,0.018717,-0.034730,0.004860,0.009926,-0.008720,1.004004,31.18820,-4.61503,-40.88077,focus,good
1783252820.773438,99,0,0.999396,0.018678,-0.034747,0.004701,0.014465,0.002657,1.004911,31.18766,-4.61439,-40.88035,focus,good
1783252820.781250,100,0,0.999396,0.018639,-0.034764,0.004542,0.012520,-0.022136,0.996364,31.18712,-4.61374,-40.87994,focus,good
1783252820.789062,101,0,0.999395,0.018599,-0.034780,0.004382,0.012865,-0.000236,0.998286,31.18656,-4.61310,-40.87952,focus,good
1783252820.796875,102,0,0.999394,0.018559,-0.034795,0.004222,0.016840,-0.000359,0.996727,31.18599,-4.61246,-40.87911,focus,good
1783252820.804688,103,0,0.999394,0.018518,-0.034810,0.004062,-0.005508,0.004395,0.996715,31.18541,-4.61181,-40.87869,focus,good
1783252820.812500,104,0,0.999393,0.018477,-0.034824,0.003902,0.016086,-0.004218,0.997986,31.18482,-4.61116,-40.87828,focus,good
1783252820.820312,105,0,0.999393,0.018435,-0.034838,0.003741,0.013097,0.003233,0.994395,31.18422,-4.61051,-40.87786,focus,good
1783252820.828125,106,0,0.999393,0.018392,-0.034851,0.003580,0.022598,0.005407,0.998223,31.18360,-4.60986,-40.87745,focus,good
1783252820.835938,107,0,0.999392,0.018349,-0.034864,0.003419,0.008844,-0.003277,0.994475,31.18298,-4.60920,-40.87704,focus,good
1783252820.843750,108,0,0.999392,0.018305,-0.034876,0.003258,0.000498,-0.000728,0.996266,31.18234,-4.60855,-40.87663,focus,good
1783252820.851562,109,0,0.999391,0.018261,-0.034887,0.003096,0.011549,-0.006804,0.986379,31.18169,-4.60789,-40.87622,focus,good
1783252820.859375,110,0,0.999391,0.018216,-0.034898,0.002935,0.005983,0.003423,0.996247,31.18103,-4.60723,-40.87581,focus,good
1783252820.867188,111,0,0.999391,0.018171,-0.034908,0.002773,0.001841,0.007099,0.997571,31.18036,-4.60657,-40.87540,focus,good
1783252820.875000,112,0,0.999390,0.018125,-0.034918,0.002611,0.011474,-0.003007,0.997066,31.17968,-4.60591,-40.87500,focus,good
1783252820.882812,113,0,0.999390,0.018079,-0.034927,0.002448,0.006249,0.011500,1.010894,31.17899,-4.60525,-40.87459,focus,good
1783252820.890625,114,0,0.999390,0.018032,-0.034936,0.002286,0.000733,0.001809,1.002710,31.17829,-4.60458,-40.87419,focus,good
1783252820.898438,115,0,0.999389,0.017984,-0.034943,0.002123,0.006806,0.002995,0.994793,31.17758,-4.60392,-40.87378,focus,good
1783252820.906250,116,0,0.999389,0.017936,-0.034951,0.001960,0.001569,0.000931,0.995204,31.17685,-4.60325,-40.87338,focus,good
1783252820.914062,117,0,0.999389,0.017888,-0.034957,0.001797,0.000316,-0.004995,0.990359,31.17612,-4.60258,-40.87298,focus,good
1783252820.921875,118,0,0.999389,0.017839,-0.034964,0.001634,0.008093,0.006756,0.995013,31.17537,-4.60191,-40.87257,focus,good
1783252820.929688,119,0,0.999388,0.017789,-0.034969,0.001471,0.007254,-0.005525,0.996866,31.17461,-4.60123,-40.87217,focus,good
1783252820.937500,120,0,0.999388,0.017739,-0.034974,0.001308,-0.003484,0.005624,0.988995,31.17385,-4.60056,-40.87177,focus,good
1783252820.945312,121,0,0.999388,0.017689,-0.034979,0.001145,-0.001455,0.015996,0.996484,31.17307,-4.59988,-40.87137,focus,good
1783252820.953125,122,0,0.999388,0.017638,-0.034982,0.000981,0.003500,-0.014431,1.003748,31.17228,-4.59920,-40.87097,focus,good
1783252820.960938,123,0,0.999388,0.017586,-0.034986,0.000818,-0.003190,0.005481,0.987862,31.17148,-4.59853,-40.87058,focus,good
1783252820.968750,124,0,0.999388,0.017534,-0.034988,0.000654,0.006218,0.002403,0.999043,31.17067,-4.59784,-40.87018,focus,good
1783252820.976562,125,0,0.999388,0.017481,-0.034990,0.000491,-0.003667,0.003479,0.992797,31.16985,-4.59716,-40.86978,focus,good
1783252820.984375,126,0,0.999388,0.017428,-0.034992,0.000327,-0.006494,0.003088,0.992252,31.16902,-4.59648,-40.86939,focus,good
1783252820.992188,127,0,0.999388,0.017374,-0.034993,0.000164,0.023771,-0.002035,0.991486,31.16818,-4.59579,-40.86900,focus,good
1783252821.000000,0,0,0.999388,0.017320,-0.034993,0.000000,-0.002711,-0.003793,0.995695,31.16733,-4.59511,-40.86860,focus,good
1783252821.007812,1,0,0.999388,0.017265,-0.034993,-0.000164,0.002339,0.009221,0.987970,31.16647,-4.59442,-40.86821,focus,good
1783252821.015625,2,0,0.999388,0.017210,-0.034992,-0.000327,-0.022803,0.002032,0.988946,31.16560,-4.59373,-40.86782,focus,good
1783252821.023438,3,0,0.999388,0.017154,-0.034990,-0.000491,0.011892,0.006196,0.992524,31.16472,-4.59304,-40.86743,focus,good
1783252821.031250,4,0,0.999388,0.017097,-0.034988,-0.000654,0.000201,0.004640,0.988635,31.16383,-4.59235,-40.86704,focus,good
1783252821.039062,5,0,0.999388,0.017041,-0.034986,-0.000818,-0.005050,0.003060,0.996733,31.16293,-4.59165,-40.86665,focus,good
1783252821.046875,6,0,0.999388,0.016983,-0.034982,-0.000981,-0.009862,0.019327,0.991317,31.16201,-4.59096,-40.86626,focus,good
1783252821.054688,7,0,0.999388,0.016925,-0.034979,-0.001145,0.007598,-0.001491,0.991583,31.16109,-4.59026,-40.86588,focus,good
1783252821.062500,8,0,0.999388,0.016867,-0.034974,-0.001308,-0.005200,-0.001786,1.001302,31.16016,-4.58956,-40.86549,focus,good
1783252821.070312,9,0,0.999388,0.016808,-0.034969,-0.001471,-0.007184,0.008604,0.994273,31.15922,-4.58886,-40.86511,focus,good
1783252821.078125,10,0,0.999389,0.016749,-0.034964,-0.001634,-0.008449,0.005071,1.009067,31.15827,-4.58816,-40.86472,focus,good
1783252821.085938,11,0,0.999389,0.016689,-0.034957,-0.001797,-0.011624,0.011700,0.998381,31.15731,-4.58746,-40.86434,focus,good
1783252821.093750,12,0,0.999389,0.016629,-0.034951,-0.001960,-0.006622,0.000738,0.989427,31.15634,-4.58676,-40.86396,focus,good
1783252821.101562,13,0,0.999389,0.016568,-0.034943,-0.002123,0.007234,0.005840,0.992316,31.15536,-4.58605,-40.86357,focus,good
1783252821.109375,14,0,0.999390,0.016506,-0.034936,-0.002286,-0.001287,0.001829,0.997698,31.15437,-4.58535,-40.86319,focus,good
1783252821.117188,15,0,0.999390,0.016445,-0.034927,-0.002448,-0.011442,0.006584,0.990420,31.15338,-4.58464,-40.86281,focus,good
1783252821.125000,16,0,0.999390,0.016382,-0.034918,-0.002611,0.011497,0.002868,0.986363,31.15237,-4.58393,-40.86244,focus,good
1783252821.132812,17,0,0.999391,0.016320,-0.034908,-0.002773,-0.007091,-0.001621,0.984249,31.15135,-4.58322,-40.86206,focus,good
1783252821.140625,18,0,0.999391,0.016256,-0.034898,-0.002935,-0.011878,-0.006950,0.992377,31.15033,-4.58251,-40.86168,focus,good
1783252821.148438,19,0,0.999391,0.016192,-0.034887,-0.003096,-0.006131,0.005790,0.993047,31.14929,-4.58180,-40.86131,focus,good
1783252821.156250,20,0,0.999392,0.016128,-0.034876,-0.003258,0.011780,-0.008201,0.989169,31.14825,-4.58109,-40.86093,focus,good
1783252821.164062,21,0,0.999392,0.016063,-0.034864,-0.003419,-0.006003,0.008169,0.988519,31.14719,-4.58037,-40.86056,focus,good
1783252821.171875,22,0,0.999393,0.015998,-0.034851,-0.003580,-0.010455,0.009097,0.995789,31.14613,-4.57966,-40.86018,focus,good
1783252821.179688,23,0,0.999393,0.015933,-0.034838,-0.003741,-0.019974,0.001952,0.987516,31.14506,-4.57894,-40.85981,focus,good
1783252821.187500,24,0,0.999393,0.015866,-0.034824,-0.003902,-0.003202,0.011875,0.990603,31.14398,-4.57822,-40.85944,focus,good
1783252821.195312,25,0,0.999394,0.015800,-0.034810,-0.004062,-0.012578,-0.004857,0.990027,31.14289,-4.57750,-40.85907,focus,good
1783252821.203125,26,0,0.999394,0.015733,-0.034795,-0.004222,-0.007883,0.010290,0.987231,31.14179,-4.57678,-40.85870,focus,good
1783252821.210938,27,0,0.999395,0.015665,-0.034780,-0.004382,-0.001331,0.011399,0.983866,31.14069,-4.57606,-40.85833,focus,good
1783252821.218750,28,0,0.999396,0.015597,-0.034764,-0.004542,-0.013555,0.004162,0.996172,31.13957,-4.57533,-40.85797,focus,good
1783252821.226562,29,0,0.999396,0.015529,-0.034747,-0.004701,-0.018315,0.010929,0.988743,31.13845,-4.57461,-40.85760,focus,good
1783252821.234375,30,0,0.999397,0.015460,-0.034730,-0.004860,0.002167,0.004584,0.983370,31.13732,-4.57388,-40.85724,focus,good
1783252821.242188,31,0,0.999397,0.015390,-0.034712,-0.005018,-0.015669,0.010680,0.986846,31.13618,-4.57316,-40.85687,focus,good
1783252821.250000,32,0,0.999398,0.015320,-0.034694,-0.005176,0.003837,0.005794,0.992010,31.13503,-4.57243,-40.85651,focus,good
1783252821.257812,33,0,0.999399,0.015250,-0.034675,-0.005334,-0.006746,0.019198,0.988541,31.13387,-4.57170,-40.85615,focus,good
1783252821.265625,34,0,0.999399,0.015179,-0.034655,-0.005492,0.000804,0.024214,0.987832,31.13271,-4.57097,-40.85578,focus,good
1783252821.273438,35,0,0.999400,0.015108,-0.034635,-0.005649,-0.012734,0.006490,0.995247,31.13153,-4.57024,-40.85542,focus,good
1783252821.281250,36,0,0.999401,0.015036,-0.034614,-0.005806,0.004492,0.001823,0.990041,31.13035,-4.56951,-40.85506,focus,good
1783252821.289062,37,0,0.999401,0.014964,-0.034593,-0.005962,-0.018958,0.007072,0.984824,31.12916,-4.56878,-40.85471,focus,good
1783252821.296875,38,0,0.999402,0.014892,-0.034571,-0.006118,-0.008183,0.015241,0.995456,31.12797,-4.56804,-40.85435,focus,good
1783252821.304688,39,0,0.999403,0.014818,-0.034549,-0.006274,-0.006644,0.007549,0.979494,31.12676,-4.56731,-40.85399,focus,good
1783252821.312500,40,0,0.999404,0.014745,-0.034526,-0.006429,-0.009945,0.006513,0.979988,31.12555,-4.56657,-40.85364,focus,good
1783252821.320312,41,0,0.999405,0.014671,-0.034502,-0.006584,-0.019924,0.001217,0.992884,31.12433,-4.56583,-40.85328,focus,good
1783252821.328125,42,0,0.999405,0.014597,-0.034478,-0.006738,-0.002666,0.017412,0.982625,31.12310,-4.56509,-40.85293,focus,good
1783252821.335938,43,0,0.999406,0.014522,-0.034453,-0.006892,-0.010873,0.004073,0.986641,31.12187,-4.56436,-40.85258,focus,good
1783252821.343750,44,0,0.999407,0.014447,-0.034428,-0.007045,-0.019558,0.019119,0.981554,31.12062,-4.56362,-40.85223,focus,good
1783252821.351562,45,0,0.999408,0.014371,-0.034402,-0.007198,-0.030640,0.013957,0.987245,31.11937,-4.56287,-40.85187,focus,good
1783252821.359375,46,0,0.999409,0.014295,-0.034375,-0.007350,-0.017290,0.001820,0.987669,31.11812,-4.56213,-40.85153,focus,good
1783252821.367188,47,0,0.999410,0.014219,-0.034348,-0.007502,-0.000786,0.011925,0.992221,31.11685,-4.56139,-40.85118,focus,good
1783252821.375000,48,0,0.999411,0.014142,-0.034321,-0.007654,-0.023958,0.019545,0.986855,31.11558,-4.56064,-40.85083,focus,good
1783252821.382812,49,0,0.999412,0.014064,-0.034293,-0.007805,-0.018216,0.006942,0.982206,31.11430,-4.55990,-40.85048,focus,good
1783252821.390625,50,0,0.999413,0.013987,-0.034264,-0.007955,-0.020279,0.011276,0.980238,31.11301,-4.55915,-40.85014,focus,good
1783252821.398438,51,0,0.999414,0.013908,-0.034234,-0.008105,-0.004136,0.005414,0.984519,31.11172,-4.55841,-40.84979,focus,good
1783252821.406250,52,0,0.999415,0.013830,-0.034204,-0.008254,-0.015109,-0.007523,0.979810,31.11042,-4.55766,-40.84945,focus,good
1783252821.414062,53,0,0.999416,0.013751,-0.034174,-0.008403,0.000905,0.015103,0.995387,31.10912,-4.55691,-40.84911,focus,good
1783252821.421875,54,0,0.999417,0.013671,-0.034143,-0.008551,-0.005893,0.012963,0.977559,31.10780,-4.55616,-40.84877,focus,good
1783252821.429688,55,0,0.999418,0.013592,-0.034111,-0.008699,-0.014935,0.001302,0.987093,31.10648,-4.55541,-40.84843,focus,good
1783252821.437500,56,0,0.999419,0.013511,-0.034079,-0.008846,-0.021983,0.020978,1.000527,31.10516,-4.55466,-40.84809,focus,good
1783252821.445312,57,0,0.999420,0.013431,-0.034046,-0.008992,-0.039816,0.011536,0.989986,31.10383,-4.55391,-40.84775,focus,good
1783252821.453125,58,0,0.999421,0.013350,-0.034013,-0.009138,-0.011895,0.007830,0.988834,31.10249,-4.55316,-40.84741,focus,good
1783252821.460938,59,0,0.999423,0.013268,-0.033979,-0.009283,-0.008536,0.003732,0.986873,31.10114,-4.55240,-40.84707,focus,good
1783252821.468750,60,0,0.999424,0.013187,-0.033945,-0.009428,-0.015728,0.022660,0.982801,31.09979,-4.55165,-40.84674,focus,good
1783252821.476562,61,0,0.999425,0.013104,-0.033910,-0.009572,-0.027636,0.021590,0.992150,31.09843,-4.55089,-40.84641,focus,good
1783252821.484375,62,0,0.999426,0.013022,-0.033874,-0.009715,-0.014748,0.013779,0.978977,31.09707,-4.55014,-40.84607,focus,good
1783252821.492188,63,0,0.999427,0.012939,-0.033838,-0.009858,-0.014298,0.010763,0.979339,31.09570,-4.54938,-40.84574,focus,good
1783252821.500000,64,0,0.999429,0.012855,-0.033801,-0.010000,-0.031660,0.000483,0.990112,31.09433,-4.54862,-40.84541,focus,good
1783252821.507812,65,0,0.999430,0.012772,-0.033764,-0.010141,-0.018852,0.012722,0.985566,31.09295,-4.54786,-40.84508,focus,good
1783252821.515625,66,0,0.999431,0.012688,-0.033726,-0.010282,-0.013909,-0.004272,0.971557,31.09156,-4.54711,-40.84475,focus,good
1783252821.523438,67,0,0.999432,0.012603,-0.033687,-0.010422,-0.024737,0.005594,0.981109,31.09017,-4.54635,-40.84442,focus,good
1783252821.531250,68,0,0.999434,0.012518,-0.033648,-0.010561,-0.032544,0.028439,0.981506,31.08877,-4.54559,-40.84410,focus,good
1783252821.539062,69,0,0.999435,0.012433,-0.033609,-0.010700,-0.016210,0.017929,0.977384,31.08737,-4.54482,-40.84377,focus,good
1783252821.546875,70,0,0.999436,0.012347,-0.033569,-0.010838,-0.031866,0.013354,0.985010,31.08596,-4.54406,-40.84345,focus,good
1783252821.554688,71,0,0.999438,0.012261,-0.033528,-0.010975,-0.014992,0.009438,0.977789,31.08455,-4.54330,-40.84312,focus,good
1783252821.562500,72,0,0.999439,0.012175,-0.033487,-0.011111,-0.009061,0.012818,0.985881,31.08313,-4.54254,-40.84280,focus,good
1783252821.570312,73,0,0.999441,0.012088,-0.033445,-0.011247,-0.024027,0.022421,0.980848,31.08170,-4.54177,-40.84248,focus,good
1783252821.578125,74,0,0.999442,0.012001,-0.033402,-0.011382,-0.029280,0.018451,0.978807,31.08028,-4.54101,-40.84216,focus,good
1783252821.585938,75,0,0.999443,0.011914,-0.033360,-0.011516,-0.005591,0.016236,0.981816,31.07884,-4.54024,-40.84184,focus,good
1783252821.593750,76,0,0.999445,0.011826,-0.033316,-0.011650,-0.014622,0.002371,0.982065,31.07740,-4.53948,-40.84152,focus,good
1783252821.601562,77,0,0.999446,0.011738,-0.033272,-0.011782,-0.021161,0.012299,0.991130,31.07596,-4.53871,-40.84120,focus,good
1783252821.609375,78,0,0.999448,0.011649,-0.033227,-0.011914,-0.016883,0.011825,0.985440,31.07451,-4.53795,-40.84089,focus,good
1783252821.617188,79,0,0.999449,0.011560,-0.033182,-0.012045,-0.029990,0.000417,0.989485,31.07306,-4.53718,-40.84057,focus,good
1783252821.625000,80,0,0.999451,0.011471,-0.033136,-0.012175,-0.014241,-0.008006,0.992139,31.07160,-4.53641,-40.84026,focus,good
1783252821.632812,81,0,0.999452,0.011382,-0.033090,-0.012305,-0.023186,0.010834,0.984914,31.07014,-4.53564,-40.83995,focus,good
1783252821.640625,82,0,0.999454,0.011292,-0.033043,-0.012433,-0.015890,0.004168,0.986291,31.06868,-4.53487,-40.83963,focus,good
1783252821.648438,83,0,0.999455,0.011202,-0.032996,-0.012561,-0.021215,-0.004598,0.990261,31.06721,-4.53410,-40.83932,focus,good
1783252821.656250,84,0,0.999457,0.011111,-0.032948,-0.012688,-0.032058,0.014207,0.988639,31.06573,-4.53333,-40.83901,focus,good
1783252821.664062,85,0,0.999459,0.011020,-0.032900,-0.012814,-0.022784,-0.005273,0.979970,31.06426,-4.53256,-40.83870,focus,good
1783252821.671875,86,0,0.999460,0.010929,-0.032851,-0.012939,-0.028434,0.016349,0.991169,31.06278,-4.53179,-40.83840,focus,good
1783252821.679688,87,0,0.999462,0.010838,-0.032801,-0.013063,-0.011086,0.000301,0.992346,31.06129,-4.53102,-40.83809,focus,good
1783252821.687500,88,0,0.999464,0.010746,-0.032751,-0.013187,-0.019744,0.014838,0.988080,31.05980,-4.53025,-40.83779,focus,good
1783252821.695312,89,0,0.999465,0.010654,-0.032700,-0.013309,-0.020903,-0.001366,0.983203,31.05831,-4.52948,-40.83748,focus,good
1783252821.703125,90,0,0.999467,0.010561,-0.032649,-0.013431,-0.011904,0.011160,0.972350,31.05681,-4.52870,-40.83718,focus,good
1783252821.710938,91,0,0.999469,0.010468,-0.032597,-0.013552,-0.013804,0.003796,0.996775,31.05531,-4.52793,-40.83688,focus,good
1783252821.718750,92,0,0.999470,0.010375,-0.032545,-0.013672,-0.018629,0.013612,0.986366,31.05381,-4.52716,-40.83658,focus,good
1783252821.726562,93,0,0.999472,0.010282,-0.032492,-0.013791,-0.029818,0.015056,0.984546,31.05230,-4.52638,-40.83628,focus,good
1783252821.734375,94,0,0.999474,0.010188,-0.032439,-0.013909,-0.016945,0.011545,0.991969,31.05079,-4.52561,-40.83598,focus,good
1783252821.742188,95,0,0.999475,0.010094,-0.032385,-0.014026,-0.026929,0.003531,0.969881,31.04928,-4.52483,-40.83568,focus,good
1783252821.750000,96,0,0.999477,0.010000,-0.032330,-0.014142,-0.020515,0.006635,0.984464,31.04776,-4.52406,-40.83538,focus,good
1783252821.757812,97,0,0.999479,0.009905,-0.032275,-0.014257,-0.014846,0.012348,0.987474,31.04624,-4.52328,-40.83509,focus,good
1783252821.765625,98,0,0.999481,0.009810,-0.032220,-0.014372,-0.022082,-0.001374,0.984872,31.04472,-4.52250,-40.83479,focus,good
1783252821.773438,99,0,0.999483,0.009715,-0.032163,-0.014485,-0.010689,0.019055,0.979831,31.04320,-4.52173,-40.83450,focus,good
1783252821.781250,100,0,0.999484,0.009620,-0.032107,-0.014597,-0.031583,0.012746,0.988895,31.04167,-4.52095,-40.83421,focus,good
1783252821.789062,101,0,0.999486,0.009524,-0.032050,-0.014709,-0.019459,0.002479,0.977745,31.04014,-4.52017,-40.83392,focus,good
1783252821.796875,102,0,0.999488,0.009428,-0.031992,-0.014819,-0.024841,0.002743,0.990927,31.03861,-4.51940,-40.83363,focus,good
1783252821.804688,103,0,0.999490,0.009331,-0.031934,-0.014928,-0.001936,0.015716,0.986663,31.03708,-4.51862,-40.83334,focus,good
1783252821.812500,104,0,0.999492,0.009235,-0.031875,-0.015037,-0.030852,-0.002177,0.980197,31.03554,-4.51784,-40.83305,focus,good
1783252821.820312,105,0,0.999494,0.009138,-0.031816,-0.015144,-0.016218,0.015661,0.980750,31.03400,-4.51706,-40.83277,focus,good
1783252821.828125,106,0,0.999496,0.009041,-0.031756,-0.015251,-0.003201,0.001137,0.977720,31.03246,-4.51628,-40.83248,focus,good
1783252821.835938,107,0,0.999498,0.008943,-0.031695,-0.015356,-0.020296,0.014094,0.987053,31.03092,-4.51551,-40.83220,focus,good
1783252821.843750,108,0,0.999500,0.008846,-0.031634,-0.015460,-0.014592,-0.000572,0.987279,31.02937,-4.51473,-40.83192,focus,good
1783252821.851562,109,0,0.999501,0.008748,-0.031573,-0.015563,-0.001446,-0.007181,0.990985,31.02783,-4.51395,-40.83163,focus,good
1783252821.859375,110,0,0.999503,0.008649,-0.031511,-0.015666,-0.010807,0.007304,0.977510,31.02628,-4.51317,-40.83135,focus,good
1783252821.867188,111,0,0.999505,0.008551,-0.031448,-0.015767,-0.016107,0.007697,0.998038,31.02473,-4.51239,-40.83107,focus,good
1783252821.875000,112,0,0.999507,0.008452,-0.031385,-0.015867,-0.005772,0.011192,0.988473,31.02318,-4.51161,-40.83080,focus,good
1783252821.882812,113,0,0.999509,0.008353,-0.031322,-0.015966,-0.029103,0.005753,0.980663,31.02162,-4.51083,-40.83052,focus,good
1783252821.890625,114,0,0.999511,0.008254,-0.031258,-0.016064,-0.014540,0.009849,1.001695,31.02007,-4.51005,-40.83024,focus,good
1783252821.898438,115,0,0.999513,0.008155,-0.031193,-0.016161,-0.018951,0.006965,0.985323,31.01852,-4.50927,-40.82997,focus,good
1783252821.906250,116,0,0.999515,0.008055,-0.031128,-0.016257,-0.011917,0.010211,0.987831,31.01696,-4.50849,-40.82969,focus,good
1783252821.914062,117,0,0.999517,0.007955,-0.031062,-0.016352,-0.032686,0.008314,0.989321,31.01540,-4.50771,-40.82942,focus,good
1783252821.921875,118,0,0.999520,0.007855,-0.030996,-0.016445,-0.027237,0.018790,0.979752,31.01384,-4.50693,-40.82915,focus,good
1783252821.929688,119,0,0.999522,0.007754,-0.030930,-0.016538,-0.021206,0.003934,0.989940,31.01228,-4.50615,-40.82888,focus,good
1783252821.937500,120,0,0.999524,0.007654,-0.030862,-0.016629,-0.018730,0.009740,0.997887,31.01072,-4.50536,-40.82861,focus,good
1783252821.945312,121,0,0.999526,0.007553,-0.030795,-0.016720,-0.017769,0.005263,0.986061,31.00916,-4.50458,-40.82834,focus,good
1783252821.953125,122,0,0.999528,0.007452,-0.030726,-0.016809,-0.012698,-0.011922,0.980450,31.00760,-4.50380,-40.82808,focus,good
1783252821.960938,123,0,0.999530,0.007350,-0.030658,-0.016897,-0.008124,0.014154,0.979682,31.00604,-4.50302,-40.82781,focus,good
1783252821.968750,124,0,0.999532,0.007249,-0.030588,-0.016984,-0.027263,0.014782,0.985996,31.00448,-4.50224,-40.82755,focus,good
1783252821.976562,125,0,0.999534,0.007147,-0.030519,-0.017070,-0.032250,0.002894,0.981440,31.00292,-4.50146,-40.82728,focus,good
1783252821.984375,126,0,0.999536,0.007045,-0.030448,-0.017155,-0.023866,0.000506,0.986857,31.00135,-4.50068,-40.82702,focus,good
1783252821.992188,127,0,0.999538,0.006943,-0.030378,-0.017238,-0.010470,0.004261,0.992591,30.99979,-4.49990,-40.82676,focus,good
1783252822.000000,0,0,0.999541,0.006840,-0.030306,-0.017321,-0.021285,0.006179,0.989095,30.99823,-4.49911,-40.82650,focus,good
1783252822.007812,1,0,0.999543,0.006738,-0.030234,-0.017402,-0.002183,-0.001721,0.979797,30.99667,-4.49833,-40.82624,focus,good
1783252822.015625,2,0,0.999545,0.006635,-0.030162,-0.017482,-0.006680,0.002279,0.988470,30.99511,-4.49755,-40.82598,focus,good
1783252822.023438,3,0,0.999547,0.006532,-0.030089,-0.017561,-0.011887,-0.015737,0.986667,30.99354,-4.49677,-40.82573,focus,good
1783252822.031250,4,0,0.999549,0.006429,-0.030016,-0.017638,-0.019130,0.006975,0.985692,30.99198,-4.49599,-40.82547,focus,good
1783252822.039062,5,0,0.999552,0.006325,-0.029942,-0.017715,-0.022324,0.001512,0.985656,30.99042,-4.49521,-40.82522,focus,good
1783252822.046875,6,0,0.999554,0.006222,-0.029868,-0.017790,-0.015667,-0.001860,0.987347,30.98886,-4.49443,-40.82497,focus,good
1783252822.054688,7,0,0.999556,0.006118,-0.029793,-0.017864,-0.023424,0.012427,0.989870,30.98730,-4.49365,-40.82472,focus,good
1783252822.062500,8,0,0.999558,0.006014,-0.029718,-0.017937,-0.014312,0.007567,0.989080,30.98574,-4.49287,-40.82447,focus,good
1783252822.070312,9,0,0.999561,0.005910,-0.029642,-0.018009,-0.001682,-0.022963,0.992457,30.98418,-4.49209,-40.82422,focus,good
1783252822.078125,10,0,0.999563,0.005806,-0.029566,-0.018080,-0.000488,-0.009676,0.989982,30.98263,-4.49131,-40.82397,focus,good
1783252822.085938,11,0,0.999565,0.005701,-0.029489,-0.018149,-0.020350,0.008335,1.002803,30.98107,-4.49052,-40.82372,focus,good
1783252822.093750,12,0,0.999567,0.005597,-0.029411,-0.018217,-0.005509,-0.006276,0.995758,30.97952,-4.48974,-40.82348,focus,good
1783252822.101562,13,0,0.999570,0.005492,-0.029334,-0.018284,-0.010892,-0.004643,0.988308,30.97796,-4.48896,-40.82323,focus,good
1783252822.109375,14,0,0.999572,0.005387,-0.029255,-0.018350,-0.007322,-0.012320,1.001052,30.97641,-4.48818,-40.82299,focus,good
1783252822.117188,15,0,0.999574,0.005282,-0.029177,-0.018414,-0.008119,-0.014565,0.978926,30.97486,-4.48740,-40.82275,focus,good
1783252822.125000,16,0,0.999577,0.005176,-0.029097,-0.018478,-0.012863,-0.007549,1.000588,30.97331,-4.48662,-40.82251,focus,good
1783252822.132812,17,0,0.999579,0.005071,-0.029018,-0.018540,-0.026151,-0.007035,0.991960,30.97176,-4.48585,-40.82227,focus,good
1783252822.140625,18,0,0.999581,0.004965,-0.028937,-0.018600,-0.022035,-0.011004,0.996794,30.97022,-4.48507,-40.82203,focus,good
1783252822.148438,19,0,0.999584,0.004860,-0.028857,-0.018660,-0.022919,-0.000668,0.988283,30.96867,-4.48429,-40.82179,focus,good
1783252822.156250,20,0,0.999586,0.004754,-0.028775,-0.018718,-0.017907,-0.003390,0.996661,30.96713,-4.48351,-40.82156,focus,good
1783252822.164062,21,0,0.999588,0.004648,-0.028694,-0.018775,-0.011131,0.002079,0.988369,30.96559,-4.48273,-40.82132,focus,good
1783252822.171875,22,0,0.999591,0.004542,-0.028612,-0.018831,-0.004160,-0.000144,0.993713,30.96405,-4.48195,-40.82109,focus,good
1783252822.179688,23,0,0.999593,0.004435,-0.028529,-0.018885,-0.007837,-0.008701,0.992957,30.96252,-4.48117,-40.82086,focus,good
1783252822.187500,24,0,0.999595,0.004329,-0.028446,-0.018939,-0.014351,0.004233,0.991532,30.96098,-4.48040,-40.82063,focus,good
1783252822.195312,25,0,0.999598,0.004222,-0.028362,-0.018991,-0.003311,0.002973,1.009178,30.95945,-4.47962,-40.82040,focus,good
1783252822.203125,26,0,0.999600,0.004116,-0.028278,-0.019041,-0.010356,-0.013535,1.001504,30.95792,-4.47884,-40.82017,focus,good
1783252822.210938,27,0,0.999602,0.004009,-0.028194,-0.019091,-0.021866,-0.015308,0.996277,30.95640,-4.47807,-40.81994,focus,good
1783252822.218750,28,0,0.999605,0.003902,-0.028109,-0.019139,-0.005891,0.003744,0.994727,30.95487,-4.47729,-40.81971,focus,good
1783252822.226562,29,0,0.999607,0.003795,-0.028023,-0.019186,0.002820,-0.014284,1.000123,30.95335,-4.47651,-40.81949,focus,good
1783252822.234375,30,0,0.999610,0.003688,-0.027937,-0.019231,-0.006419,-0.011343,0.999315,30.95183,-4.47574,-40.81927,focus,good
1783252822.242188,31,0,0.999612,0.003580,-0.027851,-0.019276,-0.013779,-0.004985,0.993483,30.95032,-4.47496,-40.81904,focus,good
1783252822.250000,32,0,0.999615,0.003473,-0.027764,-0.019319,-0.012672,-0.016193,0.989758,30.94881,-4.47419,-40.81882,focus,good
1783252822.257812,33,0,0.999617,0.003365,-0.027676,-0.019360,-0.010357,0.000133,0.993441,30.94730,-4.47341,-40.81860,focus,good
1783252822.265625,34,0,0.999619,0.003258,-0.027589,-0.019401,0.009232,-0.003337,1.001943,30.94579,-4.47264,-40.81838,focus,good
1783252822.273438,35,0,0.999622,0.003150,-0.027500,-0.019440,-0.005683,-0.015622,0.999539,30.94429,-4.47186,-40.81817,focus,good
1783252822.281250,36,0,0.999624,0.003042,-0.027412,-0.019478,0.007790,0.003260,0.995755,30.94279,-4.47109,-40.81795,focus,good
1783252822.289062,37,0,0.999627,0.002935,-0.027322,-0.019514,-0.010049,0.000796,1.005553,30.94129,-4.47032,-40.81773,focus,good
1783252822.296875,38,0,0.999629,0.002827,-0.027233,-0.019549,-0.011257,0.003632,0.994629,30.93980,-4.46955,-40.81752,focus,good
1783252822.304688,39,0,0.999632,0.002719,-0.027143,-0.019583,-0.001677,-0.008951,1.007978,30.93831,-4.46877,-40.81731,focus,good
1783252822.312500,40,0,0.999634,0.002611,-0.027052,-0.019616,-0.006253,-0.003228,0.997903,30.93683,-4.46800,-40.81710,focus,good
1783252822.320312,41,0,0.999636,0.002502,-0.026961,-0.019647,0.002554,-0.003681,0.994645,30.93535,-4.46723,-40.81689,focus,good
1783252822.328125,42,0,0.999639,0.002394,-0.026870,-0.019677,-0.000824,-0.008805,1.002103,30.93387,-4.46646,-40.81668,focus,good
1783252822.335938,43,0,0.999641,0.002286,-0.026778,-0.019706,-0.003454,-0.005431,1.002792,30.93240,-4.46569,-40.81647,focus,good
1783252822.343750,44,0,0.999644,0.002177,-0.026685,-0.019733,-0.007503,-0.017443,0.988835,30.93093,-4.46492,-40.81626,focus,good
1783252822.351562,45,0,0.999646,0.002069,-0.026592,-0.019759,-0.003579,-0.004509,0.989760,30.92947,-4.46415,-40.81606,focus,good
1783252822.359375,46,0,0.999649,0.001960,-0.026499,-0.019784,-0.004602,0.002668,1.000583,30.92801,-4.46339,-40.81585,focus,good
1783252822.367188,47,0,0.999651,0.001852,-0.026406,-0.019807,-0.003780,-0.003292,0.994089,30.92655,-4.46262,-40.81565,focus,good
1783252822.375000,48,0,0.999654,0.001743,-0.026311,-0.019829,-0.003496,-0.010270,0.998239,30.92510,-4.46185,-40.81545,focus,good
1783252822.382812,49,0,0.999656,0.001634,-0.026217,-0.019850,-0.002867,-0.019312,1.001438,30.92365,-4.46108,-40.81525,focus,good
1783252822.390625,50,0,0.999659,0.001526,-0.026122,-0.019869,0.009235,-0.016679,1.007921,30.92221,-4.46032,-40.81505,focus,good
1783252822.398438,51,0,0.999661,0.001417,-0.026026,-0.019887,-0.005641,-0.005036,0.999987,30.92078,-4.45955,-40.81485,focus,good
1783252822.406250,52,0,0.999664,0.001308,-0.025930,-0.019904,0.009859,-0.009635,1.005139,30.91934,-4.45879,-40.81466,focus,good
1783252822.414062,53,0,0.999666,0.001199,-0.025834,-0.019919,-0.005253,-0.026395,0.998795,30.91792,-4.45802,-40.81446,focus,good
1783252822.421875,54,0,0.999669,0.001090,-0.025737,-0.019933,-0.001900,0.003019,1.002706,30.91649,-4.45726,-40.81427,focus,good
1783252822.429688,55,0,0.999671,0.000981,-0.025640,-0.019946,-0.001360,-0.002234,0.993054,30.91508,-4.45650,-40.81408,focus,good
1783252822.437500,56,0,0.999674,0.000872,-0.025542,-0.019957,0.016892,0.003697,1.008072,30.91366,-4.45573,-40.81388,focus,good
1783252822.445312,57,0,0.999676,0.000763,-0.025444,-0.019967,0.002456,-0.014276,0.999160,30.91226,-4.45497,-40.81369,focus,good
1783252822.453125,58,0,0.999679,0.000654,-0.025346,-0.019976,0.008125,-0.015201,1.004089,30.91086,-4.45421,-40.81351,focus,good
1783252822.460938,59,0,0.999681,0.000545,-0.025247,-0.019983,-0.006733,-0.016220,0.995401,30.90946,-4.45345,-40.81332,focus,good
1783252822.468750,60,0,0.999684,0.000436,-0.025148,-0.019989,0.012425,-0.022809,1.012694,30.90807,-4.45269,-40.81313,focus,good
1783252822.476562,61,0,0.999686,0.000327,-0.025048,-0.019994,-0.003288,0.010078,0.995233,30.90669,-4.45193,-40.81295,focus,good
1783252822.484375,62,0,0.999689,0.000218,-0.024948,-0.019997,0.009949,-0.005449,0.995854,30.90531,-4.45118,-40.81276,focus,good
1783252822.492188,63,0,0.999691,0.000109,-0.024847,-0.019999,0.001068,0.002555,0.995030,30.90393,-4.45042,-40.81258,focus,good
1783252822.500000,64,0,0.999694,0.000000,-0.024746,-0.020000,0.013330,-0.013840,1.001231,30.90257,-4.44966,-40.81240,focus,good
1783252822.507812,65,0,0.999696,-0.000109,-0.024645,-0.019999,-0.006465,-0.002001,1.007077,30.90120,-4.44891,-40.81222,focus,good
1783252822.515625,66,0,0.999699,-0.000218,-0.024543,-0.019997,0.009356,-0.014935,1.003976,30.89985,-4.44815,-40.81204,focus,good
1783252822.523438,67,0,0.999701,-0.000327,-0.024441,-0.019994,-0.004644,-0.015489,1.004058,30.89850,-4.44740,-40.81186,focus,good
1783252822.531250,68,0,0.999704,-0.000436,-0.024338,-0.019989,0.010975,-0.003969,0.994942,30.89716,-4.44664,-40.81169,focus,good
1783252822.539062,69,0,0.999706,-0.000545,-0.024235,-0.019983,0.004904,-0.009209,1.002495,30.89582,-4.44589,-40.81151,focus,good
1783252822.546875,70,0,0.999709,-0.000654,-0.024132,-0.019976,0.012645,-0.015808,1.013730,30.89449,-4.44514,-40.81134,focus,good
1783252822.554688,71,0,0.999711,-0.000763,-0.024028,-0.019967,0.011179,0.003087,1.005485,30.89316,-4.44439,-40.81117,focus,good
1783252822.562500,72,0,0.999714,-0.000872,-0.023923,-0.019957,0.015362,-0.011575,0.998297,30.89185,-4.44364,-40.81100,focus,good
1783252822.570312,73,0,0.999716,-0.000981,-0.023819,-0.019946,-0.004051,-0.000418,1.004590,30.89054,-4.44289,-40.81083,focus,good
1783252822.578125,74,0,0.999719,-0.001090,-0.023714,-0.019933,0.007038,-0.021098,0.995693,30.88923,-4.44214,-40.81066,focus,good
1783252822.585938,75,0,0.999721,-0.001199,-0.023608,-0.019919,0.022194,-0.020038,1.011329,30.88793,-4.44139,-40.81049,focus,good
1783252822.593750,76,0,0.999724,-0.001308,-0.023502,-0.019904,0.000185,0.013332,1.006977,30.88664,-4.44065,-40.81033,focus,good
1783252822.601562,77,0,0.999726,-0.001417,-0.023396,-0.019887,0.019511,-0.005735,1.010886,30.88536,-4.43990,-40.81016,focus,good
1783252822.609375,78,0,0.999729,-0.001526,-0.023290,-0.019869,0.014533,0.003345,1.000876,30.88408,-4.43916,-40.81000,focus,good
1783252822.617188,79,0,0.999731,-0.001634,-0.023182,-0.019850,0.009098,-0.005739,1.017680,30.88281,-4.43841,-40.80984,focus,good
1783252822.625000,80,0,0.999734,-0.001743,-0.023075,-0.019829,0.000018,-0.014490,1.007796,30.88155,-4.43767,-40.80968,focus,good
1783252822.632812,81,0,0.999736,-0.001852,-0.022967,-0.019807,0.014663,-0.009013,1.007711,30.88029,-4.43693,-40.80952,focus,good
1783252822.640625,82,0,0.999739,-0.001960,-0.022859,-0.019784,0.009113,-0.005277,1.002759,30.87905,-4.43619,-40.80936,focus,good
1783252822.648438,83,0,0.999741,-0.002069,-0.022750,-0.019759,0.002212,-0.016634,1.007950,30.87781,-4.43545,-40.80920,focus,good
1783252822.656250,84,0,0.999744,-0.002177,-0.022642,-0.019733,0.024759,0.006816,1.003978,30.87657,-4.43471,-40.80905,focus,good
1783252822.664062,85,0,0.999746,-0.002286,-0.022532,-0.019706,-0.000579,-0.010551,1.010502,30.87535,-4.43397,-40.80889,focus,good
1783252822.671875,86,0,0.999749,-0.002394,-0.022422,-0.019677,0.019510,-0.007794,1.018107,30.87413,-4.43323,-40.80874,focus,good
1783252822.679688,87,0,0.999751,-0.002502,-0.022312,-0.019647,0.013683,-0.008983,1.009952,30.87292,-4.43250,-40.80859,focus,good
1783252822.687500,88,0,0.999754,-0.002611,-0.022202,-0.019616,0.011969,-0.014200,1.012272,30.87172,-4.43176,-40.80844,focus,good
1783252822.695312,89,0,0.999756,-0.002719,-0.022091,-0.019583,0.007259,-0.008932,0.999590,30.87052,-4.43103,-40.80829,focus,good
1783252822.703125,90,0,0.999758,-0.002827,-0.021980,-0.019549,0.011695,-0.007347,1.007895,30.86933,-4.43030,-40.80814,focus,good
1783252822.710938,91,0,0.999761,-0.002935,-0.021868,-0.019514,0.005570,0.000711,1.006605,30.86815,-4.42956,-40.80799,focus,good
1783252822.718750,92,0,0.999763,-0.003042,-0.021756,-0.019478,0.010557,-0.018268,1.008982,30.86698,-4.42883,-40.80785,focus,good
1783252822.726562,93,0,0.999766,-0.003150,-0.021644,-0.019440,0.011518,-0.009881,1.011560,30.86582,-4.42810,-40.80770,focus,good
1783252822.734375,94,0,0.999768,-0.003258,-0.021531,-0.019401,0.017403,0.002455,1.006623,30.86467,-4.42738,-40.80756,focus,good
1783252822.742188,95,0,0.999771,-0.003365,-0.021418,-0.019360,0.019523,-0.002104,1.013749,30.86352,-4.42665,-40.80742,focus,good
1783252822.750000,96,0,0.999773,-0.003473,-0.021305,-0.019319,0.008093,-0.004092,1.016383,30.86238,-4.42592,-40.80728,focus,good
1783252822.757812,97,0,0.999775,-0.003580,-0.021191,-0.019276,0.013107,-0.009651,0.997730,30.86125,-4.42520,-40.80714,focus,good
1783252822.765625,98,0,0.999778,-0.003688,-0.021077,-0.019231,0.026555,0.000685,1.009327,30.86013,-4.42447,-40.80700,focus,good
1783252822.773438,99,0,0.999780,-0.003795,-0.020963,-0.019186,0.017814,-0.011820,0.996046,30.85902,-4.42375,-40.80687,focus,good
1783252822.781250,100,0,0.999783,-0.003902,-0.020848,-0.019139,0.019017,-0.002634,1.016870,30.85792,-4.42303,-40.80673,focus,good
1783252822.789062,101,0,0.999785,-0.004009,-0.020733,-0.019091,0.015071,-0.006760,1.014514,30.85682,-4.42231,-40.80660,focus,good
1783252822.796875,102,0,0.999787,-0.004116,-0.020617,-0.019041,0.006458,-0.011534,1.006032,30.85573,-4.42159,-40.80647,focus,good
1783252822.804688,103,0,0.999790,-0.004222,-0.020501,-0.018991,0.011173,-0.011633,1.003106,30.85466,-4.42087,-40.80634,focus,good
1783252822.812500,104,0,0.999792,-0.004329,-0.020385,-0.018939,0.023580,-0.014658,1.009663,30.85359,-4.42015,-40.80621,focus,good
1783252822.820312,105,0,0.999795,-0.004435,-0.020269,-0.018885,0.010421,-0.000299,1.013055,30.85253,-4.41944,-40.80608,focus,good
1783252822.828125,106,0,0.999797,-0.004542,-0.020152,-0.018831,0.008651,-0.002259,1.014898,30.85148,-4.41872,-40.80595,focus,good
1783252822.835938,107,0,0.999799,-0.004648,-0.020035,-0.018775,0.019210,-0.012832,1.013827,30.85043,-4.41801,-40.80583,focus,good
1783252822.843750,108,0,0.999802,-0.004754,-0.019917,-0.018718,0.015850,-0.014842,1.008641,30.84940,-4.41730,-40.80570,focus,good
1783252822.851562,109,0,0.999804,-0.004860,-0.019799,-0.018660,0.012382,-0.012923,1.010837,30.84838,-4.41659,-40.80558,focus,good
1783252822.859375,110,0,0.999806,-0.004965,-0.019681,-0.018600,0.018934,-0.015099,1.013841,30.84736,-4.41588,-40.80546,focus,good
1783252822.867188,111,0,0.999809,-0.005071,-0.019563,-0.018540,0.021417,0.007727,1.016951,30.84636,-4.41517,-40.80534,focus,good
1783252822.875000,112,0,0.999811,-0.005176,-0.019444,-0.018478,0.014953,0.004768,1.013686,30.84536,-4.41446,-40.80522,focus,good
1783252822.882812,113,0,0.999813,-0.005282,-0.019325,-0.018414,0.014912,-0.002205,1.021274,30.84438,-4.41376,-40.80510,focus,good
1783252822.890625,114,0,0.999816,-0.005387,-0.019205,-0.018350,0.013351,-0.012252,1.015303,30.84340,-4.41305,-40.80499,focus,good
1783252822.898438,115,0,0.999818,-0.005492,-0.019085,-0.018284,0.037928,-0.004581,1.020539,30.84243,-4.41235,-40.80487,focus,good
1783252822.906250,116,0,0.999820,-0.005597,-0.018965,-0.018217,0.022649,-0.010245,1.003557,30.84148,-4.41165,-40.80476,focus,good
1783252822.914062,117,0,0.999822,-0.005701,-0.018845,-0.018149,0.018472,-0.008690,1.000018,30.84053,-4.41095,-40.80465,focus,good
1783252822.921875,118,0,0.999825,-0.005806,-0.018724,-0.018080,0.012794,-0.012443,1.029403,30.83959,-4.41025,-40.80453,focus,good
1783252822.929688,119,0,0.999827,-0.005910,-0.018603,-0.018009,0.011500,-0.000539,1.005700,30.83866,-4.40955,-40.80443,focus,good
1783252822.937500,120,0,0.999829,-0.006014,-0.018481,-0.017937,0.014446,-0.006974,1.011169,30.83774,-4.40886,-40.80432,focus,good
1783252822.945312,121,0,0.999831,-0.006118,-0.018360,-0.017864,0.026977,-0.006008,1.019469,30.83683,-4.40816,-40.80421,focus,good
1783252822.953125,122,0,0.999834,-0.006222,-0.018238,-0.017790,0.014184,-0.001793,1.011509,30.83594,-4.40747,-40.80410,focus,good
1783252822.960938,123,0,0.999836,-0.006325,-0.018115,-0.017715,0.006497,-0.009051,1.010732,30.83505,-4.40678,-40.80400,focus,good
1783252822.968750,124,0,0.999838,-0.006429,-0.017993,-0.017638,0.015424,-0.003709,1.012933,30.83417,-4.40609,-40.80390,focus,good
1783252822.976562,125,0,0.999840,-0.006532,-0.017870,-0.017561,0.020183,-0.006946,1.015046,30.83330,-4.40540,-40.80380,focus,good
1783252822.984375,126,0,0.999843,-0.006635,-0.017746,-0.017482,0.016377,-0.001948,1.003782,30.83244,-4.40471,-40.80370,focus,good
1783252822.992188,127,0,0.999845,-0.006738,-0.017623,-0.017402,0.015386,-0.006049,1.009744,30.83159,-4.40402,-40.80360,focus,good
1783252823.000000,0,0,0.999847,-0.006840,-0.017499,-0.017321,0.010884,-0.008033,1.024621,30.83076,-4.40334,-40.80350,focus,good
1783252823.007812,1,0,0.999849,-0.006943,-0.017375,-0.017238,0.018160,-0.011531,1.023298,30.82993,-4.40266,-40.80340,focus,good
1783252823.015625,2,0,0.999851,-0.007045,-0.017251,-0.017155,0.017851,-0.011864,1.016554,30.82911,-4.40197,-40.80331,focus,good
1783252823.023438,3,0,0.999853,-0.007147,-0.017126,-0.017070,0.009250,-0.005431,1.014133,30.82830,-4.40129,-40.80321,focus,good
1783252823.031250,4,0,0.999855,-0.007249,-0.017001,-0.016984,0.025435,0.015128,1.010005,30.82751,-4.40062,-40.80312,focus,good
1783252823.039062,5,0,0.999858,-0.007350,-0.016876,-0.016897,0.015842,0.004863,1.009893,30.82672,-4.39994,-40.80303,focus,good
1783252823.046875,6,0,0.999860,-0.007452,-0.016750,-0.016809,0.028312,-0.005769,1.018440,30.82595,-4.39926,-40.80294,focus,good
1783252823.054688,7,0,0.999862,-0.007553,-0.016624,-0.016720,0.026336,0.019900,1.011585,30.82518,-4.39859,-40.80285,focus,good
1783252823.062500,8,0,0.999864,-0.007654,-0.016498,-0.016629,0.005598,-0.004688,1.016104,30.82443,-4.39792,-40.80277,focus,good
1783252823.070312,9,0,0.999866,-0.007754,-0.016372,-0.016538,0.025475,0.010309,1.016225,30.82369,-4.39724,-40.80268,focus,good
1783252823.078125,10,0,0.999868,-0.007855,-0.016245,-0.016445,0.022200,0.000514,1.012978,30.82296,-4.39658,-40.80260,focus,good
1783252823.085938,11,0,0.999870,-0.007955,-0.016118,-0.016352,0.003744,0.002034,1.021376,30.82223,-4.39591,-40.80251,focus,good
1783252823.093750,12,0,0.999872,-0.008055,-0.015991,-0.016257,0.025583,0.001201,1.011767,30.82152,-4.39524,-40.80243,focus,good
1783252823.101562,13,0,0.999874,-0.008155,-0.015863,-0.016161,0.017025,0.003310,1.020264,30.82082,-4.39458,-40.80235,focus,good
1783252823.109375,14,0,0.999876,-0.008254,-0.015736,-0.016064,0.017346,-0.012427,1.016568,30.82013,-4.39391,-40.80227,focus,good
1783252823.117188,15,0,0.999878,-0.008353,-0.015608,-0.015966,0.007614,-0.004535,1.016755,30.81946,-4.39325,-40.80219,focus,good
1783252823.125000,16,0,0.999880,-0.008452,-0.015479,-0.015867,0.032161,-0.001232,1.024624,30.81879,-4.39259,-40.80212,focus,good
1783252823.132812,17,0,0.999882,-0.008551,-0.015351,-0.015767,0.020176,0.009361,1.018085,30.81813,-4.39193,-40.80204,focus,good
1783252823.140625,18,0,0.999884,-0.008649,-0.015222,-0.015666,0.019273,-0.001242,1.019241,30.81749,-4.39128,-40.80197,focus,good
1783252823.148438,19,0,0.999886,-0.008748,-0.015093,-0.015563,0.004676,0.001860,1.010305,30.81686,-4.39062,-40.80190,focus,good
1783252823.156250,20,0,0.999888,-0.008846,-0.014964,-0.015460,0.029149,0.018866,1.023160,30.81623,-4.38997,-40.80183,focus,good
1783252823.164062,21,0,0.999890,-0.008943,-0.014834,-0.015356,0.017526,-0.002793,1.011727,30.81562,-4.38932,-40.80176,focus,good
1783252823.171875,22,0,0.999892,-0.009041,-0.014705,-0.015251,0.019955,0.006456,1.019652,30.81502,-4.38867,-40.80169,focus,good
1783252823.179688,23,0,0.999894,-0.009138,-0.014575,-0.015144,0.016314,0.013304,1.024906,30.81444,-4.38802,-40.80162,focus,good
1783252823.187500,24,0,0.999896,-0.009235,-0.014444,-0.015037,0.013619,0.006600,1.015996,30.81386,-4.38737,-40.80156,focus,good
1783252823.195312,25,0,0.999898,-0.009331,-0.014314,-0.014928,0.017708,0.009047,1.012371,30.81329,-4.38673,-40.80149,focus,good
1783252823.203125,26,0,0.999899,-0.009428,-0.014183,-0.014819,0.018356,-0.006320,1.013850,30.81274,-4.38609,-40.80143,focus,good
1783252823.210938,27,0,0.999901,-0.009524,-0.014052,-0.014709,0.024820,0.005579,1.008576,30.81219,-4.38544,-40.80137,focus,good
1783252823.218750,28,0,0.999903,-0.009620,-0.013921,-0.014597,0.010794,-0.001526,1.027750,30.81166,-4.38480,-40.80131,focus,good
1783252823.226562,29,0,0.999905,-0.009715,-0.013789,-0.014485,0.011866,-0.000384,1.005773,30.81114,-4.38417,-40.80125,focus,good
1783252823.234375,30,0,0.999907,-0.009810,-0.013658,-0.014372,0.019348,0.007256,1.004929,30.81063,-4.38353,-40.80119,focus,good
1783252823.242188,31,0,0.999909,-0.009905,-0.013526,-0.014257,0.025991,0.003838,1.022082,30.81014,-4.38290,-40.80113,focus,good
1783252823.250000,32,0,0.999910,-0.010000,-0.013394,-0.014142,0.035492,0.007709,1.014924,30.80965,-4.38226,-40.80108,focus,good
1783252823.257812,33,0,0.999912,-0.010094,-0.013261,-0.014026,0.017937,-0.005672,1.019014,30.80918,-4.38163,-40.80103,focus,good
1783252823.265625,34,0,0.999914,-0.010188,-0.013129,-0.013909,0.013061,-0.003239,1.011226,30.80872,-4.38100,-40.80097,focus,good
1783252823.273438,35,0,0.999916,-0.010282,-0.012996,-0.013791,0.003052,0.004572,1.013253,30.80827,-4.38038,-40.80092,focus,good
1783252823.281250,36,0,0.999917,-0.010375,-0.012863,-0.013672,0.024627,0.015139,1.004922,30.80783,-4.37975,-40.80087,focus,good
1783252823.289062,37,0,0.999919,-0.010468,-0.012729,-0.013552,0.023311,0.009598,1.014401,30.80740,-4.37913,-40.80083,focus,good
1783252823.296875,38,0,0.999921,-0.010561,-0.012596,-0.013431,0.020363,-0.011089,1.010036,30.80699,-4.37851,-40.80078,focus,good
1783252823.304688,39,0,0.999922,-0.010654,-0.012462,-0.013309,0.014724,0.009761,1.016505,30.80658,-4.37789,-40.80073,focus,good
1783252823.312500,40,0,0.999924,-0.010746,-0.012328,-0.013187,0.014756,0.001982,1.005799,30.80619,-4.37727,-40.80069,focus,good
1783252823.320312,41,0,0.999926,-0.010838,-0.012194,-0.013063,0.013944,0.011899,1.011717,30.80581,-4.37665,-40.80065,focus,good
1783252823.328125,42,0,0.999927,-0.010929,-0.012060,-0.012939,0.022588,-0.013782,1.009806,30.80544,-4.37604,-40.80061,focus,good
1783252823.335938,43,0,0.999929,-0.011020,-0.011926,-0.012814,0.023371,0.003169,1.012250,30.80509,-4.37543,-40.80057,focus,good
1783252823.343750,44,0,0.999930,-0.011111,-0.011791,-0.012688,0.035823,0.018032,1.011558,30.80474,-4.37482,-40.80053,focus,good
1783252823.351562,45,0,0.999932,-0.011202,-0.011656,-0.012561,0.012230,0.000493,1.019200,30.80441,-4.37421,-40.80049,focus,good
1783252823.359375,46,0,0.999934,-0.011292,-0.011521,-0.012433,0.029897,0.005937,1.017153,30.80409,-4.37360,-40.80046,focus,good
1783252823.367188,47,1,0.999935,-0.011382,-0.011386,-0.012305,0.020279,-0.002050,1.012316,30.80378,-4.37300,-40.80042,focus,good
1783252823.375000,48,0,0.999937,-0.011471,-0.011250,-0.012175,0.026617,0.015565,1.003147,30.80348,-4.37240,-40.80039,focus,good
1783252823.382812,49,0,0.999938,-0.011560,-0.011114,-0.012045,0.020322,0.010768,1.017133,30.80320,-4.37180,-40.80036,focus,good
1783252823.390625,50,0,0.999940,-0.011649,-0.010979,-0.011914,-0.004911,0.011432,1.011864,30.80293,-4.37120,-40.80033,focus,good
1783252823.398438,51,0,0.999941,-0.011738,-0.010843,-0.011782,0.011268,0.034914,1.024549,30.80267,-4.37060,-40.80030,focus,good
1783252823.406250,52,0,0.999943,-0.011826,-0.010706,-0.011650,0.002465,0.018854,1.019049,30.80242,-4.37001,-40.80027,focus,good
1783252823.414062,53,0,0.999944,-0.011914,-0.010570,-0.011516,0.013417,0.007827,1.025417,30.80218,-4.36941,-40.80024,focus,good
1783252823.421875,54,0,0.999946,-0.012001,-0.010433,-0.011382,0.009834,-0.002826,1.017217,30.80196,-4.36882,-40.80022,focus,good
1783252823.429688,55,0,0.999947,-0.012088,-0.010297,-0.011247,0.006169,0.000838,1.019072,30.80175,-4.36823,-40.80019,focus,good
1783252823.437500,56,0,0.999948,-0.012175,-0.010160,-0.011111,0.014244,0.004575,1.021741,30.80155,-4.36765,-40.80017,focus,good
1783252823.445312,57,0,0.999950,-0.012261,-0.010023,-0.010975,0.021266,0.018382,1.010756,30.80136,-4.36706,-40.80015,focus,good
1783252823.453125,58,0,0.999951,-0.012347,-0.009885,-0.010838,0.012539,-0.017708,1.020338,30.80118,-4.36648,-40.80013,focus,good
1783252823.460938,59,0,0.999952,-0.012433,-0.009748,-0.010700,0.013620,0.010491,1.022812,30.80102,-4.36590,-40.80011,focus,good
1783252823.468750,60,0,0.999954,-0.012518,-0.009610,-0.010561,0.011609,0.011966,1.021803,30.80087,-4.36532,-40.80010,focus,good
1783252823.476562,61,0,0.999955,-0.012603,-0.009473,-0.010422,0.020113,-0.005233,1.014813,30.80073,-4.36474,-40.80008,focus,good
1783252823.484375,62,0,0.999956,-0.012688,-0.009335,-0.010282,0.016666,0.003783,1.014841,30.80060,-4.36417,-40.80007,focus,good
1783252823.492188,63,0,0.999958,-0.012772,-0.009197,-0.010141,0.028144,0.016462,1.012019,30.80049,-4.36360,-40.80005,focus,good
1783252823.500000,64,0,0.999959,-0.012855,-0.009059,-0.010000,0.019304,0.002971,1.010212,30.80038,-4.36303,-40.80004,focus,good
1783252823.507812,65,0,0.999960,-0.012939,-0.008920,-0.009858,0.000681,0.007779,1.009304,30.80029,-4.36246,-40.80003,focus,good
1783252823.515625,66,0,0.999961,-0.013022,-0.008782,-0.009715,0.011727,0.010988,1.011002,30.80021,-4.36189,-40.80002,focus,good
1783252823.523438,67,0,0.999963,-0.013104,-0.008643,-0.009572,0.010349,0.011385,1.008568,30.80015,-4.36133,-40.80002,focus,good
1783252823.531250,68,0,0.999964,-0.013187,-0.008504,-0.009428,0.001429,0.008024,0.998541,30.80009,-4.36077,-40.80001,focus,good
1783252823.539062,69,0,0.999965,-0.013268,-0.008365,-0.009283,0.007731,0.017229,1.016370,30.80005,-4.36021,-40.80001,focus,good
1783252823.546875,70,0,0.999966,-0.013350,-0.008226,-0.009138,0.008422,0.016195,1.016942,30.80002,-4.35965,-40.80000,focus,good
1783252823.554688,71,0,0.999967,-0.013431,-0.008087,-0.008992,-0.000069,0.012464,1.010153,30.80001,-4.35909,-40.80000,focus,good
1783252823.562500,72,0,0.999968,-0.013511,-0.007948,-0.008846,0.006098,0.011307,1.008533,30.80000,-4.35854,-40.80000,focus,good
1783252823.570312,73,0,0.999970,-0.013592,-0.007808,-0.008699,0.012953,0.010608,1.013392,30.80001,-4.35799,-40.80000,focus,good
1783252823.578125,74,0,0.999971,-0.013671,-0.007668,-0.008551,-0.000990,0.005527,1.015575,30.80003,-4.35744,-40.80000,focus,good
1783252823.585938,75,0,0.999972,-0.013751,-0.007529,-0.008403,0.010040,0.003794,1.012179,30.80006,-4.35689,-40.80001,focus,good
1783252823.593750,76,0,0.999973,-0.013830,-0.007389,-0.008254,-0.017307,-0.000320,1.010327,30.80010,-4.35635,-40.80001,focus,good
1783252823.601562,77,0,0.999974,-0.013908,-0.007249,-0.008105,0.013465,0.015978,1.009542,30.80016,-4.35581,-40.80002,focus,good
1783252823.609375,78,0,0.999975,-0.013987,-0.007109,-0.007955,0.014664,0.023022,1.011215,30.80022,-4.35526,-40.80002,focus,good
1783252823.617188,79,0,0.999976,-0.014064,-0.006968,-0.007805,0.002717,0.005357,1.017888,30.80031,-4.35473,-40.80003,focus,good
1783252823.625000,80,0,0.999977,-0.014142,-0.006828,-0.007654,0.008084,0.016812,1.006041,30.80040,-4.35419,-40.80004,focus,good
1783252823.632812,81,0,0.999978,-0.014219,-0.006688,-0.007502,0.001407,0.015715,1.004420,30.80050,-4.35366,-40.80006,focus,good
1783252823.640625,82,0,0.999979,-0.014295,-0.006547,-0.007350,0.008870,0.016557,1.004222,30.80062,-4.35313,-40.80007,focus,good
1783252823.648438,83,0,0.999979,-0.014371,-0.006406,-0.007198,0.001177,0.016050,1.005230,30.80075,-4.35260,-40.80008,focus,good
1783252823.656250,84,0,0.999980,-0.014447,-0.006266,-0.007045,0.012561,0.002636,1.012597,30.80089,-4.35207,-40.80010,focus,good
1783252823.664062,85,0,0.999981,-0.014522,-0.006125,-0.006892,-0.008973,0.017140,1.015132,30.80104,-4.35155,-40.80012,focus,good
1783252823.671875,86,0,0.999982,-0.014597,-0.005984,-0.006738,0.016456,0.005370,0.996753,30.80121,-4.35102,-40.80013,focus,good
1783252823.679688,87,0,0.999983,-0.014671,-0.005843,-0.006584,0.006663,0.012056,1.008922,30.80138,-4.35050,-40.80015,focus,good
1783252823.687500,88,0,0.999984,-0.014745,-0.005701,-0.006429,0.016728,0.004417,1.001026,30.80157,-4.34998,-40.80018,focus,good
1783252823.695312,89,0,0.999985,-0.014818,-0.005560,-0.006274,-0.005994,0.003767,1.014475,30.80178,-4.34947,-40.80020,focus,good
1783252823.703125,90,0,0.999985,-0.014892,-0.005419,-0.006118,0.010578,0.005765,0.999258,30.80199,-4.34896,-40.80022,focus,good
1783252823.710938,91,0,0.999986,-0.014964,-0.005277,-0.005962,0.008497,0.025610,1.004331,30.80222,-4.34845,-40.80025,focus,good
1783252823.718750,92,0,0.999987,-0.015036,-0.005136,-0.005806,0.020073,0.007554,1.011037,30.80245,-4.34794,-40.80027,focus,good
1783252823.726562,93,0,0.999988,-0.015108,-0.004994,-0.005649,0.004049,0.001242,0.996106,30.80270,-4.34743,-40.80030,focus,good
1783252823.734375,94,0,0.999988,-0.015179,-0.004852,-0.005492,0.000610,0.021001,1.008670,30.80297,-4.34693,-40.80033,focus,good
1783252823.742188,95,0,0.999989,-0.015250,-0.004710,-0.005334,0.000186,-0.001987,1.012340,30.80324,-4.34642,-40.80036,focus,good
1783252823.750000,96,0,0.999990,-0.015320,-0.004568,-0.005176,-0.013980,-0.000248,1.011061,30.80353,-4.34593,-40.80039,focus,good
1783252823.757812,97,0,0.999990,-0.015390,-0.004426,-0.005018,-0.005678,0.018451,1.000839,30.80382,-4.34543,-40.80043,focus,good
1783252823.765625,98,0,0.999991,-0.015460,-0.004284,-0.004860,0.008478,0.004949,1.000024,30.80413,-4.34493,-40.80046,focus,good
1783252823.773438,99,0,0.999991,-0.015529,-0.004142,-0.004701,0.004634,0.000859,1.011861,30.80446,-4.34444,-40.80050,focus,good
1783252823.781250,100,0,0.999992,-0.015597,-0.004000,-0.004542,-0.008034,0.001483,1.009742,30.80479,-4.34395,-40.80053,focus,good
1783252823.789062,101,0,0.999993,-0.015665,-0.003858,-0.004382,0.005083,0.003785,1.010399,30.80514,-4.34346,-40.80057,focus,good
1783252823.796875,102,0,0.999993,-0.015733,-0.003715,-0.004222,-0.001614,0.027342,1.013862,30.80549,-4.34298,-40.80061,focus,good
1783252823.804688,103,0,0.999994,-0.015800,-0.003573,-0.004062,0.008240,0.020093,1.007534,30.80586,-4.34250,-40.80065,focus,good
1783252823.812500,104,0,0.999994,-0.015866,-0.003431,-0.003902,-0.002608,-0.005237,1.016624,30.80625,-4.34202,-40.80070,focus,good
1783252823.820312,105,0,0.999995,-0.015933,-0.003288,-0.003741,-0.000129,0.011143,1.011692,30.80664,-4.34154,-40.80074,focus,good
1783252823.828125,106,0,0.999995,-0.015998,-0.003146,-0.003580,-0.012929,0.017040,1.014710,30.80704,-4.34106,-40.80079,focus,good
1783252823.835938,107,0,0.999995,-0.016063,-0.003003,-0.003419,0.004383,0.000757,1.003851,30.80746,-4.34059,-40.80083,focus,good
1783252823.843750,108,0,0.999996,-0.016128,-0.002860,-0.003258,-0.003077,-0.006362,1.007615,30.80789,-4.34012,-40.80088,focus,good
1783252823.851562,109,0,0.999996,-0.016192,-0.002718,-0.003096,-0.008188,0.004165,1.006296,30.80833,-4.33965,-40.80093,focus,good
1783252823.859375,110,0,0.999997,-0.016256,-0.002575,-0.002935,-0.005784,0.008857,1.002630,30.80878,-4.33919,-40.80098,focus,good
1783252823.867188,111,0,0.999997,-0.016320,-0.002432,-0.002773,0.005870,0.016188,0.996538,30.80925,-4.33872,-40.80103,focus,good
1783252823.875000,112,0,0.999997,-0.016382,-0.002289,-0.002611,0.001345,0.000361,0.998958,30.80972,-4.33826,-40.80109,focus,good
1783252823.882812,113,0,0.999998,-0.016445,-0.002146,-0.002448,0.006468,-0.001677,0.990131,30.81021,-4.33780,-40.80114,focus,good
1783252823.890625,114,0,0.999998,-0.016506,-0.002003,-0.002286,-0.003397,0.004712,1.009963,30.81071,-4.33735,-40.80120,focus,good
1783252823.898438,115,0,0.999998,-0.016568,-0.001860,-0.002123,0.002180,0.011405,0.998520,30.81122,-4.33689,-40.80126,focus,good
1783252823.906250,116,0,0.999999,-0.016629,-0.001717,-0.001960,-0.009366,-0.004656,0.993915,30.81174,-4.33644,-40.80132,focus,good
1783252823.914062,117,0,0.999999,-0.016689,-0.001574,-0.001797,-0.010022,0.023260,1.013460,30.81227,-4.33599,-40.80138,focus,good
1783252823.921875,118,0,0.999999,-0.016749,-0.001431,-0.001634,0.000113,0.014542,1.005104,30.81282,-4.33555,-40.80144,focus,good
1783252823.929688,119,0,0.999999,-0.016808,-0.001288,-0.001471,0.002762,0.005988,1.010616,30.81337,-4.33511,-40.80150,focus,good
1783252823.937500,120,0,0.999999,-0.016867,-0.001145,-0.001308,0.003350,-0.004005,1.005788,30.81394,-4.33466,-40.80157,focus,good
1783252823.945312,121,0,0.999999,-0.016925,-0.001002,-0.001145,-0.010205,0.011616,1.006329,30.81452,-4.33423,-40.80163,focus,good
1783252823.953125,122,0,1.000000,-0.016983,-0.000859,-0.000981,-0.003469,-0.002149,0.992583,30.81511,-4.33379,-40.80170,focus,good
1783252823.960938,123,0,1.000000,-0.017041,-0.000716,-0.000818,0.005182,0.010830,1.013131,30.81571,-4.33336,-40.80177,focus,good
1783252823.968750,124,0,1.000000,-0.017097,-0.000573,-0.000654,-0.011706,0.005070,0.997988,30.81632,-4.33293,-40.80184,focus,good
1783252823.976562,125,0,1.000000,-0.017154,-0.000430,-0.000491,-0.002221,0.012202,1.003329,30.81695,-4.33250,-40.80191,focus,good
1783252823.984375,126,0,1.000000,-0.017210,-0.000286,-0.000327,-0.015784,-0.000421,1.003054,30.81758,-4.33207,-40.80198,focus,good
1783252823.992188,127,0,1.000000,-0.017265,-0.000143,-0.000164,-0.006904,0.010796,1.008017,30.81823,-4.33165,-40.80205,focus,good
1783252824.000000,0,0,1.000000,-0.017320,-0.000000,-0.000000,-0.007242,0.008340,1.000341,30.81888,-4.33123,-40.80213,focus,good
1783252824.007812,1,0,1.000000,-0.017374,0.000143,0.000164,-0.008943,-0.013581,0.996325,30.81955,-4.33081,-40.80220,focus,good
1783252824.015625,2,0,1.000000,-0.017428,0.000286,0.000327,-0.014559,0.008046,0.999822,30.82023,-4.33040,-40.80228,focus,good
1783252824.023438,3,0,1.000000,-0.017481,0.000430,0.000491,-0.011026,0.002747,1.003954,30.82092,-4.32998,-40.80236,focus,good
1783252824.031250,4,0,1.000000,-0.017534,0.000573,0.000654,-0.011525,-0.007058,0.993732,30.82162,-4.32957,-40.80244,focus,good
1783252824.039062,5,0,1.000000,-0.017586,0.000716,0.000818,-0.007492,0.013927,1.003856,30.82234,-4.32917,-40.80252,focus,good
1783252824.046875,6,0,1.000000,-0.017638,0.000859,0.000981,-0.003513,0.008195,0.994252,30.82306,-4.32876,-40.80261,focus,good
1783252824.054688,7,0,0.999999,-0.017689,0.001002,0.001145,-0.013016,0.003669,0.988791,30.82379,-4.32836,-40.80269,focus,good
1783252824.062500,8,0,0.999999,-0.017739,0.001145,0.001308,-0.022283,-0.000344,0.997378,30.82454,-4.32796,-40.80278,focus,good
1783252824.070312,9,0,0.999999,-0.017789,0.001288,0.001471,-0.009930,0.018368,1.004195,30.82529,-4.32756,-40.80286,focus,good
1783252824.078125,10,0,0.999999,-0.017839,0.001431,0.001634,-0.014543,0.009905,0.990238,30.82606,-4.32717,-40.80295,focus,good
1783252824.085938,11,0,0.999999,-0.017888,0.001574,0.001797,-0.022163,0.005447,0.994273,30.82683,-4.32678,-40.80304,focus,good
1783252824.093750,12,0,0.999999,-0.017936,0.001717,0.001960,-0.018686,0.001385,1.010630,30.82762,-4.32639,-40.80313,focus,good
1783252824.101562,13,0,0.999998,-0.017984,0.001860,0.002123,-0.015524,-0.013768,1.000078,30.82842,-4.32600,-40.80323,focus,good
1783252824.109375,14,0,0.999998,-0.018032,0.002003,0.002286,-0.020907,-0.009818,1.006603,30.82923,-4.32562,-40.80332,focus,good
1783252824.117188,15,0,0.999998,-0.018079,0.002146,0.002448,0.004924,0.000600,0.991620,30.83005,-4.32523,-40.80342,focus,good
1783252824.125000,16,0,0.999997,-0.018125,0.002289,0.002611,-0.019212,0.009575,0.989845,30.83087,-4.32486,-40.80351,focus,good
1783252824.132812,17,0,0.999997,-0.018171,0.002432,0.002773,-0.003486,-0.002214,0.988275,30.83171,-4.32448,-40.80361,focus,good
1783252824.140625,18,0,0.999997,-0.018216,0.002575,0.002935,-0.013349,-0.000412,1.003060,30.83256,-4.32411,-40.80371,focus,good
1783252824.148438,19,0,0.999996,-0.018261,0.002718,0.003096,-0.008922,0.000087,1.001030,30.83342,-4.32374,-40.80381,focus,good
1783252824.156250,20,0,0.999996,-0.018305,0.002860,0.003258,-0.000455,0.006684,0.997360,30.83429,-4.32337,-40.80391,focus,good
1783252824.164062,21,0,0.999995,-0.018349,0.003003,0.003419,-0.012828,0.002496,0.988189,30.83517,-4.32300,-40.80401,focus,good
1783252824.171875,22,0,0.999995,-0.018392,0.003146,0.003580,-0.007806,0.002871,1.003868,30.83606,-4.32264,-40.80412,focus,good
1783252824.179688,23,0,0.999995,-0.018435,0.003288,0.003741,-0.007161,0.008523,0.995327,30.83696,-4.32228,-40.80423,focus,good
1783252824.187500,24,0,0.999994,-0.018477,0.003431,0.003902,-0.018510,-0.014491,0.980455,30.83787,-4.32192,-40.80433,focus,good
1783252824.195312,25,0,0.999994,-0.018518,0.003573,0.004062,-0.011351,-0.000677,0.999098,30.83879,-4.32157,-40.80444,focus,good
1783252824.203125,26,0,0.999993,-0.018559,0.003715,0.004222,-0.020783,0.016163,0.997597,30.83972,-4.32122,-40.80455,focus,good
1783252824.210938,27,0,0.999993,-0.018599,0.003858,0.004382,-0.002916,0.005997,0.991559,30.84066,-4.32087,-40.80466,focus,good
1783252824.218750,28,0,0.999992,-0.018639,0.004000,0.004542,-0.013960,0.005748,0.999184,30.84161,-4.32052,-40.80477,focus,good
1783252824.226562,29,0,0.999991,-0.018678,0.004142,0.004701,-0.008532,0.013315,0.989421,30.84257,-4.32018,-40.80489,focus,good
1783252824.234375,30,0,0.999991,-0.018717,0.004284,0.004860,-0.027805,-0.010189,0.999705,30.84354,-4.31984,-40.80500,focus,good
1783252824.242188,31,0,0.999990,-0.018755,0.004426,0.005018,-0.014800,0.008362,0.984954,30.84452,-4.31950,-40.80512,focus,good
1783252824.250000,32,0,0.999990,-0.018793,0.004568,0.005176,-0.017821,-0.000292,1.000377,30.84550,-4.31917,-40.80524,focus,good
1783252824.257812,33,0,0.999989,-0.018830,0.004710,0.005334,-0.007284,-0.004208,0.989103,30.84650,-4.31883,-40.80536,focus,good
1783252824.265625,34,0,0.999988,-0.018866,0.004852,0.005492,-0.020965,-0.009628,0.988512,30.84751,-4.31850,-40.80548,focus,good
1783252824.273438,35,0,0.999988,-0.018902,0.004994,0.005649,-0.017057,-0.017227,0.987821,30.84852,-4.31818,-40.80560,focus,good
1783252824.281250,36,0,0.999987,-0.018937,0.005136,0.005806,-0.021691,0.002992,0.987556,30.84955,-4.31785,-40.80572,focus,good
1783252824.289062,37,0,0.999986,-0.018972,0.005277,0.005962,-0.016185,-0.001169,0.994129,30.85058,-4.31753,-40.80585,focus,good
1783252824.296875,38,0,0.999985,-0.019006,0.005419,0.006118,-0.020861,-0.014035,0.989389,30.85162,-4.31721,-40.80597,focus,good
1783252824.304688,39,0,0.999985,-0.019040,0.005560,0.006274,-0.012583,-0.006258,0.993938,30.85268,-4.31690,-40.80610,focus,good
1783252824.312500,40,0,0.999984,-0.019073,0.005701,0.006429,-0.024959,0.004790,0.994748,30.85374,-4.31659,-40.80623,focus,good
1783252824.320312,41,0,0.999983,-0.019106,0.005843,0.006584,-0.025269,0.000547,0.988339,30.85481,-4.31628,-40.80636,focus,good
1783252824.328125,42,0,0.999982,-0.019138,0.005984,0.006738,-0.010039,0.006667,0.994507,30.85589,-4.31597,-40.80649,focus,good
1783252824.335938,43,0,0.999981,-0.019169,0.006125,0.006892,-0.025352,-0.003325,0.984644,30.85697,-4.31566,-40.80662,focus,good
1783252824.343750,44,0,0.999980,-0.019200,0.006266,0.007045,-0.020993,-0.006745,0.996532,30.85807,-4.31536,-40.80675,focus,good
1783252824.351562,45,0,0.999979,-0.019230,0.006406,0.007198,-0.031022,-0.007893,0.988429,30.85918,-4.31506,-40.80689,focus,good
1783252824.359375,46,0,0.999979,-0.019260,0.006547,0.007350,-0.018187,-0.009634,0.991990,30.86029,-4.31477,-40.80702,focus,good
1783252824.367188,47,0,0.999978,-0.019289,0.006688,0.007502,-0.019284,-0.007958,0.989893,30.86141,-4.31447,-40.80716,focus,good
1783252824.375000,48,0,0.999977,-0.019317,0.006828,0.007654,-0.032407,-0.004205,0.978521,30.86254,-4.31418,-40.80730,focus,good
1783252824.382812,49,0,0.999976,-0.019345,0.006968,0.007805,-0.022709,-0.013715,0.990989,30.86368,-4.31390,-40.80744,focus,good
1783252824.390625,50,0,0.999975,-0.019373,0.007109,0.007955,-0.023157,-0.006541,1.001101,30.86483,-4.31361,-40.80758,focus,good
1783252824.398438,51,0,0.999974,-0.019399,0.007249,0.008105,-0.007840,-0.007725,0.978961,30.86599,-4.31333,-40.80772,focus,good
1783252824.406250,52,0,0.999973,-0.019426,0.007389,0.008254,-0.025332,-0.010551,0.986869,30.86715,-4.31305,-40.80787,focus,good
1783252824.414062,53,0,0.999972,-0.019451,0.007529,0.008403,-0.013707,-0.005323,0.984914,30.86832,-4.31277,-40.80801,focus,good
1783252824.421875,54,0,0.999971,-0.019476,0.007668,0.008551,-0.027310,-0.014358,0.994857,30.86950,-4.31250,-40.80816,focus,good
1783252824.429688,55,0,0.999970,-0.019501,0.007808,0.008699,-0.015167,-0.003406,0.983688,30.87069,-4.31223,-40.80831,focus,good
1783252824.437500,56,0,0.999968,-0.019525,0.007948,0.008846,-0.025064,-0.010412,0.991062,30.87189,-4.31196,-40.80846,focus,good
1783252824.445312,57,0,0.999967,-0.019548,0.008087,0.008992,-0.029308,-0.013380,0.993906,30.87309,-4.31170,-40.80861,focus,good
1783252824.453125,58,0,0.999966,-0.019571,0.008226,0.009138,-0.017386,-0.007286,0.985450,30.87430,-4.31144,-40.80876,focus,good
1783252824.460938,59,0,0.999965,-0.019593,0.008365,0.009283,-0.031793,-0.015923,0.983470,30.87552,-4.31118,-40.80891,focus,good
1783252824.468750,60,0,0.999964,-0.019614,0.008504,0.009428,-0.015984,-0.000326,0.980995,30.87675,-4.31092,-40.80907,focus,good
1783252824.476562,61,0,0.999963,-0.019635,0.008643,0.009572,-0.014896,-0.008559,0.993444,30.87798,-4.31067,-40.80922,focus,good
1783252824.484375,62,0,0.999961,-0.019656,0.008782,0.009715,-0.013067,-0.015728,0.990652,30.87922,-4.31042,-40.80938,focus,good
1783252824.492188,63,0,0.999960,-0.019676,0.008920,0.009858,-0.019408,-0.024127,0.990460,30.88047,-4.31017,-40.80954,focus,good
1783252824.500000,64,0,0.999959,-0.019695,0.009059,0.010000,-0.022854,-0.015600,0.984469,30.88173,-4.30993,-40.80970,focus,good
1783252824.507812,65,0,0.999958,-0.019714,0.009197,0.010141,-0.011658,-0.027471,0.992902,30.88299,-4.30968,-40.80986,focus,good
1783252824.515625,66,0,0.999956,-0.019732,0.009335,0.010282,-0.013857,0.002816,0.984822,30.88426,-4.30945,-40.81002,focus,good
1783252824.523438,67,0,0.999955,-0.019749,0.009473,0.010422,-0.036648,0.010831,0.985706,30.88554,-4.30921,-40.81018,focus,good
1783252824.531250,68,0,0.999954,-0.019766,0.009610,0.010561,-0.027667,-0.029062,0.986998,30.88683,-4.30898,-40.81035,focus,good
1783252824.539062,69,0,0.999952,-0.019782,0.009748,0.010700,-0.013698,-0.015582,0.984391,30.88812,-4.30875,-40.81051,focus,good
1783252824.546875,70,0,0.999951,-0.019798,0.009885,0.010838,-0.029913,-0.015327,0.989683,30.88942,-4.30852,-40.81068,focus,good
1783252824.554688,71,0,0.999950,-0.019813,0.010023,0.010975,-0.014179,-0.023949,0.983466,30.89072,-4.30830,-40.81085,focus,good
1783252824.562500,72,0,0.999948,-0.019828,0.010160,0.011111,-0.010801,-0.021285,0.988223,30.89203,-4.30807,-40.81102,focus,good
1783252824.570312,73,0,0.999947,-0.019842,0.010297,0.011247,-0.024583,-0.006385,0.994379,30.89335,-4.30786,-40.81119,focus,good
1783252824.578125,74,0,0.999946,-0.019855,0.010433,0.011382,-0.024367,-0.012906,0.980163,30.89468,-4.30764,-40.81136,focus,good
1783252824.585938,75,0,0.999944,-0.019868,0.010570,0.011516,-0.015692,-0.014631,0.984973,30.89601,-4.30743,-40.81154,focus,good
1783252824.593750,76,0,0.999943,-0.019880,0.010706,0.011650,-0.018391,-0.012820,0.984667,30.89735,-4.30722,-40.81171,focus,good
1783252824.601562,77,0,0.999941,-0.019891,0.010843,0.011782,-0.013690,-0.018969,0.989857,30.89869,-4.30701,-40.81189,focus,good
1783252824.609375,78,0,0.999940,-0.019902,0.010979,0.011914,-0.031036,-0.014920,0.977094,30.90004,-4.30681,-40.81207,focus,good
1783252824.617188,79,0,0.999938,-0.019913,0.011114,0.012045,-0.009473,-0.018889,0.985535,30.90140,-4.30661,-40.81225,focus,good
1783252824.625000,80,0,0.999937,-0.019923,0.011250,0.012175,-0.029211,-0.016177,0.975556,30.90276,-4.30641,-40.81243,focus,good
1783252824.632812,81,0,0.999935,-0.019932,0.011386,0.012305,-0.018860,-0.000105,0.979148,30.90413,-4.30622,-40.81261,focus,good
1783252824.640625,82,0,0.999934,-0.019940,0.011521,0.012433,-0.015673,-0.021009,0.993615,30.90550,-4.30602,-40.81279,focus,good
1783252824.648438,83,0,0.999932,-0.019948,0.011656,0.012561,-0.020513,-0.010459,0.989292,30.90688,-4.30584,-40.81297,focus,good
1783252824.656250,84,0,0.999930,-0.019956,0.011791,0.012688,-0.011582,-0.008879,0.993766,30.90827,-4.30565,-40.81316,focus,good
1783252824.664062,85,0,0.999929,-0.019963,0.011926,0.012814,-0.014016,-0.001493,0.976726,30.90966,-4.30547,-40.81335,focus,good
1783252824.671875,86,0,0.999927,-0.019969,0.012060,0.012939,-0.005966,-0.002390,0.988783,30.91106,-4.30529,-40.81353,focus,good
1783252824.679688,87,0,0.999926,-0.019975,0.012194,0.013063,-0.027949,-0.016814,0.974493,30.91246,-4.30511,-40.81372,focus,good
1783252824.687500,88,0,0.999924,-0.019980,0.012328,0.013187,-0.013680,-0.006588,0.984020,30.91386,-4.30494,-40.81391,focus,good
1783252824.695312,89,0,0.999922,-0.019984,0.012462,0.013309,-0.014021,-0.010771,0.990159,30.91528,-4.30476,-40.81410,focus,good
1783252824.703125,90,0,0.999921,-0.019988,0.012596,0.013431,-0.013752,0.003675,0.985601,30.91670,-4.30460,-40.81430,focus,good
1783252824.710938,91,0,0.999919,-0.019991,0.012729,0.013552,-0.014538,-0.021199,0.989088,30.91812,-4.30443,-40.81449,focus,good
1783252824.718750,92,0,0.999917,-0.019994,0.012863,0.013672,-0.004358,-0.010175,0.992311,30.91955,-4.30427,-40.81469,focus,good
1783252824.726562,93,0,0.999916,-0.019996,0.012996,0.013791,-0.017552,-0.011655,0.975204,30.92098,-4.30411,-40.81488,focus,good
1783252824.734375,94,0,0.999914,-0.019997,0.013129,0.013909,-0.006788,-0.007465,0.990353,30.92242,-4.30395,-40.81508,focus,good
1783252824.742188,95,0,0.999912,-0.019998,0.013261,0.014026,-0.021161,-0.006458,0.983688,30.92386,-4.30380,-40.81528,focus,good
1783252824.750000,96,0,0.999910,-0.019999,0.013394,0.014142,-0.007716,-0.020662,0.982519,30.92531,-4.30365,-40.81548,focus,good
1783252824.757812,97,0,0.999909,-0.019998,0.013526,0.014257,-0.023324,-0.012767,0.982749,30.92676,-4.30350,-40.81568,focus,good
1783252824.765625,98,0,0.999907,-0.019997,0.013658,0.014372,-0.019700,-0.007832,0.993301,30.92821,-4.30336,-40.81588,focus,good
1783252824.773438,99,0,0.999905,-0.019996,0.013789,0.014485,0.003392,0.006086,0.976905,30.92968,-4.30322,-40.81609,focus,good
1783252824.781250,100,0,0.999903,-0.019994,0.013921,0.014597,-0.015735,-0.009390,0.985477,30.93114,-4.30308,-40.81629,focus,good
1783252824.789062,101,0,0.999901,-0.019991,0.014052,0.014709,-0.022004,-0.010437,0.983534,30.93261,-4.30295,-40.81650,focus,good
1783252824.796875,102,0,0.999899,-0.019988,0.014183,0.014819,-0.014736,0.002463,0.994664,30.93408,-4.30281,-40.81671,focus,good
1783252824.804688,103,0,0.999898,-0.019984,0.014314,0.014928,-0.013136,-0.005489,0.986068,30.93556,-4.30268,-40.81692,focus,good
1783252824.812500,104,0,0.999896,-0.019980,0.014444,0.015037,-0.030953,-0.005354,0.995523,30.93704,-4.30256,-40.81713,focus,good
1783252824.820312,105,0,0.999894,-0.019975,0.014575,0.015144,-0.024189,-0.001624,0.975272,30.93853,-4.30244,-40.81734,focus,good
1783252824.828125,106,0,0.999892,-0.019969,0.014705,0.015251,-0.026537,-0.014890,0.978915,30.94001,-4.30232,-40.81755,focus,good
1783252824.835938,107,0,0.999890,-0.019963,0.014834,0.015356,-0.028374,-0.008643,0.984007,30.94151,-4.30220,-40.81776,focus,good
1783252824.843750,108,0,0.999888,-0.019956,0.014964,0.015460,-0.029289,-0.012447,0.974672,30.94300,-4.30208,-40.81798,focus,good
1783252824.851562,109,0,0.999886,-0.019948,0.015093,0.015563,-0.015729,-0.008791,0.988614,30.94450,-4.30197,-40.81820,focus,good
1783252824.859375,110,0,0.999884,-0.019940,0.015222,0.015666,-0.007977,-0.015116,0.983527,30.94601,-4.30187,-40.81841,focus,good
1783252824.867188,111,0,0.999882,-0.019932,0.015351,0.015767,-0.021774,-0.004939,0.992576,30.94751,-4.30176,-40.81863,focus,good
1783252824.875000,112,0,0.999880,-0.019923,0.015479,0.015867,-0.028558,-0.008083,0.971900,30.94902,-4.30166,-40.81885,focus,good
1783252824.882812,113,0,0.999878,-0.019913,0.015608,0.015966,-0.008427,-0.021589,0.997113,30.95053,-4.30156,-40.81907,focus,good
1783252824.890625,114,0,0.999876,-0.019902,0.015736,0.016064,-0.010479,-0.010284,0.991690,30.95205,-4.30146,-40.81930,focus,good
1783252824.898438,115,0,0.999874,-0.019891,0.015863,0.016161,-0.017709,0.004992,0.980621,30.95357,-4.30137,-40.81952,focus,good
1783252824.906250,116,0,0.999872,-0.019880,0.015991,0.016257,0.000065,0.001105,0.981206,30.95509,-4.30128,-40.81975,focus,good
1783252824.914062,117,0,0.999870,-0.019868,0.016118,0.016352,-0.020876,0.006666,0.982103,30.95661,-4.30119,-40.81997,focus,good
1783252824.921875,118,0,0.999868,-0.019855,0.016245,0.016445,-0.017319,-0.012482,0.969646,30.95814,-4.30111,-40.82020,focus,good
1783252824.929688,119,0,0.999866,-0.019842,0.016372,0.016538,-0.010751,-0.006637,0.982320,30.95967,-4.30103,-40.82043,focus,good
1783252824.937500,120,0,0.999864,-0.019828,0.016498,0.016629,-0.014121,-0.007732,0.982854,30.96120,-4.30095,-40.82066,focus,good
1783252824.945312,121,0,0.999862,-0.019813,0.016624,0.016720,-0.021754,0.008388,0.990072,30.96273,-4.30088,-40.82089,focus,good
1783252824.953125,122,0,0.999860,-0.019798,0.016750,0.016809,0.002173,-0.001777,0.986800,30.96427,-4.30081,-40.82112,focus,good
1783252824.960938,123,0,0.999858,-0.019782,0.016876,0.016897,-0.018794,-0.001998,0.989757,30.96581,-4.30074,-40.82136,focus,good
1783252824.968750,124,0,0.999855,-0.019766,0.017001,0.016984,-0.005248,-0.008251,0.987545,30.96735,-4.30067,-40.82159,focus,good
1783252824.976562,125,0,0.999853,-0.019749,0.017126,0.017070,-0.013765,-0.004313,0.993895,30.96889,-4.30061,-40.82183,focus,good
1783252824.984375,126,0,0.999851,-0.019732,0.017251,0.017155,-0.014814,-0.003943,0.976615,30.97044,-4.30055,-40.82206,focus,good
1783252824.992188,127,0,0.999849,-0.019714,0.017375,0.017238,-0.001058,-0.009184,0.985879,30.97198,-4.30049,-40.82230,focus,good
1783252825.000000,0,0,0.999847,-0.019695,0.017499,0.017321,-0.088433,0.011767,0.924002,30.97353,-4.30044,-40.82254,motion_artifact,bad_quality_motion
1783252825.007812,1,0,0.999978,-0.005936,-0.006663,0.017402,-0.000306,-0.075947,0.902003,30.97508,-4.30039,-40.82278,motion_artifact,bad_quality_motion
1783252825.015625,2,0,0.999527,0.007804,-0.030750,0.017482,-0.065053,0.008145,0.849956,30.97663,-4.30034,-40.82302,motion_artifact,bad_quality_motion
1783252825.023438,3,0,0.998504,0.021500,-0.054678,0.017561,-0.078629,-0.092473,0.936785,30.97818,-4.30030,-40.82327,motion_artifact,bad_quality_motion
1783252825.031250,4,0,0.996925,0.035129,-0.078365,0.017638,-0.073422,0.029590,0.870064,30.97974,-4.30026,-40.82351,motion_artifact,bad_quality_motion
1783252825.039062,5,0,0.994812,0.048668,-0.101728,0.017715,-0.126184,-0.036373,0.904299,30.98129,-4.30022,-40.82376,motion_artifact,bad_quality_motion
1783252825.046875,6,0,0.992196,0.062094,-0.124689,0.017790,0.013935,0.087898,0.927813,30.98285,-4.30018,-40.82400,motion_artifact,bad_quality_motion
1783252825.054688,7,0,0.989111,0.075383,-0.147170,0.017864,-0.070943,-0.021359,0.866340,30.98441,-4.30015,-40.82425,motion_artifact,bad_quality_motion
1783252825.062500,8,0,0.985599,0.088514,-0.169098,0.017937,-0.097091,0.084850,0.830541,30.98596,-4.30012,-40.82450,motion_artifact,bad_quality_motion
1783252825.070312,9,0,0.981706,0.101464,-0.190404,0.018009,-0.179632,0.020075,0.916929,30.98752,-4.30010,-40.82475,motion_artifact,bad_quality_motion
1783252825.078125,10,0,0.977481,0.114212,-0.211023,0.018080,-0.097606,0.039939,0.910568,30.98908,-4.30007,-40.82500,motion_artifact,bad_quality_motion
1783252825.085938,11,0,0.972979,0.126737,-0.230892,0.018149,-0.097672,-0.064727,0.855964,30.99064,-4.30005,-40.82526,motion_artifact,bad_quality_motion
1783252825.093750,12,0,0.968257,0.139018,-0.249955,0.018217,0.032247,-0.077146,0.948396,30.99220,-4.30004,-40.82551,motion_artifact,bad_quality_motion
1783252825.101562,13,0,0.963375,0.151037,-0.268159,0.018284,-0.018929,0.002144,0.896488,30.99377,-4.30002,-40.82577,motion_artifact,bad_quality_motion
1783252825.109375,14,0,0.958391,0.162773,-0.285457,0.018350,0.037306,0.097823,0.801390,30.99533,-4.30001,-40.82602,motion_artifact,bad_quality_motion
1783252825.117188,15,0,0.953370,0.174210,-0.301805,0.018414,-0.027445,0.138520,0.973258,30.99689,-4.30001,-40.82628,motion_artifact,bad_quality_motion
1783252825.125000,16,0,0.948371,0.185329,-0.317164,0.018478,-0.147719,0.052309,0.852565,30.99845,-4.30000,-40.82654,motion_artifact,bad_quality_motion
1783252825.132812,17,0,0.943455,0.196114,-0.331500,0.018540,0.080777,-0.108935,0.896073,31.00001,-4.30000,-40.82680,motion_artifact,bad_quality_motion
1783252825.140625,18,0,0.938683,0.206548,-0.344782,0.018600,-0.086869,0.058703,0.971007,31.00158,-4.30000,-40.82706,motion_artifact,bad_quality_motion
1783252825.148438,19,0,0.934111,0.216618,-0.356984,0.018660,0.142334,-0.008448,0.851140,31.00314,-4.30001,-40.82732,motion_artifact,bad_quality_motion
1783252825.156250,20,0,0.929793,0.226309,-0.368083,0.018718,0.030346,0.124447,0.872756,31.00470,-4.30001,-40.82758,motion_artifact,bad_quality_motion
1783252825.164062,21,0,0.925782,0.235607,-0.378059,0.018775,-0.163850,0.051259,0.901492,31.00626,-4.30002,-40.82785,motion_artifact,bad_quality_motion
1783252825.171875,22,0,0.922123,0.244499,-0.386896,0.018831,0.054926,-0.019138,0.913371,31.00782,-4.30004,-40.82811,motion_artifact,bad_quality_motion
1783252825.179688,23,0,0.918861,0.252975,-0.394580,0.018885,-0.065364,0.011285,0.944183,31.00939,-4.30006,-40.82838,motion_artifact,bad_quality_motion
1783252825.187500,24,0,0.916034,0.261023,-0.401101,0.018939,0.007280,-0.149329,0.901719,31.01095,-4.30007,-40.82865,motion_artifact,bad_quality_motion
1783252825.195312,25,0,0.913674,0.268633,-0.406448,0.018991,0.043994,-0.025385,0.922834,31.01251,-4.30010,-40.82892,motion_artifact,bad_quality_motion
1783252825.203125,26,0,0.911809,0.275795,-0.410615,0.019041,0.091157,-0.091441,0.945813,31.01407,-4.30012,-40.82919,motion_artifact,bad_quality_motion
1783252825.210938,27,0,0.910460,0.282501,-0.413597,0.019091,-0.010845,0.092457,0.884049,31.01562,-4.30015,-40.82946,motion_artifact,bad_quality_motion
1783252825.218750,28,0,0.909644,0.288743,-0.415389,0.019139,0.000940,-0.005308,0.870870,31.01718,-4.30018,-40.82973,motion_artifact,bad_quality_motion
1783252825.226562,29,0,0.909370,0.294514,-0.415989,0.019186,0.019110,0.086996,0.903468,31.01874,-4.30022,-40.83001,motion_artifact,bad_quality_motion
1783252825.234375,30,0,0.909640,0.299807,-0.415397,0.019231,0.001927,0.127922,0.923317,31.02029,-4.30026,-40.83028,motion_artifact,bad_quality_motion
1783252825.242188,31,0,0.910453,0.304617,-0.413613,0.019276,-0.196138,0.016696,0.877790,31.02185,-4.30030,-40.83056,motion_artifact,bad_quality_motion
1783252825.250000,32,0,0.911799,0.308938,-0.410637,0.019319,-0.072378,-0.120492,0.908841,31.02340,-4.30034,-40.83083,motion_artifact,bad_quality_motion
1783252825.257812,33,0,0.913662,0.312765,-0.406475,0.019360,0.065423,-0.000600,0.940390,31.02495,-4.30039,-40.83111,motion_artifact,bad_quality_motion
1783252825.265625,34,0,0.916021,0.316096,-0.401130,0.019401,0.018473,0.087421,0.934954,31.02650,-4.30044,-40.83139,motion_artifact,bad_quality_motion
1783252825.273438,35,0,0.918849,0.318925,-0.394609,0.019440,0.052429,0.030791,0.938196,31.02805,-4.30049,-40.83167,motion_artifact,bad_quality_motion
1783252825.281250,36,0,0.922113,0.321252,-0.386920,0.019478,0.027839,-0.002874,0.927601,31.02959,-4.30055,-40.83196,motion_artifact,bad_quality_motion
1783252825.289062,37,0,0.925776,0.323072,-0.378073,0.019514,0.087984,-0.016738,0.875155,31.03114,-4.30061,-40.83224,motion_artifact,bad_quality_motion
1783252825.296875,38,0,0.929793,0.324385,-0.368083,0.019549,0.025055,-0.016950,0.968837,31.03268,-4.30067,-40.83252,motion_artifact,bad_quality_motion
1783252825.304688,39,0,0.934118,0.325189,-0.356964,0.019583,0.117817,0.069872,0.961210,31.03422,-4.30074,-40.83281,motion_artifact,bad_quality_motion
1783252825.312500,40,0,0.938700,0.325483,-0.344736,0.019616,-0.026294,-0.003764,0.971324,31.03576,-4.30081,-40.83309,motion_artifact,bad_quality_motion
1783252825.320312,41,0,0.943483,0.325267,-0.331421,0.019647,0.171954,0.024695,0.874027,31.03729,-4.30088,-40.83338,motion_artifact,bad_quality_motion
1783252825.328125,42,0,0.948411,0.324543,-0.317044,0.019677,-0.009411,-0.059537,0.983932,31.03883,-4.30095,-40.83367,motion_artifact,bad_quality_motion
1783252825.335938,43,0,0.953423,0.323309,-0.301636,0.019706,0.112368,0.006974,0.846619,31.04036,-4.30103,-40.83396,motion_artifact,bad_quality_motion
1783252825.343750,44,0,0.958459,0.321568,-0.285229,0.019733,0.065382,0.007563,0.853136,31.04189,-4.30111,-40.83425,motion_artifact,bad_quality_motion
1783252825.351562,45,0,0.963457,0.319321,-0.267864,0.019759,0.110759,0.041967,0.954794,31.04342,-4.30120,-40.83454,motion_artifact,bad_quality_motion
1783252825.359375,46,0,0.968354,0.316571,-0.249582,0.019784,-0.058452,-0.040318,1.002218,31.04494,-4.30128,-40.83484,motion_artifact,bad_quality_motion
1783252825.367188,47,0,0.973089,0.313320,-0.230430,0.019807,0.119773,0.098756,0.969918,31.04646,-4.30137,-40.83513,motion_artifact,bad_quality_motion
1783252825.375000,48,0,0.977602,0.309573,-0.210462,0.019829,0.074549,0.082265,0.924531,31.04798,-4.30147,-40.83543,motion_artifact,bad_quality_motion
1783252825.382812,49,0,0.981836,0.305332,-0.189732,0.019850,0.187408,0.006426,0.946740,31.04949,-4.30156,-40.83572,motion_artifact,bad_quality_motion
1783252825.390625,50,0,0.985735,0.300603,-0.168303,0.019869,-0.003332,-0.006458,1.016191,31.05101,-4.30166,-40.83602,motion_artifact,bad_quality_motion
1783252825.398438,51,0,0.989249,0.295391,-0.146240,0.019887,0.045287,0.023055,0.910689,31.05252,-4.30176,-40.83632,motion_artifact,bad_quality_motion
1783252825.406250,52,0,0.992331,0.289701,-0.123612,0.019904,0.068934,0.067489,0.996821,31.05402,-4.30187,-40.83662,motion_artifact,bad_quality_motion
1783252825.414062,53,0,0.994938,0.283541,-0.100492,0.019919,0.055584,0.104258,0.938371,31.05553,-4.30198,-40.83692,motion_artifact,bad_quality_motion
1783252825.421875,54,0,0.997034,0.276917,-0.076958,0.019933,0.124003,0.043767,0.971062,31.05702,-4.30209,-40.83722,motion_artifact,bad_quality_motion
1783252825.429688,55,0,0.998590,0.269837,-0.053087,0.019946,0.007510,0.017416,0.936430,31.05852,-4.30220,-40.83752,motion_artifact,bad_quality_motion
1783252825.437500,56,0,0.999581,0.262310,-0.028962,0.019957,0.063442,0.020866,1.038693,31.06001,-4.30232,-40.83783,motion_artifact,bad_quality_motion
1783252825.445312,57,0,0.999989,0.254346,-0.004667,0.019967,0.171944,-0.010398,1.018012,31.06150,-4.30244,-40.83813,motion_artifact,bad_quality_motion
1783252825.453125,58,0,0.999806,0.245954,0.019715,0.019976,0.090931,0.063872,0.890001,31.06299,-4.30256,-40.83844,motion_artifact,bad_quality_motion
1783252825.460938,59,0,0.999027,0.237145,0.044097,0.019983,0.068734,0.061422,1.007943,31.06447,-4.30269,-40.83875,motion_artifact,bad_quality_motion
1783252825.468750,60,0,0.997658,0.227932,0.068395,0.019989,0.135348,0.084075,1.047648,31.06594,-4.30282,-40.83906,motion_artifact,bad_quality_motion
1783252825.476562,61,0,0.995710,0.218326,0.092524,0.019994,0.171256,-0.010282,0.932338,31.06742,-4.30295,-40.83937,motion_artifact,bad_quality_motion
1783252825.484375,62,0,0.993202,0.208341,0.116400,0.019997,0.040926,0.032665,0.941377,31.06889,-4.30308,-40.83968,motion_artifact,bad_quality_motion
1783252825.492188,63,0,0.990159,0.197991,0.139944,0.019999,0.089050,0.020712,1.006720,31.07035,-4.30322,-40.83999,motion_artifact,bad_quality_motion
1783252825.500000,64,0,0.986614,0.187292,0.163075,0.020000,0.060185,-0.051227,0.931689,31.07181,-4.30336,-40.84030,motion_artifact,bad_quality_motion
1783252825.507812,65,0,0.982603,0.176258,0.185718,0.019999,0.135053,0.026550,0.966340,31.07327,-4.30351,-40.84062,motion_artifact,bad_quality_motion
1783252825.515625,66,0,0.978171,0.164907,0.207801,0.019997,0.189406,0.027865,0.996049,31.07472,-4.30365,-40.84093,motion_artifact,bad_quality_motion
1783252825.523438,67,0,0.973366,0.153256,0.229255,0.019994,0.176271,0.040796,0.966668,31.07617,-4.30380,-40.84125,motion_artifact,bad_quality_motion
1783252825.531250,68,0,0.968242,0.141324,0.250015,0.019989,0.143691,0.090377,0.974944,31.07761,-4.30396,-40.84157,motion_artifact,bad_quality_motion
1783252825.539062,69,0,0.962854,0.129128,0.270023,0.019983,-0.057789,0.087593,0.997904,31.07905,-4.30411,-40.84188,motion_artifact,bad_quality_motion
1783252825.546875,70,0,0.957262,0.116689,0.289221,0.019976,0.095816,-0.006194,0.940388,31.08048,-4.30427,-40.84220,motion_artifact,bad_quality_motion
1783252825.554688,71,0,0.951529,0.104026,0.307561,0.019967,0.102895,0.087000,1.008785,31.08191,-4.30443,-40.84252,motion_artifact,bad_quality_motion
1783252825.562500,72,0,0.945716,0.091161,0.324994,0.019957,0.025620,0.087108,1.025383,31.08333,-4.30460,-40.84285,motion_artifact,bad_quality_motion
1783252825.570312,73,0,0.939889,0.078116,0.341481,0.019946,0.040766,0.048236,0.930676,31.08475,-4.30477,-40.84317,motion_artifact,bad_quality_motion
1783252825.578125,74,0,0.934110,0.064911,0.356984,0.019933,0.102176,0.037367,0.952382,31.08616,-4.30494,-40.84349,motion_artifact,bad_quality_motion
1783252825.585938,75,0,0.928445,0.051569,0.371471,0.019919,0.103760,0.017817,1.016585,31.08757,-4.30511,-40.84382,motion_artifact,bad_quality_motion
1783252825.593750,76,0,0.922953,0.038113,0.384913,0.019904,0.025696,0.121258,0.929290,31.08897,-4.30529,-40.84414,motion_artifact,bad_quality_motion
1783252825.601562,77,0,0.917694,0.024567,0.397287,0.019887,0.122112,0.100242,1.003713,31.09037,-4.30547,-40.84447,motion_artifact,bad_quality_motion
1783252825.609375,78,0,0.912727,0.010953,0.408571,0.019869,0.141425,0.009169,0.954312,31.09176,-4.30565,-40.84480,motion_artifact,bad_quality_motion
1783252825.617188,79,0,0.908103,-0.002704,0.418747,0.019850,0.072853,0.140353,1.018723,31.09314,-4.30584,-40.84513,motion_artifact,bad_quality_motion
1783252825.625000,80,0,0.903872,-0.016382,0.427803,0.019829,0.129568,0.080395,1.043280,31.09452,-4.30603,-40.84546,motion_artifact,bad_quality_motion
1783252825.632812,81,0,0.900080,-0.030057,0.435724,0.019807,-0.051735,-0.045612,0.964722,31.09590,-4.30622,-40.84579,motion_artifact,bad_quality_motion
1783252825.640625,82,0,0.896767,-0.043704,0.442502,0.019784,0.191939,-0.008789,1.056764,31.09727,-4.30641,-40.84612,motion_artifact,bad_quality_motion
1783252825.648438,83,0,0.893968,-0.057300,0.448130,0.019759,0.215391,0.002663,0.933249,31.09863,-4.30661,-40.84645,motion_artifact,bad_quality_motion
1783252825.656250,84,0,0.891713,-0.070822,0.452601,0.019733,0.120359,0.038478,1.045051,31.09998,-4.30681,-40.84679,motion_artifact,bad_quality_motion
1783252825.664062,85,0,0.890025,-0.084246,0.455912,0.019706,0.141267,0.108526,1.041519,31.10133,-4.30702,-40.84712,motion_artifact,bad_quality_motion
1783252825.671875,86,0,0.888922,-0.097549,0.458059,0.019677,0.176491,0.051285,1.000338,31.10268,-4.30722,-40.84746,motion_artifact,bad_quality_motion
1783252825.679688,87,0,0.888415,-0.110710,0.459041,0.019647,0.178138,0.063004,1.021419,31.10402,-4.30743,-40.84780,motion_artifact,bad_quality_motion
1783252825.687500,88,0,0.888510,-0.123705,0.458857,0.019616,0.180560,0.097516,1.089909,31.10535,-4.30764,-40.84813,motion_artifact,bad_quality_motion
1783252825.695312,89,0,0.889206,-0.136514,0.457508,0.019583,0.094157,0.265987,1.001040,31.10667,-4.30786,-40.84847,motion_artifact,bad_quality_motion
1783252825.703125,90,0,0.890494,-0.149114,0.454994,0.019549,0.082850,0.118944,1.043684,31.10799,-4.30808,-40.84881,motion_artifact,bad_quality_motion
1783252825.710938,91,0,0.892363,-0.161486,0.451319,0.019514,0.195803,-0.007243,1.018250,31.10930,-4.30830,-40.84916,motion_artifact,bad_quality_motion
1783252825.718750,92,0,0.894790,-0.173610,0.446486,0.019478,0.133327,0.133250,0.926047,31.11061,-4.30852,-40.84950,motion_artifact,bad_quality_motion
1783252825.726562,93,0,0.897752,-0.185467,0.440501,0.019440,0.272869,0.165897,0.983936,31.11191,-4.30875,-40.84984,motion_artifact,bad_quality_motion
1783252825.734375,94,0,0.901216,-0.197037,0.433370,0.019401,0.134363,0.069186,1.021033,31.11320,-4.30898,-40.85019,motion_artifact,bad_quality_motion
1783252825.742188,95,0,0.905146,-0.208304,0.425102,0.019360,0.178653,0.201462,1.008424,31.11448,-4.30921,-40.85053,motion_artifact,bad_quality_motion
1783252825.750000,96,0,0.909498,-0.219250,0.415707,0.019319,0.166923,0.038592,1.112400,31.11576,-4.30945,-40.85088,motion_artifact,bad_quality_motion
1783252825.757812,97,0,0.914228,-0.229860,0.405200,0.019276,0.011428,0.106535,0.975805,31.11703,-4.30969,-40.85123,motion_artifact,bad_quality_motion
1783252825.765625,98,0,0.919284,-0.240117,0.393594,0.019231,0.092933,0.106119,1.025992,31.11829,-4.30993,-40.85157,motion_artifact,bad_quality_motion
1783252825.773438,99,0,0.924612,-0.250008,0.380911,0.019186,0.066115,0.118159,1.012102,31.11955,-4.31017,-40.85192,motion_artifact,bad_quality_motion
1783252825.781250,100,0,0.930153,-0.259519,0.367172,0.019139,0.163555,0.117611,1.109848,31.12080,-4.31042,-40.85228,motion_artifact,bad_quality_motion
1783252825.789062,101,0,0.935848,-0.268637,0.352403,0.019091,0.114934,0.036286,1.020521,31.12204,-4.31067,-40.85263,motion_artifact,bad_quality_motion
1783252825.796875,102,0,0.941635,-0.277349,0.336635,0.019041,0.135282,0.124934,1.062265,31.12328,-4.31093,-40.85298,motion_artifact,bad_quality_motion
1783252825.804688,103,0,0.947451,-0.285646,0.319901,0.018991,0.161790,0.086138,1.105943,31.12450,-4.31118,-40.85333,motion_artifact,bad_quality_motion
1783252825.812500,104,0,0.953232,-0.293515,0.302240,0.018939,0.219581,-0.065658,1.104997,31.12572,-4.31144,-40.85369,motion_artifact,bad_quality_motion
1783252825.820312,105,0,0.958914,-0.300947,0.283696,0.018885,0.097405,0.009005,1.037032,31.12693,-4.31170,-40.85404,motion_artifact,bad_quality_motion
1783252825.828125,106,0,0.964436,-0.307935,0.264317,0.018831,0.075069,0.092335,1.063742,31.12814,-4.31197,-40.85440,motion_artifact,bad_quality_motion
1783252825.835938,107,0,0.969736,-0.314468,0.244154,0.018775,0.083911,0.105995,1.008308,31.12933,-4.31224,-40.85476,motion_artifact,bad_quality_motion
1783252825.843750,108,0,0.974758,-0.320540,0.223266,0.018718,0.226317,0.115325,1.013057,31.13052,-4.31251,-40.85512,motion_artifact,bad_quality_motion
1783252825.851562,109,0,0.979445,-0.326144,0.201713,0.018660,0.205092,0.049428,1.058929,31.13170,-4.31278,-40.85548,motion_artifact,bad_quality_motion
1783252825.859375,110,0,0.983747,-0.331274,0.179563,0.018600,0.240580,0.026162,1.077774,31.13287,-4.31306,-40.85584,motion_artifact,bad_quality_motion
1783252825.867188,111,0,0.987617,-0.335924,0.156884,0.018540,0.062563,0.060668,0.994562,31.13404,-4.31333,-40.85620,motion_artifact,bad_quality_motion
1783252825.875000,112,0,0.991015,-0.340089,0.133750,0.018478,0.034005,0.077114,1.062000,31.13519,-4.31362,-40.85656,motion_artifact,bad_quality_motion
1783252825.882812,113,0,0.993905,-0.343766,0.110238,0.018414,0.203255,0.093177,1.043645,31.13634,-4.31390,-40.85692,motion_artifact,bad_quality_motion
1783252825.890625,114,0,0.996258,-0.346949,0.086428,0.018350,0.222483,0.069703,1.125515,31.13748,-4.31419,-40.85729,motion_artifact,bad_quality_motion
1783252825.898438,115,0,0.998051,-0.349637,0.062401,0.018284,0.148421,0.051775,1.019087,31.13861,-4.31448,-40.85765,motion_artifact,bad_quality_motion
1783252825.906250,116,0,0.999269,-0.351826,0.038242,0.018217,0.108000,0.117522,0.981408,31.13973,-4.31477,-40.85802,motion_artifact,bad_quality_motion
1783252825.914062,117,0,0.999902,-0.353514,0.014033,0.018149,0.202643,-0.019544,1.105050,31.14084,-4.31507,-40.85839,motion_artifact,bad_quality_motion
1783252825.921875,118,0,0.999949,-0.354700,-0.010139,0.018080,0.220027,0.056052,1.148773,31.14195,-4.31537,-40.85875,motion_artifact,bad_quality_motion
1783252825.929688,119,0,0.999415,-0.355382,-0.034190,0.018009,0.048868,0.043074,0.996714,31.14305,-4.31567,-40.85912,motion_artifact,bad_quality_motion
1783252825.937500,120,0,0.998314,-0.355559,-0.058036,0.017937,0.241960,0.079157,1.012420,31.14413,-4.31597,-40.85949,motion_artifact,bad_quality_motion
1783252825.945312,121,0,0.996666,-0.355231,-0.081594,0.017864,0.094166,0.084023,1.119628,31.14521,-4.31628,-40.85987,motion_artifact,bad_quality_motion
1783252825.953125,122,0,0.994495,-0.354399,-0.104784,0.017790,0.100864,0.162377,1.099132,31.14628,-4.31659,-40.86024,motion_artifact,bad_quality_motion
1783252825.960938,123,0,0.991835,-0.353063,-0.127528,0.017715,0.088565,0.050801,1.031778,31.14734,-4.31690,-40.86061,motion_artifact,bad_quality_motion
1783252825.968750,124,0,0.988724,-0.351224,-0.149751,0.017638,0.069447,0.023904,1.024786,31.14839,-4.31722,-40.86098,motion_artifact,bad_quality_motion
1783252825.976562,125,0,0.985205,-0.348884,-0.171381,0.017561,0.137024,0.044000,1.066288,31.14944,-4.31754,-40.86136,motion_artifact,bad_quality_motion
1783252825.984375,126,0,0.981326,-0.346044,-0.192350,0.017482,0.270456,-0.036372,1.045401,31.15047,-4.31786,-40.86174,motion_artifact,bad_quality_motion
1783252825.992188,127,0,0.977140,-0.342708,-0.212596,0.017402,0.160507,0.104925,1.166349,31.15150,-4.31818,-40.86211,motion_artifact,bad_quality_motion
1783252826.000000,0,0,0.972702,-0.338879,-0.232058,0.017321,0.276668,0.093024,1.097694,31.15251,-4.31851,-40.86249,motion_artifact,bad_quality_motion
1783252826.007812,1,0,0.968070,-0.334561,-0.250681,0.017238,0.090923,0.024290,1.044246,31.15352,-4.31884,-40.86287,motion_artifact,bad_quality_motion
1783252826.015625,2,0,0.963303,-0.329757,-0.268416,0.017155,0.190566,0.054418,1.002462,31.15451,-4.31917,-40.86325,motion_artifact,bad_quality_motion
1783252826.023438,3,0,0.958463,-0.324472,-0.285217,0.017070,0.233355,0.032608,1.192336,31.15550,-4.31951,-40.86363,motion_artifact,bad_quality_motion
1783252826.031250,4,0,0.953611,-0.318712,-0.301042,0.016984,0.234415,0.078688,1.069882,31.15648,-4.31985,-40.86401,motion_artifact,bad_quality_motion
1783252826.039062,5,0,0.948807,-0.312484,-0.315856,0.016897,0.076758,0.041400,0.976503,31.15745,-4.32019,-40.86439,motion_artifact,bad_quality_motion
1783252826.046875,6,0,0.944112,-0.305793,-0.329624,0.016809,0.231680,0.009314,1.047014,31.15841,-4.32053,-40.86478,motion_artifact,bad_quality_motion
1783252826.054688,7,0,0.939584,-0.298648,-0.342320,0.016720,0.095888,0.063174,1.074953,31.15936,-4.32088,-40.86516,motion_artifact,bad_quality_motion
1783252826.062500,8,0,0.935277,-0.291057,-0.353917,0.016629,0.082867,-0.083452,1.034613,31.16030,-4.32122,-40.86554,motion_artifact,bad_quality_motion
1783252826.070312,9,0,0.931244,-0.283028,-0.364395,0.016538,0.141716,0.052719,1.050609,31.16122,-4.32158,-40.86593,motion_artifact,bad_quality_motion
1783252826.078125,10,0,0.927535,-0.274571,-0.373736,0.016445,0.073333,-0.028792,1.107125,31.16214,-4.32193,-40.86632,motion_artifact,bad_quality_motion
1783252826.085938,11,0,0.924193,-0.265697,-0.381925,0.016352,0.133017,-0.029757,1.114891,31.16305,-4.32229,-40.86671,motion_artifact,bad_quality_motion
1783252826.093750,12,0,0.921259,-0.256417,-0.388949,0.016257,0.123794,0.042488,1.135909,31.16395,-4.32265,-40.86709,motion_artifact,bad_quality_motion
1783252826.101562,13,0,0.918768,-0.246743,-0.394797,0.016161,0.076842,0.031556,1.048030,31.16484,-4.32301,-40.86748,motion_artifact,bad_quality_motion
1783252826.109375,14,0,0.916749,-0.236689,-0.399463,0.016064,0.103002,0.127180,1.192901,31.16572,-4.32338,-40.86787,motion_artifact,bad_quality_motion
1783252826.117188,15,0,0.915227,-0.226267,-0.402940,0.015966,0.094566,-0.027252,1.144246,31.16659,-4.32374,-40.86827,motion_artifact,bad_quality_motion
1783252826.125000,16,0,0.914218,-0.215493,-0.405223,0.015867,0.111978,0.003903,1.050836,31.16745,-4.32411,-40.86866,motion_artifact,bad_quality_motion
1783252826.132812,17,0,0.913736,-0.204381,-0.406309,0.015767,0.180546,0.001537,1.241924,31.16830,-4.32449,-40.86905,motion_artifact,bad_quality_motion
1783252826.140625,18,0,0.913785,-0.192949,-0.406197,0.015666,0.051829,0.121681,1.070881,31.16914,-4.32486,-40.86945,motion_artifact,bad_quality_motion
1783252826.148438,19,0,0.914366,-0.181213,-0.404888,0.015563,0.084166,-0.074642,1.103175,31.16997,-4.32524,-40.86984,motion_artifact,bad_quality_motion
1783252826.156250,20,0,0.915472,-0.169190,-0.402381,0.015460,0.077744,-0.025431,1.044967,31.17079,-4.32562,-40.87024,motion_artifact,bad_quality_motion
1783252826.164062,21,0,0.917090,-0.156900,-0.398681,0.015356,0.156309,-0.039134,1.085110,31.17160,-4.32601,-40.87063,motion_artifact,bad_quality_motion
1783252826.171875,22,0,0.919200,-0.144362,-0.393792,0.015251,0.197084,-0.029806,1.106839,31.17239,-4.32639,-40.87103,motion_artifact,bad_quality_motion
1783252826.179688,23,0,0.921778,-0.131596,-0.387719,0.015144,0.136843,0.065021,1.134672,31.17318,-4.32678,-40.87143,motion_artifact,bad_quality_motion
1783252826.187500,24,0,0.924793,-0.118622,-0.380471,0.015037,0.193522,-0.023902,1.073451,31.17396,-4.32717,-40.87183,motion_artifact,bad_quality_motion
1783252826.195312,25,0,0.928209,-0.105462,-0.372059,0.014928,0.045224,0.071155,1.096396,31.17472,-4.32757,-40.87223,motion_artifact,bad_quality_motion
1783252826.203125,26,0,0.931986,-0.092136,-0.362493,0.014819,0.125879,-0.076691,1.043543,31.17548,-4.32797,-40.87263,motion_artifact,bad_quality_motion
1783252826.210938,27,0,0.936078,-0.078669,-0.351791,0.014709,0.240423,0.053694,1.093329,31.17622,-4.32837,-40.87303,motion_artifact,bad_quality_motion
1783252826.218750,28,0,0.940436,-0.065081,-0.339970,0.014597,0.074982,-0.051266,1.065245,31.17695,-4.32877,-40.87344,motion_artifact,bad_quality_motion
1783252826.226562,29,0,0.945006,-0.051397,-0.327052,0.014485,0.115761,0.048086,1.193055,31.17768,-4.32917,-40.87384,motion_artifact,bad_quality_motion
1783252826.234375,30,0,0.949733,-0.037640,-0.313062,0.014372,0.002667,-0.187615,1.146126,31.17839,-4.32958,-40.87424,motion_artifact,bad_quality_motion
1783252826.242188,31,0,0.954557,-0.023833,-0.298029,0.014257,0.034298,-0.105625,1.061564,31.17909,-4.32999,-40.87465,motion_artifact,bad_quality_motion
1783252826.250000,32,0,0.959419,-0.010000,-0.281985,0.014142,0.120459,0.031444,1.178998,31.17978,-4.33040,-40.87506,motion_artifact,bad_quality_motion
1783252826.257812,33,0,0.964257,0.003836,-0.264968,0.014026,0.144975,-0.097071,1.139210,31.18046,-4.33082,-40.87546,motion_artifact,bad_quality_motion
1783252826.265625,34,0,0.969010,0.017649,-0.247020,0.013909,0.120433,0.010149,1.166285,31.18113,-4.33124,-40.87587,motion_artifact,bad_quality_motion
1783252826.273438,35,0,0.973617,0.031418,-0.228187,0.013791,0.109405,0.030134,1.137813,31.18178,-4.33166,-40.87628,motion_artifact,bad_quality_motion
1783252826.281250,36,0,0.978018,0.045117,-0.208520,0.013672,0.175445,-0.059324,1.149494,31.18243,-4.33208,-40.87669,motion_artifact,bad_quality_motion
1783252826.289062,37,0,0.982155,0.058724,-0.188074,0.013552,0.086053,-0.026818,1.111784,31.18307,-4.33251,-40.87710,motion_artifact,bad_quality_motion
1783252826.296875,38,0,0.985972,0.072215,-0.166910,0.013431,0.093382,0.010735,1.083153,31.18369,-4.33293,-40.87751,motion_artifact,bad_quality_motion
1783252826.304688,39,0,0.989418,0.085568,-0.145091,0.013309,0.137891,-0.057701,1.182768,31.18430,-4.33337,-40.87792,motion_artifact,bad_quality_motion
1783252826.312500,40,0,0.992446,0.098760,-0.122686,0.013187,0.134736,-0.019542,1.136845,31.18490,-4.33380,-40.87834,motion_artifact,bad_quality_motion
1783252826.320312,41,0,0.995011,0.111769,-0.099767,0.013063,0.111601,0.087074,1.140166,31.18549,-4.33423,-40.87875,motion_artifact,bad_quality_motion
1783252826.328125,42,0,0.997076,0.124574,-0.076410,0.012939,0.213546,-0.020980,1.080528,31.18607,-4.33467,-40.87916,motion_artifact,bad_quality_motion
1783252826.335938,43,0,0.998611,0.137154,-0.052693,0.012814,0.053692,-0.008996,1.105806,31.18664,-4.33511,-40.87958,motion_artifact,bad_quality_motion
1783252826.343750,44,0,0.999588,0.149488,-0.028698,0.012688,0.005547,0.073989,1.081943,31.18719,-4.33556,-40.88000,motion_artifact,bad_quality_motion
1783252826.351562,45,0,0.999990,0.161558,-0.004506,0.012561,0.039445,-0.029491,1.143415,31.18774,-4.33600,-40.88041,motion_artifact,bad_quality_motion
1783252826.359375,46,0,0.999804,0.173345,0.019796,0.012433,0.029550,-0.103553,1.115354,31.18827,-4.33645,-40.88083,motion_artifact,bad_quality_motion
1783252826.367188,47,0,0.999026,0.184830,0.044125,0.012305,0.166677,-0.089090,1.189818,31.18879,-4.33690,-40.88125,motion_artifact,bad_quality_motion
1783252826.375000,48,0,0.997658,0.195995,0.068396,0.012175,0.133819,0.013861,1.037194,31.18930,-4.33736,-40.88167,motion_artifact,bad_quality_motion
1783252826.382812,49,0,0.995711,0.206826,0.092523,0.012045,0.044817,-0.143791,1.167870,31.18980,-4.33781,-40.88209,motion_artifact,bad_quality_motion
1783252826.390625,50,0,0.993200,0.217305,0.116422,0.011914,0.073244,-0.102919,1.174799,31.19029,-4.33827,-40.88251,motion_artifact,bad_quality_motion
1783252826.398438,51,0,0.990150,0.227418,0.140014,0.011782,0.024942,-0.062532,1.121498,31.19076,-4.33873,-40.88293,motion_artifact,bad_quality_motion
1783252826.406250,52,0,0.986590,0.237151,0.163217,0.011650,0.013883,-0.004756,1.150347,31.19123,-4.33919,-40.88335,motion_artifact,bad_quality_motion
1783252826.414062,53,0,0.982558,0.246491,0.185955,0.011516,0.108884,0.033695,1.231122,31.19168,-4.33966,-40.88378,motion_artifact,bad_quality_motion
1783252826.421875,54,0,0.978096,0.255425,0.208156,0.011382,0.136169,0.004755,1.128806,31.19212,-4.34013,-40.88420,motion_artifact,bad_quality_motion
1783252826.429688,55,0,0.973250,0.263942,0.229750,0.011247,0.058408,-0.021799,1.161131,31.19255,-4.34060,-40.88463,motion_artifact,bad_quality_motion
1783252826.437500,56,0,0.968073,0.272030,0.250670,0.011111,0.076168,-0.033731,1.096389,31.19296,-4.34107,-40.88505,motion_artifact,bad_quality_motion
1783252826.445312,57,0,0.962620,0.279681,0.270857,0.010975,0.018240,-0.124896,1.117927,31.19337,-4.34155,-40.88548,motion_artifact,bad_quality_motion
1783252826.453125,58,0,0.956950,0.286884,0.290253,0.010838,0.009489,-0.073722,1.215820,31.19376,-4.34203,-40.88591,motion_artifact,bad_quality_motion
1783252826.460938,59,0,0.951125,0.293631,0.308807,0.010700,-0.056542,0.049780,1.145458,31.19414,-4.34251,-40.88634,motion_artifact,bad_quality_motion
1783252826.468750,60,0,0.945207,0.299915,0.326472,0.010561,0.127714,-0.119584,1.116268,31.19451,-4.34299,-40.88676,motion_artifact,bad_quality_motion
1783252826.476562,61,0,0.939261,0.305728,0.343204,0.010422,0.078695,-0.033409,1.156657,31.19487,-4.34347,-40.88719,motion_artifact,bad_quality_motion
1783252826.484375,62,0,0.933351,0.311064,0.358966,0.010282,-0.008881,-0.102811,1.219651,31.19522,-4.34396,-40.88762,motion_artifact,bad_quality_motion
1783252826.492188,63,0,0.927540,0.315918,0.373725,0.010141,0.022183,-0.014432,1.139470,31.19555,-4.34445,-40.88806,motion_artifact,bad_quality_motion
1783252826.500000,64,0,0.921890,0.320284,0.387451,0.010000,0.083279,0.025122,1.187286,31.19587,-4.34494,-40.88849,motion_artifact,bad_quality_motion
1783252826.507812,65,0,0.916463,0.324158,0.400119,0.009858,0.035853,-0.002435,1.171975,31.19618,-4.34544,-40.88892,motion_artifact,bad_quality_motion
1783252826.515625,66,0,0.911316,0.327536,0.411707,0.009715,0.130479,-0.167611,1.160451,31.19648,-4.34593,-40.88935,motion_artifact,bad_quality_motion
1783252826.523438,67,0,0.906504,0.330415,0.422196,0.009572,0.063133,-0.031980,1.086690,31.19677,-4.34643,-40.88979,motion_artifact,bad_quality_motion
1783252826.531250,68,0,0.902078,0.332791,0.431573,0.009428,0.067976,-0.063579,1.207994,31.19704,-4.34694,-40.89022,motion_artifact,bad_quality_motion
1783252826.539062,69,0,0.898084,0.334664,0.439823,0.009283,-0.006671,-0.015902,1.159293,31.19730,-4.34744,-40.89066,motion_artifact,bad_quality_motion
1783252826.546875,70,0,0.894565,0.336031,0.446938,0.009138,0.050587,-0.004063,1.066267,31.19755,-4.34795,-40.89110,motion_artifact,bad_quality_motion
1783252826.554688,71,0,0.891557,0.336890,0.452909,0.008992,0.065842,-0.111608,1.147966,31.19779,-4.34845,-40.89153,motion_artifact,bad_quality_motion
1783252826.562500,72,0,0.889092,0.337242,0.457729,0.008846,0.063526,0.028992,1.191987,31.19801,-4.34897,-40.89197,motion_artifact,bad_quality_motion
1783252826.570312,73,0,0.887195,0.337086,0.461394,0.008699,-0.006337,0.083550,1.149899,31.19823,-4.34948,-40.89241,motion_artifact,bad_quality_motion
1783252826.578125,74,0,0.885887,0.336423,0.463901,0.008551,-0.092524,-0.172148,1.128870,31.19843,-4.34999,-40.89285,motion_artifact,bad_quality_motion
1783252826.585938,75,0,0.885180,0.335252,0.465248,0.008403,0.117419,0.008948,1.054341,31.19862,-4.35051,-40.89329,motion_artifact,bad_quality_motion
1783252826.593750,76,0,0.885083,0.333576,0.465434,0.008254,0.001580,-0.006882,1.057654,31.19880,-4.35103,-40.89373,motion_artifact,bad_quality_motion
1783252826.601562,77,0,0.885595,0.331396,0.464457,0.008105,0.025875,-0.014893,1.150164,31.19896,-4.35155,-40.89417,motion_artifact,bad_quality_motion
1783252826.609375,78,0,0.886713,0.328715,0.462321,0.007955,0.055496,-0.022502,1.130384,31.19911,-4.35208,-40.89461,motion_artifact,bad_quality_motion
1783252826.617188,79,0,0.888423,0.325535,0.459025,0.007805,0.061446,-0.054914,1.011107,31.19925,-4.35261,-40.89506,motion_artifact,bad_quality_motion
1783252826.625000,80,0,0.890709,0.321860,0.454574,0.007654,0.054513,-0.010609,1.181824,31.19938,-4.35314,-40.89550,motion_artifact,bad_quality_motion
1783252826.632812,81,0,0.893546,0.317694,0.448972,0.007502,0.017111,-0.003219,1.076449,31.19950,-4.35367,-40.89594,motion_artifact,bad_quality_motion
1783252826.640625,82,0,0.896905,0.313040,0.442224,0.007350,-0.034328,-0.156591,1.148759,31.19960,-4.35420,-40.89639,motion_artifact,bad_quality_motion
1783252826.648438,83,0,0.900750,0.307905,0.434339,0.007198,-0.015553,-0.021768,1.156899,31.19970,-4.35474,-40.89684,motion_artifact,bad_quality_motion
1783252826.656250,84,0,0.905041,0.302294,0.425325,0.007045,0.005427,-0.144270,1.095116,31.19978,-4.35527,-40.89728,motion_artifact,bad_quality_motion
1783252826.664062,85,0,0.909732,0.296214,0.415196,0.006892,0.006783,0.028427,1.117955,31.19984,-4.35582,-40.89773,motion_artifact,bad_quality_motion
1783252826.671875,86,0,0.914775,0.289670,0.403964,0.006738,-0.034800,-0.179536,1.045758,31.19990,-4.35636,-40.89818,motion_artifact,bad_quality_motion
1783252826.679688,87,0,0.920115,0.282673,0.391648,0.006584,-0.072223,-0.009927,1.157873,31.19994,-4.35690,-40.89863,motion_artifact,bad_quality_motion
1783252826.687500,88,0,0.925696,0.275228,0.378269,0.006429,0.015967,-0.062631,1.164888,31.19997,-4.35745,-40.89908,motion_artifact,bad_quality_motion
1783252826.695312,89,0,0.931458,0.267347,0.363850,0.006274,-0.004257,-0.052671,1.099438,31.19999,-4.35800,-40.89953,motion_artifact,bad_quality_motion
1783252826.703125,90,0,0.937339,0.259038,0.348420,0.006118,-0.040597,-0.109480,1.123177,31.20000,-4.35855,-40.89998,motion_artifact,bad_quality_motion
1783252826.710938,91,0,0.943276,0.250314,0.332011,0.005962,0.056724,0.033823,1.040728,31.19999,-4.35910,-40.90043,motion_artifact,bad_quality_motion
1783252826.718750,92,0,0.949205,0.241184,0.314660,0.005806,-0.068769,-0.023972,1.069639,31.19998,-4.35966,-40.90088,motion_artifact,bad_quality_motion
1783252826.726562,93,0,0.955062,0.231662,0.296408,0.005649,-0.137204,-0.049349,1.123732,31.19995,-4.36022,-40.90133,motion_artifact,bad_quality_motion
1783252826.734375,94,0,0.960783,0.221760,0.277301,0.005492,0.021695,-0.027703,1.093235,31.19990,-4.36078,-40.90179,motion_artifact,bad_quality_motion
1783252826.742188,95,0,0.966308,0.211493,0.257389,0.005334,0.048389,-0.071280,1.066368,31.19985,-4.36134,-40.90224,motion_artifact,bad_quality_motion
1783252826.750000,96,0,0.971576,0.200876,0.236728,0.005176,-0.058938,-0.199116,1.104733,31.19978,-4.36190,-40.90269,motion_artifact,bad_quality_motion
1783252826.757812,97,0,0.976531,0.189923,0.215377,0.005018,0.031700,-0.141126,1.065503,31.19971,-4.36247,-40.90315,motion_artifact,bad_quality_motion
1783252826.765625,98,0,0.981120,0.178652,0.193400,0.004860,0.003578,0.024185,1.030471,31.19961,-4.36304,-40.90361,motion_artifact,bad_quality_motion
1783252826.773438,99,0,0.985294,0.167080,0.170867,0.004701,-0.022989,-0.046359,1.134315,31.19951,-4.36361,-40.90406,motion_artifact,bad_quality_motion
1783252826.781250,100,0,0.989010,0.155224,0.147848,0.004542,-0.040303,-0.090966,1.115466,31.19940,-4.36418,-40.90452,motion_artifact,bad_quality_motion
1783252826.789062,101,0,0.992230,0.143103,0.124420,0.004382,-0.088769,-0.167172,1.029122,31.19927,-4.36475,-40.90498,motion_artifact,bad_quality_motion
1783252826.796875,102,0,0.994921,0.130737,0.100660,0.004222,-0.011416,-0.086245,1.032676,31.19913,-4.36533,-40.90544,motion_artifact,bad_quality_motion
1783252826.804688,103,0,0.997058,0.118146,0.076651,0.004062,0.032425,-0.092615,1.034521,31.19898,-4.36591,-40.90590,motion_artifact,bad_quality_motion
1783252826.812500,104,0,0.998622,0.105350,0.052474,0.003902,-0.079640,-0.017473,1.060910,31.19881,-4.36649,-40.90636,motion_artifact,bad_quality_motion
1783252826.820312,105,0,0.999602,0.092370,0.028215,0.003741,-0.173285,-0.083504,0.958639,31.19864,-4.36707,-40.90682,motion_artifact,bad_quality_motion
1783252826.828125,106,0,0.999992,0.079229,0.003958,0.003580,-0.128441,-0.027746,1.043786,31.19845,-4.36766,-40.90728,motion_artifact,bad_quality_motion
1783252826.835938,107,0,0.999796,0.065948,-0.020212,0.003419,0.055392,-0.071608,1.069213,31.19825,-4.36824,-40.90774,motion_artifact,bad_quality_motion
1783252826.843750,108,0,0.999022,0.052551,-0.044211,0.003258,-0.046014,-0.085397,1.054636,31.19804,-4.36883,-40.90820,motion_artifact,bad_quality_motion
1783252826.851562,109,0,0.997688,0.039059,-0.067955,0.003096,-0.129327,-0.027780,1.187228,31.19781,-4.36942,-40.90866,motion_artifact,bad_quality_motion
1783252826.859375,110,0,0.995818,0.025498,-0.091362,0.002935,-0.159935,-0.090451,1.094777,31.19758,-4.37002,-40.90913,motion_artifact,bad_quality_motion
1783252826.867188,111,0,0.993440,0.011889,-0.114353,0.002773,-0.147050,-0.069632,1.014334,31.19733,-4.37061,-40.90959,motion_artifact,bad_quality_motion
1783252826.875000,112,0,0.990592,-0.001743,-0.136852,0.002611,-0.067653,-0.016702,1.048128,31.19707,-4.37121,-40.91006,motion_artifact,bad_quality_motion
1783252826.882812,113,0,0.987313,-0.015375,-0.158785,0.002448,-0.063636,-0.112526,1.019604,31.19679,-4.37181,-40.91052,motion_artifact,bad_quality_motion
1783252826.890625,114,0,0.983651,-0.028982,-0.180084,0.002286,-0.107932,-0.037586,1.013721,31.19651,-4.37241,-40.91099,motion_artifact,bad_quality_motion
1783252826.898438,115,0,0.979656,-0.042542,-0.200682,0.002123,-0.072368,-0.067564,1.000708,31.19621,-4.37301,-40.91146,motion_artifact,bad_quality_motion
1783252826.906250,116,0,0.975383,-0.056031,-0.220519,0.001960,-0.130541,-0.048440,1.098371,31.19590,-4.37361,-40.91192,motion_artifact,bad_quality_motion
1783252826.914062,117,0,0.970887,-0.069425,-0.239538,0.001797,-0.122430,0.077235,1.044467,31.19558,-4.37422,-40.91239,motion_artifact,bad_quality_motion
1783252826.921875,118,0,0.966229,-0.082702,-0.257686,0.001634,-0.091385,0.078450,1.023272,31.19525,-4.37483,-40.91286,motion_artifact,bad_quality_motion
1783252826.929688,119,0,0.961468,-0.095838,-0.274915,0.001471,-0.026388,-0.072479,1.150843,31.19491,-4.37544,-40.91333,motion_artifact,bad_quality_motion
1783252826.937500,120,0,0.956667,-0.108812,-0.291184,0.001308,-0.096841,-0.062703,1.122162,31.19455,-4.37605,-40.91380,motion_artifact,bad_quality_motion
1783252826.945312,121,0,0.951886,-0.121603,-0.306452,0.001145,-0.162557,-0.024082,0.983190,31.19418,-4.37667,-40.91427,motion_artifact,bad_quality_motion
1783252826.953125,122,0,0.947185,-0.134188,-0.320686,0.000981,-0.050267,0.000234,1.048017,31.19380,-4.37728,-40.91474,motion_artifact,bad_quality_motion
1783252826.960938,123,0,0.942624,-0.146547,-0.333856,0.000818,-0.167886,-0.054694,1.044433,31.19341,-4.37790,-40.91521,motion_artifact,bad_quality_motion
1783252826.968750,124,0,0.938258,-0.158660,-0.345935,0.000654,-0.155349,-0.101377,1.076186,31.19301,-4.37852,-40.91568,motion_artifact,bad_quality_motion
1783252826.976562,125,0,0.934142,-0.170507,-0.356901,0.000491,-0.110223,-0.008319,1.034190,31.19259,-4.37914,-40.91616,motion_artifact,bad_quality_motion
1783252826.984375,126,0,0.930326,-0.182071,-0.366734,0.000327,-0.040198,-0.023231,1.025074,31.19216,-4.37976,-40.91663,motion_artifact,bad_quality_motion
1783252826.992188,127,0,0.926856,-0.193334,-0.375417,0.000164,-0.073940,-0.057188,1.076982,31.19173,-4.38039,-40.91710,motion_artifact,bad_quality_motion
1783252827.000000,0,0,0.923774,-0.204277,-0.382939,0.000000,-0.159605,-0.074185,1.108178,31.19128,-4.38102,-40.91758,motion_artifact,bad_quality_motion
1783252827.007812,1,0,0.921117,-0.214885,-0.389287,-0.000164,-0.086997,-0.057714,1.013509,31.19081,-4.38164,-40.91805,motion_artifact,bad_quality_motion
1783252827.015625,2,0,0.918917,-0.225142,-0.394452,-0.000327,-0.047513,0.016363,1.145193,31.19034,-4.38228,-40.91853,motion_artifact,bad_quality_motion
1783252827.023438,3,0,0.917199,-0.235033,-0.398428,-0.000491,-0.146988,0.030350,1.107462,31.18985,-4.38291,-40.91900,motion_artifact,bad_quality_motion
1783252827.031250,4,0,0.915986,-0.244546,-0.401210,-0.000654,-0.098665,-0.010356,1.098540,31.18936,-4.38354,-40.91948,motion_artifact,bad_quality_motion
1783252827.039062,5,0,0.915290,-0.253665,-0.402795,-0.000818,-0.148881,0.028968,0.978312,31.18885,-4.38418,-40.91996,motion_artifact,bad_quality_motion
1783252827.046875,6,0,0.915121,-0.262380,-0.403180,-0.000981,-0.199925,-0.014689,1.087642,31.18833,-4.38482,-40.92043,motion_artifact,bad_quality_motion
1783252827.054688,7,0,0.915479,-0.270678,-0.402365,-0.001145,-0.057212,-0.089939,1.055616,31.18780,-4.38546,-40.92091,motion_artifact,bad_quality_motion
1783252827.062500,8,0,0.916362,-0.278550,-0.400351,-0.001308,-0.163939,-0.034860,1.000149,31.18725,-4.38610,-40.92139,motion_artifact,bad_quality_motion
1783252827.070312,9,0,0.917758,-0.285984,-0.397140,-0.001471,-0.127991,-0.084481,1.078569,31.18670,-4.38674,-40.92187,motion_artifact,bad_quality_motion
1783252827.078125,10,0,0.919651,-0.292972,-0.392737,-0.001634,-0.177385,0.018228,1.036563,31.18613,-4.38738,-40.92235,motion_artifact,bad_quality_motion
1783252827.085938,11,0,0.922018,-0.299506,-0.387147,-0.001797,-0.316698,0.002700,0.998719,31.18555,-4.38803,-40.92283,motion_artifact,bad_quality_motion
1783252827.093750,12,0,0.924831,-0.305577,-0.380378,-0.001960,-0.217413,-0.094144,0.954904,31.18497,-4.38868,-40.92331,motion_artifact,bad_quality_motion
1783252827.101562,13,0,0.928057,-0.311179,-0.372439,-0.002123,-0.096776,-0.069335,1.011462,31.18437,-4.38933,-40.92379,motion_artifact,bad_quality_motion
1783252827.109375,14,0,0.931656,-0.316305,-0.363342,-0.002286,-0.140478,-0.014114,1.006688,31.18375,-4.38998,-40.92427,motion_artifact,bad_quality_motion
1783252827.117188,15,0,0.935585,-0.320950,-0.353102,-0.002448,-0.123643,0.005852,1.111419,31.18313,-4.39063,-40.92476,motion_artifact,bad_quality_motion
1783252827.125000,16,0,0.939796,-0.325109,-0.341736,-0.002611,-0.090452,-0.039594,0.988531,31.18250,-4.39129,-40.92524,motion_artifact,bad_quality_motion
1783252827.132812,17,0,0.944238,-0.328776,-0.329264,-0.002773,-0.153928,-0.025548,0.983664,31.18185,-4.39195,-40.92572,motion_artifact,bad_quality_motion
1783252827.140625,18,0,0.948856,-0.331949,-0.315711,-0.002935,-0.285810,-0.028522,0.967163,31.18120,-4.39260,-40.92621,motion_artifact,bad_quality_motion
1783252827.148438,19,0,0.953591,-0.334624,-0.301103,-0.003096,-0.179215,-0.037951,1.005806,31.18053,-4.39326,-40.92669,motion_artifact,bad_quality_motion
1783252827.156250,20,0,0.958386,-0.336797,-0.285474,-0.003258,-0.247569,-0.053671,0.972876,31.17985,-4.39393,-40.92717,motion_artifact,bad_quality_motion
1783252827.164062,21,0,0.963180,-0.338468,-0.268859,-0.003419,-0.149460,0.031254,1.076214,31.17916,-4.39459,-40.92766,motion_artifact,bad_quality_motion
1783252827.171875,22,0,0.967910,-0.339633,-0.251297,-0.003580,-0.094703,0.021554,1.033855,31.17846,-4.39525,-40.92815,motion_artifact,bad_quality_motion
1783252827.179688,23,0,0.972517,-0.340292,-0.232834,-0.003741,-0.207369,-0.021345,1.062219,31.17775,-4.39592,-40.92863,motion_artifact,bad_quality_motion
1783252827.187500,24,0,0.976939,-0.340444,-0.213519,-0.003902,-0.106320,-0.019309,1.000542,31.17703,-4.39659,-40.92912,motion_artifact,bad_quality_motion
1783252827.195312,25,0,0.981119,-0.340089,-0.193405,-0.004062,-0.138674,-0.011265,1.081534,31.17630,-4.39726,-40.92961,motion_artifact,bad_quality_motion
1783252827.203125,26,0,0.985000,-0.339226,-0.172552,-0.004222,-0.143593,-0.029977,0.917720,31.17556,-4.39793,-40.93009,motion_artifact,bad_quality_motion
1783252827.210938,27,0,0.988530,-0.337857,-0.151022,-0.004382,-0.214384,-0.010798,0.991916,31.17480,-4.39860,-40.93058,motion_artifact,bad_quality_motion
1783252827.218750,28,0,0.991660,-0.335983,-0.128882,-0.004542,-0.116060,-0.072270,0.950981,31.17404,-4.39927,-40.93107,motion_artifact,bad_quality_motion
1783252827.226562,29,0,0.994345,-0.333605,-0.106202,-0.004701,-0.096154,-0.103706,0.968309,31.17326,-4.39995,-40.93156,motion_artifact,bad_quality_motion
1783252827.234375,30,0,0.996545,-0.330725,-0.083058,-0.004860,-0.182320,-0.049551,0.951242,31.17248,-4.40063,-40.93205,motion_artifact,bad_quality_motion
1783252827.242188,31,0,0.998227,-0.327346,-0.059526,-0.005018,-0.141980,-0.075350,0.941579,31.17168,-4.40131,-40.93254,motion_artifact,bad_quality_motion
1783252827.250000,32,0,0.999363,-0.323472,-0.035687,-0.005176,-0.106559,0.079923,0.971123,31.17087,-4.40199,-40.93303,motion_artifact,bad_quality_motion
1783252827.257812,33,0,0.999932,-0.319107,-0.011624,-0.005334,-0.189094,-0.025576,0.906281,31.17006,-4.40267,-40.93352,motion_artifact,bad_quality_motion
1783252827.265625,34,0,0.999921,-0.314254,0.012581,-0.005492,-0.221540,-0.028846,1.025444,31.16923,-4.40335,-40.93401,motion_artifact,bad_quality_motion
1783252827.273438,35,0,0.999321,-0.308918,0.036842,-0.005649,-0.097699,-0.061079,0.927329,31.16839,-4.40404,-40.93450,motion_artifact,bad_quality_motion
1783252827.281250,36,0,0.998133,-0.303106,0.061075,-0.005806,-0.140928,0.026055,0.962400,31.16754,-4.40472,-40.93500,motion_artifact,bad_quality_motion
1783252827.289062,37,0,0.996364,-0.296824,0.085194,-0.005962,-0.093160,0.077965,0.939873,31.16668,-4.40541,-40.93549,motion_artifact,bad_quality_motion
1783252827.296875,38,0,0.994029,-0.290078,0.109116,-0.006118,-0.150681,-0.081313,0.924799,31.16582,-4.40610,-40.93598,motion_artifact,bad_quality_motion
1783252827.304688,39,0,0.991148,-0.282877,0.132758,-0.006274,-0.098227,0.056824,0.926433,31.16494,-4.40679,-40.93648,motion_artifact,bad_quality_motion
1783252827.312500,40,0,0.987751,-0.275228,0.156040,-0.006429,0.002273,-0.024283,0.992672,31.16405,-4.40748,-40.93697,motion_artifact,bad_quality_motion
1783252827.320312,41,0,0.983870,-0.267142,0.178886,-0.006584,-0.105290,-0.047126,0.967808,31.16315,-4.40817,-40.93747,motion_artifact,bad_quality_motion
1783252827.328125,42,0,0.979546,-0.258627,0.201219,-0.006738,-0.184067,-0.018424,0.894655,31.16224,-4.40887,-40.93796,motion_artifact,bad_quality_motion
1783252827.335938,43,0,0.974825,-0.249695,0.222970,-0.006892,-0.185282,0.006322,1.002414,31.16132,-4.40957,-40.93846,motion_artifact,bad_quality_motion
1783252827.343750,44,0,0.969757,-0.240357,0.244072,-0.007045,-0.073994,0.019279,0.959546,31.16039,-4.41026,-40.93895,motion_artifact,bad_quality_motion
1783252827.351562,45,0,0.964396,-0.230626,0.264463,-0.007198,-0.220095,-0.011044,0.914276,31.15946,-4.41096,-40.93945,motion_artifact,bad_quality_motion
1783252827.359375,46,0,0.958800,-0.220514,0.284083,-0.007350,-0.077373,-0.027031,0.953537,31.15851,-4.41166,-40.93994,motion_artifact,bad_quality_motion
1783252827.367188,47,0,0.953029,-0.210036,0.302880,-0.007502,-0.124946,0.047326,0.927420,31.15755,-4.41236,-40.94044,motion_artifact,bad_quality_motion
1783252827.375000,48,0,0.947145,-0.199207,0.320805,-0.007654,-0.087381,0.003167,0.919555,31.15658,-4.41307,-40.94094,motion_artifact,bad_quality_motion
1783252827.382812,49,0,0.941213,-0.188042,0.337813,-0.007805,-0.164856,0.087135,0.947178,31.15561,-4.41377,-40.94144,motion_artifact,bad_quality_motion
1783252827.390625,50,0,0.935296,-0.176557,0.353866,-0.007955,-0.097489,-0.038408,1.008806,31.15462,-4.41448,-40.94193,motion_artifact,bad_quality_motion
1783252827.398438,51,0,0.929458,-0.164771,0.368927,-0.008105,-0.170506,0.136430,0.962853,31.15362,-4.41518,-40.94243,motion_artifact,bad_quality_motion
1783252827.406250,52,0,0.923762,-0.152700,0.382966,-0.008254,-0.091835,0.012100,0.935842,31.15262,-4.41589,-40.94293,motion_artifact,bad_quality_motion
1783252827.414062,53,0,0.918269,-0.140365,0.395957,-0.008403,-0.197173,0.105388,1.013487,31.15160,-4.41660,-40.94343,motion_artifact,bad_quality_motion
1783252827.421875,54,0,0.913037,-0.127783,0.407877,-0.008551,-0.102140,0.002268,0.873694,31.15058,-4.41731,-40.94393,motion_artifact,bad_quality_motion
1783252827.429688,55,0,0.908122,-0.114976,0.418705,-0.008699,-0.062385,0.209912,1.011930,31.14955,-4.41802,-40.94443,motion_artifact,bad_quality_motion
1783252827.437500,56,0,0.903577,-0.101964,0.428426,-0.008846,-0.111215,-0.003422,0.959054,31.14851,-4.41874,-40.94493,motion_artifact,bad_quality_motion
1783252827.445312,57,0,0.899449,-0.088769,0.437026,-0.008992,-0.119737,-0.016337,0.912321,31.14745,-4.41945,-40.94543,motion_artifact,bad_quality_motion
1783252827.453125,58,0,0.895782,-0.075412,0.444494,-0.009138,-0.140964,0.069931,0.915099,31.14639,-4.42017,-40.94593,motion_artifact,bad_quality_motion
1783252827.460938,59,0,0.892614,-0.061917,0.450821,-0.009283,-0.058333,0.002014,0.941934,31.14532,-4.42088,-40.94644,motion_artifact,bad_quality_motion
1783252827.468750,60,0,0.889980,-0.048304,0.456000,-0.009428,-0.164160,0.017859,0.881803,31.14425,-4.42160,-40.94694,motion_artifact,bad_quality_motion
1783252827.476562,61,0,0.887905,-0.034599,0.460026,-0.009572,-0.265386,0.001557,0.975611,31.14316,-4.42232,-40.94744,motion_artifact,bad_quality_motion
1783252827.484375,62,0,0.886413,-0.020824,0.462895,-0.009715,-0.188987,0.037706,0.952580,31.14206,-4.42304,-40.94794,motion_artifact,bad_quality_motion
1783252827.492188,63,0,0.885518,-0.007003,0.464605,-0.009858,-0.190939,0.071797,0.945963,31.14096,-4.42376,-40.94845,motion_artifact,bad_quality_motion
1783252827.500000,64,0,0.885230,0.006840,0.465153,-0.010000,0.006365,0.095388,0.941123,31.13985,-4.42449,-40.94895,motion_artifact,bad_quality_motion
1783252827.507812,65,0,0.885553,0.020682,0.464539,-0.010141,-0.281515,-0.016586,0.945722,31.13873,-4.42521,-40.94945,motion_artifact,bad_quality_motion
1783252827.515625,66,0,0.886481,0.034499,0.462764,-0.010282,-0.103793,0.114526,0.874353,31.13760,-4.42594,-40.94996,motion_artifact,bad_quality_motion
1783252827.523438,67,0,0.888008,0.048266,0.459829,-0.010422,-0.100071,0.019829,0.948242,31.13646,-4.42666,-40.95046,motion_artifact,bad_quality_motion
1783252827.531250,68,0,0.890115,0.061961,0.455736,-0.010561,-0.264364,-0.067965,1.007061,31.13531,-4.42739,-40.95097,motion_artifact,bad_quality_motion
1783252827.539062,69,0,0.892781,0.075560,0.450490,-0.010700,-0.155165,0.148359,1.014439,31.13416,-4.42812,-40.95147,motion_artifact,bad_quality_motion
1783252827.546875,70,0,0.895979,0.089039,0.444096,-0.010838,-0.089941,0.144828,0.945004,31.13299,-4.42885,-40.95198,motion_artifact,bad_quality_motion
1783252827.554688,71,0,0.899675,0.102377,0.436559,-0.010975,-0.245454,0.119051,0.957601,31.13182,-4.42958,-40.95248,motion_artifact,bad_quality_motion
1783252827.562500,72,0,0.903831,0.115551,0.427890,-0.011111,-0.080176,0.016688,0.890027,31.13064,-4.43031,-40.95299,motion_artifact,bad_quality_motion
1783252827.570312,73,0,0.908401,0.128539,0.418099,-0.011247,-0.072272,0.067522,1.033681,31.12946,-4.43104,-40.95349,motion_artifact,bad_quality_motion
1783252827.578125,74,0,0.913339,0.141319,0.407200,-0.011382,-0.139893,0.026421,0.825707,31.12826,-4.43178,-40.95400,motion_artifact,bad_quality_motion
1783252827.585938,75,0,0.918591,0.153872,0.395209,-0.011516,-0.131978,0.048649,0.875133,31.12706,-4.43251,-40.95451,motion_artifact,bad_quality_motion
1783252827.593750,76,0,0.924102,0.166177,0.382145,-0.011650,-0.149762,0.148501,0.865294,31.12585,-4.43325,-40.95502,motion_artifact,bad_quality_motion
1783252827.601562,77,0,0.929813,0.178215,0.368032,-0.011782,-0.229232,0.036253,1.059727,31.12463,-4.43398,-40.95552,motion_artifact,bad_quality_motion
1783252827.609375,78,0,0.935663,0.189967,0.352895,-0.011914,-0.046063,0.092833,0.957778,31.12341,-4.43472,-40.95603,motion_artifact,bad_quality_motion
1783252827.617188,79,0,0.941588,0.201416,0.336767,-0.012045,-0.211464,0.081464,0.927249,31.12217,-4.43546,-40.95654,motion_artifact,bad_quality_motion
1783252827.625000,80,0,0.947525,0.212544,0.319682,-0.012175,-0.168701,0.084398,0.950097,31.12093,-4.43620,-40.95705,motion_artifact,bad_quality_motion
1783252827.632812,81,0,0.953409,0.223334,0.301680,-0.012305,-0.097707,-0.031627,0.883743,31.11968,-4.43694,-40.95756,motion_artifact,bad_quality_motion
1783252827.640625,82,0,0.959177,0.233773,0.282805,-0.012433,-0.127619,0.065443,0.910947,31.11843,-4.43768,-40.95807,motion_artifact,bad_quality_motion
1783252827.648438,83,0,0.964767,0.243845,0.263106,-0.012561,-0.102321,-0.066592,0.944960,31.11716,-4.43843,-40.95858,motion_artifact,bad_quality_motion
1783252827.656250,84,0,0.970117,0.253535,0.242636,-0.012688,-0.186143,0.163906,0.919659,31.11589,-4.43917,-40.95909,motion_artifact,bad_quality_motion
1783252827.664062,85,0,0.975171,0.262832,0.221455,-0.012814,-0.141740,0.078750,0.915780,31.11462,-4.43992,-40.95960,motion_artifact,bad_quality_motion
1783252827.671875,86,0,0.979873,0.271723,0.199624,-0.012939,-0.123397,0.051781,0.893351,31.11333,-4.44066,-40.96011,motion_artifact,bad_quality_motion
1783252827.679688,87,0,0.984173,0.280197,0.177211,-0.013063,-0.006966,0.062940,0.830452,31.11204,-4.44141,-40.96062,motion_artifact,bad_quality_motion
1783252827.687500,88,0,0.988026,0.288242,0.154286,-0.013187,-0.104338,0.106638,0.956488,31.11075,-4.44216,-40.96113,motion_artifact,bad_quality_motion
1783252827.695312,89,0,0.991392,0.295851,0.130925,-0.013309,-0.124830,0.141133,0.890921,31.10944,-4.44290,-40.96164,motion_artifact,bad_quality_motion
1783252827.703125,90,0,0.994237,0.303012,0.107204,-0.013431,0.038979,0.177199,0.806547,31.10813,-4.44365,-40.96215,motion_artifact,bad_quality_motion
1783252827.710938,91,0,0.996533,0.309719,0.083204,-0.013552,-0.067477,0.078639,0.801655,31.10681,-4.44440,-40.96266,motion_artifact,bad_quality_motion
1783252827.718750,92,0,0.998257,0.315964,0.059008,-0.013672,-0.057971,0.115708,0.892885,31.10549,-4.44515,-40.96317,motion_artifact,bad_quality_motion
1783252827.726562,93,0,0.999398,0.321739,0.034700,-0.013791,-0.090602,0.012367,0.913451,31.10416,-4.44591,-40.96368,motion_artifact,bad_quality_motion
1783252827.734375,94,0,0.999946,0.327039,0.010364,-0.013909,-0.083033,0.052433,0.927501,31.10282,-4.44666,-40.96420,motion_artifact,bad_quality_motion
1783252827.742188,95,0,0.999903,0.331858,-0.013915,-0.014026,-0.181051,0.064583,0.838002,31.10148,-4.44741,-40.96471,motion_artifact,bad_quality_motion
1783252827.750000,96,0,0.999276,0.336191,-0.038051,-0.014142,-0.158204,0.132078,0.865645,31.10013,-4.44817,-40.96522,motion_artifact,bad_quality_motion
1783252827.757812,97,0,0.998079,0.340035,-0.061960,-0.014257,-0.273494,-0.055825,0.847092,31.09877,-4.44892,-40.96574,motion_artifact,bad_quality_motion
1783252827.765625,98,0,0.996333,0.343384,-0.085561,-0.014372,-0.081549,0.166821,0.927282,31.09741,-4.44968,-40.96625,motion_artifact,bad_quality_motion
1783252827.773438,99,0,0.994067,0.346237,-0.108772,-0.014485,-0.071061,-0.025411,0.884629,31.09604,-4.45043,-40.96676,motion_artifact,bad_quality_motion
1783252827.781250,100,0,0.991314,0.348590,-0.131517,-0.014597,-0.172963,0.031294,0.922718,31.09467,-4.45119,-40.96728,motion_artifact,bad_quality_motion
1783252827.789062,101,0,0.988114,0.350442,-0.153722,-0.014709,0.079598,0.023312,0.944533,31.09329,-4.45195,-40.96779,motion_artifact,bad_quality_motion
1783252827.796875,102,0,0.984513,0.351790,-0.175314,-0.014819,-0.001743,0.149251,0.878525,31.09190,-4.45271,-40.96830,motion_artifact,bad_quality_motion
1783252827.804688,103,0,0.980558,0.352634,-0.196228,-0.014928,-0.112421,-0.064862,0.810120,31.09051,-4.45347,-40.96882,motion_artifact,bad_quality_motion
1783252827.812500,104,0,0.976305,0.352972,-0.216401,-0.015037,0.017700,0.143615,0.933004,31.08912,-4.45423,-40.96933,motion_artifact,bad_quality_motion
1783252827.820312,105,0,0.971808,0.352806,-0.235774,-0.015144,-0.055457,0.179325,0.958901,31.08772,-4.45499,-40.96985,motion_artifact,bad_quality_motion
1783252827.828125,106,0,0.967127,0.352134,-0.254294,-0.015251,-0.031563,0.147453,0.893670,31.08631,-4.45575,-40.97036,motion_artifact,bad_quality_motion
1783252827.835938,107,0,0.962322,0.350958,-0.271911,-0.015356,-0.148612,-0.034921,0.858117,31.08490,-4.45651,-40.97088,motion_artifact,bad_quality_motion
1783252827.843750,108,0,0.957455,0.349280,-0.288581,-0.015460,-0.159513,0.035322,0.803376,31.08348,-4.45727,-40.97139,motion_artifact,bad_quality_motion
1783252827.851562,109,0,0.952588,0.347100,-0.304264,-0.015563,-0.024023,0.168228,0.949875,31.08206,-4.45804,-40.97191,motion_artifact,bad_quality_motion
1783252827.859375,110,0,0.947780,0.344421,-0.318924,-0.015666,0.005677,0.172245,0.908640,31.08063,-4.45880,-40.97242,motion_artifact,bad_quality_motion
1783252827.867188,111,0,0.943092,0.341245,-0.332531,-0.015767,0.010347,0.064308,0.858000,31.07920,-4.45957,-40.97294,motion_artifact,bad_quality_motion
1783252827.875000,112,0,0.938582,0.337577,-0.345055,-0.015867,-0.169189,0.019854,0.897932,31.07776,-4.46033,-40.97346,motion_artifact,bad_quality_motion
1783252827.882812,113,0,0.934305,0.333419,-0.356474,-0.015966,-0.098409,0.072837,0.910058,31.07632,-4.46110,-40.97397,motion_artifact,bad_quality_motion
1783252827.890625,114,0,0.930313,0.328776,-0.366768,-0.016064,-0.042820,0.097597,0.796336,31.07487,-4.46186,-40.97449,motion_artifact,bad_quality_motion
1783252827.898438,115,0,0.926653,0.323653,-0.375919,-0.016161,-0.051021,0.114258,0.873902,31.07342,-4.46263,-40.97501,motion_artifact,bad_quality_motion
1783252827.906250,116,0,0.923370,0.318056,-0.383912,-0.016257,0.040666,0.051831,0.885717,31.07197,-4.46340,-40.97552,motion_artifact,bad_quality_motion
1783252827.914062,117,0,0.920502,0.311991,-0.390738,-0.016352,0.006294,0.122038,0.854123,31.07051,-4.46417,-40.97604,motion_artifact,bad_quality_motion
1783252827.921875,118,0,0.918085,0.305464,-0.396385,-0.016445,0.121718,0.009863,0.781407,31.06904,-4.46494,-40.97656,motion_artifact,bad_quality_motion
1783252827.929688,119,0,0.916145,0.298483,-0.400846,-0.016538,0.023490,0.047612,0.908674,31.06757,-4.46571,-40.97707,motion_artifact,bad_quality_motion
1783252827.937500,120,0,0.914707,0.291057,-0.404117,-0.016629,-0.049878,0.110914,0.943337,31.06610,-4.46648,-40.97759,motion_artifact,bad_quality_motion
1783252827.945312,121,0,0.913787,0.283194,-0.406194,-0.016720,0.091501,0.200342,0.824569,31.06462,-4.46725,-40.97811,motion_artifact,bad_quality_motion
1783252827.953125,122,0,0.913396,0.274904,-0.407073,-0.016809,0.015189,0.157123,0.862733,31.06314,-4.46802,-40.97863,motion_artifact,bad_quality_motion
1783252827.960938,123,0,0.913538,0.266198,-0.406754,-0.016897,0.028643,-0.072461,0.850437,31.06166,-4.46879,-40.97914,motion_artifact,bad_quality_motion
1783252827.968750,124,0,0.914211,0.257086,-0.405239,-0.016984,0.044881,0.054561,0.923763,31.06017,-4.46956,-40.97966,motion_artifact,bad_quality_motion
1783252827.976562,125,0,0.915408,0.247582,-0.402528,-0.017070,-0.132458,0.111562,0.820530,31.05868,-4.47033,-40.98018,motion_artifact,bad_quality_motion
1783252827.984375,126,0,0.917114,0.237697,-0.398625,-0.017155,-0.007905,0.046204,0.874345,31.05718,-4.47111,-40.98070,motion_artifact,bad_quality_motion
1783252827.992188,127,0,0.919309,0.227447,-0.393536,-0.017238,-0.030202,0.151898,0.809760,31.05568,-4.47188,-40.98122,motion_artifact,bad_quality_motion
1783252828.000000,0,0,0.921968,0.216844,-0.387266,-0.017321,-0.043997,0.130677,0.880753,31.05418,-4.47265,-40.98174,motion_artifact,bad_quality_motion
1783252828.007812,1,0,0.925058,0.205905,-0.379826,-0.017402,-0.040600,0.086187,0.861852,31.05268,-4.47343,-40.98226,motion_artifact,bad_quality_motion
1783252828.015625,2,0,0.928543,0.194646,-0.371225,-0.017482,-0.040931,0.037161,0.968776,31.05117,-4.47420,-40.98277,motion_artifact,bad_quality_motion
1783252828.023438,3,0,0.932381,0.183084,-0.361477,-0.017561,0.021167,0.078363,0.893438,31.04965,-4.47498,-40.98329,motion_artifact,bad_quality_motion
1783252828.031250,4,0,0.936526,0.171236,-0.350598,-0.017638,0.013450,0.035631,0.820067,31.04814,-4.47575,-40.98381,motion_artifact,bad_quality_motion
1783252828.039062,5,0,0.940927,0.159120,-0.338608,-0.017715,-0.167431,0.045834,0.939922,31.04662,-4.47653,-40.98433,motion_artifact,bad_quality_motion
1783252828.046875,6,0,0.945532,0.146757,-0.325529,-0.017790,-0.096273,0.107050,0.791465,31.04510,-4.47730,-40.98485,motion_artifact,bad_quality_motion
1783252828.054688,7,0,0.950283,0.134166,-0.311387,-0.017864,0.002341,0.039004,0.888444,31.04358,-4.47808,-40.98537,motion_artifact,bad_quality_motion
1783252828.062500,8,0,0.955123,0.121368,-0.296211,-0.017937,-0.028304,0.021450,0.896903,31.04205,-4.47886,-40.98589,motion_artifact,bad_quality_motion
1783252828.070312,9,0,0.959989,0.108383,-0.280036,-0.018009,0.084444,0.019494,0.918070,31.04052,-4.47963,-40.98641,motion_artifact,bad_quality_motion
1783252828.078125,10,0,0.964823,0.095233,-0.262900,-0.018080,0.017366,0.076094,0.923301,31.03899,-4.48041,-40.98693,motion_artifact,bad_quality_motion
1783252828.085938,11,0,0.969562,0.081941,-0.244846,-0.018149,-0.051987,0.123533,0.964844,31.03746,-4.48119,-40.98745,motion_artifact,bad_quality_motion
1783252828.093750,12,0,0.974146,0.068529,-0.225921,-0.018217,0.051302,0.064023,0.956840,31.03592,-4.48197,-40.98797,motion_artifact,bad_quality_motion
1783252828.101562,13,0,0.978515,0.055019,-0.206178,-0.018284,0.052774,0.023631,0.835448,31.03438,-4.48274,-40.98849,motion_artifact,bad_quality_motion
1783252828.109375,14,0,0.982612,0.041436,-0.185671,-0.018350,0.067767,0.065273,0.891880,31.03284,-4.48352,-40.98901,motion_artifact,bad_quality_motion
1783252828.117188,15,0,0.986383,0.027802,-0.164463,-0.018414,0.054928,0.048498,0.895293,31.03130,-4.48430,-40.98953,motion_artifact,bad_quality_motion
1783252828.125000,16,0,0.989778,0.014142,-0.142618,-0.018478,-0.018212,-0.027804,0.964664,31.02976,-4.48508,-40.99005,motion_artifact,bad_quality_motion
1783252828.132812,17,0,0.992749,0.000478,-0.120206,-0.018540,0.097404,0.181888,0.872128,31.02821,-4.48586,-40.99057,motion_artifact,bad_quality_motion
1783252828.140625,18,0,0.995255,-0.013165,-0.097299,-0.018600,0.029185,0.046391,0.785653,31.02666,-4.48664,-40.99109,motion_artifact,bad_quality_motion
1783252828.148438,19,0,0.997260,-0.026763,-0.073973,-0.018660,0.152815,0.035108,0.911132,31.02511,-4.48742,-40.99161,motion_artifact,bad_quality_motion
1783252828.156250,20,0,0.998734,-0.040294,-0.050308,-0.018718,0.038726,0.062594,0.841366,31.02356,-4.48820,-40.99213,motion_artifact,bad_quality_motion
1783252828.164062,21,0,0.999652,-0.053733,-0.026384,-0.018775,0.046162,-0.022432,0.875026,31.02201,-4.48898,-40.99265,motion_artifact,bad_quality_motion
1783252828.171875,22,0,0.999997,-0.067058,-0.002285,-0.018831,0.138026,-0.028817,0.882638,31.02046,-4.48976,-40.99317,motion_artifact,bad_quality_motion
1783252828.179688,23,0,0.999760,-0.080246,0.021904,-0.018885,0.088887,0.003359,0.838780,31.01890,-4.49054,-40.99369,motion_artifact,bad_quality_motion
1783252828.187500,24,0,0.998937,-0.093275,0.046100,-0.018939,0.058849,0.000860,0.880239,31.01734,-4.49132,-40.99421,motion_artifact,bad_quality_motion
1783252828.195312,25,0,0.997532,-0.106122,0.070217,-0.018991,0.065040,0.009067,0.891348,31.01579,-4.49210,-40.99473,motion_artifact,bad_quality_motion
1783252828.203125,26,0,0.995556,-0.118766,0.094171,-0.019041,0.028233,0.063237,0.885788,31.01423,-4.49288,-40.99525,motion_artifact,bad_quality_motion
1783252828.210938,27,0,0.993028,-0.131187,0.117879,-0.019091,-0.009302,-0.004609,0.901973,31.01267,-4.49366,-40.99577,motion_artifact,bad_quality_motion
1783252828.218750,28,0,0.989973,-0.143364,0.141259,-0.019139,-0.037162,-0.001843,0.888403,31.01111,-4.49444,-40.99629,motion_artifact,bad_quality_motion
1783252828.226562,29,0,0.986421,-0.155278,0.164234,-0.019186,0.097585,0.129798,0.877865,31.00955,-4.49522,-40.99682,motion_artifact,bad_quality_motion
1783252828.234375,30,0,0.982412,-0.166910,0.186728,-0.019231,0.151069,0.223213,0.878116,31.00799,-4.49600,-40.99734,motion_artifact,bad_quality_motion
1783252828.242188,31,0,0.977987,-0.178241,0.208668,-0.019276,0.219924,-0.019874,0.927198,31.00643,-4.49679,-40.99786,motion_artifact,bad_quality_motion
1783252828.250000,32,0,0.973194,-0.189256,0.229986,-0.019319,-0.011892,-0.015194,1.043995,31.00487,-4.49757,-40.99838,motion_artifact,bad_quality_motion
1783252828.257812,33,0,0.968086,-0.199936,0.250617,-0.019360,0.103045,-0.003813,0.842236,31.00330,-4.49835,-40.99890,motion_artifact,bad_quality_motion
1783252828.265625,34,0,0.962720,-0.210266,0.270501,-0.019401,0.007325,0.013340,0.944555,31.00174,-4.49913,-40.99942,motion_artifact,bad_quality_motion
1783252828.273438,35,0,0.957153,-0.220231,0.289583,-0.019440,0.165410,0.055452,0.887352,31.00018,-4.49991,-40.99994,motion_artifact,bad_quality_motion
1783252828.281250,36,0,0.951447,-0.229817,0.307812,-0.019478,0.089928,0.100852,0.887158,30.99862,-4.50069,-41.00046,motion_artifact,bad_quality_motion
1783252828.289062,37,0,0.945666,-0.239011,0.325141,-0.019514,0.074532,0.042011,0.853074,30.99705,-4.50147,-41.00098,motion_artifact,bad_quality_motion
1783252828.296875,38,0,0.939871,-0.247800,0.341528,-0.019549,0.052796,0.043705,0.923273,30.99549,-4.50225,-41.00150,motion_artifact,bad_quality_motion
1783252828.304688,39,0,0.934128,-0.256173,0.356938,-0.019583,0.003621,0.139072,0.931232,30.99393,-4.50304,-41.00202,motion_artifact,bad_quality_motion
1783252828.312500,40,0,0.928498,-0.264118,0.371336,-0.019616,0.188477,0.043222,0.947329,30.99237,-4.50382,-41.00254,motion_artifact,bad_quality_motion
1783252828.320312,41,0,0.923044,-0.271625,0.384695,-0.019647,0.097907,0.086265,0.886014,30.99081,-4.50460,-41.00307,motion_artifact,bad_quality_motion
1783252828.328125,42,0,0.917823,-0.278686,0.396989,-0.019677,0.157600,0.029208,0.872375,30.98925,-4.50538,-41.00359,motion_artifact,bad_quality_motion
1783252828.335938,43,0,0.912894,-0.285290,0.408197,-0.019706,0.071944,0.111995,1.059987,30.98769,-4.50616,-41.00411,motion_artifact,bad_quality_motion
1783252828.343750,44,0,0.908308,-0.291432,0.418302,-0.019733,0.099664,-0.019416,0.877003,30.98613,-4.50694,-41.00463,motion_artifact,bad_quality_motion
1783252828.351562,45,0,0.904116,-0.297103,0.427288,-0.019759,0.046613,0.074441,0.935587,30.98457,-4.50772,-41.00515,motion_artifact,bad_quality_motion
1783252828.359375,46,0,0.900361,-0.302296,0.435143,-0.019784,0.111502,0.019324,0.835339,30.98301,-4.50850,-41.00567,motion_artifact,bad_quality_motion
1783252828.367188,47,0,0.897085,-0.307007,0.441857,-0.019807,0.299034,-0.092724,0.854912,30.98146,-4.50928,-41.00619,motion_artifact,bad_quality_motion
1783252828.375000,48,0,0.894323,-0.311230,0.447422,-0.019829,0.089311,0.020783,0.882145,30.97990,-4.51006,-41.00671,motion_artifact,bad_quality_motion
1783252828.382812,49,0,0.892103,-0.314959,0.451832,-0.019850,0.056593,-0.071005,0.918030,30.97835,-4.51084,-41.00723,motion_artifact,bad_quality_motion
1783252828.390625,50,0,0.890449,-0.318192,0.455082,-0.019869,0.141475,-0.018320,0.877233,30.97679,-4.51162,-41.00775,motion_artifact,bad_quality_motion
1783252828.398438,51,0,0.889380,-0.320925,0.457169,-0.019887,0.131343,0.095988,0.896895,30.97524,-4.51240,-41.00827,motion_artifact,bad_quality_motion
1783252828.406250,52,0,0.888905,-0.323155,0.458091,-0.019904,0.197796,-0.020663,0.925466,30.97369,-4.51318,-41.00879,motion_artifact,bad_quality_motion
1783252828.414062,53,0,0.889031,-0.324879,0.457846,-0.019919,0.052563,-0.029183,0.940210,30.97215,-4.51396,-41.00931,motion_artifact,bad_quality_motion
1783252828.421875,54,0,0.889757,-0.326097,0.456435,-0.019933,0.025222,0.050627,0.920227,30.97060,-4.51474,-41.00983,motion_artifact,bad_quality_motion
1783252828.429688,55,0,0.891074,-0.326805,0.453859,-0.019946,0.145121,0.016796,0.947921,30.96905,-4.51552,-41.01035,motion_artifact,bad_quality_motion
1783252828.437500,56,0,0.892969,-0.327005,0.450119,-0.019957,0.169607,0.082356,0.874960,30.96751,-4.51630,-41.01087,motion_artifact,bad_quality_motion
1783252828.445312,57,0,0.895422,-0.326694,0.445219,-0.019967,0.023956,-0.013336,0.976263,30.96597,-4.51708,-41.01139,motion_artifact,bad_quality_motion
1783252828.453125,58,0,0.898407,-0.325875,0.439165,-0.019976,0.086055,-0.168659,0.948773,30.96443,-4.51786,-41.01191,motion_artifact,bad_quality_motion
1783252828.460938,59,0,0.901892,-0.324547,0.431961,-0.019983,0.076201,-0.037682,0.844267,30.96290,-4.51863,-41.01243,motion_artifact,bad_quality_motion
1783252828.468750,60,0,0.905841,-0.322711,0.423617,-0.019989,0.132001,-0.006061,0.967660,30.96136,-4.51941,-41.01295,motion_artifact,bad_quality_motion
1783252828.476562,61,0,0.910212,-0.320370,0.414143,-0.019994,0.298183,-0.069282,0.925407,30.95983,-4.52019,-41.01347,motion_artifact,bad_quality_motion
1783252828.484375,62,0,0.914957,-0.317526,0.403552,-0.019997,0.231046,-0.005784,0.892560,30.95830,-4.52097,-41.01399,motion_artifact,bad_quality_motion
1783252828.492188,63,0,0.920025,-0.314181,0.391860,-0.019999,0.087364,-0.069652,0.858313,30.95677,-4.52174,-41.01451,motion_artifact,bad_quality_motion
1783252828.500000,64,0,0.925362,-0.310339,0.379084,-0.020000,0.051932,-0.014583,0.944939,30.95525,-4.52252,-41.01503,motion_artifact,bad_quality_motion
1783252828.507812,65,0,0.930910,-0.306003,0.365248,-0.019999,0.108206,-0.040161,1.000271,30.95373,-4.52329,-41.01555,motion_artifact,bad_quality_motion
1783252828.515625,66,0,0.936609,-0.301179,0.350377,-0.019997,0.109463,-0.033452,0.907558,30.95221,-4.52407,-41.01607,motion_artifact,bad_quality_motion
1783252828.523438,67,0,0.942395,-0.295872,0.334501,-0.019994,0.277880,0.093889,0.920145,30.95069,-4.52485,-41.01659,motion_artifact,bad_quality_motion
1783252828.531250,68,0,0.948207,-0.290087,0.317654,-0.019989,0.123298,-0.044646,0.933353,30.94918,-4.52562,-41.01711,motion_artifact,bad_quality_motion
1783252828.539062,69,0,0.953979,-0.283831,0.299874,-0.019983,0.114455,0.069431,0.901891,30.94767,-4.52640,-41.01763,motion_artifact,bad_quality_motion
1783252828.546875,70,0,0.959647,-0.277111,0.281206,-0.019976,0.089569,0.008462,0.981734,30.94616,-4.52717,-41.01814,motion_artifact,bad_quality_motion
1783252828.554688,71,0,0.965150,-0.269934,0.261696,-0.019967,0.278907,-0.127180,1.065447,30.94466,-4.52794,-41.01866,motion_artifact,bad_quality_motion
1783252828.562500,72,0,0.970426,-0.262310,0.241397,-0.019957,0.264885,0.036802,0.987138,30.94316,-4.52872,-41.01918,motion_artifact,bad_quality_motion
1783252828.570312,73,0,0.975417,-0.254249,0.220367,-0.019946,0.196177,0.007548,0.933699,30.94166,-4.52949,-41.01970,motion_artifact,bad_quality_motion
1783252828.578125,74,0,0.980067,-0.245759,0.198666,-0.019933,0.064030,-0.000469,0.960186,30.94017,-4.53026,-41.02022,motion_artifact,bad_quality_motion
1783252828.585938,75,0,0.984325,-0.236852,0.176362,-0.019919,0.050627,-0.032424,0.969961,30.93868,-4.53103,-41.02074,motion_artifact,bad_quality_motion
1783252828.593750,76,0,0.988145,-0.227539,0.153523,-0.019904,0.094646,-0.007088,0.920782,30.93720,-4.53181,-41.02125,motion_artifact,bad_quality_motion
1783252828.601562,77,0,0.991485,-0.217834,0.130224,-0.019887,0.131325,0.009930,0.950137,30.93572,-4.53258,-41.02177,motion_artifact,bad_quality_motion
1783252828.609375,78,0,0.994308,-0.207750,0.106543,-0.019869,0.170698,-0.170781,1.027785,30.93424,-4.53335,-41.02229,motion_artifact,bad_quality_motion
1783252828.617188,79,0,0.996586,-0.197300,0.082557,-0.019850,0.241996,-0.152729,0.875223,30.93276,-4.53412,-41.02281,motion_artifact,bad_quality_motion
1783252828.625000,80,0,0.998296,-0.186500,0.058351,-0.019829,0.076510,-0.027950,1.034102,30.93130,-4.53489,-41.02332,motion_artifact,bad_quality_motion
1783252828.632812,81,0,0.999422,-0.175366,0.034006,-0.019807,0.143759,-0.044653,0.978681,30.92983,-4.53566,-41.02384,motion_artifact,bad_quality_motion
1783252828.640625,82,0,0.999954,-0.163914,0.009609,-0.019784,0.164634,-0.216883,0.988900,30.92837,-4.53642,-41.02436,motion_artifact,bad_quality_motion
1783252828.648438,83,0,0.999891,-0.152162,-0.014755,-0.019759,0.095212,-0.005773,0.883687,30.92691,-4.53719,-41.02488,motion_artifact,bad_quality_motion
1783252828.656250,84,0,0.999239,-0.140128,-0.039002,-0.019733,0.203539,-0.060830,0.988125,30.92546,-4.53796,-41.02539,motion_artifact,bad_quality_motion
1783252828.664062,85,0,0.998011,-0.127830,-0.063047,-0.019706,0.160124,-0.036768,1.003385,30.92401,-4.53873,-41.02591,motion_artifact,bad_quality_motion
1783252828.671875,86,0,0.996225,-0.115289,-0.086807,-0.019677,0.092265,-0.101810,1.009413,30.92257,-4.53949,-41.02643,motion_artifact,bad_quality_motion
1783252828.679688,87,0,0.993909,-0.102525,-0.110202,-0.019647,0.235004,-0.057647,0.935289,30.92113,-4.54026,-41.02694,motion_artifact,bad_quality_motion
1783252828.687500,88,0,0.991096,-0.089558,-0.133152,-0.019616,0.262413,-0.013026,0.990040,30.91970,-4.54102,-41.02746,motion_artifact,bad_quality_motion
1783252828.695312,89,0,0.987823,-0.076411,-0.155583,-0.019583,0.165877,-0.076849,0.970780,30.91827,-4.54179,-41.02797,motion_artifact,bad_quality_motion
1783252828.703125,90,0,0.984135,-0.063104,-0.177424,-0.019549,0.152031,-0.095626,0.999773,30.91685,-4.54255,-41.02849,motion_artifact,bad_quality_motion
1783252828.710938,91,0,0.980080,-0.049661,-0.198605,-0.019514,0.059834,-0.065896,0.944185,30.91543,-4.54331,-41.02900,motion_artifact,bad_quality_motion
1783252828.718750,92,0,0.975711,-0.036104,-0.219063,-0.019478,0.172707,-0.055567,1.043650,30.91401,-4.54408,-41.02952,motion_artifact,bad_quality_motion
1783252828.726562,93,0,0.971084,-0.022457,-0.238739,-0.019440,0.148351,-0.169830,0.985074,30.91261,-4.54484,-41.03003,motion_artifact,bad_quality_motion
1783252828.734375,94,0,0.966257,-0.008742,-0.257578,-0.019401,0.167406,-0.060876,1.011154,30.91120,-4.54560,-41.03055,motion_artifact,bad_quality_motion
1783252828.742188,95,0,0.961292,0.005015,-0.275530,-0.019360,0.138751,-0.061396,0.975783,30.90981,-4.54636,-41.03106,motion_artifact,bad_quality_motion
1783252828.750000,96,0,0.956251,0.018793,-0.292549,-0.019319,0.113314,0.080817,1.073158,30.90841,-4.54712,-41.03158,motion_artifact,bad_quality_motion
1783252828.757812,97,0,0.951194,0.032566,-0.308594,-0.019276,0.241427,-0.126149,0.984343,30.90703,-4.54788,-41.03209,motion_artifact,bad_quality_motion
1783252828.765625,98,0,0.946184,0.046311,-0.323628,-0.019231,0.174780,0.039632,1.012596,30.90565,-4.54864,-41.03261,motion_artifact,bad_quality_motion
1783252828.773438,99,0,0.941282,0.060005,-0.337620,-0.019186,0.088068,-0.072526,1.096879,30.90427,-4.54939,-41.03312,motion_artifact,bad_quality_motion
1783252828.781250,100,0,0.936548,0.073624,-0.350541,-0.019139,0.291027,-0.029208,0.907949,30.90290,-4.55015,-41.03363,motion_artifact,bad_quality_motion
1783252828.789062,101,0,0.932036,0.087144,-0.362366,-0.019091,0.175388,-0.031454,0.971275,30.90154,-4.55091,-41.03415,motion_artifact,bad_quality_motion
1783252828.796875,102,0,0.927801,0.100543,-0.373074,-0.019041,0.225980,-0.045914,1.057580,30.90018,-4.55166,-41.03466,motion_artifact,bad_quality_motion
1783252828.804688,103,0,0.923894,0.113798,-0.382649,-0.018991,0.164175,-0.108526,1.036022,30.89883,-4.55242,-41.03517,motion_artifact,bad_quality_motion
1783252828.812500,104,0,0.920359,0.126887,-0.391075,-0.018939,0.175600,-0.075375,0.966438,30.89749,-4.55317,-41.03569,motion_artifact,bad_quality_motion
1783252828.820312,105,0,0.917238,0.139789,-0.398340,-0.018885,0.148365,-0.073762,0.933804,30.89615,-4.55392,-41.03620,motion_artifact,bad_quality_motion
1783252828.828125,106,0,0.914567,0.152481,-0.404435,-0.018831,0.089459,-0.052976,1.041525,30.89482,-4.55467,-41.03671,motion_artifact,bad_quality_motion
1783252828.835938,107,0,0.912377,0.164944,-0.409351,-0.018775,0.215643,-0.104612,0.991617,30.89349,-4.55543,-41.03722,motion_artifact,bad_quality_motion
1783252828.843750,108,0,0.910693,0.177158,-0.413084,-0.018718,0.082037,-0.070407,1.016987,30.89217,-4.55618,-41.03773,motion_artifact,bad_quality_motion
1783252828.851562,109,0,0.909535,0.189103,-0.415628,-0.018660,0.079956,-0.094136,0.965492,30.89086,-4.55692,-41.03824,motion_artifact,bad_quality_motion
1783252828.859375,110,0,0.908915,0.200762,-0.416982,-0.018600,0.129672,-0.143940,1.050606,30.88955,-4.55767,-41.03876,motion_artifact,bad_quality_motion
1783252828.867188,111,0,0.908840,0.212116,-0.417144,-0.018540,0.130896,-0.037099,0.952822,30.88825,-4.55842,-41.03927,motion_artifact,bad_quality_motion
1783252828.875000,112,0,0.909312,0.223149,-0.416114,-0.018478,0.097469,-0.008471,0.959705,30.88696,-4.55917,-41.03978,motion_artifact,bad_quality_motion
1783252828.882812,113,0,0.910325,0.233844,-0.413894,-0.018414,0.096812,0.009627,1.048856,30.88568,-4.55991,-41.04029,motion_artifact,bad_quality_motion
1783252828.890625,114,0,0.911867,0.244186,-0.410487,-0.018350,0.106593,-0.083682,1.094873,30.88440,-4.56066,-41.04080,motion_artifact,bad_quality_motion
1783252828.898438,115,0,0.913919,0.254162,-0.405896,-0.018284,0.170069,-0.117121,1.036691,30.88313,-4.56140,-41.04131,motion_artifact,bad_quality_motion
1783252828.906250,116,0,0.916459,0.263756,-0.400128,-0.018217,0.186890,-0.016215,1.051383,30.88186,-4.56215,-41.04182,motion_artifact,bad_quality_motion
1783252828.914062,117,0,0.919457,0.272957,-0.393191,-0.018149,0.127305,0.047966,1.041132,30.88060,-4.56289,-41.04233,motion_artifact,bad_quality_motion
1783252828.921875,118,0,0.922877,0.281752,-0.385095,-0.018080,0.273356,-0.040458,1.034912,30.87935,-4.56363,-41.04283,motion_artifact,bad_quality_motion
1783252828.929688,119,0,0.926680,0.290130,-0.375850,-0.018009,0.252968,0.006295,1.050625,30.87811,-4.56437,-41.04334,motion_artifact,bad_quality_motion
1783252828.937500,120,0,0.930822,0.298081,-0.365473,-0.017937,0.143142,-0.088897,1.163378,30.87688,-4.56511,-41.04385,motion_artifact,bad_quality_motion
1783252828.945312,121,0,0.935253,0.305595,-0.353980,-0.017864,0.218637,-0.014623,1.063585,30.87565,-4.56585,-41.04436,motion_artifact,bad_quality_motion
1783252828.953125,122,0,0.939921,0.312664,-0.341393,-0.017790,0.118969,0.062782,1.026976,30.87443,-4.56658,-41.04487,motion_artifact,bad_quality_motion
1783252828.960938,123,0,0.944770,0.319278,-0.327734,-0.017715,0.127552,-0.086931,0.986207,30.87322,-4.56732,-41.04538,motion_artifact,bad_quality_motion
1783252828.968750,124,0,0.949742,0.325431,-0.313033,-0.017638,0.202383,-0.131806,1.034116,30.87201,-4.56805,-41.04588,motion_artifact,bad_quality_motion
1783252828.976562,125,0,0.954778,0.331117,-0.297321,-0.017561,0.196217,-0.068154,1.091325,30.87082,-4.56879,-41.04639,motion_artifact,bad_quality_motion
1783252828.984375,126,0,0.959815,0.336328,-0.280634,-0.017482,0.057618,-0.127441,1.062759,30.86963,-4.56952,-41.04690,motion_artifact,bad_quality_motion
1783252828.992188,127,0,0.964793,0.341060,-0.263011,-0.017402,0.072652,-0.002130,1.071224,30.86845,-4.57025,-41.04740,motion_artifact,bad_quality_motion
1783252829.000000,0,0,0.969649,0.345307,-0.244499,-0.017321,0.105507,-0.079873,1.075298,30.86727,-4.57098,-41.04791,motion_artifact,bad_quality_motion
1783252829.007812,1,0,0.974325,0.349066,-0.225147,-0.017238,0.031386,-0.061106,0.983738,30.86611,-4.57171,-41.04841,motion_artifact,bad_quality_motion
1783252829.015625,2,0,0.978760,0.352333,-0.205008,-0.017155,0.201884,-0.186162,1.124118,30.86495,-4.57244,-41.04892,motion_artifact,bad_quality_motion
1783252829.023438,3,0,0.982900,0.355104,-0.184142,-0.017070,0.131152,-0.061652,1.009906,30.86380,-4.57317,-41.04942,motion_artifact,bad_quality_motion
1783252829.031250,4,0,0.986690,0.357377,-0.162610,-0.016984,0.157446,-0.053965,1.030558,30.86266,-4.57390,-41.04993,motion_artifact,bad_quality_motion
1783252829.039062,5,0,0.990083,0.359150,-0.140481,-0.016897,0.092729,-0.078919,1.119798,30.86153,-4.57462,-41.05043,motion_artifact,bad_quality_motion
1783252829.046875,6,0,0.993034,0.360422,-0.117824,-0.016809,0.080499,-0.119782,1.109386,30.86041,-4.57535,-41.05094,motion_artifact,bad_quality_motion
1783252829.054688,7,0,0.995504,0.361191,-0.094715,-0.016720,0.209347,-0.017420,1.028750,30.85929,-4.57607,-41.05144,motion_artifact,bad_quality_motion
1783252829.062500,8,0,0.997460,0.361456,-0.071231,-0.016629,0.117391,-0.102675,1.019736,30.85819,-4.57679,-41.05194,motion_artifact,bad_quality_motion
1783252829.070312,9,0,0.998873,0.361217,-0.047453,-0.016538,0.143212,-0.006423,1.102973,30.85709,-4.57751,-41.05244,motion_artifact,bad_quality_motion
1783252829.078125,10,0,0.999725,0.360475,-0.023461,-0.016445,0.191541,-0.077485,1.162493,30.85600,-4.57823,-41.05295,motion_artifact,bad_quality_motion
1783252829.085938,11,0,1.000000,0.359230,0.000659,-0.016352,0.024466,-0.083099,1.112429,30.85492,-4.57895,-41.05345,motion_artifact,bad_quality_motion
1783252829.093750,12,0,0.999692,0.357484,0.024824,-0.016257,0.026959,-0.109164,1.012336,30.85385,-4.57967,-41.05395,motion_artifact,bad_quality_motion
1783252829.101562,13,0,0.998801,0.355237,0.048949,-0.016161,0.127059,0.047295,1.045303,30.85279,-4.58038,-41.05445,motion_artifact,bad_quality_motion
1783252829.109375,14,0,0.997336,0.352492,0.072948,-0.016064,0.085955,-0.106187,1.105807,30.85174,-4.58110,-41.05495,motion_artifact,bad_quality_motion
1783252829.117188,15,0,0.995310,0.349253,0.096739,-0.015966,0.053957,-0.035676,1.054761,30.85069,-4.58181,-41.05545,motion_artifact,bad_quality_motion
1783252829.125000,16,0,0.992745,0.345521,0.120239,-0.015867,0.166338,-0.052472,1.062834,30.84966,-4.58252,-41.05595,motion_artifact,bad_quality_motion
1783252829.132812,17,0,0.989669,0.341300,0.143369,-0.015767,-0.010668,-0.014156,1.080727,30.84863,-4.58324,-41.05645,motion_artifact,bad_quality_motion
1783252829.140625,18,0,0.986117,0.336596,0.166051,-0.015666,0.059145,-0.100818,1.139312,30.84761,-4.58395,-41.05695,motion_artifact,bad_quality_motion
1783252829.148438,19,0,0.982129,0.331412,0.188211,-0.015563,0.084085,-0.041380,1.130311,30.84661,-4.58465,-41.05745,motion_artifact,bad_quality_motion
1783252829.156250,20,0,0.977749,0.325754,0.209779,-0.015460,0.036314,-0.072228,1.017877,30.84561,-4.58536,-41.05795,motion_artifact,bad_quality_motion
1783252829.164062,21,0,0.973028,0.319629,0.230688,-0.015356,0.063332,0.001867,1.083116,30.84462,-4.58607,-41.05845,motion_artifact,bad_quality_motion
1783252829.171875,22,0,0.968019,0.313042,0.250876,-0.015251,0.206290,-0.096488,1.093687,30.84364,-4.58677,-41.05895,motion_artifact,bad_quality_motion
1783252829.179688,23,0,0.962780,0.306002,0.270285,-0.015144,0.154779,-0.030657,1.145277,30.84267,-4.58747,-41.05944,motion_artifact,bad_quality_motion
1783252829.187500,24,0,0.957371,0.298516,0.288861,-0.015037,0.097215,-0.087061,1.040438,30.84171,-4.58818,-41.05994,motion_artifact,bad_quality_motion
1783252829.195312,25,0,0.951853,0.290593,0.306556,-0.014928,0.072323,0.041381,1.037805,30.84076,-4.58888,-41.06044,motion_artifact,bad_quality_motion
1783252829.203125,26,0,0.946288,0.282243,0.323326,-0.014819,0.000080,-0.175438,1.017997,30.83982,-4.58958,-41.06093,motion_artifact,bad_quality_motion
1783252829.210938,27,0,0.940739,0.273476,0.339131,-0.014709,0.061871,-0.151151,1.122588,30.83889,-4.59027,-41.06143,motion_artifact,bad_quality_motion
1783252829.218750,28,0,0.935270,0.264304,0.353936,-0.014597,0.025080,0.007246,1.157437,30.83797,-4.59097,-41.06193,motion_artifact,bad_quality_motion
1783252829.226562,29,0,0.929941,0.254739,0.367709,-0.014485,0.020860,-0.147380,1.040250,30.83706,-4.59167,-41.06242,motion_artifact,bad_quality_motion
1783252829.234375,30,0,0.924812,0.244792,0.380425,-0.014372,-0.031591,-0.092989,1.048940,30.83616,-4.59236,-41.06292,motion_artifact,bad_quality_motion
1783252829.242188,31,0,0.919940,0.234479,0.392059,-0.014257,0.075503,0.070016,1.012914,30.83527,-4.59305,-41.06341,motion_artifact,bad_quality_motion
1783252829.250000,32,0,0.915379,0.223813,0.402592,-0.014142,0.099547,-0.170999,1.080333,30.83438,-4.59374,-41.06390,motion_artifact,bad_quality_motion
1783252829.257812,33,0,0.911181,0.212809,0.412007,-0.014026,-0.002246,0.051487,1.048097,30.83351,-4.59443,-41.06440,motion_artifact,bad_quality_motion
1783252829.265625,34,0,0.907390,0.201485,0.420291,-0.013909,0.053164,0.089023,1.096615,30.83265,-4.59512,-41.06489,motion_artifact,bad_quality_motion
1783252829.273438,35,0,0.904048,0.189855,0.427431,-0.013791,0.000642,-0.126238,1.105139,30.83180,-4.59581,-41.06538,motion_artifact,bad_quality_motion
1783252829.281250,36,0,0.901193,0.177939,0.433419,-0.013672,0.064010,-0.034159,1.188467,30.83096,-4.59649,-41.06587,motion_artifact,bad_quality_motion
1783252829.289062,37,0,0.898855,0.165755,0.438246,-0.013552,-0.001018,-0.072606,1.038488,30.83013,-4.59718,-41.06637,motion_artifact,bad_quality_motion
1783252829.296875,38,0,0.897060,0.153321,0.441909,-0.013431,-0.054551,-0.042225,1.179022,30.82931,-4.59786,-41.06686,motion_artifact,bad_quality_motion
1783252829.304688,39,0,0.895827,0.140658,0.444402,-0.013309,-0.110058,0.063303,1.073395,30.82850,-4.59854,-41.06735,motion_artifact,bad_quality_motion
1783252829.312500,40,0,0.895171,0.127787,0.445723,-0.013187,-0.072716,-0.064306,1.036082,30.82771,-4.59922,-41.06784,motion_artifact,bad_quality_motion
1783252829.320312,41,0,0.895098,0.114727,0.445870,-0.013063,-0.038424,-0.071649,1.162452,30.82692,-4.59989,-41.06833,motion_artifact,bad_quality_motion
1783252829.328125,42,0,0.895609,0.101501,0.444842,-0.012939,-0.111571,0.082882,1.169057,30.82614,-4.60057,-41.06882,motion_artifact,bad_quality_motion
1783252829.335938,43,0,0.896699,0.088131,0.442641,-0.012814,0.128894,-0.053831,1.063166,30.82537,-4.60124,-41.06931,motion_artifact,bad_quality_motion
1783252829.343750,44,0,0.898356,0.074640,0.439267,-0.012688,0.038108,-0.027853,1.103331,30.82462,-4.60192,-41.06979,motion_artifact,bad_quality_motion
1783252829.351562,45,0,0.900563,0.061050,0.434725,-0.012561,0.019319,0.056425,1.019863,30.82387,-4.60259,-41.07028,motion_artifact,bad_quality_motion
1783252829.359375,46,0,0.903296,0.047385,0.429019,-0.012433,-0.132796,0.032140,1.149351,30.82314,-4.60326,-41.07077,motion_artifact,bad_quality_motion
1783252829.367188,47,0,0.906524,0.033668,0.422154,-0.012305,0.085592,-0.012399,1.175698,30.82241,-4.60393,-41.07126,motion_artifact,bad_quality_motion
1783252829.375000,48,0,0.910214,0.019923,0.414139,-0.012175,0.005926,0.023190,1.112291,30.82170,-4.60459,-41.07174,motion_artifact,bad_quality_motion
1783252829.382812,49,0,0.914324,0.006173,0.404983,-0.012045,-0.122137,0.058090,1.079703,30.82100,-4.60526,-41.07223,motion_artifact,bad_quality_motion
1783252829.390625,50,0,0.918810,-0.007557,0.394700,-0.011914,-0.010554,0.030070,1.054628,30.82030,-4.60592,-41.07271,motion_artifact,bad_quality_motion
1783252829.398438,51,0,0.923622,-0.021244,0.383305,-0.011782,0.050592,-0.068852,1.010643,30.81962,-4.60658,-41.07320,motion_artifact,bad_quality_motion
1783252829.406250,52,0,0.928706,-0.034864,0.370816,-0.011650,-0.016105,-0.060167,1.101197,30.81895,-4.60724,-41.07368,motion_artifact,bad_quality_motion
1783252829.414062,53,0,0.934007,-0.048394,0.357254,-0.011516,-0.012392,0.043325,1.044930,30.81830,-4.60790,-41.07417,motion_artifact,bad_quality_motion
1783252829.421875,54,0,0.939465,-0.061810,0.342645,-0.011382,-0.054707,0.120534,1.104318,30.81765,-4.60856,-41.07465,motion_artifact,bad_quality_motion
1783252829.429688,55,0,0.945018,-0.075091,0.327018,-0.011247,0.010305,-0.032618,1.091173,30.81701,-4.60922,-41.07513,motion_artifact,bad_quality_motion
1783252829.437500,56,0,0.950604,-0.088212,0.310406,-0.011111,-0.149385,-0.022828,1.065342,30.81639,-4.60987,-41.07562,motion_artifact,bad_quality_motion
1783252829.445312,57,0,0.956159,-0.101153,0.292848,-0.010975,-0.006924,-0.039763,1.123440,30.81577,-4.61052,-41.07610,motion_artifact,bad_quality_motion
1783252829.453125,58,0,0.961620,-0.113892,0.274385,-0.010838,-0.090883,-0.009707,1.062788,30.81517,-4.61117,-41.07658,motion_artifact,bad_quality_motion
1783252829.460938,59,0,0.966924,-0.126408,0.255065,-0.010700,-0.048506,0.037181,1.142093,30.81458,-4.61182,-41.07706,motion_artifact,bad_quality_motion
1783252829.468750,60,0,0.972010,-0.138681,0.234940,-0.010561,-0.051538,-0.020717,1.134403,30.81400,-4.61247,-41.07754,motion_artifact,bad_quality_motion
1783252829.476562,61,0,0.976819,-0.150691,0.214065,-0.010422,0.065802,0.068406,1.116829,30.81343,-4.61311,-41.07802,motion_artifact,bad_quality_motion
1783252829.484375,62,0,0.981297,-0.162419,0.192502,-0.010282,-0.144634,0.062676,1.187239,30.81287,-4.61376,-41.07850,motion_artifact,bad_quality_motion
1783252829.492188,63,0,0.985390,-0.173847,0.170315,-0.010141,-0.015816,0.044762,1.099437,30.81233,-4.61440,-41.07898,motion_artifact,bad_quality_motion
1783252829.500000,64,0,0.989051,-0.184958,0.147575,-0.010000,0.018261,-0.067107,1.115191,30.81179,-4.61504,-41.07946,motion_artifact,bad_quality_motion
1783252829.507812,65,0,0.992238,-0.195734,0.124355,-0.009858,-0.101632,0.131902,1.085386,30.81127,-4.61568,-41.07993,motion_artifact,bad_quality_motion
1783252829.515625,66,0,0.994914,-0.206161,0.100730,-0.009715,0.000526,0.036418,1.170450,30.81076,-4.61631,-41.08041,motion_artifact,bad_quality_motion
1783252829.523438,67,0,0.997048,-0.216222,0.076780,-0.009572,0.022499,-0.028348,1.129213,30.81026,-4.61695,-41.08089,motion_artifact,bad_quality_motion
1783252829.531250,68,0,0.998616,-0.225905,0.052588,-0.009428,0.058145,0.043500,1.115577,30.80977,-4.61758,-41.08136,motion_artifact,bad_quality_motion
1783252829.539062,69,0,0.999601,-0.235195,0.028236,-0.009283,-0.050314,-0.043032,1.158786,30.80929,-4.61821,-41.08184,motion_artifact,bad_quality_motion
1783252829.546875,70,0,0.999993,-0.244079,0.003808,-0.009138,-0.076130,-0.000507,1.074375,30.80883,-4.61884,-41.08231,motion_artifact,bad_quality_motion
1783252829.554688,71,0,0.999788,-0.252547,-0.020608,-0.008992,-0.040720,0.007829,1.177114,30.80838,-4.61947,-41.08279,motion_artifact,bad_quality_motion
1783252829.562500,72,0,0.998990,-0.260587,-0.044929,-0.008846,-0.068677,-0.044737,1.123959,30.80793,-4.62009,-41.08326,motion_artifact,bad_quality_motion
1783252829.570312,73,0,0.997612,-0.268189,-0.069070,-0.008699,0.109946,0.068902,1.050273,30.80751,-4.62072,-41.08374,motion_artifact,bad_quality_motion
1783252829.578125,74,0,0.995671,-0.275343,-0.092947,-0.008551,-0.041923,-0.025324,1.158104,30.80709,-4.62134,-41.08421,motion_artifact,bad_quality_motion
1783252829.585938,75,0,0.993193,-0.282041,-0.116479,-0.008403,-0.000724,0.088736,1.197645,30.80668,-4.62196,-41.08468,motion_artifact,bad_quality_motion
1783252829.593750,76,0,0.990210,-0.288276,-0.139587,-0.008254,-0.096862,0.008232,1.120649,30.80629,-4.62258,-41.08515,motion_artifact,bad_quality_motion
1783252829.601562,77,0,0.986759,-0.294039,-0.162196,-0.008105,-0.063495,-0.046698,1.074024,30.80590,-4.62319,-41.08562,motion_artifact,bad_quality_motion
1783252829.609375,78,0,0.982883,-0.299324,-0.184233,-0.007955,-0.056794,0.141689,1.181320,30.80553,-4.62381,-41.08609,motion_artifact,bad_quality_motion
1783252829.617188,79,0,0.978630,-0.304126,-0.205628,-0.007805,-0.057380,0.078711,1.102222,30.80517,-4.62442,-41.08656,motion_artifact,bad_quality_motion
1783252829.625000,80,0,0.974053,-0.308439,-0.226318,-0.007654,-0.120234,0.063176,1.023618,30.80483,-4.62503,-41.08703,motion_artifact,bad_quality_motion
1783252829.632812,81,0,0.969208,-0.312258,-0.246243,-0.007502,-0.098054,0.031980,1.124875,30.80449,-4.62564,-41.08750,motion_artifact,bad_quality_motion
1783252829.640625,82,0,0.964153,-0.315581,-0.265346,-0.007350,-0.044767,0.061277,1.156715,30.80417,-4.62625,-41.08797,motion_artifact,bad_quality_motion
1783252829.648438,83,0,0.958950,-0.318402,-0.283576,-0.007198,-0.079483,0.063979,1.193383,30.80386,-4.62685,-41.08844,motion_artifact,bad_quality_motion
1783252829.656250,84,0,0.953659,-0.320720,-0.300888,-0.007045,-0.053046,0.071070,1.136153,30.80356,-4.62746,-41.08890,motion_artifact,bad_quality_motion
1783252829.664062,85,0,0.948346,-0.322533,-0.317239,-0.006892,-0.159023,0.100978,1.079866,30.80327,-4.62806,-41.08937,motion_artifact,bad_quality_motion
1783252829.671875,86,0,0.943071,-0.323837,-0.332593,-0.006738,-0.035578,0.032117,1.148584,30.80299,-4.62866,-41.08984,motion_artifact,bad_quality_motion
1783252829.679688,87,0,0.937896,-0.324633,-0.346916,-0.006584,-0.082213,0.064194,1.127558,30.80273,-4.62925,-41.09030,motion_artifact,bad_quality_motion
1783252829.687500,88,0,0.932883,-0.324919,-0.360179,-0.006429,-0.213886,-0.024113,1.098360,30.80248,-4.62985,-41.09077,motion_artifact,bad_quality_motion
1783252829.695312,89,0,0.928089,-0.324695,-0.372358,-0.006274,-0.030548,0.087816,1.057910,30.80224,-4.63044,-41.09123,motion_artifact,bad_quality_motion
1783252829.703125,90,0,0.923569,-0.323961,-0.383432,-0.006118,-0.120501,0.016721,1.135704,30.80201,-4.63103,-41.09169,motion_artifact,bad_quality_motion
1783252829.710938,91,0,0.919375,-0.322719,-0.393382,-0.005962,-0.126359,0.081750,1.139040,30.80180,-4.63162,-41.09215,motion_artifact,bad_quality_motion
1783252829.718750,92,0,0.915555,-0.320969,-0.402193,-0.005806,-0.208817,0.069563,1.114667,30.80160,-4.63221,-41.09262,motion_artifact,bad_quality_motion
1783252829.726562,93,0,0.912151,-0.318713,-0.409854,-0.005649,-0.170581,0.033733,1.141905,30.80140,-4.63279,-41.09308,motion_artifact,bad_quality_motion
1783252829.734375,94,0,0.909203,-0.315954,-0.416354,-0.005492,-0.132021,0.061872,1.094689,30.80123,-4.63338,-41.09354,motion_artifact,bad_quality_motion
1783252829.742188,95,0,0.906743,-0.312694,-0.421685,-0.005334,-0.045923,0.103740,1.132064,30.80106,-4.63396,-41.09400,motion_artifact,bad_quality_motion
1783252829.750000,96,0,0.904798,-0.308938,-0.425841,-0.005176,-0.106361,0.102880,1.140307,30.80090,-4.63454,-41.09446,motion_artifact,bad_quality_motion
1783252829.757812,97,0,0.903391,-0.304688,-0.428819,-0.005018,0.023314,0.067430,0.992007,30.80076,-4.63511,-41.09492,motion_artifact,bad_quality_motion
1783252829.765625,98,0,0.902536,-0.299950,-0.430615,-0.004860,0.010896,0.092342,1.031708,30.80063,-4.63569,-41.09538,motion_artifact,bad_quality_motion
1783252829.773438,99,0,0.902243,-0.294728,-0.431227,-0.004701,-0.069004,0.040400,1.059138,30.80051,-4.63626,-41.09583,motion_artifact,bad_quality_motion
1783252829.781250,100,0,0.902516,-0.289029,-0.430656,-0.004542,-0.165783,-0.055494,1.104464,30.80041,-4.63683,-41.09629,motion_artifact,bad_quality_motion
1783252829.789062,101,0,0.903351,-0.282859,-0.428902,-0.004382,-0.138993,-0.017891,1.114489,30.80031,-4.63740,-41.09675,motion_artifact,bad_quality_motion
1783252829.796875,102,0,0.904738,-0.276225,-0.425968,-0.004222,-0.121292,0.044102,0.999881,30.80023,-4.63797,-41.09720,motion_artifact,bad_quality_motion
1783252829.804688,103,0,0.906662,-0.269136,-0.421857,-0.004062,-0.132711,0.112296,1.196222,30.80016,-4.63853,-41.09766,motion_artifact,bad_quality_motion
1783252829.812500,104,0,0.909101,-0.261599,-0.416575,-0.003902,-0.151080,0.125229,1.084440,30.80011,-4.63910,-41.09811,motion_artifact,bad_quality_motion
1783252829.820312,105,0,0.912028,-0.253624,-0.410127,-0.003741,-0.166373,0.045504,1.184002,30.80006,-4.63966,-41.09856,motion_artifact,bad_quality_motion
1783252829.828125,106,0,0.915410,-0.245222,-0.402523,-0.003580,-0.159003,0.074095,1.129640,30.80003,-4.64021,-41.09902,motion_artifact,bad_quality_motion
1783252829.835938,107,0,0.919208,-0.236404,-0.393772,-0.003419,-0.127074,0.110200,1.130228,30.80001,-4.64077,-41.09947,motion_artifact,bad_quality_motion
1783252829.843750,108,0,0.923379,-0.227180,-0.383889,-0.003258,-0.097103,0.101621,1.077714,30.80000,-4.64132,-41.09992,motion_artifact,bad_quality_motion
1783252829.851562,109,0,0.927876,-0.217564,-0.372888,-0.003096,-0.042615,0.197403,1.088466,30.80000,-4.64188,-41.10037,motion_artifact,bad_quality_motion
1783252829.859375,110,0,0.932647,-0.207569,-0.360789,-0.002935,-0.191713,0.024852,1.072017,30.80002,-4.64243,-41.10082,motion_artifact,bad_quality_motion
1783252829.867188,111,0,0.937638,-0.197210,-0.347614,-0.002773,-0.087109,0.090438,1.147795,30.80005,-4.64297,-41.10127,motion_artifact,bad_quality_motion
1783252829.875000,112,0,0.942790,-0.186500,-0.333387,-0.002611,-0.240457,0.081526,1.132753,30.80009,-4.64352,-41.10172,motion_artifact,bad_quality_motion
1783252829.882812,113,0,0.948044,-0.175457,-0.318138,-0.002448,-0.072021,0.161371,1.027182,30.80014,-4.64406,-41.10217,motion_artifact,bad_quality_motion
1783252829.890625,114,0,0.953339,-0.164096,-0.301901,-0.002286,-0.152396,0.181366,1.078935,30.80021,-4.64460,-41.10262,motion_artifact,bad_quality_motion
1783252829.898438,115,0,0.958613,-0.152435,-0.284714,-0.002123,-0.125876,0.166968,1.090960,30.80028,-4.64514,-41.10306,motion_artifact,bad_quality_motion
1783252829.906250,116,0,0.963802,-0.140493,-0.266618,-0.001960,-0.261824,0.037087,1.087078,30.80037,-4.64568,-41.10351,motion_artifact,bad_quality_motion
1783252829.914062,117,0,0.968847,-0.128287,-0.247662,-0.001797,-0.151890,0.098901,1.100724,30.80047,-4.64621,-41.10395,motion_artifact,bad_quality_motion
1783252829.921875,118,0,0.973686,-0.115839,-0.227895,-0.001634,-0.149178,-0.005294,1.159005,30.80059,-4.64674,-41.10440,motion_artifact,bad_quality_motion
1783252829.929688,119,0,0.978262,-0.103167,-0.207374,-0.001471,-0.068719,0.093489,1.124436,30.80071,-4.64727,-41.10484,motion_artifact,bad_quality_motion
1783252829.937500,120,0,0.982520,-0.090293,-0.186159,-0.001308,-0.254702,0.141182,1.179398,30.80085,-4.64780,-41.10528,motion_artifact,bad_quality_motion
1783252829.945312,121,0,0.986408,-0.077238,-0.164316,-0.001145,-0.113456,0.066822,1.021423,30.80100,-4.64832,-41.10573,motion_artifact,bad_quality_motion
1783252829.953125,122,0,0.989879,-0.064024,-0.141913,-0.000981,-0.148340,0.059045,1.078840,30.80117,-4.64885,-41.10617,motion_artifact,bad_quality_motion
1783252829.960938,123,0,0.992892,-0.050673,-0.119022,-0.000818,-0.109217,0.029717,1.043881,30.80134,-4.64937,-41.10661,motion_artifact,bad_quality_motion
1783252829.968750,124,0,0.995408,-0.037209,-0.095720,-0.000654,-0.154615,0.195730,1.025595,30.80153,-4.64989,-41.10705,motion_artifact,bad_quality_motion
1783252829.976562,125,0,0.997399,-0.023654,-0.072084,-0.000491,-0.223581,-0.027174,1.068730,30.80172,-4.65040,-41.10749,motion_artifact,bad_quality_motion
1783252829.984375,126,0,0.998838,-0.010032,-0.048197,-0.000327,-0.233664,0.095540,1.011482,30.80194,-4.65092,-41.10793,motion_artifact,bad_quality_motion
1783252829.992188,127,0,0.999709,0.003634,-0.024141,-0.000164,-0.086024,0.117155,1.174897,30.80216,-4.65143,-41.10837,motion_artifact,bad_quality_motion
